Organizador,Ano_Mes,Dia_da_Semana,Tipo_Dia,Objetivo,Date,AdSet_name,Amount_spent,Link_clicks,Impressions,Conversions,Segmentação,Tipo_de_Anúncio,Fase
1000,2025 | Novembro,Segunda-Feira,Dia útil,Leads,2025-11-24,midfunnel_rmkt_60d_video_v1,133.22,163,4032,7,Remarketing_60dias,Video,2º Lançamento | Leads
1001,2025 | Janeiro,Sexta-Feira,Dia útil,Leads,2025-01-17,midfunnel_rmkt_30d_video_v3,37.79,31,1179,2,Remarketing_30dias,Video,Campanha Contínua | Leads
1002,2025 | Maio,Sexta-Feira,Dia útil,Vendas,2025-05-23,topfunnel_lal1_compradores_video_v3,77.51,54,4239,12,LookALike_Compradores_1,Video,1º Lançamento | Vendas
1003,2025 | Fevereiro,Segunda-Feira,Dia útil,Leads,2025-02-17,bottomfunnel_visitantes_site_estatico_v1,132.03,208,4742,26,Visitantes_Site,Estático,Campanha Contínua | Leads
1004,2025 | Maio,Sábado,Final de semana,Vendas,2025-05-31,midfunnel_visitantes_site_carrossel_v3,14.85,16,457,4,Visitantes_Site,Carrossel,1º Lançamento | Vendas
1005,2025 | Fevereiro,Sexta-Feira,Dia útil,Leads,2025-02-21,topfunnel_lal2_leads_carrossel_v2,31.37,46,1483,9,LookALike_Leads_2,Carrossel,Campanha Contínua | Leads
1006,2025 | Novembro,Sexta-Feira,Dia útil,Leads,2025-11-28,topfunnel_cargos_dados_carrossel_v3,45.95,27,1830,7,Cargos_Dados,Carrossel,Campanha Contínua | Leads
1007,2025 | Outubro,Segunda-Feira,Dia útil,Leads,2025-10-13,midfunnel_visitantes_site_video_v1,145.4,42,6365,11,Visitantes_Site,Video,Campanha Contínua | Leads
1008,2025 | Junho,Quarta-Feira,Dia útil,Leads,2025-06-11,topfunnel_lal2_leads_estatico_v3,83.95,66,4716,11,LookALike_Leads_2,Estático,2º Lançamento | Leads
1009,2025 | Outubro,Segunda-Feira,Dia útil,Leads,2025-10-27,midfunnel_engajamento_ig_estatico_v1,92.94,48,8178,2,Engajamento_Instagram,Estático,Campanha Contínua | Leads
1010,2025 | Março,Domingo,Final de semana,Vendas,2025-03-23,midfunnel_engajamento_ig_carrossel_v2,70.24,40,1565,11,Engajamento_Instagram,Carrossel,1º Lançamento | Vendas
1011,2025 | Dezembro,Segunda-Feira,Dia útil,Vendas,2025-12-15,bottomfunnel_rmkt_60d_carrossel_v1,54.6,16,3941,3,Remarketing_60dias,Carrossel,Campanha Contínua | Vendas
1012,2025 | Maio,Quinta-Feira,Dia útil,Vendas,2025-05-15,topfunnel_cargos_dados_carrossel_v1,157.02,248,8245,47,Cargos_Dados,Carrossel,1º Lançamento | Vendas
1013,2025 | Julho,Sexta-Feira,Dia útil,Vendas,2025-07-11,topfunnel_lal1_compradores_carrossel_v2,89.23,138,7350,40,LookALike_Compradores_1,Carrossel,2º Lançamento | Vendas
1014,2025 | Maio,Sábado,Final de semana,Leads,2025-05-03,topfunnel_interesses_dados_video_v3,88.76,295,8404,69,Interesses_Dados,Video,1º Lançamento | Leads
1015,2025 | Dezembro,Quinta-Feira,Dia útil,Leads,2025-12-04,topfunnel_cargos_dados_estatico_v3,157.36,84,6651,14,Cargos_Dados,Estático,Campanha Contínua | Leads
1016,2025 | Dezembro,Sábado,Final de semana,Leads,2025-12-20,bottomfunnel_rmkt_60d_estatico_v2,162.18,92,6564,3,Remarketing_60dias,Estático,1º Lançamento | Leads
1017,2025 | Outubro,Quarta-Feira,Dia útil,Leads,2025-10-29,midfunnel_rmkt_30d_video_v3,114.52,285,6952,74,Remarketing_30dias,Video,1º Lançamento | Leads
1018,2025 | Setembro,Domingo,Final de semana,Leads,2025-09-21,topfunnel_lal2_leads_video_v3,25.99,16,609,2,LookALike_Leads_2,Video,2º Lançamento | Leads
1019,2025 | Julho,Segunda-Feira,Dia útil,Leads,2025-07-28,topfunnel_interesses_dados_carrossel_v2,65.39,111,2817,3,Interesses_Dados,Carrossel,Campanha Contínua | Leads
1020,2025 | Novembro,Quinta-Feira,Dia útil,Leads,2025-11-27,bottomfunnel_engajamento_ig_carrossel_v1,46.64,69,3101,9,Engajamento_Instagram,Carrossel,2º Lançamento | Leads
1021,2025 | Agosto,Segunda-Feira,Dia útil,Leads,2025-08-25,topfunnel_interesses_dados_estatico_v3,19.88,16,618,0,Interesses_Dados,Estático,1º Lançamento | Leads
1022,2025 | Maio,Sexta-Feira,Dia útil,Leads,2025-05-02,topfunnel_lal2_leads_estatico_v1,155.98,40,3768,0,LookALike_Leads_2,Estático,Campanha Contínua | Vendas
1023,2025 | Maio,Sexta-Feira,Dia útil,Vendas,2025-05-16,topfunnel_lal2_leads_estatico_v2,126.14,130,3601,26,LookALike_Leads_2,Estático,2º Lançamento | Vendas
1024,2025 | Março,Sexta-Feira,Dia útil,Leads,2025-03-21,midfunnel_rmkt_30d_video_v3,58.16,138,5901,38,Remarketing_30dias,Video,Campanha Contínua | Leads
1025,2025 | Março,Sábado,Final de semana,Leads,2025-03-22,topfunnel_interesses_dados_video_v1,108.12,44,3278,2,Interesses_Dados,Video,Campanha Contínua | Leads
1026,2025 | Maio,Quarta-Feira,Dia útil,Leads,2025-05-07,topfunnel_lal1_compradores_carrossel_v1,76.91,66,2598,18,LookALike_Compradores_1,Carrossel,1º Lançamento | Leads
1027,2025 | Dezembro,Terça-Feira,Dia útil,Vendas,2025-12-09,bottomfunnel_rmkt_30d_estatico_v1,121.73,108,6373,24,Remarketing_30dias,Estático,1º Lançamento | Vendas
1028,2025 | Janeiro,Domingo,Final de semana,Leads,2025-01-05,topfunnel_interesses_dados_video_v3,40.33,95,2264,25,Interesses_Dados,Video,1º Lançamento | Leads
1029,2025 | Julho,Quarta-Feira,Dia útil,Leads,2025-07-09,topfunnel_lal2_leads_carrossel_v3,56.2,46,1265,7,LookALike_Leads_2,Carrossel,Campanha Contínua | Leads
1030,2025 | Outubro,Sábado,Final de semana,Leads,2025-10-11,topfunnel_interesses_dados_video_v2,22.99,51,1922,4,Interesses_Dados,Video,Campanha Contínua | Leads
1031,2025 | Abril,Sexta-Feira,Dia útil,Vendas,2025-04-18,bottomfunnel_rmkt_30d_carrossel_v3,89.21,83,2149,3,Remarketing_30dias,Carrossel,2º Lançamento | Vendas
1032,2025 | Maio,Quinta-Feira,Dia útil,Leads,2025-05-22,bottomfunnel_visitantes_site_video_v1,134.07,101,4718,2,Visitantes_Site,Video,1º Lançamento | Leads
1033,2025 | Dezembro,Sábado,Final de semana,Vendas,2025-12-20,topfunnel_lal1_compradores_estatico_v3,100.57,24,4207,2,LookALike_Compradores_1,Estático,1º Lançamento | Vendas
1034,2025 | Julho,Quinta-Feira,Dia útil,Leads,2025-07-03,midfunnel_rmkt_30d_carrossel_v2,140.97,71,3462,13,Remarketing_30dias,Carrossel,1º Lançamento | Leads
1035,2025 | Maio,Sexta-Feira,Dia útil,Vendas,2025-05-02,topfunnel_cargos_dados_estatico_v1,34.34,29,813,3,Cargos_Dados,Estático,Campanha Contínua | Vendas
1036,2025 | Maio,Quinta-Feira,Dia útil,Leads,2025-05-08,topfunnel_interesses_dados_estatico_v1,154.9,9594,9544,53,Interesses_Dados,Estático,2º Lançamento | Leads
1037,2025 | Abril,Domingo,Final de semana,Leads,2025-04-27,bottomfunnel_rmkt_30d_estatico_v2,155.92,54,3561,10,Remarketing_30dias,Estático,2º Lançamento | Leads
1038,2025 | Dezembro,Domingo,Final de semana,Vendas,2025-12-14,midfunnel_visitantes_site_video_v2,34.2,11,784,0,Visitantes_Site,Video,2º Lançamento | Vendas
1039,2025 | Junho,Quinta-Feira,Dia útil,Vendas,2025-06-26,midfunnel_visitantes_site_estatico_v2,162.16,62,10786,8,Visitantes_Site,Estático,Campanha Contínua | Vendas
1040,2025 | Outubro,Sexta-Feira,Dia útil,Vendas,2025-10-03,bottomfunnel_rmkt_30d_estatico_v1,170.93,120,4063,24,Remarketing_30dias,Estático,1º Lançamento | Vendas
1041,2025 | Junho,Terça-Feira,Dia útil,Leads,2025-06-03,bottomfunnel_engajamento_ig_estatico_v3,54.98,91,4325,25,Engajamento_Instagram,Estático,Campanha Contínua | Leads
1042,2025 | Março,Terça-Feira,Dia útil,Leads,2025-03-31,midfunnel_rmkt_60d_estatico_v2,53.43,62,2235,12,Remarketing_60dias,Estático,2º Lançamento | Leads
1043,2025 | Agosto,Sexta-Feira,Dia útil,Leads,2025-08-15,bottomfunnel_rmkt_30d_carrossel_v3,32.62,73,2928,14,Remarketing_30dias,Carrossel,2º Lançamento | Leads
1044,2025 | Fevereiro,Segunda-Feira,Dia útil,Vendas,2025-02-17,bottomfunnel_rmkt_30d_carrossel_v1,145.66,63,10828,18,Remarketing_30dias,Carrossel,Campanha Contínua | Vendas
1045,2025 | Fevereiro,Sexta-Feira,Dia útil,Leads,2025-02-07,bottomfunnel_rmkt_30d_carrossel_v2,73.44,175,5456,47,Remarketing_30dias,Carrossel,1º Lançamento | Leads
1046,2025 | Agosto,Quarta-Feira,Dia útil,Leads,2025-08-06,topfunnel_lal2_leads_video_v3,46.73,26,1186,6,LookALike_Leads_2,Video,Campanha Contínua | Leads
1047,2025 | Setembro,Segunda-Feira,Dia útil,Vendas,2025-09-29,bottomfunnel_visitantes_site_estatico_v3,81.65,231,5878,33,Visitantes_Site,Estático,1º Lançamento | Vendas
1048,2025 | Novembro,Domingo,Final de semana,Leads,2025-11-23,topfunnel_lal2_leads_carrossel_v1,51.24,74,4715,7,LookALike_Leads_2,Carrossel,2º Lançamento | Leads
1049,2025 | Outubro,Sábado,Final de semana,Leads,2025-10-04,topfunnel_cargos_dados_video_v2,125.68,24,3681,3,Cargos_Dados,Video,Campanha Contínua | Leads
1050,2025 | Agosto,Quarta-Feira,Dia útil,Leads,2025-08-27,bottomfunnel_rmkt_30d_estatico_v3,170.43,783,19538,141,Remarketing_30dias,Estático,2º Lançamento | Leads
1051,2025 | Janeiro,Sábado,Final de semana,Vendas,2025-01-04,bottomfunnel_rmkt_60d_estatico_v3,135.18,137,4792,11,Remarketing_60dias,Estático,1º Lançamento | Vendas
1052,2025 | Maio,Terça-Feira,Dia útil,Leads,2025-05-20,topfunnel_lal1_compradores_estatico_v2,121.23,108,3230,27,LookALike_Compradores_1,Estático,1º Lançamento | Leads
1053,2025 | Novembro,Sábado,Final de semana,Leads,2025-11-15,midfunnel_engajamento_ig_carrossel_v1,116.59,205,8954,6,Engajamento_Instagram,Carrossel,2º Lançamento | Leads
1054,2025 | Junho,Terça-Feira,Dia útil,Leads,2025-06-17,bottomfunnel_visitantes_site_estatico_v2,135.98,50,3506,2,Visitantes_Site,Estático,1º Lançamento | Leads
1055,2025 | Outubro,Sábado,Final de semana,Leads,2025-10-04,midfunnel_visitantes_site_video_v3,9.65,14,1054,3,Visitantes_Site,Video,Campanha Contínua | Leads
1056,2025 | Março,Quinta-Feira,Dia útil,Leads,2025-03-20,topfunnel_lal2_leads_carrossel_v1,102.6,208,6386,48,LookALike_Leads_2,Carrossel,1º Lançamento | Leads
1057,2025 | Novembro,Sexta-Feira,Dia útil,Leads,2025-11-07,topfunnel_interesses_dados_video_v2,21.69,40,2423,8,Interesses_Dados,Video,2º Lançamento | Leads
1058,2025 | Julho,Quarta-Feira,Dia útil,Vendas,2025-07-23,midfunnel_rmkt_30d_video_v1,126.25,211,6589,51,Remarketing_30dias,Video,Campanha Contínua | Vendas
1059,2025 | Janeiro,Quarta-Feira,Dia útil,Leads,2025-01-22,bottomfunnel_engajamento_ig_carrossel_v1,92.31,173,4475,43,Engajamento_Instagram,Carrossel,1º Lançamento | Leads
1060,2025 | Agosto,Domingo,Final de semana,Vendas,2025-08-10,topfunnel_lal2_leads_carrossel_v1,79.8,98,2270,9,LookALike_Leads_2,Carrossel,Campanha Contínua | Vendas
1061,2025 | Setembro,Sexta-Feira,Dia útil,Leads,2025-09-05,midfunnel_rmkt_60d_estatico_v1,52.01,73,2107,13,Remarketing_60dias,Estático,Campanha Contínua | Leads
1062,2025 | Julho,Segunda-Feira,Dia útil,Leads,2025-07-14,topfunnel_lal2_leads_estatico_v1,89.04,61,4214,5,LookALike_Leads_2,Estático,Campanha Contínua | Leads
1063,2025 | Dezembro,Sexta-Feira,Dia útil,Vendas,2025-12-26,topfunnel_lal1_compradores_carrossel_v1,17.7,12,510,2,LookALike_Compradores_1,Carrossel,Campanha Contínua | Vendas
1064,2025 | Setembro,Segunda-Feira,Dia útil,Vendas,2025-09-01,topfunnel_lal2_leads_estatico_v1,19.02,37,1174,3,LookALike_Leads_2,Estático,Campanha Contínua | Vendas
1065,2025 | Julho,Terça-Feira,Dia útil,Leads,2025-07-08,bottomfunnel_visitantes_site_estatico_v2,127.26,101,7060,5,Visitantes_Site,Estático,1º Lançamento | Leads
1066,2025 | Junho,Quarta-Feira,Dia útil,Leads,2025-06-11,topfunnel_cargos_dados_video_v1,133.6,206,7328,47,Cargos_Dados,Video,Campanha Contínua | Leads
1067,2025 | Maio,Domingo,Final de semana,Vendas,2025-05-25,midfunnel_rmkt_30d_estatico_v2,34.35,104,4030,10,Remarketing_30dias,Estático,1º Lançamento | Vendas
1068,2025 | Outubro,Sábado,Final de semana,Leads,2025-10-11,topfunnel_cargos_dados_carrossel_v2,20.71,38,2449,5,Cargos_Dados,Carrossel,2º Lançamento | Leads
1069,2025 | Abril,Sábado,Final de semana,Vendas,2025-04-05,midfunnel_rmkt_60d_estatico_v1,73.63,204,6855,7,Remarketing_60dias,Estático,1º Lançamento | Vendas
1070,2025 | Outubro,Quinta-Feira,Dia útil,Vendas,2025-10-16,topfunnel_interesses_dados_video_v1,101.56,123,4340,23,Interesses_Dados,Video,Campanha Contínua | Vendas
1071,2025 | Julho,Segunda-Feira,Dia útil,Leads,2025-07-14,topfunnel_lal2_leads_estatico_v3,178.23,272,9235,51,LookALike_Leads_2,Estático,Campanha Contínua | Leads
1072,2025 | Fevereiro,Quinta-Feira,Dia útil,Vendas,2025-02-20,midfunnel_rmkt_30d_carrossel_v2,119.73,96,8669,3,Remarketing_30dias,Carrossel,1º Lançamento | Vendas
1073,2025 | Julho,Terça-Feira,Dia útil,Leads,2025-07-29,topfunnel_lal2_leads_estatico_v1,43.59,41,1276,6,LookALike_Leads_2,Estático,Campanha Contínua | Leads
1074,2025 | Abril,Quarta-Feira,Dia útil,Vendas,2025-04-30,midfunnel_rmkt_30d_estatico_v3,42.4,46,3137,2,Remarketing_30dias,Estático,1º Lançamento | Vendas
1075,2025 | Março,Quarta-Feira,Dia útil,Vendas,2025-03-26,midfunnel_rmkt_60d_estatico_v2,124.74,156,3680,24,Remarketing_60dias,Estático,2º Lançamento | Vendas
1076,2025 | Agosto,Quarta-Feira,Dia útil,Leads,2025-08-13,topfunnel_lal1_compradores_estatico_v3,59.71,26,3458,7,LookALike_Compradores_1,Estático,Campanha Contínua | Leads
1077,2025 | Outubro,Terça-Feira,Dia útil,Vendas,2025-10-28,midfunnel_rmkt_60d_carrossel_v1,86.01,111,2678,7,Remarketing_60dias,Carrossel,Campanha Contínua | Vendas
1078,2025 | Agosto,Terça-Feira,Dia útil,Vendas,2025-08-12,topfunnel_lal2_leads_video_v2,64.26,99,3160,25,LookALike_Leads_2,Video,2º Lançamento | Vendas
1079,2025 | Julho,Quarta-Feira,Dia útil,Vendas,2025-07-30,bottomfunnel_rmkt_60d_carrossel_v3,9.01,11,800,0,Remarketing_60dias,Carrossel,2º Lançamento | Vendas
1080,2025 | Setembro,Domingo,Final de semana,Vendas,2025-09-21,topfunnel_lal1_compradores_carrossel_v3,84.5,213,8445,41,LookALike_Compradores_1,Carrossel,2º Lançamento | Vendas
1081,2025 | Novembro,Segunda-Feira,Dia útil,Leads,2025-11-17,topfunnel_lal1_compradores_video_v2,99.99,51,2362,10,LookALike_Compradores_1,Video,1º Lançamento | Leads
1082,2025 | Janeiro,Quarta-Feira,Dia útil,Vendas,2025-01-15,midfunnel_rmkt_30d_carrossel_v2,100.27,27,3526,8,Remarketing_30dias,Carrossel,1º Lançamento | Vendas
1083,2025 | Agosto,Segunda-Feira,Dia útil,Vendas,2025-08-25,topfunnel_cargos_dados_estatico_v3,54.31,33,1592,5,Cargos_Dados,Estático,2º Lançamento | Vendas
1084,2025 | Maio,Segunda-Feira,Dia útil,Leads,2025-05-05,topfunnel_cargos_dados_estatico_v1,166.13,248,6197,64,Cargos_Dados,Estático,2º Lançamento | Leads
1085,2025 | Agosto,Sexta-Feira,Dia útil,Leads,2025-08-01,bottomfunnel_rmkt_60d_video_v3,55.49,83,1867,13,Remarketing_60dias,Video,1º Lançamento | Leads
1086,2025 | Agosto,Domingo,Final de semana,Leads,2025-08-17,bottomfunnel_visitantes_site_estatico_v2,168.08,184,4183,15,Visitantes_Site,Estático,2º Lançamento | Leads
1087,2025 | Abril,Quarta-Feira,Dia útil,Vendas,2025-04-30,bottomfunnel_engajamento_ig_video_v3,86.45,40,2068,11,Engajamento_Instagram,Video,Campanha Contínua | Vendas
1088,2025 | Março,Quarta-Feira,Dia útil,Leads,2025-03-19,topfunnel_lal1_compradores_video_v3,173.85,69,8570,17,LookALike_Compradores_1,Video,1º Lançamento | Leads
1089,2025 | Setembro,Sábado,Final de semana,Vendas,2025-09-27,topfunnel_lal1_compradores_carrossel_v1,75.27,24,2335,3,LookALike_Compradores_1,Carrossel,2º Lançamento | Vendas
1090,2025 | Junho,Segunda-Feira,Dia útil,Vendas,2025-06-23,midfunnel_engajamento_ig_carrossel_v2,153.79,75,3864,8,Engajamento_Instagram,Carrossel,Campanha Contínua | Vendas
1091,2025 | Setembro,Domingo,Final de semana,Vendas,2025-09-07,topfunnel_lal1_compradores_carrossel_v1,44.17,20,1325,1,LookALike_Compradores_1,Carrossel,1º Lançamento | Vendas
1092,2025 | Agosto,Segunda-Feira,Dia útil,Vendas,2025-08-11,topfunnel_interesses_dados_estatico_v1,125.69,17,3034,4,Interesses_Dados,Estático,2º Lançamento | Vendas
1093,2025 | Julho,Quinta-Feira,Dia útil,Leads,2025-07-03,topfunnel_cargos_dados_video_v3,75.64,25,2276,1,Cargos_Dados,Video,Campanha Contínua | Leads
1094,2025 | Julho,Terça-Feira,Dia útil,Leads,2025-07-15,midfunnel_rmkt_30d_estatico_v1,84.35,70,4848,1,Remarketing_30dias,Estático,2º Lançamento | Leads
1095,2025 | Maio,Quarta-Feira,Dia útil,Vendas,2025-05-28,topfunnel_cargos_dados_video_v2,170.28,62,3822,17,Cargos_Dados,Video,Campanha Contínua | Vendas
1096,2025 | Maio,Sexta-Feira,Dia útil,Leads,2025-05-09,bottomfunnel_rmkt_60d_video_v2,21.43,18,969,1,Remarketing_60dias,Video,Campanha Contínua | Leads
1097,2025 | Junho,Domingo,Final de semana,Leads,2025-06-01,midfunnel_engajamento_ig_estatico_v3,156.05,186,4240,51,Engajamento_Instagram,Estático,Campanha Contínua | Leads
1098,2025 | Setembro,Sexta-Feira,Dia útil,Vendas,2025-09-12,bottomfunnel_rmkt_60d_video_v1,115.5,118,3729,26,Remarketing_60dias,Video,Campanha Contínua | Vendas
1099,2025 | Dezembro,Segunda-Feira,Dia útil,Vendas,2025-12-15,topfunnel_interesses_dados_carrossel_v3,9.5,1,255,0,Interesses_Dados,Carrossel,1º Lançamento | Vendas
1100,2025 | Fevereiro,Domingo,Final de semana,Vendas,2025-02-16,bottomfunnel_visitantes_site_carrossel_v1,38.14,41,1028,5,Visitantes_Site,Carrossel,Campanha Contínua | Vendas
1101,2025 | Maio,Terça-Feira,Dia útil,Vendas,2025-05-20,bottomfunnel_rmkt_60d_estatico_v3,157.0,96,4158,3,Remarketing_60dias,Estático,1º Lançamento | Vendas
1102,2025 | Dezembro,Sábado,Final de semana,Vendas,2025-12-13,bottomfunnel_engajamento_ig_carrossel_v1,142.85,436,16776,64,Engajamento_Instagram,Carrossel,Campanha Contínua | Vendas
1103,2025 | Dezembro,Quinta-Feira,Dia útil,Leads,2025-12-11,bottomfunnel_engajamento_ig_carrossel_v1,122.28,141,4805,40,Engajamento_Instagram,Carrossel,2º Lançamento | Leads
1104,2025 | Novembro,Domingo,Final de semana,Leads,2025-11-09,topfunnel_interesses_dados_carrossel_v2,163.92,177,8545,10,Interesses_Dados,Carrossel,1º Lançamento | Leads
1105,2025 | Junho,Quinta-Feira,Dia útil,Vendas,2025-06-05,topfunnel_interesses_dados_video_v1,159.99,277,12288,57,Interesses_Dados,Video,Campanha Contínua | Vendas
1106,2025 | Dezembro,Terça-Feira,Dia útil,Vendas,2025-12-23,midfunnel_engajamento_ig_carrossel_v2,118.75,89,3056,25,Engajamento_Instagram,Carrossel,2º Lançamento | Vendas
1107,2025 | Janeiro,Sexta-Feira,Dia útil,Vendas,2025-01-17,bottomfunnel_rmkt_30d_estatico_v1,154.34,424,13218,73,Remarketing_30dias,Estático,Campanha Contínua | Vendas
1108,2025 | Julho,Quinta-Feira,Dia útil,Leads,2025-07-03,midfunnel_rmkt_60d_video_v2,18.77,35,1184,10,Remarketing_60dias,Video,1º Lançamento | Leads
1109,2025 | Junho,Sexta-Feira,Dia útil,Leads,2025-06-20,topfunnel_cargos_dados_carrossel_v1,14.68,5,404,0,Cargos_Dados,Carrossel,1º Lançamento | Leads
1110,2025 | Junho,Quarta-Feira,Dia útil,Vendas,2025-06-18,topfunnel_lal1_compradores_estatico_v1,177.79,233,6352,11,LookALike_Compradores_1,Estático,1º Lançamento | Vendas
1111,2025 | Março,Domingo,Final de semana,Leads,2025-03-09,bottomfunnel_rmkt_30d_carrossel_v1,33.43,115,3363,19,Remarketing_30dias,Carrossel,Campanha Contínua | Leads
1112,2025 | Fevereiro,Domingo,Final de semana,Leads,2025-02-02,midfunnel_visitantes_site_carrossel_v2,91.93,12,2138,2,Visitantes_Site,Carrossel,Campanha Contínua | Leads
1113,2025 | Setembro,Quarta-Feira,Dia útil,Leads,2025-09-24,topfunnel_lal1_compradores_video_v2,152.9,54,6431,11,LookALike_Compradores_1,Video,2º Lançamento | Leads
1114,2025 | Fevereiro,Sexta-Feira,Dia útil,Vendas,2025-02-07,midfunnel_visitantes_site_carrossel_v1,24.9,22,800,4,Visitantes_Site,Carrossel,2º Lançamento | Vendas
1115,2025 | Novembro,Domingo,Final de semana,Leads,2025-11-02,topfunnel_lal2_leads_carrossel_v3,78.86,18,2111,3,LookALike_Leads_2,Carrossel,Campanha Contínua | Leads
1116,2025 | Abril,Segunda-Feira,Dia útil,Leads,2025-04-21,bottomfunnel_rmkt_30d_estatico_v2,73.27,35,2093,3,Remarketing_30dias,Estático,2º Lançamento | Leads
1117,2025 | Julho,Sexta-Feira,Dia útil,Vendas,2025-07-11,topfunnel_lal2_leads_video_v1,150.14,104,13113,23,LookALike_Leads_2,Video,1º Lançamento | Vendas
1118,2025 | Outubro,Domingo,Final de semana,Leads,2025-10-12,midfunnel_visitantes_site_carrossel_v2,65.26,69,2000,18,Visitantes_Site,Carrossel,Campanha Contínua | Leads
1119,2025 | Janeiro,Segunda-Feira,Dia útil,Vendas,2025-01-27,midfunnel_rmkt_60d_estatico_v3,92.57,160,6744,41,Remarketing_60dias,Estático,2º Lançamento | Vendas
1120,2025 | Outubro,Domingo,Final de semana,Leads,2025-10-12,midfunnel_rmkt_60d_carrossel_v2,152.52,129,3461,24,Remarketing_60dias,Carrossel,Campanha Contínua | Leads
1121,2025 | Outubro,Segunda-Feira,Dia útil,Leads,2025-10-13,midfunnel_rmkt_60d_video_v2,127.23,117,6547,2,Remarketing_60dias,Video,1º Lançamento | Leads
1122,2025 | Outubro,Sexta-Feira,Dia útil,Vendas,2025-10-17,topfunnel_interesses_dados_video_v3,114.89,435,12577,34,Interesses_Dados,Video,2º Lançamento | Vendas
1123,2025 | Agosto,Quinta-Feira,Dia útil,Leads,2025-08-21,bottomfunnel_visitantes_site_estatico_v3,108.33,27,2662,6,Visitantes_Site,Estático,1º Lançamento | Leads
1124,2025 | Dezembro,Sexta-Feira,Dia útil,Leads,2025-12-12,topfunnel_lal2_leads_carrossel_v2,88.7,55,3641,12,LookALike_Leads_2,Carrossel,1º Lançamento | Leads
1125,2025 | Junho,Quinta-Feira,Dia útil,Leads,2025-06-26,bottomfunnel_rmkt_60d_carrossel_v3,120.92,252,12491,47,Remarketing_60dias,Carrossel,1º Lançamento | Leads
1126,2025 | Abril,Terça-Feira,Dia útil,Leads,2025-04-15,bottomfunnel_rmkt_30d_video_v2,60.74,253,7330,17,Remarketing_30dias,Video,2º Lançamento | Leads
1127,2025 | Setembro,Terça-Feira,Dia útil,Vendas,2025-09-30,bottomfunnel_visitantes_site_video_v3,10.01,48,1151,12,Visitantes_Site,Video,Campanha Contínua | Vendas
1128,2025 | Agosto,Sexta-Feira,Dia útil,Leads,2025-08-08,midfunnel_engajamento_ig_estatico_v2,6.2,11,309,2,Engajamento_Instagram,Estático,Campanha Contínua | Leads
1129,2025 | Julho,Sábado,Final de semana,Leads,2025-07-05,topfunnel_interesses_dados_video_v2,107.02,79,3907,8,Interesses_Dados,Video,2º Lançamento | Leads
1130,2025 | Abril,Quinta-Feira,Dia útil,Leads,2025-04-24,topfunnel_cargos_dados_video_v3,114.9,49,4158,11,Cargos_Dados,Video,2º Lançamento | Leads
1131,2025 | Novembro,Quinta-Feira,Dia útil,Vendas,2025-11-27,midfunnel_rmkt_30d_video_v2,37.52,43,1238,8,Remarketing_30dias,Video,1º Lançamento | Vendas
1132,2025 | Novembro,Terça-Feira,Dia útil,Leads,2025-11-18,topfunnel_lal2_leads_carrossel_v3,116.63,45,2620,13,LookALike_Leads_2,Carrossel,2º Lançamento | Leads
1133,2025 | Março,Quarta-Feira,Dia útil,Leads,2025-03-19,topfunnel_lal2_leads_estatico_v3,56.25,19,3096,3,LookALike_Leads_2,Estático,2º Lançamento | Leads
1134,2025 | Agosto,Segunda-Feira,Dia útil,Leads,2025-08-25,topfunnel_lal1_compradores_estatico_v2,16.12,15,403,2,LookALike_Compradores_1,Estático,Campanha Contínua | Leads
1135,2025 | Julho,Quarta-Feira,Dia útil,Leads,2025-07-16,topfunnel_lal1_compradores_estatico_v3,118.2,139,5940,8,LookALike_Compradores_1,Estático,1º Lançamento | Leads
1136,2025 | Agosto,Terça-Feira,Dia útil,Leads,2025-08-19,midfunnel_visitantes_site_carrossel_v3,117.19,409,12403,121,Visitantes_Site,Carrossel,Campanha Contínua | Leads
1137,2025 | Setembro,Quinta-Feira,Dia útil,Leads,2025-09-25,bottomfunnel_visitantes_site_estatico_v2,75.06,104,3657,25,Visitantes_Site,Estático,Campanha Contínua | Leads
1138,2025 | Junho,Sábado,Final de semana,Leads,2025-06-21,topfunnel_interesses_dados_carrossel_v3,71.12,159,4105,46,Interesses_Dados,Carrossel,Campanha Contínua | Leads
1139,2025 | Março,Terça-Feira,Dia útil,Leads,2025-03-18,topfunnel_cargos_dados_estatico_v2,174.27,103,5149,19,Cargos_Dados,Estático,1º Lançamento | Leads
1140,2025 | Junho,Domingo,Final de semana,Leads,2025-06-08,midfunnel_visitantes_site_video_v3,121.51,21,4531,2,Visitantes_Site,Video,1º Lançamento | Leads
1141,2025 | Junho,Terça-Feira,Dia útil,Vendas,2025-06-24,topfunnel_lal2_leads_video_v1,180.0,211,13107,50,LookALike_Leads_2,Video,Campanha Contínua | Vendas
1142,2025 | Outubro,Sábado,Final de semana,Vendas,2025-10-04,topfunnel_lal1_compradores_carrossel_v2,158.06,145,5120,9,LookALike_Compradores_1,Carrossel,1º Lançamento | Vendas
1143,2025 | Dezembro,Domingo,Final de semana,Vendas,2025-12-21,topfunnel_cargos_dados_carrossel_v2,10.26,15,477,4,Cargos_Dados,Carrossel,Campanha Contínua | Vendas
1144,2025 | Maio,Segunda-Feira,Dia útil,Vendas,2025-05-26,topfunnel_lal2_leads_video_v3,44.95,37,1027,10,LookALike_Leads_2,Video,1º Lançamento | Vendas
1145,2025 | Julho,Terça-Feira,Dia útil,Vendas,2025-07-08,topfunnel_lal2_leads_estatico_v2,140.62,111,5284,7,LookALike_Leads_2,Estático,1º Lançamento | Vendas
1146,2025 | Novembro,Quinta-Feira,Dia útil,Leads,2025-11-06,bottomfunnel_rmkt_60d_video_v2,100.93,330,8556,85,Remarketing_60dias,Video,2º Lançamento | Leads
1147,2025 | Fevereiro,Quarta-Feira,Dia útil,Vendas,2025-02-12,midfunnel_rmkt_60d_estatico_v2,18.78,16,450,4,Remarketing_60dias,Estático,1º Lançamento | Vendas
1148,2025 | Agosto,Sexta-Feira,Dia útil,Leads,2025-08-01,bottomfunnel_visitantes_site_video_v1,69.05,321,7635,81,Visitantes_Site,Video,Campanha Contínua | Leads
1149,2025 | Junho,Sábado,Final de semana,Vendas,2025-06-21,topfunnel_cargos_dados_video_v2,165.34,247,6488,57,Cargos_Dados,Video,2º Lançamento | Vendas
1150,2025 | Agosto,Segunda-Feira,Dia útil,Leads,2025-08-18,topfunnel_interesses_dados_video_v2,40.78,128,3013,24,Interesses_Dados,Video,2º Lançamento | Leads
1151,2025 | Fevereiro,Quarta-Feira,Dia útil,Vendas,2025-02-26,midfunnel_rmkt_30d_estatico_v1,44.82,41,1416,1,Remarketing_30dias,Estático,2º Lançamento | Vendas
1152,2025 | Novembro,Domingo,Final de semana,Leads,2025-11-02,midfunnel_rmkt_30d_carrossel_v2,78.69,35,2559,4,Remarketing_30dias,Carrossel,Campanha Contínua | Leads
1153,2025 | Dezembro,Terça-Feira,Dia útil,Leads,2025-12-09,midfunnel_visitantes_site_video_v2,157.52,325,16389,40,Visitantes_Site,Video,Campanha Contínua | Leads
1154,2025 | Janeiro,Quinta-Feira,Dia útil,Leads,2025-01-09,topfunnel_interesses_dados_estatico_v1,132.6,151,4243,34,Interesses_Dados,Estático,2º Lançamento | Leads
1155,2025 | Março,Segunda-Feira,Dia útil,Leads,2025-03-10,midfunnel_visitantes_site_carrossel_v3,84.97,75,2519,18,Visitantes_Site,Carrossel,1º Lançamento | Leads
1156,2025 | Agosto,Sábado,Final de semana,Leads,2025-08-23,midfunnel_rmkt_30d_video_v1,58.52,61,3005,15,Remarketing_30dias,Video,2º Lançamento | Leads
1157,2025 | Maio,Sábado,Final de semana,Leads,2025-05-10,bottomfunnel_rmkt_30d_estatico_v1,156.18,70,7700,8,Remarketing_30dias,Estático,2º Lançamento | Leads
1158,2025 | Agosto,Quinta-Feira,Dia útil,Vendas,2025-08-14,midfunnel_engajamento_ig_estatico_v2,125.34,212,5804,20,Engajamento_Instagram,Estático,1º Lançamento | Vendas
1159,2025 | Agosto,Quarta-Feira,Dia útil,Leads,2025-08-06,topfunnel_cargos_dados_carrossel_v2,59.52,168,5429,17,Cargos_Dados,Carrossel,Campanha Contínua | Leads
1160,2025 | Agosto,Quinta-Feira,Dia útil,Leads,2025-08-07,topfunnel_lal2_leads_estatico_v2,10.02,4,249,1,LookALike_Leads_2,Estático,2º Lançamento | Leads
1161,2025 | Novembro,Segunda-Feira,Dia útil,Vendas,2025-11-24,topfunnel_lal1_compradores_video_v3,115.66,198,5393,41,LookALike_Compradores_1,Video,1º Lançamento | Vendas
1162,2025 | Março,Sábado,Final de semana,Vendas,2025-03-15,topfunnel_lal2_leads_video_v1,14.43,7,392,0,LookALike_Leads_2,Video,Campanha Contínua | Vendas
1163,2025 | Janeiro,Sexta-Feira,Dia útil,Leads,2025-01-17,topfunnel_lal2_leads_estatico_v2,81.3,72,7496,8,LookALike_Leads_2,Estático,2º Lançamento | Leads
1164,2025 | Novembro,Sábado,Final de semana,Leads,2025-11-29,topfunnel_interesses_dados_video_v3,35.52,54,1307,2,Interesses_Dados,Video,2º Lançamento | Leads
1165,2025 | Dezembro,Sábado,Final de semana,Leads,2025-12-27,bottomfunnel_rmkt_60d_carrossel_v1,24.27,13,613,3,Remarketing_60dias,Carrossel,2º Lançamento | Leads
1166,2025 | Fevereiro,Sexta-Feira,Dia útil,Vendas,2025-02-14,bottomfunnel_visitantes_site_carrossel_v3,14.03,20,499,5,Visitantes_Site,Carrossel,Campanha Contínua | Vendas
1167,2025 | Dezembro,Terça-Feira,Dia útil,Vendas,2025-12-30,topfunnel_cargos_dados_estatico_v3,42.3,34,951,2,Cargos_Dados,Estático,2º Lançamento | Vendas
1168,2025 | Janeiro,Terça-Feira,Dia útil,Leads,2025-01-14,midfunnel_visitantes_site_estatico_v3,159.45,310,15283,68,Visitantes_Site,Estático,2º Lançamento | Leads
1169,2025 | Setembro,Sábado,Final de semana,Leads,2025-09-27,midfunnel_engajamento_ig_carrossel_v1,175.1,123,5512,25,Engajamento_Instagram,Carrossel,2º Lançamento | Leads
1170,2025 | Março,Sexta-Feira,Dia útil,Vendas,2025-03-07,topfunnel_cargos_dados_video_v2,91.76,87,2286,14,Cargos_Dados,Video,2º Lançamento | Vendas
1171,2025 | Março,Quarta-Feira,Dia útil,Leads,2025-03-26,bottomfunnel_rmkt_30d_estatico_v1,46.98,39,1491,2,Remarketing_30dias,Estático,2º Lançamento | Leads
1172,2025 | Novembro,Terça-Feira,Dia útil,Leads,2025-11-11,topfunnel_cargos_dados_carrossel_v3,29.87,30,922,5,Cargos_Dados,Carrossel,Campanha Contínua | Leads
1173,2025 | Janeiro,Quarta-Feira,Dia útil,Vendas,2025-01-22,topfunnel_lal1_compradores_video_v1,170.87,69,4677,5,LookALike_Compradores_1,Video,Campanha Contínua | Vendas
1174,2025 | Agosto,Sábado,Final de semana,Leads,2025-08-02,topfunnel_lal1_compradores_estatico_v3,99.34,51,3128,4,LookALike_Compradores_1,Estático,Campanha Contínua | Leads
1175,2025 | Julho,Domingo,Final de semana,Leads,2025-07-27,topfunnel_interesses_dados_carrossel_v1,30.56,30,1307,3,Interesses_Dados,Carrossel,1º Lançamento | Leads
1176,2025 | Junho,Terça-Feira,Dia útil,Vendas,2025-06-10,bottomfunnel_visitantes_site_carrossel_v2,25.71,32,1184,3,Visitantes_Site,Carrossel,2º Lançamento | Vendas
1177,2025 | Março,Terça-Feira,Dia útil,Leads,2025-03-04,midfunnel_rmkt_30d_video_v1,54.01,71,2431,6,Remarketing_30dias,Video,1º Lançamento | Leads
1178,2025 | Junho,Terça-Feira,Dia útil,Vendas,2025-06-17,midfunnel_visitantes_site_video_v2,179.28,284,7093,45,Visitantes_Site,Video,1º Lançamento | Vendas
1179,2025 | Julho,Segunda-Feira,Dia útil,Leads,2025-07-21,bottomfunnel_rmkt_30d_video_v1,11.47,17,435,3,Remarketing_30dias,Video,2º Lançamento | Leads
1180,2025 | Maio,Terça-Feira,Dia útil,Leads,2025-05-27,topfunnel_interesses_dados_estatico_v1,159.14,160,4557,19,Interesses_Dados,Estático,2º Lançamento | Leads
1181,2025 | Janeiro,Segunda-Feira,Dia útil,Leads,2025-01-27,bottomfunnel_rmkt_30d_estatico_v1,71.08,76,2882,19,Remarketing_30dias,Estático,Campanha Contínua | Leads
1182,2025 | Dezembro,Segunda-Feira,Dia útil,Leads,2025-12-15,topfunnel_cargos_dados_video_v2,68.74,41,1544,5,Cargos_Dados,Video,1º Lançamento | Leads
1183,2025 | Abril,Sábado,Final de semana,Leads,2025-04-12,midfunnel_engajamento_ig_carrossel_v1,9.41,10,273,1,Engajamento_Instagram,Carrossel,1º Lançamento | Leads
1184,2025 | Novembro,Sexta-Feira,Dia útil,Vendas,2025-11-07,topfunnel_cargos_dados_estatico_v3,59.04,76,2619,19,Cargos_Dados,Estático,Campanha Contínua | Vendas
1185,2025 | Junho,Domingo,Final de semana,Leads,2025-06-22,topfunnel_lal2_leads_carrossel_v3,55.71,27,1459,5,LookALike_Leads_2,Carrossel,2º Lançamento | Leads
1186,2025 | Outubro,Domingo,Final de semana,Leads,2025-10-26,topfunnel_lal1_compradores_carrossel_v2,49.63,67,1538,12,LookALike_Compradores_1,Carrossel,1º Lançamento | Leads
1187,2025 | Janeiro,Segunda-Feira,Dia útil,Leads,2025-01-27,topfunnel_cargos_dados_carrossel_v3,130.51,69,3559,17,Cargos_Dados,Carrossel,1º Lançamento | Leads
1188,2025 | Janeiro,Sexta-Feira,Dia útil,Leads,2025-01-17,topfunnel_interesses_dados_video_v1,80.78,71,3438,5,Interesses_Dados,Video,Campanha Contínua | Leads
1189,2025 | Novembro,Segunda-Feira,Dia útil,Vendas,2025-11-10,topfunnel_lal1_compradores_carrossel_v1,94.57,147,3289,22,LookALike_Compradores_1,Carrossel,2º Lançamento | Vendas
1190,2025 | Junho,Terça-Feira,Dia útil,Vendas,2025-06-10,topfunnel_lal2_leads_carrossel_v2,99.46,119,3013,25,LookALike_Leads_2,Carrossel,Campanha Contínua | Vendas
1191,2025 | Maio,Sexta-Feira,Dia útil,Leads,2025-05-16,bottomfunnel_rmkt_30d_video_v3,55.48,57,1295,13,Remarketing_30dias,Video,Campanha Contínua | Leads
1192,2025 | Abril,Quinta-Feira,Dia útil,Vendas,2025-04-17,topfunnel_lal2_leads_estatico_v2,64.41,55,1513,5,LookALike_Leads_2,Estático,1º Lançamento | Vendas
1193,2025 | Outubro,Terça-Feira,Dia útil,Vendas,2025-10-21,bottomfunnel_engajamento_ig_estatico_v1,54.06,96,2899,11,Engajamento_Instagram,Estático,2º Lançamento | Vendas
1194,2025 | Dezembro,Terça-Feira,Dia útil,Leads,2025-12-02,topfunnel_lal2_leads_video_v1,149.46,224,8288,21,LookALike_Leads_2,Video,1º Lançamento | Leads
1195,2025 | Novembro,Quarta-Feira,Dia útil,Vendas,2025-11-12,midfunnel_rmkt_30d_video_v3,163.17,135,9979,6,Remarketing_30dias,Video,2º Lançamento | Vendas
1196,2025 | Agosto,Sábado,Final de semana,Leads,2025-08-30,topfunnel_cargos_dados_video_v3,176.08,391,12719,104,Cargos_Dados,Video,2º Lançamento | Leads
1197,2025 | Setembro,Terça-Feira,Dia útil,Vendas,2025-09-02,bottomfunnel_rmkt_60d_estatico_v3,13.0,10,356,0,Remarketing_60dias,Estático,Campanha Contínua | Vendas
1198,2025 | Janeiro,Segunda-Feira,Dia útil,Vendas,2025-01-20,topfunnel_cargos_dados_estatico_v1,168.27,689,18007,165,Cargos_Dados,Estático,1º Lançamento | Vendas
1199,2025 | Maio,Quinta-Feira,Dia útil,Vendas,2025-05-29,topfunnel_lal1_compradores_estatico_v3,109.49,45,2585,6,LookALike_Compradores_1,Estático,Campanha Contínua | Vendas
1200,2025 | Outubro,Segunda-Feira,Dia útil,Leads,2025-10-06,topfunnel_cargos_dados_carrossel_v2,50.93,23,1342,5,Cargos_Dados,Carrossel,Campanha Contínua | Leads
1201,2025 | Maio,Segunda-Feira,Dia útil,Vendas,2025-05-12,topfunnel_lal1_compradores_carrossel_v2,142.86,172,4924,11,LookALike_Compradores_1,Carrossel,Campanha Contínua | Vendas
1202,2025 | Julho,Domingo,Final de semana,Vendas,2025-07-27,bottomfunnel_visitantes_site_video_v3,19.43,10,438,2,Visitantes_Site,Video,1º Lançamento | Vendas
1203,2025 | Maio,Quarta-Feira,Dia útil,Leads,2025-05-14,topfunnel_lal2_leads_estatico_v2,56.1,7,1614,1,LookALike_Leads_2,Estático,Campanha Contínua | Leads
1204,2025 | Maio,Quinta-Feira,Dia útil,Leads,2025-05-01,topfunnel_interesses_dados_estatico_v2,30.85,38,924,10,Interesses_Dados,Estático,2º Lançamento | Leads
1205,2025 | Dezembro,Sábado,Final de semana,Leads,2025-12-20,midfunnel_rmkt_60d_estatico_v1,172.43,152,6711,45,Remarketing_60dias,Estático,2º Lançamento | Leads
1206,2025 | Agosto,Sexta-Feira,Dia útil,Vendas,2025-08-01,topfunnel_lal2_leads_carrossel_v3,149.04,131,4118,24,LookALike_Leads_2,Carrossel,1º Lançamento | Vendas
1207,2025 | Setembro,Sábado,Final de semana,Leads,2025-09-27,midfunnel_visitantes_site_video_v1,149.61,44,3613,7,Visitantes_Site,Video,1º Lançamento | Leads
1208,2025 | Junho,Terça-Feira,Dia útil,Vendas,2025-06-17,topfunnel_lal2_leads_video_v3,38.96,10,1317,1,LookALike_Leads_2,Video,1º Lançamento | Vendas
1209,2025 | Agosto,Quinta-Feira,Dia útil,Leads,2025-08-21,midfunnel_engajamento_ig_estatico_v3,84.57,75,2233,9,Engajamento_Instagram,Estático,1º Lançamento | Leads
1210,2025 | Abril,Terça-Feira,Dia útil,Leads,2025-04-22,topfunnel_lal1_compradores_estatico_v2,126.82,29,4525,7,LookALike_Compradores_1,Estático,2º Lançamento | Leads
1211,2025 | Janeiro,Sexta-Feira,Dia útil,Leads,2025-01-17,topfunnel_cargos_dados_video_v3,176.15,117,5522,34,Cargos_Dados,Video,2º Lançamento | Leads
1212,2025 | Agosto,Segunda-Feira,Dia útil,Vendas,2025-08-18,midfunnel_engajamento_ig_estatico_v3,173.64,40,4302,10,Engajamento_Instagram,Estático,1º Lançamento | Vendas
1213,2025 | Abril,Quarta-Feira,Dia útil,Vendas,2025-04-02,midfunnel_engajamento_ig_carrossel_v3,176.22,158,4531,46,Engajamento_Instagram,Carrossel,2º Lançamento | Vendas
1214,2025 | Dezembro,Quinta-Feira,Dia útil,Vendas,2025-12-11,bottomfunnel_engajamento_ig_carrossel_v1,46.43,34,2231,9,Engajamento_Instagram,Carrossel,Campanha Contínua | Vendas
1215,2025 | Fevereiro,Quinta-Feira,Dia útil,Leads,2025-02-27,midfunnel_engajamento_ig_carrossel_v1,39.08,17,3330,3,Engajamento_Instagram,Carrossel,Campanha Contínua | Leads
1216,2025 | Janeiro,Sábado,Final de semana,Leads,2025-01-25,topfunnel_lal1_compradores_estatico_v2,44.1,108,2749,3,LookALike_Compradores_1,Estático,Campanha Contínua | Leads
1217,2025 | Maio,Quinta-Feira,Dia útil,Leads,2025-05-29,bottomfunnel_visitantes_site_carrossel_v1,56.06,130,4214,10,Visitantes_Site,Carrossel,2º Lançamento | Leads
1218,2025 | Maio,Quarta-Feira,Dia útil,Leads,2025-05-21,topfunnel_cargos_dados_carrossel_v3,78.33,130,2974,36,Cargos_Dados,Carrossel,Campanha Contínua | Leads
1219,2025 | Julho,Terça-Feira,Dia útil,Vendas,2025-07-15,bottomfunnel_visitantes_site_carrossel_v2,28.99,46,1321,7,Visitantes_Site,Carrossel,1º Lançamento | Vendas
1220,2025 | Junho,Terça-Feira,Dia útil,Vendas,2025-06-03,topfunnel_cargos_dados_estatico_v1,102.32,62,2335,3,Cargos_Dados,Estático,1º Lançamento | Vendas
1221,2025 | Maio,Domingo,Final de semana,Leads,2025-05-11,topfunnel_interesses_dados_estatico_v2,18.91,6,543,0,Interesses_Dados,Estático,Campanha Contínua | Leads
1222,2025 | Novembro,Quinta-Feira,Dia útil,Leads,2025-11-06,topfunnel_interesses_dados_video_v3,131.06,108,4570,28,Interesses_Dados,Video,2º Lançamento | Leads
1223,2025 | Junho,Quinta-Feira,Dia útil,Vendas,2025-06-05,topfunnel_lal1_compradores_video_v1,173.27,631,14040,97,LookALike_Compradores_1,Video,1º Lançamento | Vendas
1224,2025 | Dezembro,Terça-Feira,Dia útil,Leads,2025-12-23,midfunnel_rmkt_30d_estatico_v3,59.59,74,3225,14,Remarketing_30dias,Estático,2º Lançamento | Leads
1225,2025 | Maio,Quarta-Feira,Dia útil,Leads,2025-05-14,topfunnel_lal2_leads_estatico_v1,145.0,147,4175,16,LookALike_Leads_2,Estático,1º Lançamento | Leads
1226,2025 | Julho,Quarta-Feira,Dia útil,Leads,2025-07-09,topfunnel_lal1_compradores_carrossel_v1,134.07,416,15589,76,LookALike_Compradores_1,Carrossel,Campanha Contínua | Leads
1227,2025 | Agosto,Sábado,Final de semana,Leads,2025-08-02,midfunnel_rmkt_30d_estatico_v2,103.64,161,6063,45,Remarketing_30dias,Estático,2º Lançamento | Leads
1228,2025 | Maio,Segunda-Feira,Dia útil,Vendas,2025-05-12,topfunnel_lal2_leads_carrossel_v3,133.78,181,5340,21,LookALike_Leads_2,Carrossel,1º Lançamento | Vendas
1229,2025 | Outubro,Terça-Feira,Dia útil,Leads,2025-10-07,topfunnel_lal1_compradores_carrossel_v1,151.43,528,14086,17,LookALike_Compradores_1,Carrossel,1º Lançamento | Leads
1230,2025 | Julho,Quinta-Feira,Dia útil,Leads,2025-07-31,midfunnel_rmkt_30d_video_v1,41.32,10,1661,1,Remarketing_30dias,Video,Campanha Contínua | Leads
1231,2025 | Setembro,Sexta-Feira,Dia útil,Vendas,2025-09-05,topfunnel_lal1_compradores_video_v3,100.42,305,11900,29,LookALike_Compradores_1,Video,2º Lançamento | Vendas
1232,2025 | Janeiro,Quinta-Feira,Dia útil,Leads,2025-01-09,midfunnel_engajamento_ig_video_v1,95.58,166,5650,15,Engajamento_Instagram,Video,2º Lançamento | Leads
1233,2025 | Maio,Sábado,Final de semana,Vendas,2025-05-17,topfunnel_interesses_dados_estatico_v2,83.97,160,4939,16,Interesses_Dados,Estático,1º Lançamento | Vendas
1234,2025 | Dezembro,Segunda-Feira,Dia útil,Vendas,2025-12-01,topfunnel_lal1_compradores_video_v2,69.82,15,2454,0,LookALike_Compradores_1,Video,1º Lançamento | Vendas
1235,2025 | Fevereiro,Quarta-Feira,Dia útil,Leads,2025-02-12,bottomfunnel_engajamento_ig_carrossel_v3,175.98,162,3996,44,Engajamento_Instagram,Carrossel,1º Lançamento | Leads
1236,2025 | Abril,Sábado,Final de semana,Vendas,2025-04-19,topfunnel_lal2_leads_estatico_v1,166.54,77,4997,13,LookALike_Leads_2,Estático,Campanha Contínua | Vendas
1237,2025 | Janeiro,Sexta-Feira,Dia útil,Leads,2025-01-17,midfunnel_visitantes_site_video_v3,28.09,27,732,7,Visitantes_Site,Video,2º Lançamento | Leads
1238,2025 | Março,Terça-Feira,Dia útil,Leads,2025-03-25,bottomfunnel_engajamento_ig_carrossel_v2,136.62,461,10367,102,Engajamento_Instagram,Carrossel,Campanha Contínua | Leads
1239,2025 | Junho,Sexta-Feira,Dia útil,Leads,2025-06-27,midfunnel_engajamento_ig_video_v2,109.92,101,3578,29,Engajamento_Instagram,Video,2º Lançamento | Leads
1240,2025 | Janeiro,Quinta-Feira,Dia útil,Vendas,2025-01-16,topfunnel_lal2_leads_estatico_v1,65.66,33,1533,6,LookALike_Leads_2,Estático,Campanha Contínua | Vendas
1241,2025 | Julho,Segunda-Feira,Dia útil,Leads,2025-07-14,midfunnel_rmkt_60d_video_v1,50.07,82,2269,5,Remarketing_60dias,Video,2º Lançamento | Leads
1242,2025 | Junho,Quinta-Feira,Dia útil,Leads,2025-06-12,topfunnel_interesses_dados_video_v2,81.44,18,2251,0,Interesses_Dados,Video,2º Lançamento | Leads
1243,2025 | Agosto,Segunda-Feira,Dia útil,Leads,2025-08-18,midfunnel_engajamento_ig_video_v1,65.32,162,5708,17,Engajamento_Instagram,Video,2º Lançamento | Leads
1244,2025 | Janeiro,Terça-Feira,Dia útil,Leads,2025-01-07,midfunnel_engajamento_ig_video_v3,95.0,31,2848,2,Engajamento_Instagram,Video,2º Lançamento | Leads
1245,2025 | Setembro,Quarta-Feira,Dia útil,Leads,2025-09-10,topfunnel_cargos_dados_estatico_v2,77.25,21,2980,1,Cargos_Dados,Estático,1º Lançamento | Leads
1246,2025 | Novembro,Segunda-Feira,Dia útil,Leads,2025-11-17,midfunnel_rmkt_30d_estatico_v1,56.58,23,1312,4,Remarketing_30dias,Estático,2º Lançamento | Leads
1247,2025 | Agosto,Quinta-Feira,Dia útil,Leads,2025-08-14,topfunnel_cargos_dados_estatico_v2,109.57,76,3248,5,Cargos_Dados,Estático,2º Lançamento | Leads
1248,2025 | Junho,Sexta-Feira,Dia útil,Leads,2025-06-13,topfunnel_lal2_leads_carrossel_v1,60.34,118,3284,14,LookALike_Leads_2,Carrossel,Campanha Contínua | Leads
1249,2025 | Abril,Domingo,Final de semana,Leads,2025-04-13,topfunnel_cargos_dados_carrossel_v3,7.28,8,208,0,Cargos_Dados,Carrossel,2º Lançamento | Leads
1250,2025 | Dezembro,Domingo,Final de semana,Leads,2025-12-21,bottomfunnel_engajamento_ig_carrossel_v1,114.92,210,6778,46,Engajamento_Instagram,Carrossel,2º Lançamento | Leads
1251,2025 | Fevereiro,Sexta-Feira,Dia útil,Leads,2025-02-07,topfunnel_lal2_leads_carrossel_v2,97.35,91,2308,12,LookALike_Leads_2,Carrossel,1º Lançamento | Leads
1252,2025 | Julho,Sexta-Feira,Dia útil,Vendas,2025-07-04,topfunnel_interesses_dados_video_v1,119.22,172,5640,5,Interesses_Dados,Video,Campanha Contínua | Vendas
1253,2025 | Dezembro,Sábado,Final de semana,Vendas,2025-12-13,midfunnel_visitantes_site_estatico_v1,20.0,42,1233,7,Visitantes_Site,Estático,Campanha Contínua | Vendas
1254,2025 | Outubro,Quarta-Feira,Dia útil,Leads,2025-10-22,bottomfunnel_visitantes_site_estatico_v3,106.97,73,4033,1,Visitantes_Site,Estático,1º Lançamento | Leads
1255,2025 | Junho,Domingo,Final de semana,Leads,2025-06-01,topfunnel_interesses_dados_video_v3,27.65,32,1415,2,Interesses_Dados,Video,2º Lançamento | Leads
1256,2025 | Junho,Sábado,Final de semana,Leads,2025-06-28,topfunnel_lal2_leads_carrossel_v3,82.81,46,7897,10,LookALike_Leads_2,Carrossel,1º Lançamento | Leads
1257,2025 | Junho,Quarta-Feira,Dia útil,Vendas,2025-06-25,topfunnel_cargos_dados_carrossel_v1,94.09,58,3310,8,Cargos_Dados,Carrossel,2º Lançamento | Vendas
1258,2025 | Abril,Terça-Feira,Dia útil,Vendas,2025-04-29,topfunnel_cargos_dados_video_v3,119.17,180,5264,48,Cargos_Dados,Video,2º Lançamento | Vendas
1259,2025 | Outubro,Sexta-Feira,Dia útil,Leads,2025-10-31,topfunnel_lal1_compradores_carrossel_v1,39.03,40,1089,1,LookALike_Compradores_1,Carrossel,1º Lançamento | Leads
1260,2025 | Outubro,Quinta-Feira,Dia útil,Leads,2025-10-02,bottomfunnel_visitantes_site_video_v1,49.07,31,1229,6,Visitantes_Site,Video,Campanha Contínua | Leads
1261,2025 | Julho,Sexta-Feira,Dia útil,Leads,2025-07-18,topfunnel_interesses_dados_estatico_v2,152.58,184,4947,40,Interesses_Dados,Estático,2º Lançamento | Leads
1262,2025 | Novembro,Terça-Feira,Dia útil,Leads,2025-11-11,topfunnel_cargos_dados_estatico_v1,44.85,70,3638,4,Cargos_Dados,Estático,2º Lançamento | Leads
1263,2025 | Agosto,Domingo,Final de semana,Leads,2025-08-03,midfunnel_engajamento_ig_estatico_v2,115.3,104,3425,31,Engajamento_Instagram,Estático,Campanha Contínua | Leads
1264,2025 | Março,Quinta-Feira,Dia útil,Leads,2025-03-27,topfunnel_cargos_dados_video_v2,151.95,194,4914,55,Cargos_Dados,Video,2º Lançamento | Leads
1265,2025 | Março,Terça-Feira,Dia útil,Leads,2025-03-11,bottomfunnel_engajamento_ig_carrossel_v2,124.03,203,5305,31,Engajamento_Instagram,Carrossel,1º Lançamento | Leads
1266,2025 | Outubro,Sexta-Feira,Dia útil,Leads,2025-10-17,midfunnel_rmkt_30d_estatico_v2,42.41,81,2270,14,Remarketing_30dias,Estático,2º Lançamento | Leads
1267,2025 | Outubro,Quinta-Feira,Dia útil,Leads,2025-10-09,topfunnel_interesses_dados_estatico_v3,148.63,259,6889,8,Interesses_Dados,Estático,Campanha Contínua | Leads
1268,2025 | Agosto,Quinta-Feira,Dia útil,Leads,2025-08-14,midfunnel_engajamento_ig_video_v2,157.78,253,17163,66,Engajamento_Instagram,Video,1º Lançamento | Leads
1269,2025 | Agosto,Quarta-Feira,Dia útil,Vendas,2025-08-13,topfunnel_interesses_dados_video_v1,146.4,90,4920,19,Interesses_Dados,Video,Campanha Contínua | Vendas
1270,2025 | Agosto,Sexta-Feira,Dia útil,Leads,2025-08-08,topfunnel_cargos_dados_video_v1,145.47,129,5000,24,Cargos_Dados,Video,1º Lançamento | Leads
1271,2025 | Junho,Domingo,Final de semana,Vendas,2025-06-15,bottomfunnel_rmkt_60d_estatico_v3,177.42,42,5354,12,Remarketing_60dias,Estático,2º Lançamento | Vendas
1272,2025 | Janeiro,Sexta-Feira,Dia útil,Vendas,2025-01-31,topfunnel_cargos_dados_carrossel_v1,46.82,51,1364,11,Cargos_Dados,Carrossel,Campanha Contínua | Vendas
1273,2025 | Julho,Segunda-Feira,Dia útil,Leads,2025-07-21,bottomfunnel_rmkt_60d_carrossel_v2,82.73,105,2631,4,Remarketing_60dias,Carrossel,Campanha Contínua | Leads
1274,2025 | Maio,Sexta-Feira,Dia útil,Vendas,2025-05-23,bottomfunnel_visitantes_site_estatico_v2,105.8,102,2635,4,Visitantes_Site,Estático,2º Lançamento | Vendas
1275,2025 | Novembro,Sábado,Final de semana,Vendas,2025-11-22,bottomfunnel_visitantes_site_video_v1,174.34,109,4526,12,Visitantes_Site,Video,2º Lançamento | Vendas
1276,2025 | Junho,Domingo,Final de semana,Leads,2025-06-22,topfunnel_cargos_dados_carrossel_v2,142.42,122,3466,4,Cargos_Dados,Carrossel,Campanha Contínua | Leads
1277,2025 | Agosto,Domingo,Final de semana,Leads,2025-08-24,topfunnel_cargos_dados_estatico_v2,2.62,0,60,0,Cargos_Dados,Estático,1º Lançamento | Leads
1278,2025 | Novembro,Sábado,Final de semana,Leads,2025-11-29,bottomfunnel_rmkt_60d_video_v2,17.13,16,525,0,Remarketing_60dias,Video,Campanha Contínua | Leads
1279,2025 | Junho,Sexta-Feira,Dia útil,Vendas,2025-06-06,midfunnel_rmkt_30d_estatico_v3,19.4,8,1220,1,Remarketing_30dias,Estático,Campanha Contínua | Vendas
1280,2025 | Dezembro,Segunda-Feira,Dia útil,Leads,2025-12-15,topfunnel_lal1_compradores_carrossel_v2,147.54,70,3310,3,LookALike_Compradores_1,Carrossel,1º Lançamento | Leads
1281,2025 | Abril,Segunda-Feira,Dia útil,Leads,2025-04-28,topfunnel_interesses_dados_video_v2,67.74,69,3551,17,Interesses_Dados,Video,1º Lançamento | Leads
1282,2025 | Novembro,Terça-Feira,Dia útil,Vendas,2025-11-25,topfunnel_cargos_dados_video_v3,102.48,35,3351,4,Cargos_Dados,Video,1º Lançamento | Vendas
1283,2025 | Novembro,Terça-Feira,Dia útil,Vendas,2025-11-18,bottomfunnel_engajamento_ig_carrossel_v1,17.89,53,1526,9,Engajamento_Instagram,Carrossel,2º Lançamento | Vendas
1284,2025 | Junho,Domingo,Final de semana,Vendas,2025-06-29,midfunnel_visitantes_site_video_v2,116.92,194,6804,43,Visitantes_Site,Video,2º Lançamento | Vendas
1285,2025 | Dezembro,Sábado,Final de semana,Leads,2025-12-20,midfunnel_rmkt_60d_video_v3,72.04,81,2257,19,Remarketing_60dias,Video,1º Lançamento | Leads
1286,2025 | Setembro,Quinta-Feira,Dia útil,Leads,2025-09-11,midfunnel_rmkt_30d_estatico_v3,160.25,356,18972,38,Remarketing_30dias,Estático,2º Lançamento | Leads
1287,2025 | Outubro,Domingo,Final de semana,Leads,2025-10-19,topfunnel_cargos_dados_estatico_v1,5.46,7,520,0,Cargos_Dados,Estático,1º Lançamento | Leads
1288,2025 | Julho,Quarta-Feira,Dia útil,Leads,2025-07-23,bottomfunnel_engajamento_ig_estatico_v1,116.2,42,4165,1,Engajamento_Instagram,Estático,1º Lançamento | Leads
1289,2025 | Setembro,Sexta-Feira,Dia útil,Vendas,2025-09-19,topfunnel_cargos_dados_carrossel_v2,71.85,87,2283,18,Cargos_Dados,Carrossel,1º Lançamento | Vendas
1290,2025 | Junho,Domingo,Final de semana,Vendas,2025-06-08,midfunnel_rmkt_30d_video_v1,166.62,394,13555,13,Remarketing_30dias,Video,Campanha Contínua | Vendas
1291,2025 | Dezembro,Quarta-Feira,Dia útil,Vendas,2025-12-03,topfunnel_interesses_dados_video_v3,26.86,77,3190,9,Interesses_Dados,Video,Campanha Contínua | Vendas
1292,2025 | Maio,Terça-Feira,Dia útil,Leads,2025-05-13,topfunnel_cargos_dados_carrossel_v2,132.6,438,10721,49,Cargos_Dados,Carrossel,2º Lançamento | Leads
1293,2025 | Maio,Terça-Feira,Dia útil,Leads,2025-05-20,midfunnel_rmkt_60d_carrossel_v2,83.3,95,3906,16,Remarketing_60dias,Carrossel,2º Lançamento | Leads
1294,2025 | Março,Sábado,Final de semana,Leads,2025-03-22,topfunnel_interesses_dados_carrossel_v3,130.79,197,7950,6,Interesses_Dados,Carrossel,1º Lançamento | Leads
1295,2025 | Maio,Terça-Feira,Dia útil,Leads,2025-05-06,midfunnel_visitantes_site_estatico_v1,167.78,112,4223,30,Visitantes_Site,Estático,Campanha Contínua | Leads
1296,2025 | Dezembro,Terça-Feira,Dia útil,Leads,2025-12-02,bottomfunnel_visitantes_site_video_v3,59.29,42,1537,2,Visitantes_Site,Video,Campanha Contínua | Leads
1297,2025 | Janeiro,Segunda-Feira,Dia útil,Leads,2025-01-27,topfunnel_lal1_compradores_estatico_v1,158.17,141,3949,15,LookALike_Compradores_1,Estático,1º Lançamento | Leads
1298,2025 | Outubro,Sábado,Final de semana,Leads,2025-10-11,bottomfunnel_visitantes_site_video_v3,141.75,55,4008,6,Visitantes_Site,Video,2º Lançamento | Leads
1299,2025 | Abril,Sexta-Feira,Dia útil,Vendas,2025-04-11,midfunnel_rmkt_30d_video_v2,6.74,7,240,1,Remarketing_30dias,Video,1º Lançamento | Vendas
1300,2025 | Junho,Sábado,Final de semana,Leads,2025-06-21,bottomfunnel_engajamento_ig_carrossel_v1,38.92,18,877,5,Engajamento_Instagram,Carrossel,1º Lançamento | Leads
1301,2025 | Dezembro,Quarta-Feira,Dia útil,Leads,2025-12-31,topfunnel_lal1_compradores_video_v3,75.82,42,1843,9,LookALike_Compradores_1,Video,Campanha Contínua | Leads
1302,2025 | Fevereiro,Terça-Feira,Dia útil,Leads,2025-02-18,midfunnel_engajamento_ig_video_v2,120.08,149,9354,38,Engajamento_Instagram,Video,2º Lançamento | Leads
1303,2025 | Dezembro,Quinta-Feira,Dia útil,Vendas,2025-12-25,bottomfunnel_visitantes_site_estatico_v2,43.97,9,1024,2,Visitantes_Site,Estático,1º Lançamento | Vendas
1304,2025 | Março,Sexta-Feira,Dia útil,Leads,2025-03-21,topfunnel_lal2_leads_estatico_v2,74.66,116,2682,9,LookALike_Leads_2,Estático,2º Lançamento | Leads
1305,2025 | Agosto,Terça-Feira,Dia útil,Leads,2025-08-26,topfunnel_interesses_dados_video_v1,145.85,249,7574,47,Interesses_Dados,Video,1º Lançamento | Leads
1306,2025 | Junho,Terça-Feira,Dia útil,Leads,2025-06-17,bottomfunnel_rmkt_30d_estatico_v3,11.19,22,587,1,Remarketing_30dias,Estático,2º Lançamento | Leads
1307,2025 | Agosto,Quarta-Feira,Dia útil,Leads,2025-08-20,bottomfunnel_rmkt_30d_video_v1,145.19,49,11022,12,Remarketing_30dias,Video,1º Lançamento | Leads
1308,2025 | Março,Sábado,Final de semana,Leads,2025-03-08,midfunnel_engajamento_ig_estatico_v3,106.54,17,2540,5,Engajamento_Instagram,Estático,1º Lançamento | Leads
1309,2025 | Novembro,Quinta-Feira,Dia útil,Leads,2025-11-27,topfunnel_cargos_dados_video_v2,24.25,3,565,0,Cargos_Dados,Video,2º Lançamento | Leads
1310,2025 | Julho,Terça-Feira,Dia útil,Leads,2025-07-22,bottomfunnel_engajamento_ig_carrossel_v1,65.32,23,1569,3,Engajamento_Instagram,Carrossel,1º Lançamento | Leads
1311,2025 | Janeiro,Sábado,Final de semana,Leads,2025-01-18,bottomfunnel_rmkt_30d_carrossel_v2,75.63,17,2665,1,Remarketing_30dias,Carrossel,1º Lançamento | Leads
1312,2025 | Agosto,Domingo,Final de semana,Leads,2025-08-03,midfunnel_rmkt_30d_carrossel_v2,141.29,174,6637,27,Remarketing_30dias,Carrossel,Campanha Contínua | Leads
1313,2025 | Setembro,Segunda-Feira,Dia útil,Leads,2025-09-15,midfunnel_rmkt_60d_video_v2,108.49,444,11942,43,Remarketing_60dias,Video,2º Lançamento | Leads
1314,2025 | Setembro,Segunda-Feira,Dia útil,Leads,2025-09-29,midfunnel_rmkt_30d_video_v1,119.09,249,6667,68,Remarketing_30dias,Video,1º Lançamento | Leads
1315,2025 | Abril,Quarta-Feira,Dia útil,Leads,2025-04-23,midfunnel_engajamento_ig_estatico_v1,44.49,77,2250,9,Engajamento_Instagram,Estático,Campanha Contínua | Leads
1316,2025 | Janeiro,Quarta-Feira,Dia útil,Vendas,2025-01-15,midfunnel_visitantes_site_carrossel_v3,170.84,163,4385,47,Visitantes_Site,Carrossel,Campanha Contínua | Vendas
1317,2025 | Junho,Domingo,Final de semana,Leads,2025-06-08,topfunnel_lal1_compradores_video_v1,43.79,69,2720,1,LookALike_Compradores_1,Video,Campanha Contínua | Leads
1318,2025 | Abril,Segunda-Feira,Dia útil,Vendas,2025-04-14,midfunnel_visitantes_site_carrossel_v2,13.07,31,970,1,Visitantes_Site,Carrossel,1º Lançamento | Vendas
1319,2025 | Setembro,Sábado,Final de semana,Vendas,2025-09-27,topfunnel_interesses_dados_estatico_v3,169.69,61,7496,6,Interesses_Dados,Estático,1º Lançamento | Vendas
1320,2025 | Março,Sábado,Final de semana,Vendas,2025-03-22,bottomfunnel_engajamento_ig_carrossel_v3,58.82,46,1721,12,Engajamento_Instagram,Carrossel,Campanha Contínua | Vendas
1321,2025 | Julho,Quarta-Feira,Dia útil,Leads,2025-07-02,topfunnel_cargos_dados_estatico_v2,132.78,79,7026,1,Cargos_Dados,Estático,Campanha Contínua | Leads
1322,2025 | Outubro,Terça-Feira,Dia útil,Leads,2025-10-21,topfunnel_lal1_compradores_video_v3,58.98,45,1555,8,LookALike_Compradores_1,Video,1º Lançamento | Leads
1323,2025 | Setembro,Sexta-Feira,Dia útil,Leads,2025-09-12,topfunnel_interesses_dados_video_v2,176.87,501,12445,22,Interesses_Dados,Video,Campanha Contínua | Leads
1324,2025 | Dezembro,Quarta-Feira,Dia útil,Vendas,2025-12-10,midfunnel_visitantes_site_estatico_v2,39.72,21,1180,5,Visitantes_Site,Estático,Campanha Contínua | Vendas
1325,2025 | Janeiro,Quarta-Feira,Dia útil,Leads,2025-01-01,topfunnel_lal2_leads_carrossel_v2,174.52,103,4284,12,LookALike_Leads_2,Carrossel,Campanha Contínua | Leads
1326,2025 | Julho,Sábado,Final de semana,Leads,2025-07-12,topfunnel_lal2_leads_carrossel_v3,137.09,188,8386,45,LookALike_Leads_2,Carrossel,1º Lançamento | Leads
1327,2025 | Maio,Sábado,Final de semana,Leads,2025-05-31,midfunnel_rmkt_60d_video_v2,32.69,50,1493,8,Remarketing_60dias,Video,1º Lançamento | Leads
1328,2025 | Junho,Segunda-Feira,Dia útil,Leads,2025-06-23,topfunnel_lal2_leads_carrossel_v1,79.06,70,2456,9,LookALike_Leads_2,Carrossel,1º Lançamento | Leads
1329,2025 | Fevereiro,Sexta-Feira,Dia útil,Leads,2025-02-21,bottomfunnel_rmkt_30d_estatico_v3,52.47,18,3125,3,Remarketing_30dias,Estático,2º Lançamento | Leads
1330,2025 | Março,Quinta-Feira,Dia útil,Leads,2025-03-20,topfunnel_lal1_compradores_estatico_v1,54.78,48,1685,3,LookALike_Compradores_1,Estático,1º Lançamento | Leads
1331,2025 | Abril,Quarta-Feira,Dia útil,Leads,2025-04-16,bottomfunnel_rmkt_60d_video_v1,57.23,60,2520,12,Remarketing_60dias,Video,1º Lançamento | Leads
1332,2025 | Novembro,Terça-Feira,Dia útil,Leads,2025-11-25,topfunnel_cargos_dados_estatico_v2,68.07,41,2779,6,Cargos_Dados,Estático,1º Lançamento | Leads
1333,2025 | Maio,Domingo,Final de semana,Leads,2025-05-18,topfunnel_cargos_dados_carrossel_v3,19.66,22,600,2,Cargos_Dados,Carrossel,Campanha Contínua | Leads
1334,2025 | Abril,Domingo,Final de semana,Leads,2025-04-27,bottomfunnel_engajamento_ig_carrossel_v3,124.45,80,2918,6,Engajamento_Instagram,Carrossel,2º Lançamento | Leads
1335,2025 | Fevereiro,Segunda-Feira,Dia útil,Leads,2025-02-10,topfunnel_lal1_compradores_carrossel_v3,162.33,137,4315,26,LookALike_Compradores_1,Carrossel,1º Lançamento | Leads
1336,2025 | Agosto,Segunda-Feira,Dia útil,Leads,2025-08-18,topfunnel_cargos_dados_video_v1,24.9,46,1052,6,Cargos_Dados,Video,Campanha Contínua | Leads
1337,2025 | Março,Segunda-Feira,Dia útil,Vendas,2025-03-17,midfunnel_rmkt_60d_estatico_v1,71.39,54,3144,5,Remarketing_60dias,Estático,2º Lançamento | Vendas
1338,2025 | Janeiro,Terça-Feira,Dia útil,Vendas,2025-01-07,bottomfunnel_engajamento_ig_video_v1,28.81,33,968,9,Engajamento_Instagram,Video,1º Lançamento | Vendas
1339,2025 | Outubro,Quinta-Feira,Dia útil,Vendas,2025-10-16,bottomfunnel_rmkt_60d_carrossel_v2,49.38,42,1532,6,Remarketing_60dias,Carrossel,1º Lançamento | Vendas
1340,2025 | Maio,Quinta-Feira,Dia útil,Leads,2025-05-22,bottomfunnel_engajamento_ig_video_v2,125.07,298,12731,28,Engajamento_Instagram,Video,2º Lançamento | Leads
1341,2025 | Janeiro,Sábado,Final de semana,Leads,2025-01-11,bottomfunnel_rmkt_60d_estatico_v2,154.84,203,4644,17,Remarketing_60dias,Estático,2º Lançamento | Leads
1342,2025 | Agosto,Sexta-Feira,Dia útil,Vendas,2025-08-15,bottomfunnel_visitantes_site_estatico_v3,117.09,99,7830,24,Visitantes_Site,Estático,Campanha Contínua | Vendas
1343,2025 | Setembro,Sábado,Final de semana,Vendas,2025-09-06,midfunnel_visitantes_site_video_v1,57.72,20,2157,5,Visitantes_Site,Video,Campanha Contínua | Vendas
1344,2025 | Janeiro,Quarta-Feira,Dia útil,Leads,2025-01-15,midfunnel_rmkt_30d_video_v1,83.52,65,1990,6,Remarketing_30dias,Video,2º Lançamento | Leads
1345,2025 | Setembro,Terça-Feira,Dia útil,Leads,2025-09-16,topfunnel_interesses_dados_carrossel_v1,45.44,38,1741,10,Interesses_Dados,Carrossel,2º Lançamento | Leads
1346,2025 | Outubro,Terça-Feira,Dia útil,Leads,2025-10-28,bottomfunnel_visitantes_site_video_v3,149.98,67,13220,2,Visitantes_Site,Video,Campanha Contínua | Leads
1347,2025 | Abril,Domingo,Final de semana,Vendas,2025-04-20,midfunnel_rmkt_30d_carrossel_v2,118.16,172,4377,50,Remarketing_30dias,Carrossel,Campanha Contínua | Vendas
1348,2025 | Janeiro,Domingo,Final de semana,Leads,2025-01-05,topfunnel_cargos_dados_carrossel_v1,109.2,188,13135,46,Cargos_Dados,Carrossel,2º Lançamento | Leads
1349,2025 | Dezembro,Quarta-Feira,Dia útil,Vendas,2025-12-31,bottomfunnel_rmkt_60d_estatico_v2,83.97,85,5224,14,Remarketing_60dias,Estático,Campanha Contínua | Vendas
1350,2025 | Julho,Quarta-Feira,Dia útil,Leads,2025-07-23,topfunnel_lal1_compradores_carrossel_v3,174.05,120,4456,22,LookALike_Compradores_1,Carrossel,2º Lançamento | Leads
1351,2025 | Junho,Segunda-Feira,Dia útil,Vendas,2025-06-02,topfunnel_lal2_leads_video_v2,177.93,220,5612,20,LookALike_Leads_2,Video,Campanha Contínua | Vendas
1352,2025 | Novembro,Domingo,Final de semana,Leads,2025-11-30,topfunnel_cargos_dados_carrossel_v1,162.19,158,4290,29,Cargos_Dados,Carrossel,Campanha Contínua | Leads
1353,2025 | Junho,Sexta-Feira,Dia útil,Vendas,2025-06-13,topfunnel_lal1_compradores_carrossel_v2,179.55,215,10202,27,LookALike_Compradores_1,Carrossel,1º Lançamento | Vendas
1354,2025 | Outubro,Domingo,Final de semana,Vendas,2025-10-26,midfunnel_rmkt_30d_estatico_v3,97.4,108,2629,22,Remarketing_30dias,Estático,Campanha Contínua | Vendas
1355,2025 | Junho,Terça-Feira,Dia útil,Vendas,2025-06-03,topfunnel_cargos_dados_estatico_v1,86.06,81,2430,14,Cargos_Dados,Estático,1º Lançamento | Vendas
1356,2025 | Dezembro,Segunda-Feira,Dia útil,Vendas,2025-12-15,topfunnel_interesses_dados_video_v2,42.14,22,1047,5,Interesses_Dados,Video,2º Lançamento | Vendas
1357,2025 | Maio,Quarta-Feira,Dia útil,Leads,2025-05-14,topfunnel_lal2_leads_video_v2,12.03,10,382,1,LookALike_Leads_2,Video,2º Lançamento | Leads
1358,2025 | Abril,Quinta-Feira,Dia útil,Leads,2025-04-10,bottomfunnel_engajamento_ig_carrossel_v2,12.1,2,305,0,Engajamento_Instagram,Carrossel,2º Lançamento | Leads
1359,2025 | Outubro,Domingo,Final de semana,Vendas,2025-10-19,topfunnel_lal2_leads_video_v2,155.57,77,10602,8,LookALike_Leads_2,Video,1º Lançamento | Vendas
1360,2025 | Junho,Terça-Feira,Dia útil,Vendas,2025-06-10,topfunnel_lal1_compradores_estatico_v2,39.67,29,1083,1,LookALike_Compradores_1,Estático,1º Lançamento | Vendas
1361,2025 | Março,Sábado,Final de semana,Leads,2025-03-08,bottomfunnel_engajamento_ig_estatico_v2,70.54,91,7507,11,Engajamento_Instagram,Estático,1º Lançamento | Leads
1362,2025 | Junho,Sábado,Final de semana,Vendas,2025-06-14,midfunnel_rmkt_30d_video_v3,132.71,323,8105,34,Remarketing_30dias,Video,1º Lançamento | Vendas
1363,2025 | Julho,Quarta-Feira,Dia útil,Leads,2025-07-16,midfunnel_rmkt_60d_video_v1,55.43,99,2954,18,Remarketing_60dias,Video,2º Lançamento | Leads
1364,2025 | Agosto,Segunda-Feira,Dia útil,Vendas,2025-08-11,topfunnel_cargos_dados_estatico_v2,66.27,189,4426,52,Cargos_Dados,Estático,2º Lançamento | Vendas
1365,2025 | Janeiro,Sexta-Feira,Dia útil,Leads,2025-01-10,topfunnel_cargos_dados_video_v3,6.39,2,239,0,Cargos_Dados,Video,1º Lançamento | Leads
1366,2025 | Julho,Sábado,Final de semana,Vendas,2025-07-12,midfunnel_rmkt_60d_carrossel_v3,179.06,169,5510,4,Remarketing_60dias,Carrossel,Campanha Contínua | Vendas
1367,2025 | Março,Sábado,Final de semana,Leads,2025-03-01,bottomfunnel_engajamento_ig_video_v2,127.08,261,8144,5,Engajamento_Instagram,Video,2º Lançamento | Leads
1368,2025 | Dezembro,Sexta-Feira,Dia útil,Leads,2025-12-05,midfunnel_rmkt_60d_carrossel_v2,149.94,422,12619,22,Remarketing_60dias,Carrossel,1º Lançamento | Leads
1369,2025 | Fevereiro,Segunda-Feira,Dia útil,Leads,2025-02-24,midfunnel_rmkt_30d_estatico_v2,127.36,37,6728,5,Remarketing_30dias,Estático,1º Lançamento | Leads
1370,2025 | Dezembro,Sexta-Feira,Dia útil,Vendas,2025-12-19,midfunnel_visitantes_site_video_v1,121.71,111,2928,23,Visitantes_Site,Video,1º Lançamento | Vendas
1371,2025 | Fevereiro,Domingo,Final de semana,Vendas,2025-02-16,topfunnel_interesses_dados_carrossel_v3,20.48,15,1172,4,Interesses_Dados,Carrossel,2º Lançamento | Vendas
1372,2025 | Maio,Sexta-Feira,Dia útil,Leads,2025-05-16,topfunnel_interesses_dados_video_v1,153.77,228,7209,31,Interesses_Dados,Video,1º Lançamento | Leads
1373,2025 | Fevereiro,Terça-Feira,Dia útil,Vendas,2025-02-18,topfunnel_lal1_compradores_video_v1,120.25,156,8403,22,LookALike_Compradores_1,Video,Campanha Contínua | Vendas
1374,2025 | Maio,Domingo,Final de semana,Vendas,2025-05-18,topfunnel_interesses_dados_estatico_v2,34.96,66,1531,6,Interesses_Dados,Estático,2º Lançamento | Vendas
1375,2025 | Dezembro,Sábado,Final de semana,Vendas,2025-12-20,midfunnel_engajamento_ig_carrossel_v1,26.02,33,746,8,Engajamento_Instagram,Carrossel,1º Lançamento | Vendas
1376,2025 | Agosto,Sábado,Final de semana,Vendas,2025-08-02,topfunnel_lal2_leads_carrossel_v3,80.27,94,2621,17,LookALike_Leads_2,Carrossel,Campanha Contínua | Vendas
1377,2025 | Março,Sábado,Final de semana,Leads,2025-03-08,topfunnel_lal2_leads_video_v2,80.72,240,7803,5,LookALike_Leads_2,Video,Campanha Contínua | Leads
1378,2025 | Setembro,Sexta-Feira,Dia útil,Vendas,2025-09-26,bottomfunnel_rmkt_30d_carrossel_v3,95.35,22,2810,4,Remarketing_30dias,Carrossel,1º Lançamento | Vendas
1379,2025 | Setembro,Quinta-Feira,Dia útil,Leads,2025-09-04,midfunnel_engajamento_ig_video_v1,116.7,327,8452,84,Engajamento_Instagram,ESTATICO,1º Lançamento | Leads
1380,2025 | Fevereiro,Sábado,Final de semana,Vendas,2025-02-08,bottomfunnel_visitantes_site_video_v2,11.44,21,704,2,Visitantes_Site,Video,1º Lançamento | Vendas
1381,2025 | Fevereiro,Segunda-Feira,Dia útil,Leads,2025-02-10,topfunnel_lal2_leads_video_v2,81.85,161,6604,32,LookALike_Leads_2,Video,1º Lançamento | Leads
1382,2025 | Julho,Sábado,Final de semana,Leads,2025-07-26,topfunnel_lal1_compradores_video_v3,173.46,222,5491,39,LookALike_Compradores_1,Video,Campanha Contínua | Leads
1383,2025 | Dezembro,Quarta-Feira,Dia útil,Leads,2025-12-10,midfunnel_visitantes_site_estatico_v1,152.37,266,7512,50,Visitantes_Site,Estático,Campanha Contínua | Leads
1384,2025 | Dezembro,Quarta-Feira,Dia útil,Leads,2025-12-03,topfunnel_lal2_leads_video_v1,137.28,152,8471,38,LookALike_Leads_2,Video,2º Lançamento | Leads
1385,2025 | Outubro,Quarta-Feira,Dia útil,Leads,2025-10-08,topfunnel_interesses_dados_video_v1,89.9,80,2340,10,Interesses_Dados,Video,2º Lançamento | Leads
1386,2025 | Novembro,Domingo,Final de semana,Leads,2025-11-09,topfunnel_interesses_dados_estatico_v1,83.63,75,2265,3,Interesses_Dados,Estático,2º Lançamento | Leads
1387,2025 | Janeiro,Sexta-Feira,Dia útil,Vendas,2025-01-24,topfunnel_interesses_dados_estatico_v2,119.38,26,2752,4,Interesses_Dados,Estático,Campanha Contínua | Vendas
1388,2025 | Janeiro,Sábado,Final de semana,Leads,2025-01-25,bottomfunnel_engajamento_ig_carrossel_v3,141.14,109,3386,7,Engajamento_Instagram,Carrossel,1º Lançamento | Leads
1389,2025 | Fevereiro,Domingo,Final de semana,Leads,2025-02-23,bottomfunnel_visitantes_site_carrossel_v2,176.36,148,4210,14,Visitantes_Site,Carrossel,2º Lançamento | Leads
1390,2025 | Maio,Sábado,Final de semana,Leads,2025-05-31,topfunnel_cargos_dados_video_v2,109.45,67,2682,17,Cargos_Dados,Video,Campanha Contínua | Leads
1391,2025 | Junho,Terça-Feira,Dia útil,Vendas,2025-06-10,midfunnel_rmkt_30d_video_v3,129.3,161,3870,9,Remarketing_30dias,Video,Campanha Contínua | Vendas
1392,2025 | Novembro,Sábado,Final de semana,Vendas,2025-11-29,topfunnel_cargos_dados_carrossel_v3,125.74,55,6309,6,Cargos_Dados,Carrossel,2º Lançamento | Vendas
1393,2025 | Outubro,Domingo,Final de semana,Leads,2025-10-26,bottomfunnel_engajamento_ig_carrossel_v2,145.97,26,5338,1,Engajamento_Instagram,Carrossel,Campanha Contínua | Leads
1394,2025 | Janeiro,Quarta-Feira,Dia útil,Leads,2025-01-29,topfunnel_cargos_dados_estatico_v3,46.97,38,1202,3,Cargos_Dados,Estático,Campanha Contínua | Leads
1395,2025 | Janeiro,Sexta-Feira,Dia útil,Leads,2025-01-17,topfunnel_lal2_leads_video_v3,156.58,174,4428,39,LookALike_Leads_2,Video,Campanha Contínua | Leads
1396,2025 | Julho,Sábado,Final de semana,Leads,2025-07-19,midfunnel_rmkt_60d_carrossel_v2,71.29,72,1642,7,Remarketing_60dias,Carrossel,Campanha Contínua | Leads
1397,2025 | Janeiro,Terça-Feira,Dia útil,Leads,2025-01-28,bottomfunnel_rmkt_60d_video_v1,164.29,147,4821,34,Remarketing_60dias,Video,Campanha Contínua | Leads
1398,2025 | Novembro,Quarta-Feira,Dia útil,Leads,2025-11-05,bottomfunnel_rmkt_30d_estatico_v1,177.06,715,16462,161,Remarketing_30dias,Estático,1º Lançamento | Leads
1399,2025 | Julho,Domingo,Final de semana,Leads,2025-07-13,bottomfunnel_rmkt_60d_carrossel_v1,31.06,3,790,0,Remarketing_60dias,Carrossel,1º Lançamento | Leads
1400,2025 | Janeiro,Terça-Feira,Dia útil,Leads,2025-01-21,midfunnel_visitantes_site_carrossel_v3,111.77,82,3440,14,Visitantes_Site,Carrossel,2º Lançamento | Leads
1401,2025 | Fevereiro,Sexta-Feira,Dia útil,Vendas,2025-02-07,midfunnel_visitantes_site_carrossel_v1,94.91,26,2558,4,Visitantes_Site,Carrossel,2º Lançamento | Vendas
1402,2025 | Fevereiro,Segunda-Feira,Dia útil,Leads,2025-02-17,bottomfunnel_rmkt_30d_carrossel_v2,66.54,144,4137,24,Remarketing_30dias,Carrossel,Campanha Contínua | Leads
1403,2025 | Novembro,Sábado,Final de semana,Leads,2025-11-29,midfunnel_visitantes_site_estatico_v3,111.43,155,3596,32,Visitantes_Site,Estático,2º Lançamento | Leads
1404,2025 | Julho,Terça-Feira,Dia útil,Vendas,2025-07-15,topfunnel_interesses_dados_estatico_v2,98.39,220,5328,55,Interesses_Dados,Estático,2º Lançamento | Vendas
1405,2025 | Setembro,Domingo,Final de semana,Vendas,2025-09-21,topfunnel_lal2_leads_estatico_v1,55.12,29,1716,1,LookALike_Leads_2,Estático,1º Lançamento | Vendas
1406,2025 | Março,Quinta-Feira,Dia útil,Vendas,2025-03-27,topfunnel_lal1_compradores_carrossel_v1,39.91,16,1275,3,LookALike_Compradores_1,Carrossel,1º Lançamento | Vendas
1407,2025 | Abril,Quarta-Feira,Dia útil,Leads,2025-04-16,midfunnel_engajamento_ig_carrossel_v3,124.27,467,13996,14,Engajamento_Instagram,Carrossel,1º Lançamento | Leads
1408,2025 | Janeiro,Terça-Feira,Dia útil,Leads,2025-01-28,midfunnel_rmkt_60d_carrossel_v3,148.34,73,3556,10,Remarketing_60dias,Carrossel,2º Lançamento | Leads
1409,2025 | Agosto,Domingo,Final de semana,Leads,2025-08-10,midfunnel_engajamento_ig_carrossel_v3,3.55,0,102,0,Engajamento_Instagram,Carrossel,1º Lançamento | Leads
1410,2025 | Dezembro,Quinta-Feira,Dia útil,Vendas,2025-12-25,midfunnel_visitantes_site_carrossel_v2,142.17,56,7424,13,Visitantes_Site,Carrossel,2º Lançamento | Vendas
1411,2025 | Julho,Terça-Feira,Dia útil,Leads,2025-07-15,topfunnel_lal1_compradores_estatico_v1,97.19,149,7449,36,LookALike_Compradores_1,Estático,Campanha Contínua | Leads
1412,2025 | Junho,Domingo,Final de semana,Vendas,2025-06-01,topfunnel_cargos_dados_estatico_v3,159.94,144,3658,29,Cargos_Dados,Estático,1º Lançamento | Vendas
1413,2025 | Outubro,Sábado,Final de semana,Vendas,2025-10-11,topfunnel_cargos_dados_video_v1,3.39,2,112,0,Cargos_Dados,Video,2º Lançamento | Vendas
1414,2025 | Abril,Sexta-Feira,Dia útil,Vendas,2025-04-18,bottomfunnel_visitantes_site_video_v3,153.63,133,11576,25,Visitantes_Site,Video,2º Lançamento | Vendas
1415,2025 | Abril,Quinta-Feira,Dia útil,Leads,2025-04-10,topfunnel_lal1_compradores_carrossel_v2,116.93,344,10921,31,LookALike_Compradores_1,Carrossel,1º Lançamento | Leads
1416,2025 | Outubro,Sábado,Final de semana,Leads,2025-10-25,midfunnel_visitantes_site_estatico_v3,118.85,298,10156,81,Visitantes_Site,Estático,2º Lançamento | Leads
1417,2025 | Setembro,Sábado,Final de semana,Leads,2025-09-06,midfunnel_rmkt_60d_carrossel_v3,103.12,117,2721,7,Remarketing_60dias,Carrossel,2º Lançamento | Leads
1418,2025 | Maio,Quarta-Feira,Dia útil,Vendas,2025-05-07,bottomfunnel_engajamento_ig_estatico_v1,123.13,143,6075,20,Engajamento_Instagram,Estático,2º Lançamento | Vendas
1419,2025 | Setembro,Domingo,Final de semana,Leads,2025-09-07,topfunnel_cargos_dados_carrossel_v3,17.05,35,927,9,Cargos_Dados,Carrossel,1º Lançamento | Leads
1420,2025 | Maio,Quinta-Feira,Dia útil,Vendas,2025-05-15,topfunnel_interesses_dados_carrossel_v1,160.85,121,4078,29,Interesses_Dados,Carrossel,Campanha Contínua | Vendas
1421,2025 | Julho,Domingo,Final de semana,Vendas,2025-07-27,bottomfunnel_rmkt_30d_video_v3,161.18,177,5763,10,Remarketing_30dias,Video,2º Lançamento | Vendas
1422,2025 | Abril,Sexta-Feira,Dia útil,Vendas,2025-04-25,bottomfunnel_rmkt_60d_video_v3,93.1,100,4104,20,Remarketing_60dias,Video,Campanha Contínua | Vendas
1423,2025 | Dezembro,Quarta-Feira,Dia útil,Leads,2025-12-17,topfunnel_cargos_dados_estatico_v1,34.3,24,795,6,Cargos_Dados,Estático,Campanha Contínua | Leads
1424,2025 | Setembro,Sexta-Feira,Dia útil,Vendas,2025-09-05,topfunnel_lal1_compradores_video_v2,43.64,33,2454,6,LookALike_Compradores_1,Video,Campanha Contínua | Vendas
1425,2025 | Julho,Sexta-Feira,Dia útil,Leads,2025-07-04,topfunnel_lal2_leads_video_v1,176.55,290,8831,48,LookALike_Leads_2,Video,2º Lançamento | Leads
1426,2025 | Maio,Quinta-Feira,Dia útil,Leads,2025-05-15,topfunnel_cargos_dados_estatico_v3,69.69,95,2342,3,Cargos_Dados,Estático,2º Lançamento | Leads
1427,2025 | Julho,Sábado,Final de semana,Vendas,2025-07-12,bottomfunnel_rmkt_30d_carrossel_v2,147.56,259,7105,69,Remarketing_30dias,Carrossel,1º Lançamento | Vendas
1428,2025 | Setembro,Domingo,Final de semana,Vendas,2025-09-14,topfunnel_lal2_leads_video_v1,16.18,6,508,33,LookALike_Leads_2,Video,2º Lançamento | Vendas
1429,2025 | Novembro,Quarta-Feira,Dia útil,Vendas,2025-11-05,topfunnel_interesses_dados_carrossel_v1,76.09,32,3763,6,Interesses_Dados,Carrossel,2º Lançamento | Vendas
1430,2025 | Abril,Sexta-Feira,Dia útil,Leads,2025-04-18,midfunnel_engajamento_ig_video_v1,25.2,8,842,1,Engajamento_Instagram,Video,Campanha Contínua | Leads
1431,2025 | Março,Segunda-Feira,Dia útil,Leads,2025-03-17,bottomfunnel_rmkt_60d_video_v3,174.54,221,5524,49,Remarketing_60dias,Video,2º Lançamento | Leads
1432,2025 | Fevereiro,Quinta-Feira,Dia útil,Leads,2025-02-13,topfunnel_lal2_leads_estatico_v1,41.44,17,1786,3,LookALike_Leads_2,Estático,1º Lançamento | Leads
1433,2025 | Novembro,Domingo,Final de semana,Vendas,2025-11-16,bottomfunnel_rmkt_60d_video_v2,108.38,200,10275,11,Remarketing_60dias,Video,1º Lançamento | Vendas
1434,2025 | Abril,Segunda-Feira,Dia útil,Leads,2025-04-14,midfunnel_engajamento_ig_video_v1,86.97,15,2828,3,Engajamento_Instagram,Video,Campanha Contínua | Leads
1435,2025 | Março,Domingo,Final de semana,Leads,2025-03-02,topfunnel_cargos_dados_carrossel_v3,149.39,129,3627,26,Cargos_Dados,Carrossel,Campanha Contínua | Leads
1436,2025 | Agosto,Segunda-Feira,Dia útil,Leads,2025-08-04,topfunnel_lal1_compradores_carrossel_v3,78.64,43,1840,10,LookALike_Compradores_1,Carrossel,2º Lançamento | Leads
1437,2025 | Outubro,Quarta-Feira,Dia útil,Vendas,2025-10-29,topfunnel_interesses_dados_estatico_v1,47.68,54,1312,2,Interesses_Dados,Estático,Campanha Contínua | Vendas
1438,2025 | Outubro,Segunda-Feira,Dia útil,Leads,2025-10-06,midfunnel_rmkt_30d_video_v3,95.25,67,3497,5,Remarketing_30dias,Video,2º Lançamento | Leads
1439,2025 | Julho,Terça-Feira,Dia útil,Leads,2025-07-29,topfunnel_cargos_dados_estatico_v3,106.4,156,6022,27,Cargos_Dados,Estático,Campanha Contínua | Leads
1440,2025 | Maio,Quinta-Feira,Dia útil,Vendas,2025-05-22,bottomfunnel_engajamento_ig_video_v3,141.62,105,5478,18,Engajamento_Instagram,Video,2º Lançamento | Vendas
1441,2025 | Junho,Sábado,Final de semana,Leads,2025-06-07,midfunnel_engajamento_ig_carrossel_v3,23.64,51,1432,14,Engajamento_Instagram,Carrossel,1º Lançamento | Leads
1442,2025 | Abril,Domingo,Final de semana,Leads,2025-04-20,midfunnel_visitantes_site_carrossel_v1,71.57,83,2270,20,Visitantes_Site,Carrossel,2º Lançamento | Leads
1443,2025 | Novembro,Terça-Feira,Dia útil,Leads,2025-11-04,topfunnel_interesses_dados_estatico_v1,68.32,75,2237,21,Interesses_Dados,Estático,2º Lançamento | Leads
1444,2025 | Novembro,Terça-Feira,Dia útil,Vendas,2025-11-11,midfunnel_rmkt_60d_carrossel_v1,116.15,58,4791,11,Remarketing_60dias,Carrossel,Campanha Contínua | Vendas
1445,2025 | Maio,Terça-Feira,Dia útil,Leads,2025-05-27,midfunnel_rmkt_30d_carrossel_v3,8.9,2,528,0,Remarketing_30dias,Carrossel,2º Lançamento | Leads
1446,2025 | Julho,Quinta-Feira,Dia útil,Leads,2025-07-24,midfunnel_engajamento_ig_estatico_v3,5.23,6,153,1,Engajamento_Instagram,Estático,Campanha Contínua | Leads
1447,2025 | Outubro,Terça-Feira,Dia útil,Vendas,2025-10-14,bottomfunnel_visitantes_site_estatico_v1,110.13,305,7246,55,Visitantes_Site,Estático,2º Lançamento | Vendas
1448,2025 | Março,Segunda-Feira,Dia útil,Leads,2025-03-31,topfunnel_interesses_dados_carrossel_v1,91.81,39,4461,6,Interesses_Dados,Carrossel,2º Lançamento | Leads
1449,2025 | Outubro,Sexta-Feira,Dia útil,Vendas,2025-10-03,bottomfunnel_rmkt_60d_carrossel_v2,102.46,98,2807,28,Remarketing_60dias,Carrossel,2º Lançamento | Vendas
1450,2025 | Dezembro,Segunda-Feira,Dia útil,Leads,2025-12-15,topfunnel_lal1_compradores_estatico_v1,48.26,79,2177,6,LookALike_Compradores_1,Estático,Campanha Contínua | Leads
1451,2025 | Abril,Segunda-Feira,Dia útil,Vendas,2025-04-28,midfunnel_engajamento_ig_estatico_v3,150.21,68,8740,14,Engajamento_Instagram,Estático,2º Lançamento | Vendas
1452,2025 | Fevereiro,Sábado,Final de semana,Leads,2025-02-08,topfunnel_cargos_dados_estatico_v2,65.25,23,1587,6,Cargos_Dados,Estático,Campanha Contínua | Leads
1453,2025 | Abril,Terça-Feira,Dia útil,Leads,2025-04-08,midfunnel_rmkt_30d_video_v2,39.2,35,2528,6,Remarketing_30dias,Video,1º Lançamento | Leads
1454,2025 | Fevereiro,Segunda-Feira,Dia útil,Leads,2025-02-24,topfunnel_interesses_dados_carrossel_v3,89.95,426,10909,122,Interesses_Dados,Carrossel,2º Lançamento | Leads
1455,2025 | Julho,Quinta-Feira,Dia útil,Vendas,2025-07-10,topfunnel_lal2_leads_carrossel_v2,89.62,83,2017,8,LookALike_Leads_2,Carrossel,1º Lançamento | Vendas
1456,2025 | Outubro,Quinta-Feira,Dia útil,Leads,2025-10-23,midfunnel_engajamento_ig_estatico_v3,64.14,57,1610,8,Engajamento_Instagram,Estático,1º Lançamento | Leads
1457,2025 | Dezembro,Quarta-Feira,Dia útil,Leads,2025-12-24,midfunnel_visitantes_site_carrossel_v1,122.15,45,5542,5,Visitantes_Site,Carrossel,2º Lançamento | Leads
1458,2025 | Abril,Domingo,Final de semana,Leads,2025-04-06,bottomfunnel_rmkt_30d_estatico_v3,63.4,91,4282,12,Remarketing_30dias,Estático,2º Lançamento | Leads
1459,2025 | Julho,Domingo,Final de semana,Vendas,2025-07-06,midfunnel_rmkt_60d_estatico_v3,25.78,11,879,0,Remarketing_60dias,Estático,2º Lançamento | Vendas
1460,2025 | Maio,Quinta-Feira,Dia útil,Leads,2025-05-01,midfunnel_engajamento_ig_video_v3,29.04,8,768,1,Engajamento_Instagram,Video,Campanha Contínua | Leads
1461,2025 | Setembro,Segunda-Feira,Dia útil,Leads,2025-09-22,bottomfunnel_visitantes_site_estatico_v2,102.28,71,3525,15,Visitantes_Site,Estático,1º Lançamento | Leads
1462,2025 | Abril,Segunda-Feira,Dia útil,Vendas,2025-04-21,topfunnel_lal2_leads_carrossel_v1,82.35,75,4040,13,LookALike_Leads_2,Carrossel,2º Lançamento | Vendas
1463,2025 | Junho,Quinta-Feira,Dia útil,Leads,2025-06-26,topfunnel_interesses_dados_estatico_v3,173.45,311,11291,62,Interesses_Dados,Estático,1º Lançamento | Leads
1464,2025 | Maio,Segunda-Feira,Dia útil,Leads,2025-05-26,topfunnel_lal2_leads_carrossel_v2,160.41,114,7258,22,LookALike_Leads_2,Carrossel,1º Lançamento | Leads
1465,2025 | Março,Quinta-Feira,Dia útil,Vendas,2025-03-27,bottomfunnel_visitantes_site_estatico_v1,16.54,13,798,2,Visitantes_Site,Estático,Campanha Contínua | Vendas
1466,2025 | Maio,Sábado,Final de semana,Leads,2025-05-17,bottomfunnel_engajamento_ig_estatico_v2,135.25,111,4958,7,Engajamento_Instagram,Estático,1º Lançamento | Leads
1467,2025 | Março,Quinta-Feira,Dia útil,Vendas,2025-03-06,midfunnel_rmkt_60d_carrossel_v1,32.13,17,2720,4,Remarketing_60dias,Carrossel,Campanha Contínua | Vendas
1468,2025 | Janeiro,Terça-Feira,Dia útil,Leads,2025-01-28,midfunnel_engajamento_ig_carrossel_v1,49.09,110,3571,29,Engajamento_Instagram,Carrossel,2º Lançamento | Leads
1469,2025 | Abril,Segunda-Feira,Dia útil,Leads,2025-04-28,midfunnel_rmkt_60d_estatico_v1,96.0,36,6707,4,Remarketing_60dias,Estático,2º Lançamento | Leads
1470,2025 | Setembro,Segunda-Feira,Dia útil,Leads,2025-09-01,bottomfunnel_rmkt_60d_carrossel_v1,174.59,58,5163,10,Remarketing_60dias,Carrossel,Campanha Contínua | Leads
1471,2025 | Novembro,Sábado,Final de semana,Vendas,2025-11-22,bottomfunnel_engajamento_ig_carrossel_v2,87.99,41,5364,4,Engajamento_Instagram,Carrossel,2º Lançamento | Vendas
1472,2025 | Maio,Quarta-Feira,Dia útil,Leads,2025-05-14,topfunnel_lal1_compradores_video_v3,147.23,67,3739,10,LookALike_Compradores_1,Video,1º Lançamento | Leads
1473,2025 | Dezembro,Sexta-Feira,Dia útil,Vendas,2025-12-19,topfunnel_lal2_leads_estatico_v1,138.44,105,3689,25,LookALike_Leads_2,Estático,Campanha Contínua | Vendas
1474,2025 | Julho,Sexta-Feira,Dia útil,Leads,2025-07-11,midfunnel_engajamento_ig_estatico_v1,129.4,153,4056,12,Engajamento_Instagram,Estático,1º Lançamento | Leads
1475,2025 | Agosto,Terça-Feira,Dia útil,Vendas,2025-08-05,bottomfunnel_rmkt_60d_estatico_v2,35.87,32,3405,1,Remarketing_60dias,Estático,2º Lançamento | Vendas
1476,2025 | Novembro,Quinta-Feira,Dia útil,Leads,2025-11-13,topfunnel_lal2_leads_video_v2,5.94,15,603,1,LookALike_Leads_2,Video,1º Lançamento | Leads
1477,2025 | Maio,Domingo,Final de semana,Leads,2025-05-25,topfunnel_lal2_leads_carrossel_v1,43.82,78,3227,9,LookALike_Leads_2,Carrossel,2º Lançamento | Leads
1478,2025 | Setembro,Sábado,Final de semana,Vendas,2025-09-13,topfunnel_lal2_leads_carrossel_v1,61.12,67,1558,2,LookALike_Leads_2,Carrossel,2º Lançamento | Vendas
1479,2025 | Fevereiro,Quinta-Feira,Dia útil,Leads,2025-02-06,topfunnel_cargos_dados_video_v2,147.56,34,3818,7,Cargos_Dados,Video,1º Lançamento | Leads
1480,2025 | Julho,Quinta-Feira,Dia útil,Vendas,2025-07-17,topfunnel_lal2_leads_video_v3,179.03,397,11648,18,LookALike_Leads_2,Video,Campanha Contínua | Vendas
1481,2025 | Abril,Quinta-Feira,Dia útil,Leads,2025-04-17,midfunnel_rmkt_60d_estatico_v3,131.76,98,3705,5,Remarketing_60dias,Estático,2º Lançamento | Leads
1482,2025 | Novembro,Domingo,Final de semana,Leads,2025-11-23,midfunnel_visitantes_site_video_v1,44.38,8,1844,1,Visitantes_Site,Video,Campanha Contínua | Leads
1483,2025 | Março,Segunda-Feira,Dia útil,Leads,2025-03-03,midfunnel_rmkt_30d_video_v3,141.57,157,5533,19,Remarketing_30dias,Video,1º Lançamento | Leads
1484,2025 | Maio,Quinta-Feira,Dia útil,Leads,2025-05-08,topfunnel_interesses_dados_carrossel_v3,62.57,50,1426,1,Interesses_Dados,Carrossel,2º Lançamento | Leads
1485,2025 | Novembro,Quinta-Feira,Dia útil,Leads,2025-11-27,topfunnel_interesses_dados_video_v2,43.8,35,988,8,Interesses_Dados,Video,2º Lançamento | Leads
1486,2025 | Abril,Quarta-Feira,Dia útil,Leads,2025-04-09,midfunnel_engajamento_ig_estatico_v2,162.01,136,6241,13,Engajamento_Instagram,Estático,Campanha Contínua | Leads
1487,2025 | Setembro,Segunda-Feira,Dia útil,Leads,2025-09-08,topfunnel_cargos_dados_carrossel_v2,59.95,93,2366,17,Cargos_Dados,Carrossel,Campanha Contínua | Leads
1488,2025 | Março,Segunda-Feira,Dia útil,Leads,2025-03-24,topfunnel_cargos_dados_estatico_v2,147.95,119,5276,28,Cargos_Dados,Estático,Campanha Contínua | Leads
1489,2025 | Julho,Segunda-Feira,Dia útil,Vendas,2025-07-14,topfunnel_lal1_compradores_carrossel_v2,140.24,279,8330,57,LookALike_Compradores_1,Carrossel,Campanha Contínua | Vendas
1490,2025 | Julho,Sexta-Feira,Dia útil,Leads,2025-07-18,topfunnel_lal2_leads_carrossel_v1,111.31,169,5583,8,LookALike_Leads_2,Carrossel,Campanha Contínua | Leads
1491,2025 | Dezembro,Quinta-Feira,Dia útil,Leads,2025-12-04,topfunnel_cargos_dados_video_v1,38.37,11,1478,1,Cargos_Dados,Video,2º Lançamento | Leads
1492,2025 | Dezembro,Quarta-Feira,Dia útil,Leads,2025-12-03,bottomfunnel_rmkt_60d_video_v1,110.06,436,10361,34,Remarketing_60dias,Video,2º Lançamento | Leads
1493,2025 | Fevereiro,Segunda-Feira,Dia útil,Leads,2025-02-10,topfunnel_lal1_compradores_estatico_v3,134.47,123,3284,29,LookALike_Compradores_1,Estático,1º Lançamento | Leads
1494,2025 | Novembro,Quarta-Feira,Dia útil,Leads,2025-11-12,topfunnel_lal1_compradores_carrossel_v1,150.62,177,13839,29,LookALike_Compradores_1,Carrossel,1º Lançamento | Leads
1495,2025 | Abril,Terça-Feira,Dia útil,Leads,2025-04-29,midfunnel_rmkt_30d_video_v3,113.5,269,7763,36,Remarketing_30dias,Video,1º Lançamento | Leads
1496,2025 | Novembro,Domingo,Final de semana,Leads,2025-11-23,topfunnel_lal2_leads_carrossel_v3,78.31,241,6607,41,LookALike_Leads_2,Carrossel,Campanha Contínua | Leads
1497,2025 | Junho,Domingo,Final de semana,Vendas,2025-06-22,topfunnel_lal2_leads_estatico_v2,100.14,86,2231,11,LookALike_Leads_2,Estático,Campanha Contínua | Vendas
1498,2025 | Agosto,Sábado,Final de semana,Vendas,2025-08-09,midfunnel_visitantes_site_carrossel_v3,99.35,120,4541,27,Visitantes_Site,Carrossel,2º Lançamento | Vendas
1499,2025 | Agosto,Quarta-Feira,Dia útil,Leads,2025-08-20,midfunnel_engajamento_ig_video_v2,108.25,178,3986,18,Engajamento_Instagram,Video,2º Lançamento | Leads
1500,2025 | Abril,Quinta-Feira,Dia útil,Leads,2025-04-24,bottomfunnel_visitantes_site_video_v3,93.25,87,3202,4,Visitantes_Site,Video,2º Lançamento | Leads
1501,2025 | Julho,Quarta-Feira,Dia útil,Leads,2025-07-02,midfunnel_rmkt_60d_estatico_v1,47.98,68,2510,12,Remarketing_60dias,Estático,1º Lançamento | Leads
1502,2025 | Fevereiro,Domingo,Final de semana,Vendas,2025-02-09,topfunnel_lal2_leads_video_v2,149.06,122,4447,33,LookALike_Leads_2,Video,Campanha Contínua | Vendas
1503,2025 | Novembro,Terça-Feira,Dia útil,Leads,2025-11-25,midfunnel_engajamento_ig_video_v2,64.26,35,1680,9,Engajamento_Instagram,Video,1º Lançamento | Leads
1504,2025 | Dezembro,Segunda-Feira,Dia útil,Vendas,2025-12-01,topfunnel_lal1_compradores_carrossel_v3,70.39,20,3651,3,LookALike_Compradores_1,Carrossel,1º Lançamento | Vendas
1505,2025 | Junho,Terça-Feira,Dia útil,Leads,2025-06-17,midfunnel_rmkt_30d_video_v3,132.36,130,5873,24,Remarketing_30dias,Video,Campanha Contínua | Leads
1506,2025 | Fevereiro,Domingo,Final de semana,Leads,2025-02-16,midfunnel_rmkt_60d_estatico_v1,62.17,83,2427,14,Remarketing_60dias,Estático,2º Lançamento | Leads
1507,2025 | Fevereiro,Quinta-Feira,Dia útil,Leads,2025-02-13,midfunnel_engajamento_ig_carrossel_v1,87.86,115,5731,20,Engajamento_Instagram,Carrossel,Campanha Contínua | Leads
1508,2025 | Novembro,Quarta-Feira,Dia útil,Vendas,2025-11-12,midfunnel_rmkt_30d_video_v2,140.38,294,7030,13,Remarketing_30dias,Video,Campanha Contínua | Vendas
1509,2025 | Julho,Quinta-Feira,Dia útil,Leads,2025-07-31,bottomfunnel_visitantes_site_video_v2,107.91,200,12130,59,Visitantes_Site,Video,Campanha Contínua | Leads
1510,2025 | Agosto,Sexta-Feira,Dia útil,Vendas,2025-08-15,topfunnel_lal2_leads_video_v1,37.94,60,1737,15,LookALike_Leads_2,Video,1º Lançamento | Vendas
1511,2025 | Janeiro,Terça-Feira,Dia útil,Leads,2025-01-28,topfunnel_cargos_dados_estatico_v1,63.43,27,1679,4,Cargos_Dados,Estático,2º Lançamento | Leads
1512,2025 | Abril,Sexta-Feira,Dia útil,Vendas,2025-04-18,bottomfunnel_rmkt_30d_video_v3,88.24,24,2520,5,Remarketing_30dias,Video,1º Lançamento | Vendas
1513,2025 | Julho,Sábado,Final de semana,Leads,2025-07-12,topfunnel_lal1_compradores_estatico_v1,13.17,27,853,2,LookALike_Compradores_1,Estático,2º Lançamento | Leads
1514,2025 | Dezembro,Terça-Feira,Dia útil,Vendas,2025-12-02,topfunnel_interesses_dados_estatico_v3,50.66,39,1281,10,Interesses_Dados,Estático,1º Lançamento | Vendas
1515,2025 | Maio,Sexta-Feira,Dia útil,Vendas,2025-05-30,bottomfunnel_engajamento_ig_video_v3,175.85,254,15048,66,Engajamento_Instagram,Video,Campanha Contínua | Vendas
1516,2025 | Fevereiro,Sábado,Final de semana,Leads,2025-02-15,topfunnel_lal2_leads_carrossel_v3,6.31,9,367,1,LookALike_Leads_2,Carrossel,2º Lançamento | Leads
1517,2025 | Março,Sábado,Final de semana,Leads,2025-03-22,bottomfunnel_visitantes_site_estatico_v1,179.29,62,4055,2,Visitantes_Site,Estático,2º Lançamento | Leads
1518,2025 | Julho,Sexta-Feira,Dia útil,Vendas,2025-07-18,topfunnel_lal1_compradores_carrossel_v2,42.54,41,2060,2,LookALike_Compradores_1,Carrossel,Campanha Contínua | Vendas
1519,2025 | Julho,Terça-Feira,Dia útil,Leads,2025-07-15,midfunnel_rmkt_30d_estatico_v3,29.61,27,674,3,Remarketing_30dias,Estático,Campanha Contínua | Leads
1520,2025 | Março,Domingo,Final de semana,Leads,2025-03-09,topfunnel_cargos_dados_carrossel_v3,123.92,77,8002,16,Cargos_Dados,Carrossel,Campanha Contínua | Leads
1521,2025 | Março,Terça-Feira,Dia útil,Leads,2025-03-11,topfunnel_cargos_dados_carrossel_v3,165.29,224,8370,63,Cargos_Dados,Carrossel,1º Lançamento | Leads
1522,2025 | Abril,Sábado,Final de semana,Leads,2025-04-05,topfunnel_cargos_dados_carrossel_v1,138.36,71,3410,9,Cargos_Dados,Carrossel,2º Lançamento | Leads
1523,2025 | Novembro,Domingo,Final de semana,Vendas,2025-11-23,midfunnel_rmkt_60d_video_v1,25.85,128,2882,24,Remarketing_60dias,Video,Campanha Contínua | Vendas
1524,2025 | Outubro,Sábado,Final de semana,Leads,2025-10-18,midfunnel_rmkt_30d_video_v2,16.61,4,450,1,Remarketing_30dias,Video,2º Lançamento | Leads
1525,2025 | Dezembro,Quarta-Feira,Dia útil,Vendas,2025-12-31,topfunnel_cargos_dados_estatico_v2,86.61,81,6159,10,Cargos_Dados,Estático,1º Lançamento | Vendas
1526,2025 | Maio,Segunda-Feira,Dia útil,Vendas,2025-05-19,midfunnel_rmkt_30d_carrossel_v1,14.24,14,336,3,Remarketing_30dias,Carrossel,2º Lançamento | Vendas
1527,2025 | Dezembro,Sexta-Feira,Dia útil,Leads,2025-12-19,topfunnel_lal2_leads_video_v2,74.36,265,7788,33,LookALike_Leads_2,Video,2º Lançamento | Leads
1528,2025 | Julho,Segunda-Feira,Dia útil,Leads,2025-07-21,topfunnel_lal1_compradores_carrossel_v1,82.66,12,2141,3,LookALike_Compradores_1,Carrossel,Campanha Contínua | Leads
1529,2025 | Outubro,Sexta-Feira,Dia útil,Leads,2025-10-03,topfunnel_lal1_compradores_carrossel_v2,94.11,18,3003,1,LookALike_Compradores_1,Carrossel,2º Lançamento | Leads
1530,2025 | Junho,Quinta-Feira,Dia útil,Vendas,2025-06-05,midfunnel_rmkt_60d_estatico_v2,54.76,42,1303,11,Remarketing_60dias,Estático,2º Lançamento | Vendas
1531,2025 | Novembro,Quinta-Feira,Dia útil,Leads,2025-11-27,topfunnel_interesses_dados_video_v3,168.97,47,5005,6,Interesses_Dados,Video,2º Lançamento | Leads
1532,2025 | Janeiro,Segunda-Feira,Dia útil,Leads,2025-01-13,midfunnel_rmkt_30d_estatico_v2,60.02,62,1875,4,Remarketing_30dias,Estático,Campanha Contínua | Leads
1533,2025 | Março,Quarta-Feira,Dia útil,Leads,2025-03-05,topfunnel_lal2_leads_carrossel_v2,17.64,17,516,4,LookALike_Leads_2,Carrossel,Campanha Contínua | Leads
1534,2025 | Março,Domingo,Final de semana,Leads,2025-03-23,midfunnel_engajamento_ig_video_v2,102.87,32,3174,8,Engajamento_Instagram,Video,1º Lançamento | Leads
1535,2025 | Dezembro,Quarta-Feira,Dia útil,Leads,2025-12-31,bottomfunnel_rmkt_60d_estatico_v2,113.7,86,9206,6,Remarketing_60dias,Estático,Campanha Contínua | Leads
1536,2025 | Maio,Sábado,Final de semana,Leads,2025-05-10,topfunnel_lal2_leads_estatico_v3,145.82,115,4781,9,LookALike_Leads_2,Estático,Campanha Contínua | Leads
1537,2025 | Setembro,Segunda-Feira,Dia útil,Leads,2025-09-01,topfunnel_lal2_leads_video_v3,109.02,169,6392,32,LookALike_Leads_2,Video,Campanha Contínua | Leads
1538,2025 | Abril,Quinta-Feira,Dia útil,Leads,2025-04-17,topfunnel_cargos_dados_video_v3,64.45,25,4817,4,Cargos_Dados,Video,Campanha Contínua | Leads
1539,2025 | Junho,Segunda-Feira,Dia útil,Leads,2025-06-02,topfunnel_interesses_dados_video_v1,76.51,165,5242,31,Interesses_Dados,Video,Campanha Contínua | Leads
1540,2025 | Dezembro,Quinta-Feira,Dia útil,Leads,2025-12-25,topfunnel_cargos_dados_estatico_v3,105.27,19,2478,1,Cargos_Dados,Estático,2º Lançamento | Leads
1541,2025 | Julho,Segunda-Feira,Dia útil,Vendas,2025-07-14,midfunnel_engajamento_ig_carrossel_v2,86.07,269,6877,30,Engajamento_Instagram,Carrossel,2º Lançamento | Vendas
1542,2025 | Setembro,Sexta-Feira,Dia útil,Leads,2025-09-26,midfunnel_rmkt_30d_carrossel_v1,103.92,60,2349,2,Remarketing_30dias,Carrossel,Campanha Contínua | Leads
1543,2025 | Dezembro,Sexta-Feira,Dia útil,Leads,2025-12-19,bottomfunnel_rmkt_60d_estatico_v2,95.76,39,2136,2,Remarketing_60dias,Estático,Campanha Contínua | Leads
1544,2025 | Setembro,Sexta-Feira,Dia útil,Leads,2025-09-12,topfunnel_lal2_leads_estatico_v1,159.35,152,9593,11,LookALike_Leads_2,Estático,1º Lançamento | Leads
1545,2025 | Fevereiro,Segunda-Feira,Dia útil,Leads,2025-01-13,topfunnel_interesses_dados_carrossel_v1,144.42,67,3212,7,Interesses_Dados,Carrossel,Campanha Contínua | Leads
1546,2025 | Novembro,Domingo,Final de semana,Leads,2025-11-23,bottomfunnel_rmkt_30d_carrossel_v2,142.76,182,7363,20,Remarketing_30dias,Carrossel,1º Lançamento | Leads
1547,2025 | Fevereiro,Sexta-Feira,Dia útil,Vendas,2025-02-28,midfunnel_visitantes_site_estatico_v1,36.94,39,950,6,Visitantes_Site,Estático,2º Lançamento | Vendas
1548,2025 | Janeiro,Domingo,Final de semana,Vendas,2025-01-19,topfunnel_lal2_leads_video_v3,84.26,85,2105,12,LookALike_Leads_2,Video,2º Lançamento | Vendas
1549,2025 | Janeiro,Quarta-Feira,Dia útil,Vendas,2025-01-29,bottomfunnel_rmkt_60d_carrossel_v3,97.62,199,6215,48,Remarketing_60dias,Carrossel,2º Lançamento | Vendas
1550,2025 | Fevereiro,Segunda-Feira,Dia útil,Vendas,2025-02-03,bottomfunnel_rmkt_60d_video_v2,113.71,79,2903,10,Remarketing_60dias,Video,Campanha Contínua | Vendas
1551,2025 | Março,Sábado,Final de semana,Vendas,2025-03-01,bottomfunnel_rmkt_60d_carrossel_v3,8.11,8,347,0,Remarketing_60dias,Carrossel,2º Lançamento | Vendas
1552,2025 | Junho,Quarta-Feira,Dia útil,Leads,2025-06-04,midfunnel_rmkt_60d_video_v2,141.83,159,3856,22,Remarketing_60dias,Video,1º Lançamento | Leads
1553,2025 | Setembro,Sexta-Feira,Dia útil,Vendas,2025-09-05,topfunnel_cargos_dados_video_v2,166.45,120,4742,28,Cargos_Dados,Video,1º Lançamento | Vendas
1554,2025 | Fevereiro,Quinta-Feira,Dia útil,Vendas,2025-02-20,topfunnel_cargos_dados_video_v3,8.99,15,402,0,Cargos_Dados,Video,2º Lançamento | Vendas
1555,2025 | Janeiro,Quinta-Feira,Dia útil,Vendas,2025-01-23,topfunnel_interesses_dados_estatico_v2,160.33,480,13570,109,Interesses_Dados,Estático,1º Lançamento | Vendas
1556,2025 | Outubro,Quinta-Feira,Dia útil,Vendas,2025-10-23,midfunnel_rmkt_30d_estatico_v1,53.37,68,1927,14,Remarketing_30dias,Estático,2º Lançamento | Vendas
1557,2025 | Março,Terça-Feira,Dia útil,Leads,2025-03-18,topfunnel_interesses_dados_video_v3,101.83,226,8638,39,Interesses_Dados,Video,2º Lançamento | Leads
1558,2025 | Março,Sexta-Feira,Dia útil,Vendas,2025-03-14,midfunnel_rmkt_60d_carrossel_v1,15.15,8,493,1,Remarketing_60dias,Carrossel,1º Lançamento | Vendas
1559,2025 | Janeiro,Quarta-Feira,Dia útil,Leads,2025-01-15,topfunnel_lal1_compradores_video_v2,12.05,5,506,0,LookALike_Compradores_1,Video,Campanha Contínua | Leads
1560,2025 | Novembro,Quarta-Feira,Dia útil,Vendas,2025-11-19,topfunnel_lal2_leads_carrossel_v2,57.96,50,1515,10,LookALike_Leads_2,Carrossel,Campanha Contínua | Vendas
1561,2025 | Fevereiro,Segunda-Feira,Dia útil,Vendas,2025-02-10,topfunnel_lal2_leads_carrossel_v1,18.99,16,503,0,LookALike_Leads_2,Carrossel,2º Lançamento | Vendas
1562,2025 | Dezembro,Quarta-Feira,Dia útil,Vendas,2025-12-17,topfunnel_lal2_leads_estatico_v1,170.67,521,12815,48,LookALike_Leads_2,Estático,2º Lançamento | Vendas
1563,2025 | Julho,Domingo,Final de semana,Leads,2025-07-20,bottomfunnel_visitantes_site_estatico_v2,7.87,5,307,0,Visitantes_Site,Estático,1º Lançamento | Leads
1564,2025 | Maio,Domingo,Final de semana,Vendas,2025-05-25,topfunnel_cargos_dados_carrossel_v1,74.51,18,2164,3,Cargos_Dados,Carrossel,1º Lançamento | Vendas
1565,2025 | Junho,Quarta-Feira,Dia útil,Leads,2025-06-04,bottomfunnel_engajamento_ig_carrossel_v1,112.71,175,3986,22,Engajamento_Instagram,Carrossel,2º Lançamento | Leads
1566,2025 | Abril,Quinta-Feira,Dia útil,Vendas,2025-04-17,bottomfunnel_engajamento_ig_estatico_v3,125.71,274,8727,62,Engajamento_Instagram,Estático,Campanha Contínua | Vendas
1567,2025 | Outubro,Terça-Feira,Dia útil,Vendas,2025-10-21,topfunnel_interesses_dados_carrossel_v3,84.67,111,2966,7,Interesses_Dados,Carrossel,2º Lançamento | Vendas
1568,2025 | Fevereiro,Quarta-Feira,Dia útil,Leads,2025-02-05,bottomfunnel_engajamento_ig_estatico_v3,119.68,395,10544,106,Engajamento_Instagram,Estático,Campanha Contínua | Leads
1569,2025 | Janeiro,Quarta-Feira,Dia útil,Vendas,2025-01-01,topfunnel_cargos_dados_estatico_v3,54.24,39,1762,3,Cargos_Dados,Estático,2º Lançamento | Vendas
1570,2025 | Junho,Terça-Feira,Dia útil,Leads,2025-06-03,bottomfunnel_rmkt_60d_estatico_v1,105.93,86,3458,22,Remarketing_60dias,Estático,2º Lançamento | Leads
1571,2025 | Fevereiro,Sábado,Final de semana,Leads,2025-02-01,topfunnel_lal1_compradores_video_v3,101.91,19,2305,1,LookALike_Compradores_1,Video,1º Lançamento | Leads
1572,2025 | Maio,Quinta-Feira,Dia útil,Leads,2025-05-01,bottomfunnel_engajamento_ig_carrossel_v3,70.45,83,3185,17,Engajamento_Instagram,Carrossel,2º Lançamento | Leads
1573,2025 | Março,Quinta-Feira,Dia útil,Leads,2025-03-13,bottomfunnel_engajamento_ig_estatico_v1,53.7,12,1332,0,Engajamento_Instagram,Estático,Campanha Contínua | Leads
1574,2025 | Janeiro,Quinta-Feira,Dia útil,Leads,2025-01-09,topfunnel_lal2_leads_carrossel_v2,175.56,129,13480,31,LookALike_Leads_2,Carrossel,2º Lançamento | Leads
1575,2025 | Dezembro,Terça-Feira,Dia útil,Leads,2025-12-23,midfunnel_engajamento_ig_carrossel_v2,92.92,73,3268,8,Engajamento_Instagram,Carrossel,1º Lançamento | Leads
1576,2025 | Agosto,Quarta-Feira,Dia útil,Leads,2025-08-06,topfunnel_lal2_leads_carrossel_v1,128.9,301,7176,54,LookALike_Leads_2,Carrossel,1º Lançamento | Leads
1577,2025 | Janeiro,Segunda-Feira,Dia útil,Leads,2025-01-20,bottomfunnel_visitantes_site_video_v3,16.71,12,477,3,Visitantes_Site,Video,2º Lançamento | Leads
1578,2025 | Agosto,Quarta-Feira,Dia útil,Leads,2025-08-27,topfunnel_interesses_dados_video_v2,114.44,110,3514,23,Interesses_Dados,Video,Campanha Contínua | Leads
1579,2025 | Outubro,Sexta-Feira,Dia útil,Leads,2025-10-24,topfunnel_lal1_compradores_estatico_v3,140.69,138,5550,20,LookALike_Compradores_1,Estático,Campanha Contínua | Leads
1580,2025 | Junho,Quinta-Feira,Dia útil,Leads,2025-06-19,midfunnel_rmkt_60d_estatico_v1,125.87,68,4179,16,Remarketing_60dias,Estático,2º Lançamento | Leads
1581,2025 | Fevereiro,Sábado,Final de semana,Vendas,2025-02-01,topfunnel_cargos_dados_carrossel_v1,119.0,216,6331,5,Cargos_Dados,Carrossel,2º Lançamento | Vendas
1582,2025 | Fevereiro,Quarta-Feira,Dia útil,Leads,2025-02-12,topfunnel_interesses_dados_estatico_v2,26.03,55,1414,1,Interesses_Dados,Estático,1º Lançamento | Leads
1583,2025 | Novembro,Quinta-Feira,Dia útil,Leads,2025-11-06,topfunnel_cargos_dados_carrossel_v2,68.13,169,4701,14,Cargos_Dados,Carrossel,1º Lançamento | Leads
1584,2025 | Setembro,Domingo,Final de semana,Vendas,2025-09-28,midfunnel_visitantes_site_video_v3,168.27,298,12279,88,Visitantes_Site,Video,2º Lançamento | Vendas
1585,2025 | Maio,Sexta-Feira,Dia útil,Vendas,2025-05-02,topfunnel_cargos_dados_video_v3,132.85,194,6396,44,Cargos_Dados,Video,1º Lançamento | Vendas
1586,2025 | Janeiro,Segunda-Feira,Dia útil,Leads,2025-01-27,bottomfunnel_engajamento_ig_estatico_v2,134.94,97,3765,12,Engajamento_Instagram,Estático,Campanha Contínua | Leads
1587,2025 | Julho,Sábado,Final de semana,Leads,2025-07-19,topfunnel_cargos_dados_carrossel_v2,4.61,2,108,0,Cargos_Dados,Carrossel,Campanha Contínua | Leads
1588,2025 | Dezembro,Terça-Feira,Dia útil,Vendas,2025-12-16,topfunnel_interesses_dados_carrossel_v3,65.3,48,1664,9,Interesses_Dados,Carrossel,2º Lançamento | Vendas
1589,2025 | Junho,Sábado,Final de semana,Leads,2025-06-21,topfunnel_interesses_dados_estatico_v3,106.19,134,4237,11,Interesses_Dados,Estático,Campanha Contínua | Leads
1590,2025 | Outubro,Quarta-Feira,Dia útil,Vendas,2025-10-29,midfunnel_visitantes_site_carrossel_v2,99.7,115,3030,2,Visitantes_Site,Carrossel,1º Lançamento | Vendas
1591,2025 | Setembro,Sexta-Feira,Dia útil,Leads,2025-09-26,topfunnel_lal2_leads_estatico_v1,131.23,40,7576,7,LookALike_Leads_2,Estático,1º Lançamento | Leads
1592,2025 | Novembro,Sábado,Final de semana,Vendas,2025-11-01,midfunnel_rmkt_30d_carrossel_v3,172.51,443,15407,55,Remarketing_30dias,Carrossel,Campanha Contínua | Vendas
1593,2025 | Outubro,Sexta-Feira,Dia útil,Vendas,2025-10-17,topfunnel_cargos_dados_video_v3,35.21,57,1863,2,Cargos_Dados,Video,2º Lançamento | Vendas
1594,2025 | Maio,Quinta-Feira,Dia útil,Vendas,2025-05-22,midfunnel_visitantes_site_estatico_v1,51.72,99,5017,29,Visitantes_Site,Estático,2º Lançamento | Vendas
1595,2025 | Maio,Sexta-Feira,Dia útil,Leads,2025-05-16,topfunnel_interesses_dados_estatico_v1,110.83,183,7589,11,Interesses_Dados,Estático,2º Lançamento | Leads
1596,2025 | Abril,Terça-Feira,Dia útil,Leads,2025-04-22,topfunnel_interesses_dados_estatico_v3,48.47,35,5217,7,Interesses_Dados,Estático,2º Lançamento | Leads
1597,2025 | Janeiro,Sexta-Feira,Dia útil,Vendas,2025-01-10,topfunnel_cargos_dados_carrossel_v3,2.65,5,281,0,Cargos_Dados,Carrossel,2º Lançamento | Vendas
1598,2025 | Julho,Domingo,Final de semana,Leads,2025-07-20,topfunnel_lal2_leads_estatico_v2,74.19,79,2124,3,LookALike_Leads_2,Estático,1º Lançamento | Leads
1599,2025 | Janeiro,Quinta-Feira,Dia útil,Leads,2025-01-02,topfunnel_lal2_leads_video_v3,97.52,38,2182,3,LookALike_Leads_2,Video,1º Lançamento | Leads
1600,2025 | Novembro,Quinta-Feira,Dia útil,Vendas,2025-11-20,topfunnel_interesses_dados_estatico_v3,153.97,287,7480,66,Interesses_Dados,Estático,2º Lançamento | Vendas
1601,2025 | Novembro,Sexta-Feira,Dia útil,Leads,2025-11-28,topfunnel_lal1_compradores_estatico_v3,36.4,43,1078,8,LookALike_Compradores_1,Estático,2º Lançamento | Leads
1602,2025 | Setembro,Domingo,Final de semana,Leads,2025-09-07,topfunnel_lal2_leads_carrossel_v1,27.34,60,1805,11,LookALike_Leads_2,Carrossel,2º Lançamento | Leads
1603,2025 | Julho,Sábado,Final de semana,Leads,2025-07-19,bottomfunnel_rmkt_60d_estatico_v1,9.08,32,901,1,Remarketing_60dias,Estático,1º Lançamento | Leads
1604,2025 | Abril,Sábado,Final de semana,Vendas,2025-04-19,topfunnel_lal2_leads_carrossel_v3,28.94,41,983,1,LookALike_Leads_2,Carrossel,1º Lançamento | Vendas
1605,2025 | Setembro,Segunda-Feira,Dia útil,Vendas,2025-09-08,topfunnel_lal2_leads_carrossel_v1,45.58,6,1424,1,LookALike_Leads_2,Carrossel,2º Lançamento | Vendas
1606,2025 | Fevereiro,Quarta-Feira,Dia útil,Leads,2025-02-19,topfunnel_cargos_dados_carrossel_v1,147.66,301,12372,73,Cargos_Dados,Carrossel,1º Lançamento | Leads
1607,2025 | Fevereiro,Domingo,Final de semana,Vendas,2025-02-02,bottomfunnel_engajamento_ig_estatico_v2,23.94,18,718,1,Engajamento_Instagram,Estático,1º Lançamento | Vendas
1608,2025 | Janeiro,Sexta-Feira,Dia útil,Leads,2025-01-24,midfunnel_visitantes_site_video_v2,27.57,38,1180,6,Visitantes_Site,Video,2º Lançamento | Leads
1609,2025 | Maio,Segunda-Feira,Dia útil,Vendas,2025-05-05,topfunnel_lal1_compradores_video_v1,142.91,88,4552,5,LookALike_Compradores_1,Video,2º Lançamento | Vendas
1610,2025 | Fevereiro,Terça-Feira,Dia útil,Leads,2025-02-11,topfunnel_cargos_dados_video_v3,118.19,60,2895,14,Cargos_Dados,Video,2º Lançamento | Leads
1611,2025 | Dezembro,Domingo,Final de semana,Leads,2025-12-21,topfunnel_cargos_dados_carrossel_v2,95.35,174,4101,33,Cargos_Dados,Carrossel,1º Lançamento | Leads
1612,2025 | Novembro,Domingo,Final de semana,Leads,2025-11-02,topfunnel_lal2_leads_carrossel_v1,113.83,56,3080,1,LookALike_Leads_2,Carrossel,1º Lançamento | Leads
1613,2025 | Abril,Quarta-Feira,Dia útil,Leads,2025-04-09,topfunnel_interesses_dados_carrossel_v2,155.63,86,3496,12,Interesses_Dados,Carrossel,Campanha Contínua | Leads
1614,2025 | Dezembro,Quinta-Feira,Dia útil,Leads,2025-12-04,topfunnel_lal1_compradores_video_v1,143.9,188,4314,28,LookALike_Compradores_1,Video,1º Lançamento | Leads
1615,2025 | Março,Domingo,Final de semana,Vendas,2025-03-23,topfunnel_lal1_compradores_video_v3,67.14,60,4261,11,LookALike_Compradores_1,Video,2º Lançamento | Vendas
1616,2025 | Janeiro,Quinta-Feira,Dia útil,Leads,2025-01-23,topfunnel_lal1_compradores_carrossel_v1,30.55,84,3366,3,LookALike_Compradores_1,Carrossel,1º Lançamento | Leads
1617,2025 | Agosto,Sábado,Final de semana,Leads,2025-08-16,midfunnel_visitantes_site_estatico_v3,122.64,219,6116,24,Visitantes_Site,Estático,1º Lançamento | Leads
1618,2025 | Maio,Sexta-Feira,Dia útil,Vendas,2025-05-02,midfunnel_rmkt_30d_estatico_v1,86.1,134,3321,8,Remarketing_30dias,Estático,Campanha Contínua | Vendas
1619,2025 | Agosto,Quinta-Feira,Dia útil,Leads,2025-08-21,bottomfunnel_visitantes_site_video_v3,36.96,26,1737,2,Visitantes_Site,Video,1º Lançamento | Leads
1620,2025 | Dezembro,Domingo,Final de semana,Leads,2025-12-21,midfunnel_rmkt_60d_video_v2,83.9,105,5853,28,Remarketing_60dias,Video,Campanha Contínua | Leads
1621,2025 | Março,Sábado,Final de semana,Vendas,2025-03-22,topfunnel_cargos_dados_carrossel_v3,154.26,539,13773,84,Cargos_Dados,Carrossel,1º Lançamento | Vendas
1622,2025 | Outubro,Quinta-Feira,Dia útil,Leads,2025-10-30,topfunnel_lal2_leads_estatico_v1,132.08,52,3748,5,LookALike_Leads_2,Estático,Campanha Contínua | Leads
1623,2025 | Abril,Quinta-Feira,Dia útil,Vendas,2025-04-24,topfunnel_cargos_dados_carrossel_v1,76.65,355,7954,80,Cargos_Dados,Carrossel,Campanha Contínua | Vendas
1624,2025 | Janeiro,Sábado,Final de semana,Leads,2025-01-18,midfunnel_engajamento_ig_estatico_v2,90.41,284,8163,60,Engajamento_Instagram,Estático,2º Lançamento | Leads
1625,2025 | Abril,Terça-Feira,Dia útil,Leads,2025-04-22,midfunnel_rmkt_60d_video_v1,87.66,149,4546,38,Remarketing_60dias,Video,Campanha Contínua | Leads
1626,2025 | Outubro,Domingo,Final de semana,Leads,2025-10-26,topfunnel_lal2_leads_estatico_v1,157.67,249,6855,30,LookALike_Leads_2,Estático,2º Lançamento | Leads
1627,2025 | Dezembro,Sábado,Final de semana,Vendas,2025-12-27,topfunnel_interesses_dados_estatico_v3,61.59,143,6686,13,Interesses_Dados,Estático,Campanha Contínua | Vendas
1628,2025 | Outubro,Domingo,Final de semana,Leads,2025-10-05,midfunnel_rmkt_30d_carrossel_v3,158.85,28,4509,7,Remarketing_30dias,Carrossel,Campanha Contínua | Leads
1629,2025 | Julho,Domingo,Final de semana,Vendas,2025-07-06,topfunnel_interesses_dados_estatico_v2,85.1,170,8946,34,Interesses_Dados,Estático,Campanha Contínua | Vendas
1630,2025 | Fevereiro,Terça-Feira,Dia útil,Leads,2025-02-04,bottomfunnel_rmkt_30d_video_v1,98.29,105,3070,24,Remarketing_30dias,Video,Campanha Contínua | Leads
1631,2025 | Abril,Sexta-Feira,Dia útil,Vendas,2025-04-18,bottomfunnel_rmkt_30d_estatico_v2,91.88,24,3885,2,Remarketing_30dias,Estático,2º Lançamento | Vendas
1632,2025 | Setembro,Sábado,Final de semana,Leads,2025-09-06,topfunnel_interesses_dados_estatico_v3,96.91,102,2514,14,Interesses_Dados,Estático,2º Lançamento | Leads
1633,2025 | Dezembro,Quinta-Feira,Dia útil,Vendas,2025-12-11,topfunnel_interesses_dados_video_v2,18.0,9,801,2,Interesses_Dados,Video,1º Lançamento | Vendas
1634,2025 | Fevereiro,Terça-Feira,Dia útil,Leads,2025-02-25,topfunnel_interesses_dados_carrossel_v1,90.6,56,2243,10,Interesses_Dados,Carrossel,2º Lançamento | Leads
1635,2025 | Agosto,Sábado,Final de semana,Vendas,2025-08-02,topfunnel_cargos_dados_estatico_v2,77.07,10,2183,0,Cargos_Dados,Estático,1º Lançamento | Vendas
1636,2025 | Abril,Terça-Feira,Dia útil,Vendas,2025-04-29,bottomfunnel_visitantes_site_estatico_v3,117.17,165,5837,35,Visitantes_Site,Estático,Campanha Contínua | Vendas
1637,2025 | Agosto,Sábado,Final de semana,Leads,2025-08-16,topfunnel_cargos_dados_estatico_v1,142.6,167,8699,16,Cargos_Dados,Estático,1º Lançamento | Leads
1638,2025 | Março,Segunda-Feira,Dia útil,Leads,2025-03-17,topfunnel_lal2_leads_video_v3,166.53,76,4849,22,LookALike_Leads_2,Video,Campanha Contínua | Leads
1639,2025 | Dezembro,Domingo,Final de semana,Vendas,2025-12-21,topfunnel_cargos_dados_video_v1,23.25,14,519,2,Cargos_Dados,Video,2º Lançamento | Vendas
1640,2025 | Abril,Sábado,Final de semana,Leads,2025-04-05,topfunnel_lal1_compradores_carrossel_v2,176.1,292,13069,85,LookALike_Compradores_1,Carrossel,Campanha Contínua | Leads
1641,2025 | Junho,Quarta-Feira,Dia útil,Leads,2025-06-04,topfunnel_lal1_compradores_estatico_v2,138.91,135,3225,8,LookALike_Compradores_1,Estático,Campanha Contínua | Leads
1642,2025 | Outubro,Terça-Feira,Dia útil,Vendas,2025-10-07,bottomfunnel_visitantes_site_carrossel_v2,161.54,128,3681,38,Visitantes_Site,Carrossel,Campanha Contínua | Vendas
1643,2025 | Março,Segunda-Feira,Dia útil,Vendas,2025-03-17,topfunnel_lal2_leads_estatico_v3,22.44,4,872,0,LookALike_Leads_2,Estático,1º Lançamento | Vendas
1644,2025 | Junho,Sábado,Final de semana,Leads,2025-06-07,bottomfunnel_rmkt_30d_estatico_v1,60.43,23,1981,3,Remarketing_30dias,Estático,2º Lançamento | Leads
1645,2025 | Abril,Sexta-Feira,Dia útil,Leads,2025-04-11,topfunnel_lal2_leads_carrossel_v3,172.48,78,3910,12,LookALike_Leads_2,Carrossel,Campanha Contínua | Leads
1646,2025 | Novembro,Quinta-Feira,Dia útil,Leads,2025-11-06,topfunnel_lal1_compradores_carrossel_v2,73.07,45,2118,5,LookALike_Compradores_1,Carrossel,1º Lançamento | Leads
1647,2025 | Maio,Segunda-Feira,Dia útil,Leads,2025-05-26,midfunnel_rmkt_60d_estatico_v1,131.69,240,5389,58,Remarketing_60dias,Estático,2º Lançamento | Leads
1648,2025 | Março,Terça-Feira,Dia útil,Vendas,2025-03-25,bottomfunnel_engajamento_ig_carrossel_v1,150.8,49,5006,5,Engajamento_Instagram,Carrossel,Campanha Contínua | Vendas
1649,2025 | Junho,Sábado,Final de semana,Leads,2025-06-21,midfunnel_engajamento_ig_video_v2,115.89,71,6398,10,Engajamento_Instagram,Video,Campanha Contínua | Leads
1650,2025 | Março,Quarta-Feira,Dia útil,Leads,2025-03-12,bottomfunnel_engajamento_ig_estatico_v1,148.55,216,7747,34,Engajamento_Instagram,Estático,Campanha Contínua | Leads
1651,2025 | Agosto,Terça-Feira,Dia útil,Leads,2025-08-26,topfunnel_lal1_compradores_video_v2,55.78,52,1759,2,LookALike_Compradores_1,Video,Campanha Contínua | Leads
1652,2025 | Maio,Quarta-Feira,Dia útil,Leads,2025-05-28,topfunnel_lal2_leads_carrossel_v3,45.94,56,3700,16,LookALike_Leads_2,Carrossel,1º Lançamento | Leads
1653,2025 | Novembro,Segunda-Feira,Dia útil,Vendas,2025-11-03,topfunnel_lal2_leads_carrossel_v2,156.63,117,5014,25,LookALike_Leads_2,Carrossel,1º Lançamento | Vendas
1654,2025 | Julho,Sexta-Feira,Dia útil,Leads,2025-07-11,topfunnel_lal1_compradores_estatico_v1,105.74,180,7886,38,LookALike_Compradores_1,Estático,2º Lançamento | Leads
1655,2025 | Março,Terça-Feira,Dia útil,Leads,2025-03-25,bottomfunnel_visitantes_site_estatico_v1,53.95,82,1955,13,Visitantes_Site,Estático,Campanha Contínua | Leads
1656,2025 | Abril,Sexta-Feira,Dia útil,Vendas,2025-04-04,topfunnel_cargos_dados_carrossel_v2,157.36,130,4077,13,Cargos_Dados,Carrossel,Campanha Contínua | Vendas
1657,2025 | Dezembro,Quarta-Feira,Dia útil,Vendas,2025-12-24,topfunnel_interesses_dados_carrossel_v3,64.91,46,4874,4,Interesses_Dados,Carrossel,2º Lançamento | Vendas
1658,2025 | Julho,Quarta-Feira,Dia útil,Leads,2025-07-30,topfunnel_cargos_dados_video_v1,29.93,21,1849,5,Cargos_Dados,Video,Campanha Contínua | Leads
1659,2025 | Dezembro,Sábado,Final de semana,Vendas,2025-12-20,topfunnel_interesses_dados_estatico_v2,165.1,125,13408,3,Interesses_Dados,Estático,2º Lançamento | Vendas
1660,2025 | Junho,Segunda-Feira,Dia útil,Vendas,2025-06-09,topfunnel_cargos_dados_estatico_v3,95.35,24,2172,2,Cargos_Dados,Estático,Campanha Contínua | Vendas
1661,2025 | Março,Domingo,Final de semana,Leads,2025-03-02,topfunnel_cargos_dados_carrossel_v1,57.07,160,3620,22,Cargos_Dados,Carrossel,1º Lançamento | Leads
1662,2025 | Fevereiro,Domingo,Final de semana,Leads,2025-02-09,topfunnel_lal2_leads_estatico_v1,37.35,125,4053,23,LookALike_Leads_2,Estático,2º Lançamento | Leads
1663,2025 | Março,Domingo,Final de semana,Vendas,2025-03-02,topfunnel_lal1_compradores_video_v2,121.0,121,3368,33,LookALike_Compradores_1,Video,1º Lançamento | Vendas
1664,2025 | Outubro,Terça-Feira,Dia útil,Vendas,2025-10-28,topfunnel_cargos_dados_carrossel_v2,7.69,19,574,1,Cargos_Dados,Carrossel,Campanha Contínua | Vendas
1665,2025 | Junho,Sábado,Final de semana,Leads,2025-06-28,midfunnel_rmkt_30d_carrossel_v1,147.98,104,4083,22,Remarketing_30dias,Carrossel,2º Lançamento | Leads
1666,2025 | Março,Sábado,Final de semana,Vendas,2025-03-29,topfunnel_lal1_compradores_carrossel_v1,166.55,154,3960,23,LookALike_Compradores_1,Carrossel,Campanha Contínua | Vendas
1667,2025 | Outubro,Quarta-Feira,Dia útil,Leads,2025-10-29,topfunnel_interesses_dados_video_v2,176.68,187,7457,25,Interesses_Dados,Video,2º Lançamento | Leads
1668,2025 | Março,Quarta-Feira,Dia útil,Leads,2025-03-05,topfunnel_cargos_dados_estatico_v2,127.59,25,4459,2,Cargos_Dados,Estático,1º Lançamento | Leads
1669,2025 | Julho,Quinta-Feira,Dia útil,Leads,2025-07-17,bottomfunnel_rmkt_60d_carrossel_v1,100.82,210,5376,15,Remarketing_60dias,Carrossel,1º Lançamento | Leads
1670,2025 | Setembro,Segunda-Feira,Dia útil,Vendas,2025-09-01,midfunnel_visitantes_site_video_v3,89.77,165,7549,33,Visitantes_Site,Video,1º Lançamento | Vendas
1671,2025 | Março,Segunda-Feira,Dia útil,Leads,2025-03-03,midfunnel_engajamento_ig_carrossel_v3,166.74,25,3774,7,Engajamento_Instagram,Carrossel,2º Lançamento | Leads
1672,2025 | Abril,Domingo,Final de semana,Leads,2025-04-13,midfunnel_engajamento_ig_video_v2,131.22,238,7168,43,Engajamento_Instagram,Video,2º Lançamento | Leads
1673,2025 | Novembro,Quarta-Feira,Dia útil,Vendas,2025-11-26,bottomfunnel_visitantes_site_estatico_v2,93.28,156,6933,8,Visitantes_Site,Estático,2º Lançamento | Vendas
1674,2025 | Setembro,Sexta-Feira,Dia útil,Leads,2025-09-12,topfunnel_cargos_dados_video_v1,133.46,84,3446,2,Cargos_Dados,Video,1º Lançamento | Leads
1675,2025 | Julho,Terça-Feira,Dia útil,Leads,2025-07-15,bottomfunnel_visitantes_site_video_v3,113.12,97,3131,16,Visitantes_Site,Video,2º Lançamento | Leads
1676,2025 | Agosto,Quarta-Feira,Dia útil,Leads,2025-08-27,topfunnel_lal2_leads_estatico_v3,48.95,92,2363,15,LookALike_Leads_2,Estático,1º Lançamento | Leads
1677,2025 | Agosto,Sábado,Final de semana,Vendas,2025-08-09,topfunnel_interesses_dados_estatico_v2,58.33,60,2660,1,Interesses_Dados,Estático,Campanha Contínua | Vendas
1678,2025 | Dezembro,Quinta-Feira,Dia útil,Vendas,2025-12-04,midfunnel_rmkt_60d_carrossel_v2,78.95,80,4036,18,Remarketing_60dias,Carrossel,Campanha Contínua | Vendas
1679,2025 | Dezembro,Sexta-Feira,Dia útil,Leads,2025-12-12,topfunnel_lal2_leads_estatico_v3,154.15,115,5763,18,LookALike_Leads_2,Estático,2º Lançamento | Leads
1680,2025 | Novembro,Quarta-Feira,Dia útil,Vendas,2025-11-12,midfunnel_rmkt_60d_estatico_v1,107.31,160,8420,39,Remarketing_60dias,Estático,Campanha Contínua | Vendas
1681,2025 | Janeiro,Terça-Feira,Dia útil,Vendas,2025-01-14,midfunnel_visitantes_site_estatico_v2,63.76,55,3004,11,Visitantes_Site,Estático,1º Lançamento | Vendas
1682,2025 | Maio,Quinta-Feira,Dia útil,Vendas,2025-05-01,topfunnel_interesses_dados_carrossel_v1,156.74,140,12810,23,Interesses_Dados,Carrossel,1º Lançamento | Vendas
1683,2025 | Agosto,Domingo,Final de semana,Vendas,2025-08-24,bottomfunnel_engajamento_ig_carrossel_v2,6.12,1,241,0,Engajamento_Instagram,Carrossel,Campanha Contínua | Vendas
1684,2025 | Julho,Sábado,Final de semana,Leads,2025-07-19,topfunnel_interesses_dados_estatico_v1,125.13,195,8011,48,Interesses_Dados,Estático,Campanha Contínua | Leads
1685,2025 | Junho,Segunda-Feira,Dia útil,Leads,2025-06-23,bottomfunnel_rmkt_60d_estatico_v1,90.71,83,2305,21,Remarketing_60dias,Estático,Campanha Contínua | Leads
1686,2025 | Abril,Domingo,Final de semana,Leads,2025-04-20,topfunnel_lal1_compradores_estatico_v3,73.86,155,4515,7,LookALike_Compradores_1,Estático,Campanha Contínua | Leads
1687,2025 | Fevereiro,Terça-Feira,Dia útil,Leads,2025-02-18,bottomfunnel_rmkt_60d_video_v2,39.73,32,1061,3,Remarketing_60dias,Video,2º Lançamento | Leads
1688,2025 | Agosto,Domingo,Final de semana,Vendas,2025-08-10,bottomfunnel_visitantes_site_video_v2,47.1,54,1740,9,Visitantes_Site,Video,1º Lançamento | Vendas
1689,2025 | Novembro,Terça-Feira,Dia útil,Vendas,2025-11-18,topfunnel_cargos_dados_carrossel_v2,40.3,31,924,4,Cargos_Dados,Carrossel,Campanha Contínua | Vendas
1690,2025 | Setembro,Terça-Feira,Dia útil,Vendas,2025-09-30,midfunnel_engajamento_ig_carrossel_v3,38.12,21,1517,4,Engajamento_Instagram,Carrossel,2º Lançamento | Vendas
1691,2025 | Agosto,Segunda-Feira,Dia útil,Leads,2025-08-11,topfunnel_interesses_dados_carrossel_v1,152.66,134,8539,8,Interesses_Dados,Carrossel,Campanha Contínua | Leads
1692,2025 | Novembro,Terça-Feira,Dia útil,Leads,2025-11-04,midfunnel_rmkt_30d_video_v1,7.42,3,197,0,Remarketing_30dias,Video,2º Lançamento | Leads
1693,2025 | Agosto,Terça-Feira,Dia útil,Vendas,2025-08-05,topfunnel_lal1_compradores_video_v1,50.91,203,5607,19,LookALike_Compradores_1,Video,Campanha Contínua | Vendas
1694,2025 | Abril,Terça-Feira,Dia útil,Vendas,2025-04-01,topfunnel_lal1_compradores_carrossel_v2,141.35,573,14068,61,LookALike_Compradores_1,Carrossel,2º Lançamento | Vendas
1695,2025 | Fevereiro,Domingo,Final de semana,Vendas,2025-02-02,midfunnel_engajamento_ig_estatico_v2,169.91,47,4882,2,Engajamento_Instagram,Estático,Campanha Contínua | Vendas
1696,2025 | Setembro,Domingo,Final de semana,Vendas,2025-09-14,midfunnel_rmkt_60d_estatico_v1,108.97,50,2976,12,Remarketing_60dias,Estático,Campanha Contínua | Vendas
1697,2025 | Julho,Sábado,Final de semana,Vendas,2025-07-19,midfunnel_rmkt_30d_estatico_v1,21.46,20,1347,2,Remarketing_30dias,Estático,Campanha Contínua | Vendas
1698,2025 | Janeiro,Quarta-Feira,Dia útil,Leads,2025-01-29,midfunnel_visitantes_site_carrossel_v2,99.37,54,3886,5,Visitantes_Site,Carrossel,1º Lançamento | Leads
1699,2025 | Julho,Sábado,Final de semana,Leads,2025-07-05,midfunnel_visitantes_site_estatico_v3,174.11,220,5724,45,Visitantes_Site,Estático,1º Lançamento | Leads
1700,2025 | Dezembro,Sábado,Final de semana,Vendas,2025-12-20,bottomfunnel_rmkt_30d_estatico_v2,115.91,140,3416,29,Remarketing_30dias,Estático,Campanha Contínua | Vendas
1701,2025 | Maio,Sexta-Feira,Dia útil,Vendas,2025-05-02,bottomfunnel_engajamento_ig_video_v2,55.91,45,1311,4,Engajamento_Instagram,Video,1º Lançamento | Vendas
1702,2025 | Agosto,Quarta-Feira,Dia útil,Vendas,2025-08-13,bottomfunnel_engajamento_ig_video_v1,148.62,80,3472,10,Engajamento_Instagram,Video,2º Lançamento | Vendas
1703,2025 | Agosto,Terça-Feira,Dia útil,Vendas,2025-08-05,topfunnel_interesses_dados_video_v3,48.82,99,4669,22,Interesses_Dados,Video,Campanha Contínua | Vendas
1704,2025 | Junho,Terça-Feira,Dia útil,Leads,2025-06-17,topfunnel_lal1_compradores_video_v3,116.38,135,3716,7,LookALike_Compradores_1,Video,2º Lançamento | Leads
1705,2025 | Abril,Domingo,Final de semana,Vendas,2025-04-13,midfunnel_visitantes_site_carrossel_v1,30.51,49,1125,12,Visitantes_Site,Carrossel,1º Lançamento | Vendas
1706,2025 | Novembro,Sábado,Final de semana,Vendas,2025-11-01,bottomfunnel_visitantes_site_estatico_v3,26.2,51,1817,5,Visitantes_Site,Estático,2º Lançamento | Vendas
1707,2025 | Abril,Sábado,Final de semana,Leads,2025-04-12,bottomfunnel_visitantes_site_video_v2,170.19,55,4179,15,Visitantes_Site,Video,Campanha Contínua | Leads
1708,2025 | Novembro,Sexta-Feira,Dia útil,Leads,2025-11-28,bottomfunnel_rmkt_30d_video_v1,48.97,7,1239,1,Remarketing_30dias,Video,Campanha Contínua | Leads
1709,2025 | Maio,Quarta-Feira,Dia útil,Leads,2025-05-14,midfunnel_visitantes_site_video_v1,130.05,225,5396,33,Visitantes_Site,Video,Campanha Contínua | Leads
1710,2025 | Setembro,Quinta-Feira,Dia útil,Leads,2025-09-11,bottomfunnel_rmkt_30d_video_v2,134.99,132,6098,10,Remarketing_30dias,Video,1º Lançamento | Leads
1711,2025 | Maio,Domingo,Final de semana,Vendas,2025-05-25,midfunnel_rmkt_30d_estatico_v2,143.16,695,15793,59,Remarketing_30dias,Estático,2º Lançamento | Vendas
1712,2025 | Maio,Quinta-Feira,Dia útil,Leads,2025-05-08,topfunnel_lal2_leads_video_v1,85.73,93,2130,12,LookALike_Leads_2,Video,1º Lançamento | Leads
1713,2025 | Julho,Quarta-Feira,Dia útil,Vendas,2025-07-16,midfunnel_rmkt_60d_video_v3,12.93,8,636,2,Remarketing_60dias,Video,Campanha Contínua | Vendas
1714,2025 | Dezembro,Quarta-Feira,Dia útil,Vendas,2025-12-10,topfunnel_lal1_compradores_video_v2,92.06,183,4166,38,LookALike_Compradores_1,Video,1º Lançamento | Vendas
1715,2025 | Outubro,Terça-Feira,Dia útil,Leads,2025-10-14,topfunnel_cargos_dados_estatico_v1,91.92,86,2166,4,Cargos_Dados,Estático,2º Lançamento | Leads
1716,2025 | Dezembro,Terça-Feira,Dia útil,Leads,2025-12-30,topfunnel_cargos_dados_estatico_v1,58.11,32,1314,9,Cargos_Dados,Estático,2º Lançamento | Leads
1717,2025 | Julho,Sexta-Feira,Dia útil,Vendas,2025-07-04,bottomfunnel_rmkt_60d_estatico_v3,58.06,23,1415,6,Remarketing_60dias,Estático,1º Lançamento | Vendas
1718,2025 | Outubro,Domingo,Final de semana,Vendas,2025-10-12,topfunnel_lal2_leads_video_v1,28.88,9,1749,0,LookALike_Leads_2,Video,Campanha Contínua | Vendas
1719,2025 | Agosto,Quinta-Feira,Dia útil,Leads,2025-08-28,topfunnel_lal2_leads_video_v2,65.78,45,1921,7,LookALike_Leads_2,Video,Campanha Contínua | Leads
1720,2025 | Março,Segunda-Feira,Dia útil,Leads,2025-03-17,topfunnel_interesses_dados_video_v2,34.57,60,2429,5,Interesses_Dados,Video,Campanha Contínua | Leads
1721,2025 | Outubro,Segunda-Feira,Dia útil,Leads,2025-10-27,topfunnel_lal1_compradores_carrossel_v3,34.55,11,821,1,LookALike_Compradores_1,Carrossel,1º Lançamento | Leads
1722,2025 | Junho,Quarta-Feira,Dia útil,Leads,2025-06-18,topfunnel_interesses_dados_estatico_v2,107.29,95,2483,5,Interesses_Dados,Estático,1º Lançamento | Leads
1723,2025 | Agosto,Domingo,Final de semana,Vendas,2025-08-24,topfunnel_lal2_leads_estatico_v3,172.05,24,5737,6,LookALike_Leads_2,Estático,Campanha Contínua | Vendas
1724,2025 | Novembro,Sábado,Final de semana,Vendas,2025-11-15,midfunnel_visitantes_site_carrossel_v1,155.73,64,4135,15,Visitantes_Site,Carrossel,Campanha Contínua | Vendas
1725,2025 | Fevereiro,Quinta-Feira,Dia útil,Leads,2025-02-06,bottomfunnel_engajamento_ig_video_v2,34.1,30,780,1,Engajamento_Instagram,Video,1º Lançamento | Leads
1726,2025 | Março,Terça-Feira,Dia útil,Leads,2025-03-25,midfunnel_engajamento_ig_estatico_v1,55.49,50,1474,13,Engajamento_Instagram,Estático,Campanha Contínua | Leads
1727,2025 | Novembro,Quarta-Feira,Dia útil,Leads,2025-11-05,topfunnel_interesses_dados_estatico_v3,37.98,30,1551,2,Interesses_Dados,Estático,Campanha Contínua | Leads
1728,2025 | Agosto,Terça-Feira,Dia útil,Leads,2025-08-05,midfunnel_engajamento_ig_estatico_v2,114.45,250,10005,73,Engajamento_Instagram,Estático,Campanha Contínua | Leads
1729,2025 | Abril,Sexta-Feira,Dia útil,Vendas,2025-04-25,topfunnel_cargos_dados_estatico_v3,114.25,66,4167,9,Cargos_Dados,Estático,2º Lançamento | Vendas
1730,2025 | Junho,Terça-Feira,Dia útil,Leads,2025-06-03,topfunnel_cargos_dados_carrossel_v2,151.87,89,5551,2,Cargos_Dados,Carrossel,1º Lançamento | Leads
1731,2025 | Janeiro,Sexta-Feira,Dia útil,Leads,2025-01-24,midfunnel_engajamento_ig_estatico_v2,119.8,59,4126,5,Engajamento_Instagram,Estático,1º Lançamento | Leads
1732,2025 | Setembro,Segunda-Feira,Dia útil,Leads,2025-09-15,topfunnel_lal2_leads_video_v1,152.12,331,15723,71,LookALike_Leads_2,Video,2º Lançamento | Leads
1733,2025 | Outubro,Terça-Feira,Dia útil,Vendas,2025-10-28,topfunnel_lal2_leads_carrossel_v2,63.09,55,1503,4,LookALike_Leads_2,Carrossel,1º Lançamento | Vendas
1734,2025 | Novembro,Quinta-Feira,Dia útil,Leads,2025-11-06,topfunnel_interesses_dados_estatico_v3,5.68,1,251,0,Interesses_Dados,Estático,2º Lançamento | Leads
1735,2025 | Dezembro,Domingo,Final de semana,Leads,2025-12-21,topfunnel_lal2_leads_estatico_v3,146.83,153,4764,44,LookALike_Leads_2,Estático,Campanha Contínua | Leads
1736,2025 | Julho,Terça-Feira,Dia útil,Vendas,2025-07-22,topfunnel_interesses_dados_video_v1,4.96,1,408,0,Interesses_Dados,Video,1º Lançamento | Vendas
1737,2025 | Abril,Sexta-Feira,Dia útil,Leads,2025-04-18,topfunnel_cargos_dados_carrossel_v1,79.85,93,2562,6,Cargos_Dados,Carrossel,2º Lançamento | Leads
1738,2025 | Agosto,Terça-Feira,Dia útil,Leads,2025-08-26,midfunnel_engajamento_ig_video_v1,162.68,102,4603,15,Engajamento_Instagram,Video,1º Lançamento | Leads
1739,2025 | Agosto,Terça-Feira,Dia útil,Leads,2025-08-19,bottomfunnel_rmkt_30d_estatico_v1,61.76,202,5234,28,Remarketing_30dias,Estático,2º Lançamento | Leads
1740,2025 | Setembro,Quinta-Feira,Dia útil,Vendas,2025-09-11,bottomfunnel_rmkt_60d_video_v2,88.78,86,2972,18,Remarketing_60dias,Video,2º Lançamento | Vendas
1741,2025 | Abril,Terça-Feira,Dia útil,Vendas,2025-04-29,topfunnel_lal1_compradores_estatico_v3,58.56,229,5658,31,LookALike_Compradores_1,Estático,2º Lançamento | Vendas
1742,2025 | Março,Sábado,Final de semana,Leads,2025-03-01,bottomfunnel_visitantes_site_estatico_v1,31.14,20,893,2,Visitantes_Site,Estático,Campanha Contínua | Leads
1743,2025 | Abril,Quarta-Feira,Dia útil,Leads,2025-04-23,bottomfunnel_visitantes_site_carrossel_v1,159.26,91,4582,12,Visitantes_Site,Carrossel,Campanha Contínua | Leads
1744,2025 | Dezembro,Segunda-Feira,Dia útil,Vendas,2025-12-01,topfunnel_lal2_leads_video_v3,39.28,8,1170,1,LookALike_Leads_2,Video,1º Lançamento | Vendas
1745,2025 | Abril,Domingo,Final de semana,Leads,2025-04-13,topfunnel_lal2_leads_video_v2,169.89,88,6467,15,LookALike_Leads_2,Video,1º Lançamento | Leads
1746,2025 | Julho,Quinta-Feira,Dia útil,Vendas,2025-07-03,midfunnel_visitantes_site_carrossel_v1,149.46,19,3636,0,Visitantes_Site,Carrossel,2º Lançamento | Vendas
1747,2025 | Fevereiro,Sexta-Feira,Dia útil,Leads,2025-02-28,topfunnel_interesses_dados_carrossel_v1,88.83,71,1984,16,Interesses_Dados,Carrossel,Campanha Contínua | Leads
1748,2025 | Maio,Sábado,Final de semana,Vendas,2025-05-17,topfunnel_interesses_dados_carrossel_v1,166.98,156,6900,39,Interesses_Dados,Carrossel,1º Lançamento | Vendas
1749,2025 | Fevereiro,Segunda-Feira,Dia útil,Vendas,2025-02-24,topfunnel_interesses_dados_carrossel_v1,92.55,57,6526,4,Interesses_Dados,Carrossel,2º Lançamento | Vendas
1750,2025 | Março,Sábado,Final de semana,Vendas,2025-03-22,topfunnel_lal2_leads_carrossel_v2,132.53,346,11352,39,LookALike_Leads_2,Carrossel,1º Lançamento | Vendas
1751,2025 | Março,Terça-Feira,Dia útil,Vendas,2025-03-04,topfunnel_lal2_leads_estatico_v1,46.04,21,1213,3,LookALike_Leads_2,Estático,1º Lançamento | Vendas
1752,2025 | Maio,Sábado,Final de semana,Leads,2025-05-17,midfunnel_engajamento_ig_estatico_v1,136.19,178,4934,10,Engajamento_Instagram,Estático,2º Lançamento | Leads
1753,2025 | Julho,Quinta-Feira,Dia útil,Vendas,2025-07-31,topfunnel_lal2_leads_carrossel_v3,66.71,73,7329,1,LookALike_Leads_2,Carrossel,Campanha Contínua | Vendas
1754,2025 | Fevereiro,Quarta-Feira,Dia útil,Leads,2025-02-05,midfunnel_visitantes_site_estatico_v2,13.41,11,371,2,Visitantes_Site,Estático,Campanha Contínua | Leads
1755,2025 | Janeiro,Quinta-Feira,Dia útil,Vendas,2025-01-30,bottomfunnel_rmkt_60d_estatico_v3,126.89,105,3146,11,Remarketing_60dias,Estático,2º Lançamento | Vendas
1756,2025 | Janeiro,Domingo,Final de semana,Vendas,2025-01-05,topfunnel_cargos_dados_carrossel_v2,81.7,137,5240,32,Cargos_Dados,Carrossel,Campanha Contínua | Vendas
1757,2025 | Agosto,Sexta-Feira,Dia útil,Vendas,2025-08-15,bottomfunnel_engajamento_ig_video_v1,9.06,14,444,3,Engajamento_Instagram,Video,1º Lançamento | Vendas
1758,2025 | Setembro,Quarta-Feira,Dia útil,Vendas,2025-09-24,midfunnel_rmkt_60d_video_v3,100.44,128,3680,8,Remarketing_60dias,Video,1º Lançamento | Vendas
1759,2025 | Outubro,Sábado,Final de semana,Leads,2025-10-04,bottomfunnel_rmkt_30d_estatico_v3,22.1,41,2162,8,Remarketing_30dias,Estático,2º Lançamento | Leads
1760,2025 | Março,Quarta-Feira,Dia útil,Leads,2025-03-05,topfunnel_interesses_dados_estatico_v2,104.11,227,12707,19,Interesses_Dados,Estático,Campanha Contínua | Leads
1761,2025 | Outubro,Sábado,Final de semana,Leads,2025-10-25,bottomfunnel_rmkt_30d_estatico_v2,120.88,87,3167,5,Remarketing_30dias,Estático,2º Lançamento | Leads
1762,2025 | Setembro,Quarta-Feira,Dia útil,Vendas,2025-09-24,topfunnel_interesses_dados_estatico_v3,105.87,51,2753,2,Interesses_Dados,Estático,Campanha Contínua | Vendas
1763,2025 | Agosto,Quarta-Feira,Dia útil,Vendas,2025-08-06,topfunnel_interesses_dados_video_v1,77.92,77,6081,3,Interesses_Dados,Video,Campanha Contínua | Vendas
1764,2025 | Setembro,Sábado,Final de semana,Leads,2025-09-27,bottomfunnel_engajamento_ig_estatico_v3,77.66,134,3198,21,Engajamento_Instagram,Estático,2º Lançamento | Leads
1765,2025 | Março,Terça-Feira,Dia útil,Leads,2025-03-25,topfunnel_cargos_dados_estatico_v3,83.74,47,1911,7,Cargos_Dados,Estático,Campanha Contínua | Leads
1766,2025 | Abril,Sábado,Final de semana,Leads,2025-04-19,topfunnel_lal1_compradores_carrossel_v1,170.07,337,7849,63,LookALike_Compradores_1,Carrossel,2º Lançamento | Leads
1767,2025 | Fevereiro,Quarta-Feira,Dia útil,Leads,2025-02-26,midfunnel_rmkt_60d_video_v1,68.44,25,1532,3,Remarketing_60dias,Video,1º Lançamento | Leads
1768,2025 | Março,Sexta-Feira,Dia útil,Vendas,2025-03-14,bottomfunnel_engajamento_ig_video_v2,40.77,25,1064,1,Engajamento_Instagram,Video,2º Lançamento | Vendas
1769,2025 | Fevereiro,Terça-Feira,Dia útil,Vendas,2025-02-04,bottomfunnel_engajamento_ig_estatico_v3,82.8,78,4039,19,Engajamento_Instagram,Estático,Campanha Contínua | Vendas
1770,2025 | Março,Domingo,Final de semana,Vendas,2025-03-09,topfunnel_lal2_leads_estatico_v3,82.21,35,2052,8,LookALike_Leads_2,Estático,Campanha Contínua | Vendas
1771,2025 | Novembro,Domingo,Final de semana,Leads,2025-11-16,bottomfunnel_rmkt_30d_estatico_v3,10.63,7,324,0,Remarketing_30dias,Estático,1º Lançamento | Leads
1772,2025 | Março,Quarta-Feira,Dia útil,Vendas,2025-03-26,midfunnel_rmkt_60d_carrossel_v3,101.79,197,6732,35,Remarketing_60dias,Carrossel,1º Lançamento | Vendas
1773,2025 | Outubro,Domingo,Final de semana,Leads,2025-10-19,topfunnel_lal2_leads_carrossel_v1,23.85,6,559,0,LookALike_Leads_2,Carrossel,1º Lançamento | Leads
1774,2025 | Maio,Terça-Feira,Dia útil,Vendas,2025-05-06,topfunnel_lal2_leads_video_v3,110.22,28,4820,7,LookALike_Leads_2,Video,1º Lançamento | Vendas
1775,2025 | Junho,Terça-Feira,Dia útil,Leads,2025-06-24,bottomfunnel_engajamento_ig_video_v2,48.15,31,3933,2,Engajamento_Instagram,Video,1º Lançamento | Leads
1776,2025 | Abril,Sexta-Feira,Dia útil,Leads,2025-04-04,topfunnel_interesses_dados_video_v2,171.51,33,5180,9,Interesses_Dados,Video,1º Lançamento | Leads
1777,2025 | Janeiro,Terça-Feira,Dia útil,Vendas,2025-01-14,midfunnel_rmkt_60d_estatico_v2,27.79,9,677,2,Remarketing_60dias,Estático,1º Lançamento | Vendas
1778,2025 | Janeiro,Segunda-Feira,Dia útil,Leads,2025-01-27,bottomfunnel_rmkt_30d_estatico_v1,50.3,67,2543,2,Remarketing_30dias,Estático,1º Lançamento | Leads
1779,2025 | Julho,Segunda-Feira,Dia útil,Vendas,2025-07-28,topfunnel_lal1_compradores_estatico_v3,173.52,74,5261,12,LookALike_Compradores_1,Estático,1º Lançamento | Vendas
1780,2025 | Junho,Quinta-Feira,Dia útil,Leads,2025-06-05,topfunnel_lal2_leads_video_v3,91.33,24,2470,4,LookALike_Leads_2,Video,1º Lançamento | Leads
1781,2025 | Maio,Terça-Feira,Dia útil,Leads,2025-05-06,bottomfunnel_engajamento_ig_carrossel_v1,2.68,4,106,0,Engajamento_Instagram,Carrossel,1º Lançamento | Leads
1782,2025 | Janeiro,Quarta-Feira,Dia útil,Leads,2025-01-01,topfunnel_lal2_leads_estatico_v3,47.03,63,1418,16,LookALike_Leads_2,Estático,1º Lançamento | Leads
1783,2025 | Outubro,Segunda-Feira,Dia útil,Vendas,2025-10-27,midfunnel_rmkt_60d_video_v3,97.3,70,9189,15,Remarketing_60dias,Video,1º Lançamento | Vendas
1784,2025 | Outubro,Domingo,Final de semana,Vendas,2025-10-12,bottomfunnel_engajamento_ig_video_v3,170.31,238,5406,51,Engajamento_Instagram,Video,2º Lançamento | Vendas
1785,2025 | Maio,Terça-Feira,Dia útil,Vendas,2025-05-06,midfunnel_visitantes_site_estatico_v2,172.72,355,8570,20,Visitantes_Site,Estático,1º Lançamento | Vendas
1786,2025 | Novembro,Sábado,Final de semana,Leads,2025-11-08,topfunnel_lal1_compradores_carrossel_v1,75.84,60,1844,14,LookALike_Compradores_1,Carrossel,Campanha Contínua | Leads
1787,2025 | Fevereiro,Terça-Feira,Dia útil,Vendas,2025-02-11,topfunnel_interesses_dados_carrossel_v1,160.93,93,4213,5,Interesses_Dados,Carrossel,2º Lançamento | Vendas
1788,2025 | Novembro,Terça-Feira,Dia útil,Leads,2025-11-04,topfunnel_cargos_dados_carrossel_v1,24.65,13,1135,0,Cargos_Dados,Carrossel,Campanha Contínua | Leads
1789,2025 | Janeiro,Sábado,Final de semana,Vendas,2025-01-11,midfunnel_visitantes_site_video_v3,113.48,39,2993,11,Visitantes_Site,Video,2º Lançamento | Vendas
1790,2025 | Janeiro,Domingo,Final de semana,Leads,2025-01-19,midfunnel_rmkt_30d_video_v3,72.81,49,1811,7,Remarketing_30dias,Video,Campanha Contínua | Leads
1791,2025 | Abril,Quinta-Feira,Dia útil,Vendas,2025-04-10,topfunnel_cargos_dados_video_v3,25.26,35,2427,6,Cargos_Dados,Video,1º Lançamento | Vendas
1792,2025 | Setembro,Quinta-Feira,Dia útil,Vendas,2025-09-25,midfunnel_rmkt_60d_video_v3,122.8,127,3995,33,Remarketing_60dias,Video,1º Lançamento | Vendas
1793,2025 | Agosto,Quinta-Feira,Dia útil,Vendas,2025-08-07,topfunnel_lal1_compradores_estatico_v2,152.37,59,6609,9,LookALike_Compradores_1,Estático,2º Lançamento | Vendas
1794,2025 | Julho,Sábado,Final de semana,Leads,2025-07-05,topfunnel_lal1_compradores_carrossel_v1,10.84,6,258,0,LookALike_Compradores_1,Carrossel,2º Lançamento | Leads
1795,2025 | Abril,Quinta-Feira,Dia útil,Leads,2025-04-10,topfunnel_lal1_compradores_carrossel_v1,176.11,52,7436,4,LookALike_Compradores_1,Carrossel,1º Lançamento | Leads
1796,2025 | Junho,Quarta-Feira,Dia útil,Leads,2025-06-18,topfunnel_interesses_dados_video_v2,79.17,326,8906,91,Interesses_Dados,Video,2º Lançamento | Leads
1797,2025 | Maio,Quarta-Feira,Dia útil,Leads,2025-05-07,midfunnel_rmkt_30d_estatico_v2,94.74,39,5652,7,Remarketing_30dias,Estático,2º Lançamento | Leads
1798,2025 | Fevereiro,Terça-Feira,Dia útil,Vendas,2025-02-18,topfunnel_interesses_dados_video_v1,165.22,304,7522,65,Interesses_Dados,Video,1º Lançamento | Vendas
1799,2025 | Fevereiro,Sábado,Final de semana,Vendas,2025-02-01,topfunnel_lal2_leads_video_v2,110.91,37,4625,1,LookALike_Leads_2,Video,1º Lançamento | Vendas
1800,2025 | Maio,Sábado,Final de semana,Vendas,2025-05-31,bottomfunnel_engajamento_ig_video_v1,155.96,124,4199,18,Engajamento_Instagram,Video,2º Lançamento | Vendas
1801,2025 | Agosto,Sexta-Feira,Dia útil,Vendas,2025-08-08,topfunnel_interesses_dados_estatico_v3,168.92,103,4569,11,Interesses_Dados,Estático,1º Lançamento | Vendas
1802,2025 | Fevereiro,Terça-Feira,Dia útil,Leads,2025-02-25,topfunnel_interesses_dados_carrossel_v1,163.03,320,12876,38,Interesses_Dados,Carrossel,2º Lançamento | Leads
1803,2025 | Novembro,Sexta-Feira,Dia útil,Leads,2025-11-14,midfunnel_rmkt_30d_video_v1,25.16,21,849,4,Remarketing_30dias,Video,2º Lançamento | Leads
1804,2025 | Junho,Segunda-Feira,Dia útil,Leads,2025-06-09,topfunnel_cargos_dados_video_v2,57.29,52,2769,1,Cargos_Dados,Video,Campanha Contínua | Leads
1805,2025 | Dezembro,Quarta-Feira,Dia útil,Vendas,2025-12-03,topfunnel_lal1_compradores_video_v3,147.91,32,5153,3,LookALike_Compradores_1,Video,1º Lançamento | Vendas
1806,2025 | Novembro,Segunda-Feira,Dia útil,Vendas,2025-11-24,topfunnel_interesses_dados_estatico_v1,121.05,158,3591,29,Interesses_Dados,Estático,2º Lançamento | Vendas
1807,2025 | Outubro,Sexta-Feira,Dia útil,Leads,2025-10-24,bottomfunnel_visitantes_site_carrossel_v2,60.83,204,5120,56,Visitantes_Site,Carrossel,2º Lançamento | Leads
1808,2025 | Abril,Quarta-Feira,Dia útil,Vendas,2025-04-23,midfunnel_rmkt_30d_carrossel_v2,113.25,229,6723,65,Remarketing_30dias,Carrossel,2º Lançamento | Vendas
1809,2025 | Julho,Sábado,Final de semana,Leads,2025-07-12,topfunnel_cargos_dados_video_v2,4.26,5,200,0,Cargos_Dados,Video,2º Lançamento | Leads
1810,2025 | Abril,Quinta-Feira,Dia útil,Vendas,2025-04-10,midfunnel_visitantes_site_video_v1,37.61,104,2603,23,Visitantes_Site,Video,2º Lançamento | Vendas
1811,2025 | Outubro,Sábado,Final de semana,Leads,2025-10-11,midfunnel_rmkt_30d_video_v2,164.14,594,18701,74,Remarketing_30dias,Video,1º Lançamento | Leads
1812,2025 | Junho,Segunda-Feira,Dia útil,Vendas,2025-06-23,midfunnel_rmkt_60d_estatico_v2,146.18,191,4504,56,Remarketing_60dias,Estático,Campanha Contínua | Vendas
1813,2025 | Agosto,Segunda-Feira,Dia útil,Vendas,2025-08-11,topfunnel_interesses_dados_video_v1,159.18,145,12397,24,Interesses_Dados,Video,Campanha Contínua | Vendas
1814,2025 | Julho,Sábado,Dia útil,Leads,2025-07-11,midfunnel_engajamento_ig_carrossel_v1,137.95,181,4639,18,Engajamento_Instagram,Carrossel,1º Lançamento | Leads
1815,2025 | Junho,Terça-Feira,Dia útil,Leads,2025-06-17,bottomfunnel_rmkt_60d_video_v1,131.6,129,3553,24,Remarketing_60dias,Video,1º Lançamento | Leads
1816,2025 | Setembro,Quinta-Feira,Dia útil,Leads,2025-09-18,bottomfunnel_visitantes_site_estatico_v1,59.62,88,2730,19,Visitantes_Site,Estático,2º Lançamento | Leads
1817,2025 | Agosto,Domingo,Final de semana,Leads,2025-08-31,midfunnel_engajamento_ig_carrossel_v1,41.47,105,2673,13,Engajamento_Instagram,Carrossel,2º Lançamento | Leads
1818,2025 | Agosto,Quarta-Feira,Dia útil,Vendas,2025-08-06,topfunnel_cargos_dados_estatico_v2,100.22,57,7726,8,Cargos_Dados,Estático,2º Lançamento | Vendas
1819,2025 | Abril,Segunda-Feira,Dia útil,Leads,2025-04-28,topfunnel_lal2_leads_carrossel_v3,62.21,54,2519,6,LookALike_Leads_2,Carrossel,2º Lançamento | Leads
1820,2025 | Junho,Quinta-Feira,Dia útil,Leads,2025-06-12,topfunnel_lal1_compradores_video_v2,44.0,25,1380,1,LookALike_Compradores_1,Video,Campanha Contínua | Leads
1821,2025 | Setembro,Sábado,Final de semana,Leads,2025-09-20,topfunnel_interesses_dados_estatico_v1,19.97,10,1876,0,Interesses_Dados,Estático,1º Lançamento | Leads
1822,2025 | Dezembro,Sexta-Feira,Dia útil,Leads,2025-12-12,bottomfunnel_rmkt_60d_carrossel_v1,127.75,127,2843,29,Remarketing_60dias,Carrossel,Campanha Contínua | Leads
1823,2025 | Outubro,Segunda-Feira,Dia útil,Vendas,2025-10-06,topfunnel_lal1_compradores_estatico_v2,148.46,82,4015,10,LookALike_Compradores_1,Estático,Campanha Contínua | Vendas
1824,2025 | Dezembro,Terça-Feira,Dia útil,Leads,2025-12-02,topfunnel_cargos_dados_estatico_v1,42.78,28,1197,4,Cargos_Dados,Estático,Campanha Contínua | Leads
1825,2025 | Agosto,Quinta-Feira,Dia útil,Vendas,2025-08-28,topfunnel_lal2_leads_estatico_v1,58.07,138,3884,29,LookALike_Leads_2,Estático,1º Lançamento | Vendas
1826,2025 | Agosto,Quarta-Feira,Dia útil,Leads,2025-08-13,topfunnel_lal1_compradores_estatico_v1,105.01,351,8236,7,LookALike_Compradores_1,Estático,Campanha Contínua | Leads
1827,2025 | Julho,Terça-Feira,Dia útil,Leads,2025-07-01,bottomfunnel_engajamento_ig_estatico_v3,97.92,24,4880,5,Engajamento_Instagram,Estático,1º Lançamento | Leads
1828,2025 | Março,Quinta-Feira,Dia útil,Vendas,2025-03-20,bottomfunnel_visitantes_site_carrossel_v2,38.75,44,1725,3,Visitantes_Site,Carrossel,1º Lançamento | Vendas
1829,2025 | Junho,Quarta-Feira,Dia útil,Leads,2025-06-18,topfunnel_lal2_leads_carrossel_v2,19.05,42,1606,1,LookALike_Leads_2,Carrossel,Campanha Contínua | Leads
1830,2025 | Novembro,Quarta-Feira,Dia útil,Leads,2025-11-05,topfunnel_cargos_dados_video_v1,164.26,91,7373,9,Cargos_Dados,Video,Campanha Contínua | Leads
1831,2025 | Fevereiro,Quarta-Feira,Dia útil,Leads,2025-02-05,midfunnel_visitantes_site_carrossel_v1,60.5,29,1452,8,Visitantes_Site,Carrossel,1º Lançamento | Leads
1832,2025 | Outubro,Quinta-Feira,Dia útil,Leads,2025-10-02,topfunnel_interesses_dados_estatico_v1,25.56,35,1637,7,Interesses_Dados,Estático,2º Lançamento | Leads
1833,2025 | Março,Domingo,Final de semana,Leads,2025-03-23,midfunnel_rmkt_60d_carrossel_v3,129.73,63,5193,18,Remarketing_60dias,Carrossel,2º Lançamento | Leads
1834,2025 | Fevereiro,Domingo,Final de semana,Vendas,2025-02-02,bottomfunnel_rmkt_30d_carrossel_v3,158.56,174,6335,39,Remarketing_30dias,Carrossel,2º Lançamento | Vendas
1835,2025 | Novembro,Quinta-Feira,Dia útil,Vendas,2025-11-27,topfunnel_lal2_leads_estatico_v3,152.07,81,4075,20,LookALike_Leads_2,Estático,1º Lançamento | Vendas
1836,2025 | Agosto,Sexta-Feira,Dia útil,Leads,2025-08-01,bottomfunnel_engajamento_ig_estatico_v3,35.06,24,1207,6,Engajamento_Instagram,Estático,1º Lançamento | Leads
1837,2025 | Março,Sábado,Final de semana,Leads,2025-03-22,midfunnel_rmkt_60d_carrossel_v3,131.46,131,3176,17,Remarketing_60dias,Carrossel,Campanha Contínua | Leads
1838,2025 | Março,Terça-Feira,Dia útil,Vendas,2025-03-04,topfunnel_interesses_dados_video_v3,138.56,155,6906,14,Interesses_Dados,Video,Campanha Contínua | Vendas
1839,2025 | Janeiro,Quinta-Feira,Dia útil,Leads,2025-01-23,topfunnel_interesses_dados_carrossel_v3,122.42,88,4879,11,Interesses_Dados,Carrossel,1º Lançamento | Leads
1840,2025 | Julho,Quarta-Feira,Dia útil,Leads,2025-07-23,midfunnel_rmkt_60d_video_v2,121.48,110,4825,4,Remarketing_60dias,Video,Campanha Contínua | Leads
1841,2025 | Maio,Segunda-Feira,Dia útil,Vendas,2025-05-05,topfunnel_lal2_leads_video_v2,148.13,41,3784,1,LookALike_Leads_2,Video,1º Lançamento | Vendas
1842,2025 | Abril,Terça-Feira,Dia útil,Leads,2025-04-01,midfunnel_engajamento_ig_video_v3,138.04,42,4175,5,Engajamento_Instagram,Video,1º Lançamento | Leads
1843,2025 | Janeiro,Sábado,Final de semana,Vendas,2025-01-18,midfunnel_rmkt_30d_estatico_v3,146.54,154,4620,41,Remarketing_30dias,Estático,2º Lançamento | Vendas
1844,2025 | Dezembro,Sábado,Final de semana,Leads,2025-12-20,topfunnel_lal1_compradores_carrossel_v1,11.14,6,507,0,LookALike_Compradores_1,Carrossel,1º Lançamento | Leads
1845,2025 | Abril,Domingo,Final de semana,Leads,2025-04-13,midfunnel_engajamento_ig_video_v2,148.14,29,4467,8,Engajamento_Instagram,Video,1º Lançamento | Leads
1846,2025 | Dezembro,Domingo,Final de semana,Leads,2025-12-07,topfunnel_cargos_dados_video_v2,93.47,42,2448,8,Cargos_Dados,Video,Campanha Contínua | Leads
1847,2025 | Abril,Quinta-Feira,Dia útil,Vendas,2025-04-17,midfunnel_engajamento_ig_estatico_v1,40.45,21,1908,2,Engajamento_Instagram,Estático,2º Lançamento | Vendas
1848,2025 | Janeiro,Terça-Feira,Dia útil,Leads,2025-01-07,topfunnel_lal2_leads_video_v1,119.29,192,6517,6,LookALike_Leads_2,Video,1º Lançamento | Leads
1849,2025 | Julho,Quarta-Feira,Dia útil,Leads,2025-07-30,topfunnel_lal2_leads_video_v3,97.67,85,2187,5,LookALike_Leads_2,Video,1º Lançamento | Leads
1850,2025 | Novembro,Terça-Feira,Dia útil,Leads,2025-11-04,midfunnel_engajamento_ig_carrossel_v2,33.62,29,929,8,Engajamento_Instagram,Carrossel,Campanha Contínua | Leads
1851,2025 | Setembro,Quinta-Feira,Dia útil,Leads,2025-09-04,topfunnel_lal1_compradores_carrossel_v3,82.18,105,3054,16,LookALike_Compradores_1,Carrossel,Campanha Contínua | Leads
1852,2025 | Janeiro,Terça-Feira,Dia útil,Leads,2025-01-07,topfunnel_interesses_dados_estatico_v1,133.48,108,3705,3,Interesses_Dados,Estático,2º Lançamento | Leads
1853,2025 | Setembro,Sábado,Final de semana,Leads,2025-09-13,topfunnel_cargos_dados_estatico_v1,116.46,233,6928,69,Cargos_Dados,Estático,2º Lançamento | Leads
1854,2025 | Junho,Quarta-Feira,Dia útil,Leads,2025-06-18,midfunnel_visitantes_site_carrossel_v3,143.04,228,6125,52,Visitantes_Site,Carrossel,1º Lançamento | Leads
1855,2025 | Junho,Quinta-Feira,Dia útil,Leads,2025-06-19,midfunnel_rmkt_30d_carrossel_v3,177.94,153,4725,12,Remarketing_30dias,Carrossel,2º Lançamento | Leads
1856,2025 | Setembro,Quarta-Feira,Dia útil,Leads,2025-09-24,topfunnel_lal2_leads_carrossel_v1,13.97,22,533,0,LookALike_Leads_2,Carrossel,1º Lançamento | Leads
1857,2025 | Abril,Terça-Feira,Dia útil,Leads,2025-04-15,topfunnel_cargos_dados_carrossel_v3,150.04,48,3532,2,Cargos_Dados,Carrossel,Campanha Contínua | Leads
1858,2025 | Agosto,Quinta-Feira,Dia útil,Leads,2025-08-28,bottomfunnel_rmkt_30d_video_v1,110.04,158,5726,45,Remarketing_30dias,Video,1º Lançamento | Leads
1859,2025 | Maio,Terça-Feira,Dia útil,Vendas,2025-05-20,topfunnel_lal2_leads_video_v2,73.19,113,5151,18,LookALike_Leads_2,Video,Campanha Contínua | Vendas
1860,2025 | Agosto,Domingo,Final de semana,Vendas,2025-08-10,topfunnel_lal2_leads_video_v2,78.36,291,7072,30,LookALike_Leads_2,Video,Campanha Contínua | Vendas
1861,2025 | Março,Quinta-Feira,Dia útil,Leads,2025-03-20,topfunnel_cargos_dados_estatico_v2,84.8,66,3421,12,Cargos_Dados,Estático,1º Lançamento | Leads
1862,2025 | Junho,Sexta-Feira,Dia útil,Leads,2025-06-20,topfunnel_lal2_leads_video_v1,165.11,796,20247,178,LookALike_Leads_2,Video,2º Lançamento | Leads
1863,2025 | Setembro,Terça-Feira,Dia útil,Leads,2025-09-09,bottomfunnel_engajamento_ig_estatico_v2,89.4,79,2818,10,Engajamento_Instagram,Estático,1º Lançamento | Leads
1864,2025 | Março,Quarta-Feira,Dia útil,Leads,2025-03-05,topfunnel_cargos_dados_video_v2,172.38,164,4717,19,Cargos_Dados,Video,Campanha Contínua | Leads
1865,2025 | Setembro,Segunda-Feira,Dia útil,Vendas,2025-09-08,midfunnel_visitantes_site_carrossel_v3,70.9,42,2992,6,Visitantes_Site,Carrossel,2º Lançamento | Vendas
1866,2025 | Novembro,Quinta-Feira,Dia útil,Vendas,2025-11-20,topfunnel_lal1_compradores_carrossel_v3,117.05,150,6624,31,LookALike_Compradores_1,Carrossel,2º Lançamento | Vendas
1867,2025 | Maio,Quarta-Feira,Dia útil,Leads,2025-05-07,topfunnel_cargos_dados_video_v1,139.35,182,4376,23,Cargos_Dados,Video,Campanha Contínua | Leads
1868,2025 | Fevereiro,Terça-Feira,Dia útil,Leads,2025-02-11,midfunnel_rmkt_30d_estatico_v2,47.38,107,2470,21,Remarketing_30dias,Estático,2º Lançamento | Leads
1869,2025 | Outubro,Terça-Feira,Dia útil,Leads,2025-10-28,midfunnel_engajamento_ig_carrossel_v1,115.42,56,3141,3,Engajamento_Instagram,Carrossel,Campanha Contínua | Leads
1870,2025 | Abril,Sexta-Feira,Dia útil,Vendas,2025-04-18,bottomfunnel_engajamento_ig_carrossel_v1,177.7,18,4651,0,Engajamento_Instagram,Carrossel,Campanha Contínua | Vendas
1871,2025 | Agosto,Sábado,Final de semana,Leads,2025-08-02,bottomfunnel_rmkt_60d_carrossel_v1,33.81,21,2269,3,Remarketing_60dias,Carrossel,Campanha Contínua | Leads
1872,2025 | Fevereiro,Quarta-Feira,Dia útil,Leads,2025-02-26,midfunnel_rmkt_30d_video_v1,135.61,42,3574,12,Remarketing_30dias,Video,2º Lançamento | Leads
1873,2025 | Agosto,Quinta-Feira,Dia útil,Vendas,2025-08-14,topfunnel_interesses_dados_carrossel_v1,16.67,13,1492,0,Interesses_Dados,Carrossel,1º Lançamento | Vendas
1874,2025 | Outubro,Segunda-Feira,Dia útil,Leads,2025-10-27,topfunnel_lal2_leads_carrossel_v1,4.19,10,234,2,LookALike_Leads_2,Carrossel,1º Lançamento | Leads
1875,2025 | Fevereiro,Quarta-Feira,Dia útil,Leads,2025-02-19,topfunnel_lal1_compradores_estatico_v3,94.81,32,2174,4,LookALike_Compradores_1,Estático,2º Lançamento | Leads
1876,2025 | Novembro,Quinta-Feira,Dia útil,Leads,2025-11-06,bottomfunnel_visitantes_site_carrossel_v2,147.49,107,3444,13,Visitantes_Site,Carrossel,1º Lançamento | Leads
1877,2025 | Julho,Quarta-Feira,Dia útil,Vendas,2025-07-02,topfunnel_interesses_dados_video_v2,157.02,262,6866,73,Interesses_Dados,Video,1º Lançamento | Vendas
1878,2025 | Novembro,Quarta-Feira,Dia útil,Leads,2025-11-05,midfunnel_rmkt_60d_carrossel_v2,82.72,98,2477,16,Remarketing_60dias,Carrossel,Campanha Contínua | Leads
1879,2025 | Abril,Segunda-Feira,Dia útil,Leads,2025-04-07,bottomfunnel_visitantes_site_video_v1,174.6,157,4956,13,Visitantes_Site,Video,2º Lançamento | Leads
1880,2025 | Julho,Quinta-Feira,Dia útil,Vendas,2025-07-24,topfunnel_interesses_dados_estatico_v2,169.19,92,3949,18,Interesses_Dados,Estático,Campanha Contínua | Vendas
1881,2025 | Fevereiro,Sexta-Feira,Dia útil,Vendas,2025-02-21,midfunnel_rmkt_60d_carrossel_v3,27.91,28,1024,7,Remarketing_60dias,Carrossel,Campanha Contínua | Vendas
1882,2025 | Janeiro,Sexta-Feira,Dia útil,Leads,2025-01-17,topfunnel_interesses_dados_estatico_v3,179.34,93,4027,25,Interesses_Dados,Estático,1º Lançamento | Leads
1883,2025 | Setembro,Quinta-Feira,Dia útil,Vendas,2025-09-04,midfunnel_rmkt_30d_video_v1,136.2,32,4202,4,Remarketing_30dias,Video,Campanha Contínua | Vendas
1884,2025 | Janeiro,Quarta-Feira,Dia útil,Leads,2025-01-15,bottomfunnel_visitantes_site_estatico_v1,130.15,171,3987,35,Visitantes_Site,Estático,Campanha Contínua | Leads
1885,2025 | Março,Terça-Feira,Dia útil,Vendas,2025-03-11,topfunnel_lal2_leads_video_v3,61.57,104,3781,28,LookALike_Leads_2,Video,1º Lançamento | Vendas
1886,2025 | Novembro,Quarta-Feira,Dia útil,Leads,2025-11-26,bottomfunnel_engajamento_ig_carrossel_v1,42.18,26,3434,1,Engajamento_Instagram,Carrossel,Campanha Contínua | Leads
1887,2025 | Outubro,Sexta-Feira,Dia útil,Vendas,2025-10-31,topfunnel_interesses_dados_carrossel_v2,25.12,25,1281,5,Interesses_Dados,Carrossel,2º Lançamento | Vendas
1888,2025 | Fevereiro,Sábado,Final de semana,Leads,2025-02-01,bottomfunnel_rmkt_30d_estatico_v2,139.4,157,3716,8,Remarketing_30dias,Estático,Campanha Contínua | Leads
1889,2025 | Novembro,Quarta-Feira,Dia útil,Leads,2025-11-05,topfunnel_interesses_dados_estatico_v1,98.05,38,3915,10,Interesses_Dados,Estático,1º Lançamento | Leads
1890,2025 | Setembro,Sábado,Final de semana,Vendas,2025-09-13,topfunnel_cargos_dados_carrossel_v2,28.39,32,870,6,Cargos_Dados,Carrossel,Campanha Contínua | Vendas
1891,2025 | Junho,Sexta-Feira,Dia útil,Leads,2025-06-13,topfunnel_interesses_dados_estatico_v3,104.38,42,3329,4,Interesses_Dados,Estático,2º Lançamento | Leads
1892,2025 | Janeiro,Sexta-Feira,Dia útil,Vendas,2025-01-31,midfunnel_visitantes_site_video_v3,168.36,352,10311,98,Visitantes_Site,Video,1º Lançamento | Vendas
1893,2025 | Setembro,Domingo,Final de semana,Vendas,2025-09-07,midfunnel_rmkt_60d_carrossel_v1,99.76,154,4870,45,Remarketing_60dias,Carrossel,2º Lançamento | Vendas
1894,2025 | Julho,Domingo,Final de semana,Leads,2025-07-20,midfunnel_rmkt_60d_estatico_v3,154.48,64,6844,14,Remarketing_60dias,Estático,Campanha Contínua | Leads
1895,2025 | Janeiro,Terça-Feira,Dia útil,Vendas,2025-01-28,midfunnel_rmkt_60d_estatico_v3,26.92,12,797,0,Remarketing_60dias,Estático,1º Lançamento | Vendas
1896,2025 | Abril,Sexta-Feira,Dia útil,Vendas,2025-04-11,topfunnel_lal1_compradores_estatico_v3,154.47,475,13121,123,LookALike_Compradores_1,Estático,2º Lançamento | Vendas
1897,2025 | Agosto,Quinta-Feira,Dia útil,Vendas,2025-08-07,topfunnel_cargos_dados_video_v1,65.62,109,2569,5,Cargos_Dados,Video,Campanha Contínua | Vendas
1898,2025 | Novembro,Sábado,Final de semana,Leads,2025-11-29,bottomfunnel_engajamento_ig_video_v1,8.53,12,504,2,Engajamento_Instagram,Video,1º Lançamento | Leads
1899,2025 | Dezembro,Segunda-Feira,Dia útil,Vendas,2025-12-01,topfunnel_interesses_dados_estatico_v3,70.32,49,2239,1,Interesses_Dados,Estático,1º Lançamento | Vendas
1900,2025 | Fevereiro,Quarta-Feira,Dia útil,Leads,2025-02-12,bottomfunnel_rmkt_30d_video_v2,125.64,309,10926,39,Remarketing_30dias,Video,Campanha Contínua | Leads
1901,2025 | Dezembro,Sexta-Feira,Dia útil,Leads,2025-12-26,topfunnel_cargos_dados_video_v2,13.77,12,330,0,Cargos_Dados,Video,Campanha Contínua | Leads
1902,2025 | Janeiro,Sábado,Final de semana,Leads,2025-01-11,topfunnel_lal2_leads_video_v3,151.09,203,5407,41,LookALike_Leads_2,Video,1º Lançamento | Leads
1903,2025 | Dezembro,Quinta-Feira,Dia útil,Vendas,2025-12-04,topfunnel_cargos_dados_carrossel_v3,34.44,44,1207,2,Cargos_Dados,Carrossel,1º Lançamento | Vendas
1904,2025 | Outubro,Quarta-Feira,Dia útil,Leads,2025-10-22,topfunnel_cargos_dados_video_v3,48.07,10,1340,0,Cargos_Dados,Video,2º Lançamento | Leads
1905,2025 | Julho,Domingo,Final de semana,Vendas,2025-07-06,topfunnel_cargos_dados_estatico_v3,2.52,5,131,0,Cargos_Dados,Estático,2º Lançamento | Vendas
1906,2025 | Dezembro,Quinta-Feira,Dia útil,Leads,2025-12-04,topfunnel_cargos_dados_carrossel_v2,125.88,204,4604,24,Cargos_Dados,Carrossel,Campanha Contínua | Leads
5637,2025 | Agosto,Sexta-Feira,Dia útil,Vendas,2025-08-22,topfunnel_interesses_dados_carrossel_v2,53.13,118,3366,24,Interesses_Dados,Carrossel,2º Lançamento | Vendas
1908,2025 | Novembro,Quarta-Feira,Dia útil,Leads,2025-11-05,midfunnel_visitantes_site_estatico_v3,112.96,151,10506,19,Visitantes_Site,Estático,1º Lançamento | Leads
1909,2025 | Julho,Quinta-Feira,Dia útil,Leads,2025-07-24,bottomfunnel_rmkt_60d_carrossel_v3,27.93,53,1797,5,Remarketing_60dias,Carrossel,Campanha Contínua | Leads
1910,2025 | Dezembro,Terça-Feira,Dia útil,Vendas,2025-12-23,midfunnel_visitantes_site_carrossel_v2,148.33,273,7527,34,Visitantes_Site,Carrossel,Campanha Contínua | Vendas
1911,2025 | Maio,Quarta-Feira,Dia útil,Leads,2025-05-07,topfunnel_interesses_dados_carrossel_v1,123.91,94,5375,4,Interesses_Dados,Carrossel,2º Lançamento | Leads
1912,2025 | Maio,Terça-Feira,Dia útil,Leads,2025-05-20,midfunnel_rmkt_30d_estatico_v1,69.45,30,1584,1,Remarketing_30dias,Estático,1º Lançamento | Leads
1913,2025 | Março,Segunda-Feira,Dia útil,Leads,2025-03-31,bottomfunnel_rmkt_60d_carrossel_v1,96.39,112,2841,19,Remarketing_60dias,Carrossel,Campanha Contínua | Leads
1914,2025 | Fevereiro,Quinta-Feira,Dia útil,Vendas,2025-02-20,topfunnel_cargos_dados_estatico_v2,34.57,29,913,6,Cargos_Dados,Estático,Campanha Contínua | Vendas
1915,2025 | Novembro,Sábado,Final de semana,Vendas,2025-11-01,midfunnel_engajamento_ig_estatico_v2,4.19,1,155,0,Engajamento_Instagram,Estático,2º Lançamento | Vendas
1916,2025 | Outubro,Sábado,Final de semana,Vendas,2025-10-18,topfunnel_lal1_compradores_carrossel_v3,175.47,72,5134,13,LookALike_Compradores_1,Carrossel,Campanha Contínua | Vendas
1917,2025 | Agosto,Sábado,Final de semana,Leads,2025-08-23,bottomfunnel_visitantes_site_estatico_v2,171.59,210,6294,58,Visitantes_Site,Estático,1º Lançamento | Leads
1918,2025 | Junho,Sexta-Feira,Dia útil,Vendas,2025-06-06,topfunnel_interesses_dados_estatico_v2,139.28,106,3546,4,Interesses_Dados,Estático,1º Lançamento | Vendas
1919,2025 | Fevereiro,Segunda-Feira,Dia útil,Leads,2025-02-17,topfunnel_lal1_compradores_video_v3,53.24,46,1255,1,LookALike_Compradores_1,Video,2º Lançamento | Leads
1920,2025 | Dezembro,Sábado,Final de semana,Leads,2025-12-13,topfunnel_cargos_dados_estatico_v2,93.91,84,2090,18,Cargos_Dados,Estático,2º Lançamento | Leads
1921,2025 | Janeiro,Quarta-Feira,Dia útil,Leads,2025-01-08,topfunnel_lal1_compradores_carrossel_v2,127.21,49,3559,11,LookALike_Compradores_1,Carrossel,Campanha Contínua | Leads
1922,2025 | Dezembro,Quarta-Feira,Dia útil,Leads,2025-12-17,topfunnel_lal2_leads_video_v3,167.61,189,4622,13,LookALike_Leads_2,Video,2º Lançamento | Leads
1923,2025 | Março,Segunda-Feira,Dia útil,Leads,2025-03-10,topfunnel_lal1_compradores_estatico_v2,69.79,27,3199,7,LookALike_Compradores_1,Estático,1º Lançamento | Leads
1924,2025 | Outubro,Sábado,Final de semana,Vendas,2025-10-04,topfunnel_interesses_dados_estatico_v2,88.25,20,4959,3,Interesses_Dados,Estático,2º Lançamento | Vendas
1925,2025 | Abril,Terça-Feira,Dia útil,Vendas,2025-04-22,topfunnel_lal1_compradores_estatico_v3,153.08,64,15115,9,LookALike_Compradores_1,Estático,2º Lançamento | Vendas
1926,2025 | Julho,Terça-Feira,Dia útil,Leads,2025-07-01,midfunnel_visitantes_site_carrossel_v2,65.43,134,5568,5,Visitantes_Site,Carrossel,Campanha Contínua | Leads
1927,2025 | Março,Quinta-Feira,Dia útil,Leads,2025-03-20,topfunnel_lal2_leads_video_v1,139.08,187,8060,23,LookALike_Leads_2,Video,2º Lançamento | Leads
1928,2025 | Agosto,Sexta-Feira,Dia útil,Vendas,2025-08-08,bottomfunnel_rmkt_60d_video_v3,151.49,200,10830,28,Remarketing_60dias,Video,2º Lançamento | Vendas
1929,2025 | Dezembro,Terça-Feira,Dia útil,Leads,2025-12-30,midfunnel_rmkt_30d_estatico_v1,72.53,83,2041,5,Remarketing_30dias,Estático,1º Lançamento | Leads
1930,2025 | Setembro,Quarta-Feira,Dia útil,Vendas,2025-09-03,bottomfunnel_rmkt_60d_video_v2,100.15,88,2664,9,Remarketing_60dias,Video,2º Lançamento | Vendas
1931,2025 | Setembro,Domingo,Final de semana,Vendas,2025-09-14,midfunnel_engajamento_ig_video_v1,143.21,204,11306,4,Engajamento_Instagram,Video,Campanha Contínua | Vendas
1932,2025 | Maio,Sexta-Feira,Dia útil,Leads,2025-05-02,midfunnel_visitantes_site_estatico_v2,87.73,35,4757,4,Visitantes_Site,Estático,Campanha Contínua | Leads
1933,2025 | Março,Quinta-Feira,Dia útil,Vendas,2025-03-20,topfunnel_cargos_dados_video_v2,138.59,155,3466,13,Cargos_Dados,Video,2º Lançamento | Vendas
1934,2025 | Abril,Sábado,Final de semana,Leads,2025-04-12,topfunnel_interesses_dados_carrossel_v3,91.66,278,6233,51,Interesses_Dados,Carrossel,Campanha Contínua | Leads
1935,2025 | Março,Terça-Feira,Dia útil,Leads,2025-03-18,topfunnel_cargos_dados_estatico_v1,51.11,33,3382,0,Cargos_Dados,Estático,1º Lançamento | Leads
1936,2025 | Fevereiro,Domingo,Final de semana,Vendas,2025-02-16,bottomfunnel_engajamento_ig_estatico_v3,114.91,123,6937,18,Engajamento_Instagram,Estático,Campanha Contínua | Vendas
1937,2025 | Agosto,Quinta-Feira,Dia útil,Vendas,2025-08-07,bottomfunnel_rmkt_60d_video_v2,52.3,52,2491,5,Remarketing_60dias,Video,1º Lançamento | Vendas
1938,2025 | Abril,Sexta-Feira,Dia útil,Leads,2025-04-04,topfunnel_lal1_compradores_carrossel_v3,59.59,49,3211,9,LookALike_Compradores_1,Carrossel,2º Lançamento | Leads
1939,2025 | Abril,Sábado,Final de semana,Leads,2025-04-05,topfunnel_lal2_leads_estatico_v2,56.52,22,4878,3,LookALike_Leads_2,Estático,1º Lançamento | Leads
1940,2025 | Junho,Quinta-Feira,Dia útil,Leads,2025-06-19,bottomfunnel_visitantes_site_carrossel_v1,117.92,147,7476,39,Visitantes_Site,Carrossel,1º Lançamento | Leads
1941,2025 | Novembro,Quarta-Feira,Dia útil,Vendas,2025-11-19,topfunnel_interesses_dados_video_v3,174.38,160,4283,11,Interesses_Dados,Video,2º Lançamento | Vendas
1942,2025 | Fevereiro,Quinta-Feira,Dia útil,Leads,2025-02-20,bottomfunnel_visitantes_site_estatico_v1,97.21,65,7102,8,Visitantes_Site,Estático,Campanha Contínua | Leads
1943,2025 | Maio,Sábado,Final de semana,Vendas,2025-05-10,bottomfunnel_visitantes_site_estatico_v3,129.83,21,3113,2,Visitantes_Site,Estático,Campanha Contínua | Vendas
1944,2025 | Janeiro,Domingo,Final de semana,Leads,2025-01-12,midfunnel_rmkt_60d_carrossel_v2,10.57,13,365,2,Remarketing_60dias,Carrossel,Campanha Contínua | Leads
1945,2025 | Julho,Quarta-Feira,Dia útil,Leads,2025-07-23,topfunnel_interesses_dados_video_v2,135.75,219,6111,28,Interesses_Dados,Video,2º Lançamento | Leads
1946,2025 | Abril,Quarta-Feira,Dia útil,Leads,2025-04-16,topfunnel_cargos_dados_carrossel_v1,107.6,543,12920,88,Cargos_Dados,Carrossel,Campanha Contínua | Leads
1947,2025 | Dezembro,Segunda-Feira,Dia útil,Vendas,2025-12-29,midfunnel_rmkt_60d_estatico_v2,128.22,49,4510,1,Remarketing_60dias,Estático,1º Lançamento | Vendas
1948,2025 | Maio,Sexta-Feira,Dia útil,Leads,2025-05-30,topfunnel_cargos_dados_estatico_v1,50.5,41,1355,3,Cargos_Dados,Estático,1º Lançamento | Leads
1949,2025 | Outubro,Quarta-Feira,Dia útil,Leads,2025-10-01,bottomfunnel_visitantes_site_carrossel_v2,17.28,13,506,2,Visitantes_Site,Carrossel,2º Lançamento | Leads
1950,2025 | Novembro,Segunda-Feira,Dia útil,Leads,2025-11-10,topfunnel_lal1_compradores_carrossel_v1,148.75,402,9231,27,LookALike_Compradores_1,Carrossel,1º Lançamento | Leads
1951,2025 | Outubro,Sexta-Feira,Dia útil,Vendas,2025-10-03,topfunnel_interesses_dados_carrossel_v3,124.64,42,2899,8,Interesses_Dados,Carrossel,Campanha Contínua | Vendas
1952,2025 | Outubro,Sexta-Feira,Dia útil,Leads,2025-10-10,topfunnel_lal2_leads_video_v2,50.21,63,1700,14,LookALike_Leads_2,Video,1º Lançamento | Leads
1953,2025 | Agosto,Domingo,Final de semana,Leads,2025-08-17,midfunnel_engajamento_ig_estatico_v2,19.13,15,1299,3,Engajamento_Instagram,Estático,1º Lançamento | Leads
1954,2025 | Outubro,Domingo,Final de semana,Leads,2025-10-19,topfunnel_cargos_dados_carrossel_v2,6.24,5,444,0,Cargos_Dados,Carrossel,Campanha Contínua | Leads
1955,2025 | Abril,Segunda-Feira,Dia útil,Leads,2025-04-07,topfunnel_interesses_dados_estatico_v1,83.27,53,2612,11,Interesses_Dados,Estático,1º Lançamento | Leads
1956,2025 | Janeiro,Terça-Feira,Dia útil,Leads,2025-01-07,midfunnel_engajamento_ig_estatico_v1,149.21,125,4116,4,Engajamento_Instagram,Estático,1º Lançamento | Leads
1957,2025 | Fevereiro,Quarta-Feira,Dia útil,Leads,2025-02-12,topfunnel_lal1_compradores_video_v1,98.77,100,2580,4,LookALike_Compradores_1,Video,1º Lançamento | Leads
1958,2025 | Setembro,Quarta-Feira,Dia útil,Vendas,2025-09-03,topfunnel_lal2_leads_video_v2,61.39,28,4475,5,LookALike_Leads_2,Video,Campanha Contínua | Vendas
1959,2025 | Outubro,Segunda-Feira,Dia útil,Leads,2025-10-06,topfunnel_lal1_compradores_video_v3,55.17,78,2048,4,LookALike_Compradores_1,Video,1º Lançamento | Leads
1960,2025 | Janeiro,Segunda-Feira,Dia útil,Leads,2025-01-13,bottomfunnel_engajamento_ig_video_v3,53.42,40,1268,8,Engajamento_Instagram,Video,Campanha Contínua | Leads
1961,2025 | Fevereiro,Quinta-Feira,Dia útil,Leads,2025-02-27,topfunnel_interesses_dados_video_v1,172.27,66,9348,7,Interesses_Dados,Video,2º Lançamento | Leads
1962,2025 | Fevereiro,Quinta-Feira,Dia útil,Vendas,2025-02-13,topfunnel_cargos_dados_video_v2,96.66,102,3202,6,Cargos_Dados,Video,Campanha Contínua | Vendas
1963,2025 | Dezembro,Quinta-Feira,Dia útil,Leads,2025-12-18,midfunnel_rmkt_60d_estatico_v2,165.13,5148,5083,52,Remarketing_60dias,Estático,Campanha Contínua | Leads
1964,2025 | Fevereiro,Domingo,Final de semana,Vendas,2025-02-09,topfunnel_cargos_dados_carrossel_v1,59.35,88,2643,21,Cargos_Dados,Carrossel,2º Lançamento | Vendas
1965,2025 | Fevereiro,Terça-Feira,Dia útil,Leads,2025-02-04,bottomfunnel_engajamento_ig_carrossel_v1,18.55,4,414,0,Engajamento_Instagram,Carrossel,2º Lançamento | Leads
1966,2025 | Setembro,Quinta-Feira,Dia útil,Leads,2025-09-11,bottomfunnel_engajamento_ig_carrossel_v1,144.88,63,4499,8,Engajamento_Instagram,Carrossel,2º Lançamento | Leads
1967,2025 | Outubro,Sexta-Feira,Dia útil,Leads,2025-10-03,midfunnel_rmkt_30d_estatico_v3,129.4,168,4705,41,Remarketing_30dias,Estático,1º Lançamento | Leads
1968,2025 | Dezembro,Sexta-Feira,Dia útil,Leads,2025-12-26,midfunnel_visitantes_site_video_v1,66.83,24,2617,1,Visitantes_Site,Video,2º Lançamento | Leads
1969,2025 | Julho,Sexta-Feira,Dia útil,Vendas,2025-07-04,topfunnel_cargos_dados_estatico_v2,28.08,31,709,8,Cargos_Dados,Estático,1º Lançamento | Vendas
1970,2025 | Abril,Sexta-Feira,Dia útil,Vendas,2025-04-18,topfunnel_lal1_compradores_carrossel_v1,23.31,6,690,1,LookALike_Compradores_1,Carrossel,Campanha Contínua | Vendas
1971,2025 | Agosto,Quarta-Feira,Dia útil,Leads,2025-08-06,topfunnel_interesses_dados_carrossel_v3,15.59,15,399,0,Interesses_Dados,Carrossel,2º Lançamento | Leads
1972,2025 | Março,Sexta-Feira,Dia útil,Leads,2025-03-14,topfunnel_interesses_dados_video_v3,150.01,226,6407,34,Interesses_Dados,Video,1º Lançamento | Leads
1973,2025 | Setembro,Domingo,Final de semana,Vendas,2025-09-28,bottomfunnel_rmkt_60d_estatico_v3,62.38,54,1689,5,Remarketing_60dias,Estático,1º Lançamento | Vendas
1974,2025 | Janeiro,Sexta-Feira,Dia útil,Vendas,2025-01-31,topfunnel_lal1_compradores_carrossel_v1,91.83,416,10929,87,LookALike_Compradores_1,Carrossel,2º Lançamento | Vendas
1975,2025 | Outubro,Sábado,Final de semana,Vendas,2025-10-11,bottomfunnel_rmkt_60d_carrossel_v3,42.85,15,1009,0,Remarketing_60dias,Carrossel,2º Lançamento | Vendas
1976,2025 | Março,Quinta-Feira,Dia útil,Vendas,2025-03-06,midfunnel_engajamento_ig_carrossel_v1,72.13,82,1876,15,Engajamento_Instagram,Carrossel,1º Lançamento | Vendas
1977,2025 | Dezembro,Domingo,Final de semana,Leads,2025-12-21,bottomfunnel_visitantes_site_carrossel_v2,31.76,25,841,1,Visitantes_Site,Carrossel,1º Lançamento | Leads
1978,2025 | Fevereiro,Domingo,Final de semana,Leads,2025-02-23,midfunnel_visitantes_site_video_v2,31.39,33,2629,0,Visitantes_Site,Video,2º Lançamento | Leads
1979,2025 | Abril,Segunda-Feira,Dia útil,Leads,2025-04-07,topfunnel_lal1_compradores_video_v2,17.59,3,604,0,LookALike_Compradores_1,Video,2º Lançamento | Leads
1980,2025 | Janeiro,Sexta-Feira,Dia útil,Leads,2025-01-24,topfunnel_interesses_dados_estatico_v1,176.55,213,4929,34,Interesses_Dados,Estático,2º Lançamento | Leads
1981,2025 | Julho,Domingo,Final de semana,Vendas,2025-07-20,topfunnel_cargos_dados_carrossel_v3,19.78,29,857,1,Cargos_Dados,Carrossel,1º Lançamento | Vendas
1982,2025 | Janeiro,Segunda-Feira,Dia útil,Leads,2025-01-13,midfunnel_engajamento_ig_estatico_v2,31.12,6,936,1,Engajamento_Instagram,Estático,Campanha Contínua | Leads
1983,2025 | Abril,Terça-Feira,Dia útil,Vendas,2025-04-29,topfunnel_cargos_dados_carrossel_v1,178.83,300,6733,57,Cargos_Dados,Carrossel,Campanha Contínua | Vendas
1984,2025 | Junho,Terça-Feira,Dia útil,Leads,2025-06-24,topfunnel_cargos_dados_estatico_v2,66.46,36,1675,9,Cargos_Dados,Estático,Campanha Contínua | Leads
1985,2025 | Julho,Sexta-Feira,Dia útil,Leads,2025-07-18,topfunnel_interesses_dados_video_v3,113.93,159,4314,9,Interesses_Dados,Video,2º Lançamento | Leads
1986,2025 | Outubro,Quarta-Feira,Dia útil,Vendas,2025-10-08,topfunnel_interesses_dados_estatico_v1,83.23,93,5828,3,Interesses_Dados,Estático,Campanha Contínua | Vendas
1987,2025 | Julho,Domingo,Final de semana,Leads,2025-07-06,topfunnel_interesses_dados_video_v3,139.52,186,7952,17,Interesses_Dados,Video,2º Lançamento | Leads
1988,2025 | Novembro,Sábado,Final de semana,Vendas,2025-11-29,topfunnel_interesses_dados_carrossel_v2,9.53,4,239,1,Interesses_Dados,Carrossel,Campanha Contínua | Vendas
1989,2025 | Março,Sábado,Final de semana,Leads,2025-03-08,midfunnel_visitantes_site_estatico_v3,75.84,122,3076,36,Visitantes_Site,Estático,1º Lançamento | Leads
1990,2025 | Novembro,Sexta-Feira,Dia útil,Vendas,2025-11-14,topfunnel_lal1_compradores_carrossel_v1,126.7,45,4407,2,LookALike_Compradores_1,Carrossel,2º Lançamento | Vendas
1991,2025 | Março,Domingo,Final de semana,Leads,2025-03-23,topfunnel_interesses_dados_video_v2,157.66,88,4812,13,Interesses_Dados,Video,Campanha Contínua | Leads
1992,2025 | Agosto,Quarta-Feira,Dia útil,Leads,2025-08-27,topfunnel_cargos_dados_carrossel_v1,165.35,139,3924,10,Cargos_Dados,Carrossel,2º Lançamento | Leads
1993,2025 | Fevereiro,Segunda-Feira,Dia útil,Leads,2025-02-03,topfunnel_lal2_leads_video_v3,134.08,248,10963,42,LookALike_Leads_2,Video,2º Lançamento | Leads
1994,2025 | Março,Domingo,Final de semana,Vendas,2025-03-16,midfunnel_visitantes_site_carrossel_v3,139.92,504,13572,121,Visitantes_Site,Carrossel,2º Lançamento | Vendas
1995,2025 | Abril,Domingo,Final de semana,Leads,2025-04-20,topfunnel_lal1_compradores_carrossel_v2,50.4,11,1598,0,LookALike_Compradores_1,Carrossel,2º Lançamento | Leads
1996,2025 | Fevereiro,Terça-Feira,Dia útil,Leads,2025-02-11,topfunnel_lal2_leads_estatico_v3,40.5,11,986,0,LookALike_Leads_2,Estático,2º Lançamento | Leads
1997,2025 | Junho,Quarta-Feira,Dia útil,Vendas,2025-06-25,midfunnel_rmkt_60d_video_v2,169.69,170,6572,40,Remarketing_60dias,Video,Campanha Contínua | Vendas
1998,2025 | Agosto,Terça-Feira,Dia útil,Leads,2025-08-12,midfunnel_engajamento_ig_video_v1,130.78,44,4447,9,Engajamento_Instagram,Video,Campanha Contínua | Leads
1999,2025 | Junho,Quinta-Feira,Dia útil,Leads,2025-06-12,topfunnel_lal2_leads_video_v2,155.91,559,12775,74,LookALike_Leads_2,Video,Campanha Contínua | Leads
2000,2025 | Janeiro,Quinta-Feira,Dia útil,Vendas,2025-01-02,topfunnel_cargos_dados_carrossel_v2,115.91,21,3942,4,Cargos_Dados,Carrossel,1º Lançamento | Vendas
2001,2025 | Agosto,Segunda-Feira,Dia útil,Vendas,2025-08-04,topfunnel_cargos_dados_carrossel_v2,40.86,30,2592,6,Cargos_Dados,Carrossel,1º Lançamento | Vendas
2002,2025 | Julho,Quarta-Feira,Dia útil,Vendas,2025-07-09,topfunnel_lal1_compradores_estatico_v2,91.62,74,2284,14,LookALike_Compradores_1,Estático,2º Lançamento | Vendas
2003,2025 | Julho,Quinta-Feira,Dia útil,Leads,2025-07-31,bottomfunnel_visitantes_site_carrossel_v3,175.4,360,8587,53,Visitantes_Site,Carrossel,2º Lançamento | Leads
2004,2025 | Abril,Terça-Feira,Dia útil,Leads,2025-04-01,topfunnel_cargos_dados_carrossel_v2,70.23,57,1788,8,Cargos_Dados,Carrossel,2º Lançamento | Leads
2005,2025 | Dezembro,Sexta-Feira,Dia útil,Vendas,2025-12-26,topfunnel_interesses_dados_video_v1,18.41,90,2138,4,Interesses_Dados,Video,Campanha Contínua | Vendas
2006,2025 | Novembro,Domingo,Final de semana,Vendas,2025-11-16,topfunnel_interesses_dados_carrossel_v2,91.85,76,2428,19,Interesses_Dados,Carrossel,1º Lançamento | Vendas
2007,2025 | Abril,Sexta-Feira,Dia útil,Vendas,2025-04-25,midfunnel_engajamento_ig_video_v2,171.22,298,8163,44,Engajamento_Instagram,Video,Campanha Contínua | Vendas
2008,2025 | Dezembro,Sábado,Final de semana,Vendas,2025-12-27,bottomfunnel_engajamento_ig_video_v1,92.59,160,5172,16,Engajamento_Instagram,Video,2º Lançamento | Vendas
2009,2025 | Dezembro,Quinta-Feira,Dia útil,Leads,2025-12-11,midfunnel_engajamento_ig_video_v1,29.72,50,1359,12,Engajamento_Instagram,Video,Campanha Contínua | Leads
2010,2025 | Junho,Quinta-Feira,Dia útil,Leads,2025-06-12,bottomfunnel_engajamento_ig_video_v1,111.89,30,4961,8,Engajamento_Instagram,Video,2º Lançamento | Leads
2011,2025 | Março,Sexta-Feira,Dia útil,Vendas,2025-03-07,midfunnel_engajamento_ig_carrossel_v2,162.99,131,6005,6,Engajamento_Instagram,Carrossel,1º Lançamento | Vendas
2012,2025 | Setembro,Terça-Feira,Dia útil,Leads,2025-09-16,bottomfunnel_engajamento_ig_carrossel_v3,30.73,12,1541,0,Engajamento_Instagram,Carrossel,1º Lançamento | Leads
2013,2025 | Novembro,Terça-Feira,Dia útil,Vendas,2025-11-18,topfunnel_cargos_dados_video_v3,128.09,22,3045,2,Cargos_Dados,Video,Campanha Contínua | Vendas
2014,2025 | Março,Sábado,Final de semana,Vendas,2025-03-08,midfunnel_visitantes_site_video_v3,161.88,221,8526,19,Visitantes_Site,Video,2º Lançamento | Vendas
2015,2025 | Maio,Quarta-Feira,Dia útil,Vendas,2025-05-14,midfunnel_rmkt_60d_video_v3,6.61,5,148,0,Remarketing_60dias,Video,Campanha Contínua | Vendas
2016,2025 | Março,Terça-Feira,Dia útil,Leads,2025-03-04,midfunnel_rmkt_60d_estatico_v1,16.24,17,413,1,Remarketing_60dias,Estático,1º Lançamento | Leads
2017,2025 | Setembro,Terça-Feira,Dia útil,Vendas,2025-09-09,bottomfunnel_engajamento_ig_video_v3,16.05,9,480,0,Engajamento_Instagram,Video,2º Lançamento | Vendas
2018,2025 | Março,Segunda-Feira,Dia útil,Leads,2025-03-24,topfunnel_lal1_compradores_video_v3,103.19,17,3389,4,LookALike_Compradores_1,Video,2º Lançamento | Leads
2019,2025 | Setembro,Sexta-Feira,Dia útil,Vendas,2025-09-05,topfunnel_lal1_compradores_video_v3,134.15,37,3172,1,LookALike_Compradores_1,Video,1º Lançamento | Vendas
2020,2025 | Setembro,Terça-Feira,Dia útil,Leads,2025-09-23,topfunnel_cargos_dados_video_v2,22.87,24,1426,1,Cargos_Dados,Video,Campanha Contínua | Leads
2021,2025 | Dezembro,Domingo,Final de semana,Vendas,2025-12-21,bottomfunnel_rmkt_60d_estatico_v1,171.7,218,8216,22,Remarketing_60dias,Estático,Campanha Contínua | Vendas
2022,2025 | Setembro,Quinta-Feira,Dia útil,Leads,2025-09-11,bottomfunnel_engajamento_ig_video_v1,37.62,31,957,8,Engajamento_Instagram,Video,1º Lançamento | Leads
2023,2025 | Outubro,Domingo,Final de semana,Vendas,2025-10-26,midfunnel_rmkt_60d_video_v3,89.09,46,2190,10,Remarketing_60dias,Video,2º Lançamento | Vendas
2024,2025 | Novembro,Sábado,Final de semana,Leads,2025-11-15,midfunnel_engajamento_ig_estatico_v3,65.14,59,1580,8,Engajamento_Instagram,Estático,1º Lançamento | Leads
2025,2025 | Setembro,Sexta-Feira,Dia útil,Leads,2025-09-19,bottomfunnel_engajamento_ig_estatico_v2,7.81,9,532,2,Engajamento_Instagram,Estático,2º Lançamento | Leads
2026,2025 | Maio,Terça-Feira,Dia útil,Leads,2025-05-06,midfunnel_visitantes_site_estatico_v2,24.21,5,1223,0,Visitantes_Site,Estático,2º Lançamento | Leads
2027,2025 | Outubro,Sábado,Final de semana,Vendas,2025-10-18,midfunnel_rmkt_30d_carrossel_v2,52.84,43,3333,7,Remarketing_30dias,Carrossel,Campanha Contínua | Vendas
2028,2025 | Novembro,Sábado,Final de semana,Vendas,2025-11-08,topfunnel_interesses_dados_carrossel_v3,77.36,36,2150,3,Interesses_Dados,Carrossel,1º Lançamento | Vendas
2029,2025 | Janeiro,Domingo,Final de semana,Vendas,2025-01-26,topfunnel_lal2_leads_video_v2,77.27,67,6136,7,LookALike_Leads_2,Video,2º Lançamento | Vendas
2030,2025 | Maio,Sexta-Feira,Dia útil,Leads,2025-05-02,midfunnel_rmkt_60d_video_v2,52.97,27,1353,7,Remarketing_60dias,Video,Campanha Contínua | Leads
2031,2025 | Janeiro,Terça-Feira,Dia útil,Leads,2025-01-21,topfunnel_lal1_compradores_video_v2,19.38,17,514,1,LookALike_Compradores_1,Video,2º Lançamento | Leads
2032,2025 | Julho,Quinta-Feira,Dia útil,Leads,2025-07-24,midfunnel_visitantes_site_estatico_v2,55.47,30,1249,5,Visitantes_Site,Estático,1º Lançamento | Leads
2033,2025 | Julho,Sexta-Feira,Dia útil,Vendas,2025-07-11,topfunnel_interesses_dados_video_v1,10.99,10,1310,1,Interesses_Dados,Video,Campanha Contínua | Vendas
2034,2025 | Agosto,Terça-Feira,Dia útil,Leads,2025-08-12,topfunnel_interesses_dados_video_v3,162.65,308,7513,91,Interesses_Dados,Video,Campanha Contínua | Leads
2035,2025 | Janeiro,Segunda-Feira,Dia útil,Leads,2025-01-27,topfunnel_lal1_compradores_video_v1,170.62,277,15832,53,LookALike_Compradores_1,Video,2º Lançamento | Leads
2036,2025 | Maio,Segunda-Feira,Dia útil,Vendas,2025-05-19,topfunnel_cargos_dados_carrossel_v2,23.78,12,1200,2,Cargos_Dados,Carrossel,2º Lançamento | Vendas
2037,2025 | Novembro,Domingo,Final de semana,Leads,2025-11-23,topfunnel_interesses_dados_carrossel_v3,45.19,42,1759,4,Interesses_Dados,Carrossel,Campanha Contínua | Leads
2038,2025 | Setembro,Sexta-Feira,Dia útil,Leads,2025-09-05,midfunnel_rmkt_60d_estatico_v2,101.64,78,2522,17,Remarketing_60dias,Estático,1º Lançamento | Leads
2039,2025 | Dezembro,Segunda-Feira,Dia útil,Leads,2025-12-22,topfunnel_lal2_leads_video_v1,4.83,11,301,0,LookALike_Leads_2,Video,1º Lançamento | Leads
2040,2025 | Junho,Terça-Feira,Dia útil,Leads,2025-06-24,bottomfunnel_visitantes_site_estatico_v3,29.83,46,1118,3,Visitantes_Site,Estático,2º Lançamento | Leads
2041,2025 | Julho,Quinta-Feira,Dia útil,Vendas,2025-07-17,midfunnel_rmkt_30d_estatico_v1,51.82,61,3681,16,Remarketing_30dias,Estático,Campanha Contínua | Vendas
2042,2025 | Fevereiro,Sábado,Final de semana,Leads,2025-02-22,topfunnel_interesses_dados_carrossel_v1,45.2,12,1100,0,Interesses_Dados,Carrossel,Campanha Contínua | Leads
2043,2025 | Setembro,Segunda-Feira,Dia útil,Leads,2025-09-29,midfunnel_rmkt_60d_video_v2,79.09,143,5827,23,Remarketing_60dias,Video,1º Lançamento | Leads
2044,2025 | Agosto,Quinta-Feira,Dia útil,Leads,2025-08-14,topfunnel_interesses_dados_video_v3,70.4,19,1662,1,Interesses_Dados,Video,1º Lançamento | Leads
2045,2025 | Novembro,Sábado,Final de semana,Leads,2025-11-01,topfunnel_lal2_leads_carrossel_v2,21.88,31,2222,1,LookALike_Leads_2,Carrossel,1º Lançamento | Leads
2046,2025 | Janeiro,Terça-Feira,Dia útil,Vendas,2025-01-28,midfunnel_rmkt_60d_video_v3,20.43,36,1247,7,Remarketing_60dias,Video,2º Lançamento | Vendas
2047,2025 | Julho,Segunda-Feira,Dia útil,Leads,2025-07-21,midfunnel_rmkt_60d_estatico_v1,141.97,107,6805,20,Remarketing_60dias,Estático,Campanha Contínua | Leads
2048,2025 | Janeiro,Quinta-Feira,Dia útil,Leads,2025-01-02,topfunnel_lal2_leads_carrossel_v2,153.83,50,4598,10,LookALike_Leads_2,Carrossel,1º Lançamento | Leads
2049,2025 | Abril,Domingo,Final de semana,Leads,2025-04-06,topfunnel_lal2_leads_video_v1,120.72,24,5065,7,LookALike_Leads_2,Video,1º Lançamento | Leads
2050,2025 | Março,Sábado,Final de semana,Vendas,2025-03-29,topfunnel_lal1_compradores_carrossel_v2,174.59,141,5902,12,LookALike_Compradores_1,Carrossel,1º Lançamento | Vendas
2051,2025 | Janeiro,Sexta-Feira,Dia útil,Vendas,2025-01-24,midfunnel_rmkt_60d_video_v1,140.11,442,11975,50,Remarketing_60dias,Video,2º Lançamento | Vendas
2052,2025 | Junho,Domingo,Final de semana,Vendas,2025-06-29,bottomfunnel_rmkt_60d_carrossel_v2,67.16,145,7899,31,Remarketing_60dias,Carrossel,Campanha Contínua | Vendas
2053,2025 | Dezembro,Sábado,Final de semana,Vendas,2025-12-06,topfunnel_lal2_leads_video_v2,124.23,17,3555,4,LookALike_Leads_2,Video,1º Lançamento | Vendas
2054,2025 | Dezembro,Quinta-Feira,Dia útil,Vendas,2025-12-04,midfunnel_visitantes_site_estatico_v1,105.02,67,3112,5,Visitantes_Site,Estático,1º Lançamento | Vendas
2055,2025 | Abril,Quinta-Feira,Dia útil,Vendas,2025-04-10,midfunnel_engajamento_ig_carrossel_v2,158.19,195,4776,28,Engajamento_Instagram,Carrossel,Campanha Contínua | Vendas
2056,2025 | Março,Segunda-Feira,Dia útil,Leads,2025-03-31,bottomfunnel_visitantes_site_estatico_v3,76.57,28,1710,0,Visitantes_Site,Estático,Campanha Contínua | Leads
2057,2025 | Dezembro,Sexta-Feira,Dia útil,Leads,2025-12-26,topfunnel_interesses_dados_estatico_v2,103.08,50,2761,2,Interesses_Dados,Estático,1º Lançamento | Leads
2058,2025 | Setembro,Sábado,Final de semana,Vendas,2025-09-13,topfunnel_cargos_dados_estatico_v3,29.17,19,666,3,Cargos_Dados,Estático,2º Lançamento | Vendas
2059,2025 | Setembro,Domingo,Final de semana,Leads,2025-09-07,bottomfunnel_rmkt_60d_video_v1,41.08,9,1065,1,Remarketing_60dias,Video,1º Lançamento | Leads
2060,2025 | Agosto,Sábado,Final de semana,Leads,2025-08-09,topfunnel_lal1_compradores_video_v2,26.95,24,665,3,LookALike_Compradores_1,Video,Campanha Contínua | Leads
2061,2025 | Março,Sexta-Feira,Dia útil,Vendas,2025-03-21,midfunnel_rmkt_60d_video_v2,106.38,125,9682,19,Remarketing_60dias,Video,2º Lançamento | Vendas
2062,2025 | Maio,Quinta-Feira,Dia útil,Vendas,2025-05-08,bottomfunnel_engajamento_ig_estatico_v1,161.01,109,3829,7,Engajamento_Instagram,Estático,2º Lançamento | Vendas
2063,2025 | Dezembro,Domingo,Final de semana,Vendas,2025-12-14,topfunnel_cargos_dados_carrossel_v1,46.88,24,2003,2,Cargos_Dados,Carrossel,2º Lançamento | Vendas
2064,2025 | Outubro,Sábado,Final de semana,Vendas,2025-10-18,topfunnel_lal2_leads_carrossel_v1,69.23,37,1713,2,LookALike_Leads_2,Carrossel,2º Lançamento | Vendas
2065,2025 | Dezembro,Segunda-Feira,Dia útil,Leads,2025-12-22,bottomfunnel_visitantes_site_estatico_v2,85.31,44,1957,12,Visitantes_Site,Estático,1º Lançamento | Leads
2066,2025 | Agosto,Segunda-Feira,Dia útil,Leads,2025-08-04,topfunnel_cargos_dados_carrossel_v2,142.13,93,4822,18,Cargos_Dados,Carrossel,Campanha Contínua | Leads
2067,2025 | Maio,Sábado,Final de semana,Leads,2025-05-31,bottomfunnel_engajamento_ig_video_v3,3.56,3,93,0,Engajamento_Instagram,Video,1º Lançamento | Leads
2068,2025 | Fevereiro,Quinta-Feira,Dia útil,Leads,2025-02-13,topfunnel_interesses_dados_estatico_v3,19.79,25,1055,2,Interesses_Dados,Estático,1º Lançamento | Leads
2069,2025 | Março,Terça-Feira,Dia útil,Vendas,2025-03-04,topfunnel_lal1_compradores_carrossel_v1,94.14,142,3269,8,LookALike_Compradores_1,Carrossel,Campanha Contínua | Vendas
2070,2025 | Novembro,Segunda-Feira,Dia útil,Vendas,2025-11-24,bottomfunnel_rmkt_60d_carrossel_v3,178.08,516,21615,109,Remarketing_60dias,Carrossel,1º Lançamento | Vendas
2071,2025 | Fevereiro,Terça-Feira,Dia útil,Leads,2025-02-04,topfunnel_interesses_dados_carrossel_v1,46.38,19,3919,3,Interesses_Dados,Carrossel,2º Lançamento | Leads
2072,2025 | Janeiro,Quarta-Feira,Dia útil,Vendas,2025-01-29,bottomfunnel_rmkt_60d_estatico_v1,148.1,99,3783,24,Remarketing_60dias,Estático,Campanha Contínua | Vendas
2073,2025 | Agosto,Quarta-Feira,Dia útil,Vendas,2025-08-13,topfunnel_interesses_dados_estatico_v1,115.42,292,7778,59,Interesses_Dados,Estático,1º Lançamento | Vendas
2074,2025 | Setembro,Sexta-Feira,Dia útil,Vendas,2025-09-19,bottomfunnel_rmkt_30d_estatico_v2,53.88,129,4604,15,Remarketing_30dias,Estático,2º Lançamento | Vendas
2075,2025 | Julho,Domingo,Final de semana,Leads,2025-07-20,topfunnel_interesses_dados_estatico_v2,146.9,170,10895,9,Interesses_Dados,Estático,2º Lançamento | Leads
2076,2025 | Janeiro,Segunda-Feira,Dia útil,Leads,2025-01-06,topfunnel_lal1_compradores_carrossel_v3,161.05,29,5206,7,LookALike_Compradores_1,Carrossel,1º Lançamento | Leads
2077,2025 | Agosto,Quinta-Feira,Dia útil,Vendas,2025-08-28,topfunnel_lal2_leads_estatico_v1,176.76,325,8323,52,LookALike_Leads_2,Estático,2º Lançamento | Vendas
2078,2025 | Dezembro,Domingo,Final de semana,Leads,2025-12-28,topfunnel_interesses_dados_video_v3,29.37,24,910,3,Interesses_Dados,Video,1º Lançamento | Leads
2079,2025 | Maio,Sexta-Feira,Dia útil,Vendas,2025-05-23,midfunnel_rmkt_60d_estatico_v3,88.36,58,2025,4,Remarketing_60dias,Estático,Campanha Contínua | Vendas
2080,2025 | Setembro,Quarta-Feira,Dia útil,Vendas,2025-09-17,bottomfunnel_rmkt_60d_video_v3,172.05,241,8240,32,Remarketing_60dias,Video,1º Lançamento | Vendas
2081,2025 | Janeiro,Quinta-Feira,Dia útil,Vendas,2025-01-16,topfunnel_cargos_dados_video_v1,120.58,145,4553,16,Cargos_Dados,Video,1º Lançamento | Vendas
2082,2025 | Maio,Sexta-Feira,Dia útil,Leads,2025-05-02,topfunnel_cargos_dados_carrossel_v2,136.66,38,5804,7,Cargos_Dados,Carrossel,1º Lançamento | Leads
2083,2025 | Janeiro,Segunda-Feira,Dia útil,Vendas,2025-01-20,topfunnel_interesses_dados_estatico_v2,110.16,117,2817,12,Interesses_Dados,Estático,Campanha Contínua | Vendas
2084,2025 | Agosto,Terça-Feira,Dia útil,Leads,2025-08-19,bottomfunnel_rmkt_30d_video_v2,80.16,52,4313,3,Remarketing_30dias,Video,Campanha Contínua | Leads
2085,2025 | Abril,Quarta-Feira,Dia útil,Leads,2025-04-09,topfunnel_lal1_compradores_carrossel_v3,19.58,20,2121,0,LookALike_Compradores_1,Carrossel,2º Lançamento | Leads
2086,2025 | Outubro,Sábado,Final de semana,Leads,2025-10-18,topfunnel_interesses_dados_estatico_v1,123.62,96,2845,16,Interesses_Dados,Estático,1º Lançamento | Leads
2087,2025 | Abril,Quinta-Feira,Dia útil,Leads,2025-04-17,topfunnel_lal2_leads_carrossel_v2,65.78,62,1593,15,LookALike_Leads_2,Carrossel,2º Lançamento | Leads
2088,2025 | Agosto,Quinta-Feira,Dia útil,Vendas,2025-08-07,topfunnel_interesses_dados_carrossel_v1,25.08,7,924,1,Interesses_Dados,Carrossel,1º Lançamento | Vendas
2089,2025 | Novembro,Terça-Feira,Dia útil,Leads,2025-11-04,topfunnel_lal1_compradores_video_v2,166.2,315,9606,12,LookALike_Compradores_1,Video,1º Lançamento | Leads
2090,2025 | Maio,Quarta-Feira,Dia útil,Leads,2025-05-28,bottomfunnel_rmkt_30d_carrossel_v2,112.31,161,3982,29,Remarketing_30dias,Carrossel,2º Lançamento | Leads
2091,2025 | Dezembro,Segunda-Feira,Dia útil,Leads,2025-12-01,bottomfunnel_visitantes_site_estatico_v1,61.88,16,1704,2,Visitantes_Site,Estático,Campanha Contínua | Leads
2092,2025 | Junho,Quarta-Feira,Dia útil,Vendas,2025-06-18,topfunnel_lal1_compradores_video_v2,15.44,14,358,3,LookALike_Compradores_1,Video,1º Lançamento | Vendas
2093,2025 | Junho,Sexta-Feira,Dia útil,Vendas,2025-06-27,midfunnel_engajamento_ig_carrossel_v3,87.48,230,6839,11,Engajamento_Instagram,Carrossel,2º Lançamento | Vendas
2094,2025 | Setembro,Quarta-Feira,Dia útil,Leads,2025-09-17,bottomfunnel_visitantes_site_estatico_v2,141.22,46,3493,12,Visitantes_Site,Estático,1º Lançamento | Leads
2095,2025 | Abril,Sexta-Feira,Dia útil,Leads,2025-04-11,midfunnel_engajamento_ig_carrossel_v3,88.09,76,3946,4,Engajamento_Instagram,Carrossel,Campanha Contínua | Leads
2096,2025 | Agosto,Quinta-Feira,Dia útil,Leads,2025-08-07,topfunnel_interesses_dados_estatico_v1,161.74,69,3646,5,Interesses_Dados,Estático,2º Lançamento | Leads
2097,2025 | Janeiro,Quinta-Feira,Dia útil,Leads,2025-01-30,topfunnel_interesses_dados_carrossel_v1,42.81,48,1200,11,Interesses_Dados,Carrossel,Campanha Contínua | Leads
2098,2025 | Janeiro,Sexta-Feira,Dia útil,Vendas,2025-01-24,topfunnel_lal1_compradores_carrossel_v1,146.74,124,13543,8,LookALike_Compradores_1,Carrossel,1º Lançamento | Vendas
2099,2025 | Junho,Terça-Feira,Dia útil,Leads,2025-06-10,midfunnel_rmkt_30d_estatico_v3,73.11,69,2261,2,Remarketing_30dias,Estático,Campanha Contínua | Leads
2100,2025 | Abril,Quarta-Feira,Dia útil,Leads,2025-04-16,bottomfunnel_visitantes_site_video_v3,56.23,69,2606,18,Visitantes_Site,Video,1º Lançamento | Leads
2101,2025 | Setembro,Sábado,Final de semana,Vendas,2025-09-27,midfunnel_visitantes_site_carrossel_v1,64.03,118,2759,18,Visitantes_Site,Carrossel,1º Lançamento | Vendas
2102,2025 | Abril,Terça-Feira,Dia útil,Vendas,2025-04-15,midfunnel_rmkt_30d_estatico_v1,68.6,17,1795,4,Remarketing_30dias,Estático,Campanha Contínua | Vendas
2103,2025 | Agosto,Quinta-Feira,Dia útil,Vendas,2025-08-14,topfunnel_lal2_leads_video_v1,91.06,151,9845,19,LookALike_Leads_2,Video,1º Lançamento | Vendas
2104,2025 | Janeiro,Sexta-Feira,Dia útil,Leads,2025-01-31,midfunnel_engajamento_ig_estatico_v2,70.78,91,7339,6,Engajamento_Instagram,Estático,2º Lançamento | Leads
2105,2025 | Setembro,Terça-Feira,Dia útil,Leads,2025-09-30,bottomfunnel_rmkt_60d_video_v1,164.03,81,4567,20,Remarketing_60dias,Video,2º Lançamento | Leads
2106,2025 | Outubro,Quinta-Feira,Dia útil,Leads,2025-10-30,topfunnel_lal1_compradores_estatico_v3,149.69,133,6221,29,LookALike_Compradores_1,Estático,Campanha Contínua | Leads
2107,2025 | Janeiro,Quinta-Feira,Dia útil,Vendas,2025-01-30,bottomfunnel_engajamento_ig_carrossel_v3,84.77,79,2904,13,Engajamento_Instagram,Carrossel,1º Lançamento | Vendas
2108,2025 | Julho,Terça-Feira,Dia útil,Leads,2025-07-15,midfunnel_rmkt_30d_video_v2,144.43,25,3344,2,Remarketing_30dias,Video,Campanha Contínua | Leads
2109,2025 | Junho,Domingo,Final de semana,Leads,2025-06-01,bottomfunnel_engajamento_ig_video_v2,50.2,89,2906,21,Engajamento_Instagram,Video,1º Lançamento | Leads
2110,2025 | Março,Quarta-Feira,Dia útil,Leads,2025-03-05,midfunnel_visitantes_site_estatico_v2,84.63,80,3486,23,Visitantes_Site,Estático,2º Lançamento | Leads
2111,2025 | Novembro,Domingo,Final de semana,Vendas,2025-11-23,midfunnel_rmkt_30d_estatico_v3,169.14,269,9278,29,Remarketing_30dias,Estático,1º Lançamento | Vendas
2112,2025 | Agosto,Quinta-Feira,Dia útil,Leads,2025-08-14,bottomfunnel_rmkt_60d_estatico_v1,42.87,117,2965,23,Remarketing_60dias,Estático,1º Lançamento | Leads
2113,2025 | Fevereiro,Sexta-Feira,Dia útil,Vendas,2025-02-28,topfunnel_cargos_dados_carrossel_v3,155.25,30,5270,6,Cargos_Dados,Carrossel,1º Lançamento | Vendas
2114,2025 | Maio,Terça-Feira,Dia útil,Vendas,2025-05-13,topfunnel_lal1_compradores_carrossel_v2,98.43,138,10194,6,LookALike_Compradores_1,Carrossel,Campanha Contínua | Vendas
2115,2025 | Agosto,Sábado,Final de semana,Leads,2025-08-16,topfunnel_interesses_dados_video_v1,60.33,104,2775,14,Interesses_Dados,Video,Campanha Contínua | Leads
2116,2025 | Agosto,Quinta-Feira,Dia útil,Vendas,2025-08-07,topfunnel_cargos_dados_video_v2,110.24,227,5168,61,Cargos_Dados,Video,2º Lançamento | Vendas
2117,2025 | Agosto,Sexta-Feira,Dia útil,Vendas,2025-08-29,midfunnel_rmkt_60d_carrossel_v1,67.87,36,3617,6,Remarketing_60dias,Carrossel,1º Lançamento | Vendas
2118,2025 | Novembro,Sábado,Final de semana,Leads,2025-11-08,bottomfunnel_visitantes_site_carrossel_v1,69.74,72,2359,4,Visitantes_Site,Carrossel,Campanha Contínua | Leads
2119,2025 | Fevereiro,Segunda-Feira,Dia útil,Vendas,2025-02-10,bottomfunnel_rmkt_30d_carrossel_v3,132.62,86,3369,2,Remarketing_30dias,Carrossel,2º Lançamento | Vendas
2120,2025 | Dezembro,Quinta-Feira,Dia útil,Leads,2025-12-04,topfunnel_lal2_leads_estatico_v2,37.12,52,1267,5,LookALike_Leads_2,Estático,2º Lançamento | Leads
2121,2025 | Abril,Terça-Feira,Dia útil,Leads,2025-04-29,topfunnel_interesses_dados_carrossel_v1,81.49,39,1876,1,Interesses_Dados,Carrossel,Campanha Contínua | Leads
2122,2025 | Setembro,Terça-Feira,Dia útil,Leads,2025-09-16,bottomfunnel_visitantes_site_carrossel_v3,43.39,15,1169,3,Visitantes_Site,Carrossel,1º Lançamento | Leads
2123,2025 | Outubro,Sexta-Feira,Dia útil,Leads,2025-10-03,midfunnel_engajamento_ig_carrossel_v3,48.7,44,2616,1,Engajamento_Instagram,Carrossel,2º Lançamento | Leads
2124,2025 | Setembro,Terça-Feira,Dia útil,Vendas,2025-09-16,topfunnel_lal2_leads_carrossel_v1,162.23,18,4012,0,LookALike_Leads_2,Carrossel,2º Lançamento | Vendas
2125,2025 | Outubro,Sábado,Dia útil,Vendas,2025-10-11,topfunnel_lal2_leads_carrossel_v1,24.94,58,2693,12,LookALike_Leads_2,Carrossel,1º Lançamento | Vendas
2126,2025 | Março,Domingo,Final de semana,Leads,2025-03-09,bottomfunnel_engajamento_ig_estatico_v1,73.91,85,2583,4,Engajamento_Instagram,Estático,2º Lançamento | Leads
2127,2025 | Outubro,Quinta-Feira,Dia útil,Leads,2025-10-30,topfunnel_interesses_dados_carrossel_v1,15.59,15,370,4,Interesses_Dados,Carrossel,Campanha Contínua | Leads
2128,2025 | Agosto,Terça-Feira,Dia útil,Vendas,2025-08-19,bottomfunnel_engajamento_ig_estatico_v3,26.39,63,1784,17,Engajamento_Instagram,Estático,Campanha Contínua | Vendas
2129,2025 | Fevereiro,Quarta-Feira,Dia útil,Leads,2025-02-12,topfunnel_lal1_compradores_carrossel_v3,68.15,41,2127,5,LookALike_Compradores_1,Carrossel,Campanha Contínua | Leads
2130,2025 | Outubro,Quarta-Feira,Dia útil,Leads,2025-10-29,topfunnel_interesses_dados_video_v2,90.06,232,9202,38,Interesses_Dados,Video,Campanha Contínua | Leads
2131,2025 | Agosto,Quinta-Feira,Dia útil,Leads,2025-08-07,midfunnel_engajamento_ig_estatico_v1,9.94,9,231,2,Engajamento_Instagram,Estático,2º Lançamento | Leads
2132,2025 | Setembro,Terça-Feira,Dia útil,Leads,2025-09-23,bottomfunnel_visitantes_site_video_v2,31.89,40,1709,3,Visitantes_Site,Video,1º Lançamento | Leads
2133,2025 | Maio,Quarta-Feira,Dia útil,Vendas,2025-05-28,midfunnel_rmkt_60d_carrossel_v1,120.79,114,9138,29,Remarketing_60dias,Carrossel,1º Lançamento | Vendas
2134,2025 | Janeiro,Quarta-Feira,Dia útil,Leads,2025-01-15,topfunnel_lal1_compradores_carrossel_v3,144.32,667,17500,18,LookALike_Compradores_1,Carrossel,1º Lançamento | Leads
2135,2025 | Maio,Domingo,Final de semana,Vendas,2025-05-25,bottomfunnel_engajamento_ig_carrossel_v3,24.9,41,1004,9,Engajamento_Instagram,Carrossel,1º Lançamento | Vendas
2136,2025 | Agosto,Sábado,Final de semana,Vendas,2025-08-16,topfunnel_lal2_leads_estatico_v1,155.95,118,3485,6,LookALike_Leads_2,Estático,2º Lançamento | Vendas
2137,2025 | Fevereiro,Segunda-Feira,Dia útil,Vendas,2025-02-10,midfunnel_rmkt_30d_carrossel_v2,30.32,33,1485,7,Remarketing_30dias,Carrossel,Campanha Contínua | Vendas
2138,2025 | Fevereiro,Sexta-Feira,Dia útil,Vendas,2025-02-07,bottomfunnel_visitantes_site_video_v1,168.0,76,4493,19,Visitantes_Site,Video,Campanha Contínua | Vendas
2139,2025 | Novembro,Segunda-Feira,Dia útil,Leads,2025-11-17,topfunnel_lal1_compradores_video_v1,106.58,34,2646,2,LookALike_Compradores_1,Video,2º Lançamento | Leads
2140,2025 | Março,Quarta-Feira,Dia útil,Leads,2025-03-19,topfunnel_cargos_dados_carrossel_v2,52.66,136,3431,38,Cargos_Dados,Carrossel,Campanha Contínua | Leads
2141,2025 | Abril,Domingo,Final de semana,Leads,2025-04-20,topfunnel_interesses_dados_estatico_v3,110.99,18,3238,3,Interesses_Dados,Estático,Campanha Contínua | Leads
2142,2025 | Julho,Segunda-Feira,Dia útil,Vendas,2025-07-14,bottomfunnel_rmkt_30d_carrossel_v2,96.66,89,2231,22,Remarketing_30dias,Carrossel,2º Lançamento | Vendas
2143,2025 | Dezembro,Terça-Feira,Dia útil,Leads,2025-12-09,bottomfunnel_engajamento_ig_carrossel_v3,87.87,65,7593,17,Engajamento_Instagram,Carrossel,2º Lançamento | Leads
2144,2025 | Agosto,Domingo,Final de semana,Vendas,2025-08-03,bottomfunnel_visitantes_site_video_v1,33.77,24,778,2,Visitantes_Site,Video,2º Lançamento | Vendas
2145,2025 | Dezembro,Sábado,Final de semana,Leads,2025-12-27,topfunnel_lal2_leads_estatico_v3,75.63,72,4531,11,LookALike_Leads_2,Estático,2º Lançamento | Leads
2146,2025 | Fevereiro,Sábado,Final de semana,Leads,2025-02-01,bottomfunnel_visitantes_site_estatico_v2,71.97,60,2955,16,Visitantes_Site,Estático,2º Lançamento | Leads
2147,2025 | Setembro,Sábado,Final de semana,Vendas,2025-09-06,midfunnel_visitantes_site_carrossel_v2,81.96,201,5062,34,Visitantes_Site,Carrossel,Campanha Contínua | Vendas
2148,2025 | Fevereiro,Quarta-Feira,Dia útil,Vendas,2025-02-26,midfunnel_visitantes_site_video_v3,6.25,10,283,1,Visitantes_Site,Video,2º Lançamento | Vendas
2149,2025 | Outubro,Sábado,Final de semana,Leads,2025-10-11,topfunnel_lal1_compradores_carrossel_v1,66.77,45,4352,7,LookALike_Compradores_1,Carrossel,Campanha Contínua | Leads
2150,2025 | Abril,Segunda-Feira,Dia útil,Leads,2025-04-28,topfunnel_cargos_dados_estatico_v2,75.88,37,2666,0,Cargos_Dados,Estático,1º Lançamento | Leads
2151,2025 | Setembro,Sábado,Final de semana,Leads,2025-09-27,midfunnel_engajamento_ig_estatico_v1,52.75,177,5928,37,Engajamento_Instagram,Estático,1º Lançamento | Leads
2152,2025 | Maio,Terça-Feira,Dia útil,Vendas,2025-05-20,bottomfunnel_engajamento_ig_carrossel_v1,147.75,143,3654,5,Engajamento_Instagram,Carrossel,Campanha Contínua | Vendas
2153,2025 | Dezembro,Sábado,Final de semana,Vendas,2025-12-27,midfunnel_engajamento_ig_video_v3,149.87,50,4933,11,Engajamento_Instagram,Video,2º Lançamento | Vendas
2154,2025 | Abril,Quinta-Feira,Dia útil,Vendas,2025-04-10,bottomfunnel_rmkt_60d_estatico_v3,134.47,159,7011,7,Remarketing_60dias,Estático,Campanha Contínua | Vendas
2155,2025 | Outubro,Quinta-Feira,Dia útil,Leads,2025-10-23,midfunnel_rmkt_60d_estatico_v1,174.12,144,6054,39,Remarketing_60dias,Estático,Campanha Contínua | Leads
2156,2025 | Setembro,Quarta-Feira,Dia útil,Leads,2025-09-17,topfunnel_lal1_compradores_estatico_v3,72.37,87,3321,4,LookALike_Compradores_1,Estático,1º Lançamento | Leads
2157,2025 | Outubro,Quinta-Feira,Dia útil,Vendas,2025-10-23,bottomfunnel_engajamento_ig_video_v2,87.13,121,7242,7,Engajamento_Instagram,Video,Campanha Contínua | Vendas
2158,2025 | Fevereiro,Quarta-Feira,Dia útil,Leads,2025-02-12,topfunnel_cargos_dados_video_v2,107.83,199,9711,50,Cargos_Dados,Video,Campanha Contínua | Leads
2159,2025 | Outubro,Sábado,Final de semana,Vendas,2025-10-18,topfunnel_lal1_compradores_estatico_v2,75.6,81,2135,2,LookALike_Compradores_1,Estático,Campanha Contínua | Vendas
2160,2025 | Outubro,Sexta-Feira,Dia útil,Leads,2025-10-17,topfunnel_lal1_compradores_estatico_v3,39.64,33,1375,5,LookALike_Compradores_1,Estático,Campanha Contínua | Leads
2161,2025 | Maio,Quinta-Feira,Dia útil,Leads,2025-05-01,topfunnel_lal2_leads_carrossel_v3,154.91,25,3463,1,LookALike_Leads_2,Carrossel,Campanha Contínua | Leads
2162,2025 | Fevereiro,Domingo,Final de semana,Leads,2025-02-09,topfunnel_lal1_compradores_video_v3,135.3,209,9562,61,LookALike_Compradores_1,Video,1º Lançamento | Leads
2163,2025 | Agosto,Quarta-Feira,Dia útil,Leads,2025-08-06,topfunnel_lal2_leads_video_v3,157.67,29,6717,1,LookALike_Leads_2,Video,2º Lançamento | Leads
2164,2025 | Dezembro,Sábado,Final de semana,Leads,2025-12-13,bottomfunnel_visitantes_site_carrossel_v3,117.91,226,8908,17,Visitantes_Site,Carrossel,Campanha Contínua | Leads
2165,2025 | Julho,Quinta-Feira,Dia útil,Leads,2025-07-10,bottomfunnel_rmkt_60d_estatico_v1,168.68,133,3987,34,Remarketing_60dias,Estático,1º Lançamento | Leads
2166,2025 | Março,Quarta-Feira,Dia útil,Leads,2025-03-26,topfunnel_lal2_leads_video_v2,76.39,38,5632,11,LookALike_Leads_2,Video,2º Lançamento | Leads
2167,2025 | Dezembro,Sexta-Feira,Dia útil,Leads,2025-12-26,topfunnel_interesses_dados_carrossel_v2,61.26,138,5970,8,Interesses_Dados,Carrossel,2º Lançamento | Leads
2168,2025 | Novembro,Sábado,Final de semana,Leads,2025-11-22,midfunnel_rmkt_30d_estatico_v1,51.24,52,1335,9,Remarketing_30dias,Estático,2º Lançamento | Leads
2169,2025 | Julho,Terça-Feira,Dia útil,Vendas,2025-07-08,midfunnel_engajamento_ig_estatico_v1,107.69,117,9118,8,Engajamento_Instagram,Estático,Campanha Contínua | Vendas
2170,2025 | Fevereiro,Sábado,Final de semana,Leads,2025-02-22,bottomfunnel_engajamento_ig_estatico_v3,157.16,112,4801,7,Engajamento_Instagram,Estático,1º Lançamento | Leads
2171,2025 | Abril,Segunda-Feira,Dia útil,Leads,2025-04-21,topfunnel_cargos_dados_video_v1,86.89,77,10848,22,Cargos_Dados,Video,1º Lançamento | Leads
2172,2025 | Setembro,Sexta-Feira,Dia útil,Vendas,2025-09-19,bottomfunnel_engajamento_ig_carrossel_v2,56.2,21,1555,2,Engajamento_Instagram,Carrossel,2º Lançamento | Vendas
2173,2025 | Dezembro,Domingo,Final de semana,Leads,2025-12-28,bottomfunnel_rmkt_60d_carrossel_v3,16.38,6,538,0,Remarketing_60dias,Carrossel,Campanha Contínua | Leads
2174,2025 | Maio,Sexta-Feira,Dia útil,Vendas,2025-05-23,bottomfunnel_engajamento_ig_carrossel_v2,125.88,65,7288,17,Engajamento_Instagram,Carrossel,Campanha Contínua | Vendas
2175,2025 | Junho,Sábado,Final de semana,Leads,2025-06-28,bottomfunnel_visitantes_site_estatico_v3,77.77,100,2522,27,Visitantes_Site,Estático,1º Lançamento | Leads
2176,2025 | Julho,Terça-Feira,Dia útil,Leads,2025-07-15,topfunnel_lal1_compradores_video_v2,66.58,122,4377,13,LookALike_Compradores_1,Video,2º Lançamento | Leads
2177,2025 | Maio,Sábado,Final de semana,Leads,2025-05-10,topfunnel_lal1_compradores_carrossel_v2,8.45,10,464,0,LookALike_Compradores_1,Carrossel,Campanha Contínua | Leads
2178,2025 | Dezembro,Sábado,Final de semana,Leads,2025-12-27,topfunnel_lal1_compradores_carrossel_v1,155.72,165,3679,32,LookALike_Compradores_1,Carrossel,2º Lançamento | Leads
2179,2025 | Março,Domingo,Final de semana,Leads,2025-03-30,topfunnel_interesses_dados_video_v2,7.62,1,185,0,Interesses_Dados,Video,1º Lançamento | Leads
2180,2025 | Fevereiro,Quarta-Feira,Dia útil,Leads,2025-02-12,topfunnel_interesses_dados_video_v2,115.65,89,11221,15,Interesses_Dados,Video,1º Lançamento | Leads
2181,2025 | Dezembro,Terça-Feira,Dia útil,Leads,2025-12-02,topfunnel_lal1_compradores_estatico_v3,153.06,256,7765,70,LookALike_Compradores_1,Estático,Campanha Contínua | Leads
2182,2025 | Julho,Segunda-Feira,Dia útil,Leads,2025-07-07,midfunnel_engajamento_ig_estatico_v1,36.75,10,1016,0,Engajamento_Instagram,Estático,1º Lançamento | Leads
2183,2025 | Agosto,Sábado,Final de semana,Leads,2025-08-16,bottomfunnel_rmkt_30d_carrossel_v1,115.27,125,2943,13,Remarketing_30dias,Carrossel,Campanha Contínua | Leads
2184,2025 | Junho,Domingo,Final de semana,Leads,2025-06-29,topfunnel_lal2_leads_carrossel_v3,17.78,3,419,0,LookALike_Leads_2,Carrossel,1º Lançamento | Leads
2185,2025 | Fevereiro,Sexta-Feira,Dia útil,Leads,2025-02-14,topfunnel_lal1_compradores_video_v1,41.11,13,1880,2,LookALike_Compradores_1,Video,1º Lançamento | Leads
2186,2025 | Junho,Sábado,Final de semana,Vendas,2025-06-07,midfunnel_rmkt_30d_carrossel_v2,11.97,3,350,0,Remarketing_30dias,Carrossel,2º Lançamento | Vendas
2187,2025 | Julho,Quinta-Feira,Dia útil,Leads,2025-07-31,midfunnel_rmkt_30d_estatico_v1,176.32,220,10020,10,Remarketing_30dias,Estático,2º Lançamento | Leads
2188,2025 | Outubro,Sexta-Feira,Dia útil,Leads,2025-10-24,topfunnel_lal2_leads_carrossel_v3,150.13,613,16041,78,LookALike_Leads_2,Carrossel,Campanha Contínua | Leads
2189,2025 | Outubro,Domingo,Final de semana,Leads,2025-10-19,bottomfunnel_engajamento_ig_estatico_v1,63.24,38,1442,8,Engajamento_Instagram,Estático,2º Lançamento | Leads
2190,2025 | Fevereiro,Domingo,Final de semana,Leads,2025-02-16,midfunnel_rmkt_30d_estatico_v2,48.8,29,1158,5,Remarketing_30dias,Estático,2º Lançamento | Leads
2191,2025 | Março,Quinta-Feira,Dia útil,Leads,2025-03-13,bottomfunnel_visitantes_site_estatico_v3,106.94,378,11558,74,Visitantes_Site,Estático,1º Lançamento | Leads
2192,2025 | Março,Domingo,Final de semana,Leads,2025-03-23,midfunnel_visitantes_site_estatico_v1,164.58,196,8513,14,Visitantes_Site,Estático,1º Lançamento | Leads
2193,2025 | Agosto,Quarta-Feira,Dia útil,Vendas,2025-08-13,topfunnel_lal2_leads_carrossel_v3,125.77,84,3588,7,LookALike_Leads_2,Carrossel,Campanha Contínua | Vendas
2194,2025 | Julho,Sexta-Feira,Dia útil,Leads,2025-07-11,topfunnel_lal2_leads_carrossel_v2,55.78,50,1270,11,LookALike_Leads_2,Carrossel,Campanha Contínua | Leads
2195,2025 | Fevereiro,Terça-Feira,Dia útil,Leads,2025-02-25,bottomfunnel_rmkt_60d_carrossel_v3,7.57,11,280,2,Remarketing_60dias,Carrossel,Campanha Contínua | Leads
2196,2025 | Setembro,Sexta-Feira,Dia útil,Leads,2025-09-26,topfunnel_cargos_dados_video_v3,61.63,61,1416,6,Cargos_Dados,Video,1º Lançamento | Leads
2197,2025 | Junho,Sexta-Feira,Dia útil,Leads,2025-06-27,topfunnel_cargos_dados_estatico_v1,119.4,85,7745,9,Cargos_Dados,Estático,1º Lançamento | Leads
2198,2025 | Maio,Quinta-Feira,Dia útil,Vendas,2025-05-01,midfunnel_engajamento_ig_video_v1,124.04,61,3157,9,Engajamento_Instagram,Video,2º Lançamento | Vendas
2199,2025 | Fevereiro,Sexta-Feira,Dia útil,Leads,2025-02-21,midfunnel_engajamento_ig_carrossel_v2,121.15,102,3125,23,Engajamento_Instagram,Carrossel,1º Lançamento | Leads
2200,2025 | Julho,Sexta-Feira,Dia útil,Leads,2025-07-18,topfunnel_cargos_dados_estatico_v2,161.9,143,4223,19,Cargos_Dados,Estático,2º Lançamento | Leads
2201,2025 | Outubro,Quarta-Feira,Dia útil,Leads,2025-10-01,topfunnel_lal2_leads_carrossel_v3,174.72,782,19423,54,LookALike_Leads_2,Carrossel,1º Lançamento | Leads
2202,2025 | Julho,Terça-Feira,Dia útil,Leads,2025-07-08,topfunnel_lal1_compradores_carrossel_v3,135.92,98,3248,5,LookALike_Compradores_1,Carrossel,1º Lançamento | Leads
2203,2025 | Janeiro,Quinta-Feira,Dia útil,Leads,2025-01-23,bottomfunnel_engajamento_ig_video_v2,118.59,78,4992,10,Engajamento_Instagram,Video,2º Lançamento | Leads
2204,2025 | Janeiro,Sábado,Final de semana,Leads,2025-01-18,midfunnel_engajamento_ig_video_v2,123.62,73,3180,3,Engajamento_Instagram,Video,Campanha Contínua | Leads
2205,2025 | Fevereiro,Sexta-Feira,Dia útil,Vendas,2025-02-21,midfunnel_engajamento_ig_video_v2,25.35,30,947,0,Engajamento_Instagram,Video,Campanha Contínua | Vendas
2206,2025 | Dezembro,Quarta-Feira,Dia útil,Leads,2025-12-10,topfunnel_lal1_compradores_estatico_v2,48.41,44,1538,10,LookALike_Compradores_1,Estático,2º Lançamento | Leads
2207,2025 | Setembro,Segunda-Feira,Dia útil,Leads,2025-09-15,topfunnel_lal2_leads_carrossel_v2,152.34,29,3465,2,LookALike_Leads_2,Carrossel,2º Lançamento | Leads
2208,2025 | Setembro,Terça-Feira,Dia útil,Vendas,2025-09-30,topfunnel_interesses_dados_video_v1,62.34,41,1464,3,Interesses_Dados,Video,Campanha Contínua | Vendas
2209,2025 | Agosto,Quinta-Feira,Dia útil,Leads,2025-08-21,topfunnel_lal2_leads_estatico_v1,24.08,17,922,4,LookALike_Leads_2,Estático,Campanha Contínua | Leads
2210,2025 | Julho,Quarta-Feira,Dia útil,Leads,2025-07-09,bottomfunnel_visitantes_site_carrossel_v1,98.84,126,6763,3,Visitantes_Site,Carrossel,2º Lançamento | Leads
2211,2025 | Junho,Segunda-Feira,Dia útil,Vendas,2025-06-02,topfunnel_interesses_dados_estatico_v3,9.0,3,254,0,Interesses_Dados,Estático,1º Lançamento | Vendas
2212,2025 | Março,Quinta-Feira,Dia útil,Vendas,2025-03-06,topfunnel_lal2_leads_estatico_v2,63.81,74,2557,20,LookALike_Leads_2,Estático,Campanha Contínua | Vendas
2213,2025 | Setembro,Sexta-Feira,Dia útil,Leads,2025-09-26,topfunnel_lal1_compradores_video_v2,68.67,225,5113,44,LookALike_Compradores_1,Video,1º Lançamento | Leads
2214,2025 | Julho,Terça-Feira,Dia útil,Leads,2025-07-15,topfunnel_interesses_dados_estatico_v3,135.49,28,5732,8,Interesses_Dados,Estático,2º Lançamento | Leads
2215,2025 | Dezembro,Segunda-Feira,Dia útil,Vendas,2025-12-01,topfunnel_interesses_dados_estatico_v1,143.37,220,4922,42,Interesses_Dados,Estático,Campanha Contínua | Vendas
2216,2025 | Maio,Segunda-Feira,Dia útil,Vendas,2025-05-05,topfunnel_lal1_compradores_estatico_v3,86.44,52,2391,11,LookALike_Compradores_1,Estático,1º Lançamento | Vendas
2217,2025 | Maio,Quinta-Feira,Dia útil,Leads,2025-05-22,topfunnel_lal1_compradores_carrossel_v2,163.98,75,4955,10,LookALike_Compradores_1,Carrossel,1º Lançamento | Leads
2218,2025 | Agosto,Sexta-Feira,Dia útil,Vendas,2025-08-01,bottomfunnel_rmkt_60d_estatico_v3,142.77,36,4533,2,Remarketing_60dias,Estático,Campanha Contínua | Vendas
2219,2025 | Junho,Segunda-Feira,Dia útil,Leads,2025-06-16,bottomfunnel_rmkt_60d_carrossel_v3,77.19,67,2570,10,Remarketing_60dias,Carrossel,Campanha Contínua | Leads
2220,2025 | Janeiro,Terça-Feira,Dia útil,Leads,2025-01-07,bottomfunnel_visitantes_site_estatico_v1,84.5,30,2381,6,Visitantes_Site,Estático,Campanha Contínua | Leads
2221,2025 | Julho,Sábado,Final de semana,Leads,2025-07-19,topfunnel_lal1_compradores_carrossel_v3,174.27,150,5556,17,LookALike_Compradores_1,Carrossel,1º Lançamento | Leads
2222,2025 | Setembro,Segunda-Feira,Dia útil,Leads,2025-09-29,bottomfunnel_rmkt_60d_estatico_v3,85.46,173,6207,33,Remarketing_60dias,Estático,Campanha Contínua | Leads
2223,2025 | Agosto,Sábado,Final de semana,Leads,2025-08-09,topfunnel_lal1_compradores_estatico_v3,134.57,58,3016,9,LookALike_Compradores_1,Estático,2º Lançamento | Leads
2224,2025 | Novembro,Sexta-Feira,Dia útil,Vendas,2025-11-07,topfunnel_interesses_dados_video_v2,41.25,25,922,1,Interesses_Dados,Video,1º Lançamento | Vendas
2225,2025 | Julho,Sexta-Feira,Dia útil,Leads,2025-07-25,bottomfunnel_visitantes_site_video_v3,52.0,42,1424,8,Visitantes_Site,Video,Campanha Contínua | Leads
2226,2025 | Novembro,Sexta-Feira,Dia útil,Vendas,2025-11-21,bottomfunnel_visitantes_site_carrossel_v1,154.98,135,5890,33,Visitantes_Site,Carrossel,2º Lançamento | Vendas
2227,2025 | Março,Sábado,Final de semana,Vendas,2025-03-22,topfunnel_cargos_dados_estatico_v2,3.09,2,79,0,Cargos_Dados,Estático,Campanha Contínua | Vendas
2228,2025 | Fevereiro,Quinta-Feira,Dia útil,Leads,2025-02-20,bottomfunnel_engajamento_ig_estatico_v1,115.46,36,3736,6,Engajamento_Instagram,Estático,1º Lançamento | Leads
2229,2025 | Novembro,Segunda-Feira,Dia útil,Leads,2025-11-03,bottomfunnel_engajamento_ig_video_v3,46.86,37,1612,1,Engajamento_Instagram,Video,2º Lançamento | Leads
2230,2025 | Janeiro,Domingo,Final de semana,Vendas,2025-01-12,midfunnel_engajamento_ig_carrossel_v1,83.75,33,2409,5,Engajamento_Instagram,Carrossel,Campanha Contínua | Vendas
2231,2025 | Abril,Domingo,Final de semana,Leads,2025-04-13,midfunnel_rmkt_60d_video_v1,105.02,134,4202,19,Remarketing_60dias,Video,1º Lançamento | Leads
2232,2025 | Abril,Terça-Feira,Dia útil,Vendas,2025-04-01,topfunnel_interesses_dados_carrossel_v2,157.3,53,3778,11,Interesses_Dados,Carrossel,1º Lançamento | Vendas
2233,2025 | Janeiro,Sábado,Final de semana,Vendas,2025-01-04,bottomfunnel_engajamento_ig_carrossel_v2,14.99,9,639,1,Engajamento_Instagram,Carrossel,1º Lançamento | Vendas
2234,2025 | Novembro,Sexta-Feira,Dia útil,Vendas,2025-11-07,topfunnel_lal1_compradores_estatico_v2,149.43,545,14632,137,LookALike_Compradores_1,Estático,Campanha Contínua | Vendas
2235,2025 | Janeiro,Terça-Feira,Dia útil,Leads,2025-01-21,topfunnel_lal2_leads_estatico_v1,20.89,18,530,3,LookALike_Leads_2,Estático,1º Lançamento | Leads
2236,2025 | Março,Sexta-Feira,Dia útil,Leads,2025-03-28,midfunnel_visitantes_site_video_v2,39.79,104,3432,4,Visitantes_Site,Video,Campanha Contínua | Leads
2237,2025 | Setembro,Terça-Feira,Dia útil,Vendas,2025-09-09,bottomfunnel_rmkt_60d_estatico_v3,81.43,71,2192,12,Remarketing_60dias,Estático,Campanha Contínua | Vendas
2238,2025 | Janeiro,Domingo,Final de semana,Vendas,2025-01-19,topfunnel_cargos_dados_carrossel_v2,7.1,4,175,0,Cargos_Dados,Carrossel,2º Lançamento | Vendas
2239,2025 | Março,Domingo,Final de semana,Leads,2025-03-23,bottomfunnel_rmkt_60d_estatico_v3,54.84,50,1544,3,Remarketing_60dias,Estático,2º Lançamento | Leads
2240,2025 | Julho,Quarta-Feira,Dia útil,Leads,2025-07-16,midfunnel_rmkt_30d_video_v3,56.27,27,1899,5,Remarketing_30dias,Video,Campanha Contínua | Leads
2241,2025 | Setembro,Segunda-Feira,Dia útil,Leads,2025-09-22,topfunnel_cargos_dados_estatico_v3,30.17,12,762,1,Cargos_Dados,Estático,2º Lançamento | Leads
2242,2025 | Novembro,Sexta-Feira,Dia útil,Leads,2025-11-28,topfunnel_lal2_leads_video_v2,161.74,812,18968,94,LookALike_Leads_2,Video,2º Lançamento | Leads
2243,2025 | Abril,Quarta-Feira,Dia útil,Leads,2025-04-16,midfunnel_rmkt_60d_carrossel_v3,37.46,38,1415,7,Remarketing_60dias,Carrossel,1º Lançamento | Leads
2244,2025 | Setembro,Sexta-Feira,Dia útil,Vendas,2025-09-26,midfunnel_rmkt_30d_estatico_v2,113.69,65,2630,6,Remarketing_30dias,Estático,Campanha Contínua | Vendas
2245,2025 | Outubro,Sexta-Feira,Dia útil,Vendas,2025-10-03,topfunnel_lal1_compradores_estatico_v3,95.32,205,5589,14,LookALike_Compradores_1,Estático,Campanha Contínua | Vendas
2246,2025 | Maio,Terça-Feira,Dia útil,Leads,2025-05-06,topfunnel_lal2_leads_video_v1,176.34,152,9888,34,LookALike_Leads_2,Video,Campanha Contínua | Leads
2247,2025 | Fevereiro,Domingo,Final de semana,Vendas,2025-02-02,topfunnel_cargos_dados_carrossel_v2,13.3,22,809,4,Cargos_Dados,Carrossel,2º Lançamento | Vendas
2248,2025 | Fevereiro,Quinta-Feira,Dia útil,Leads,2025-02-20,topfunnel_lal1_compradores_estatico_v3,15.47,13,602,1,LookALike_Compradores_1,Estático,1º Lançamento | Leads
2249,2025 | Outubro,Domingo,Final de semana,Leads,2025-10-05,topfunnel_lal2_leads_estatico_v3,4.2,7,175,1,LookALike_Leads_2,Estático,2º Lançamento | Leads
2250,2025 | Novembro,Quarta-Feira,Dia útil,Leads,2025-11-26,topfunnel_lal2_leads_video_v2,136.43,109,4510,7,LookALike_Leads_2,Video,Campanha Contínua | Leads
2251,2025 | Setembro,Sexta-Feira,Dia útil,Leads,2025-09-05,midfunnel_rmkt_60d_estatico_v2,51.36,29,1785,4,Remarketing_60dias,Estático,1º Lançamento | Leads
2252,2025 | Setembro,Domingo,Final de semana,Leads,2025-09-07,topfunnel_lal2_leads_estatico_v1,34.24,29,947,1,LookALike_Leads_2,Estático,2º Lançamento | Leads
2253,2025 | Junho,Quarta-Feira,Dia útil,Vendas,2025-06-25,topfunnel_cargos_dados_video_v1,137.91,213,8679,23,Cargos_Dados,Video,Campanha Contínua | Vendas
2254,2025 | Agosto,Sábado,Final de semana,Leads,2025-08-30,midfunnel_rmkt_60d_carrossel_v3,121.76,72,6094,9,Remarketing_60dias,Carrossel,1º Lançamento | Leads
2255,2025 | Março,Sábado,Final de semana,Leads,2025-03-22,topfunnel_cargos_dados_estatico_v3,176.65,199,5489,47,Cargos_Dados,Estático,2º Lançamento | Leads
2256,2025 | Abril,Segunda-Feira,Dia útil,Vendas,2025-04-28,topfunnel_lal2_leads_estatico_v2,28.24,25,1387,5,LookALike_Leads_2,Estático,2º Lançamento | Vendas
2257,2025 | Junho,Sábado,Final de semana,Leads,2025-06-07,midfunnel_engajamento_ig_estatico_v2,12.32,16,532,0,Engajamento_Instagram,Estático,2º Lançamento | Leads
2258,2025 | Maio,Quarta-Feira,Dia útil,Leads,2025-05-21,bottomfunnel_rmkt_30d_video_v2,150.28,364,16930,46,Remarketing_30dias,Video,Campanha Contínua | Leads
2259,2025 | Outubro,Terça-Feira,Dia útil,Vendas,2025-10-14,bottomfunnel_rmkt_30d_carrossel_v2,21.46,21,1262,3,Remarketing_30dias,Carrossel,Campanha Contínua | Vendas
2260,2025 | Outubro,Sexta-Feira,Dia útil,Leads,2025-10-31,topfunnel_lal1_compradores_carrossel_v2,124.58,71,2992,6,LookALike_Compradores_1,Carrossel,Campanha Contínua | Leads
2261,2025 | Outubro,Terça-Feira,Dia útil,Leads,2025-10-28,topfunnel_interesses_dados_video_v3,63.33,49,2269,4,Interesses_Dados,Video,2º Lançamento | Leads
2262,2025 | Março,Segunda-Feira,Dia útil,Vendas,2025-03-10,topfunnel_interesses_dados_estatico_v3,75.95,56,5578,5,Interesses_Dados,Estático,1º Lançamento | Vendas
2263,2025 | Outubro,Quarta-Feira,Dia útil,Leads,2025-10-15,bottomfunnel_rmkt_30d_estatico_v3,96.76,25,5151,5,Remarketing_30dias,Estático,1º Lançamento | Leads
2264,2025 | Dezembro,Quinta-Feira,Dia útil,Vendas,2025-12-25,bottomfunnel_visitantes_site_estatico_v3,159.51,249,10768,37,Visitantes_Site,Estático,2º Lançamento | Vendas
2265,2025 | Abril,Sábado,Final de semana,Vendas,2025-04-12,midfunnel_rmkt_60d_estatico_v1,23.66,20,1019,3,Remarketing_60dias,Estático,1º Lançamento | Vendas
2266,2025 | Setembro,Domingo,Final de semana,Leads,2025-09-28,bottomfunnel_visitantes_site_video_v1,172.86,74,4288,12,Visitantes_Site,Video,2º Lançamento | Leads
2267,2025 | Outubro,Quarta-Feira,Dia útil,Leads,2025-10-22,topfunnel_interesses_dados_carrossel_v1,102.84,84,2334,14,Interesses_Dados,Carrossel,Campanha Contínua | Leads
2268,2025 | Fevereiro,Sexta-Feira,Dia útil,Leads,2025-02-14,topfunnel_lal2_leads_carrossel_v3,178.75,176,4990,24,LookALike_Leads_2,Carrossel,2º Lançamento | Leads
2269,2025 | Agosto,Quarta-Feira,Dia útil,Leads,2025-08-27,topfunnel_cargos_dados_carrossel_v2,15.46,8,483,1,Cargos_Dados,Carrossel,Campanha Contínua | Leads
2270,2025 | Agosto,Domingo,Final de semana,Vendas,2025-08-10,bottomfunnel_engajamento_ig_carrossel_v1,113.2,21,5047,2,Engajamento_Instagram,Carrossel,1º Lançamento | Vendas
2271,2025 | Maio,Terça-Feira,Dia útil,Vendas,2025-05-13,bottomfunnel_visitantes_site_carrossel_v3,120.61,91,3305,10,Visitantes_Site,Carrossel,Campanha Contínua | Vendas
2272,2025 | Outubro,Quinta-Feira,Dia útil,Leads,2025-10-23,topfunnel_cargos_dados_video_v2,34.73,111,3871,28,Cargos_Dados,Video,1º Lançamento | Leads
2273,2025 | Outubro,Sábado,Final de semana,Leads,2025-10-04,topfunnel_interesses_dados_estatico_v2,167.3,63,5171,4,Interesses_Dados,Estático,2º Lançamento | Leads
2274,2025 | Abril,Quarta-Feira,Dia útil,Vendas,2025-04-30,midfunnel_rmkt_30d_estatico_v1,158.28,33,3685,9,Remarketing_30dias,Estático,1º Lançamento | Vendas
2275,2025 | Agosto,Sábado,Final de semana,Vendas,2025-08-16,midfunnel_rmkt_30d_estatico_v2,80.34,186,5234,34,Remarketing_30dias,Estático,1º Lançamento | Vendas
2276,2025 | Fevereiro,Segunda-Feira,Dia útil,Vendas,2025-02-17,topfunnel_interesses_dados_video_v1,23.86,26,914,5,Interesses_Dados,Video,2º Lançamento | Vendas
2277,2025 | Agosto,Sexta-Feira,Dia útil,Leads,2025-08-01,topfunnel_interesses_dados_carrossel_v2,87.34,139,3256,3,Interesses_Dados,Carrossel,2º Lançamento | Leads
2278,2025 | Agosto,Segunda-Feira,Dia útil,Leads,2025-08-04,topfunnel_interesses_dados_estatico_v2,170.37,95,4373,24,Interesses_Dados,Estático,2º Lançamento | Leads
2279,2025 | Abril,Segunda-Feira,Dia útil,Vendas,2025-04-28,topfunnel_interesses_dados_carrossel_v3,146.31,16,3620,4,Interesses_Dados,Carrossel,Campanha Contínua | Vendas
2280,2025 | Novembro,Sexta-Feira,Dia útil,Vendas,2025-11-28,topfunnel_lal1_compradores_video_v1,33.98,102,4072,6,LookALike_Compradores_1,Video,2º Lançamento | Vendas
2281,2025 | Janeiro,Segunda-Feira,Dia útil,Leads,2025-01-20,bottomfunnel_rmkt_30d_carrossel_v2,112.12,61,2915,4,Remarketing_30dias,Carrossel,Campanha Contínua | Leads
2282,2025 | Março,Quarta-Feira,Dia útil,Vendas,2025-03-19,topfunnel_cargos_dados_estatico_v1,142.11,192,15600,25,Cargos_Dados,Estático,2º Lançamento | Vendas
2283,2025 | Maio,Sexta-Feira,Dia útil,Vendas,2025-05-16,topfunnel_lal1_compradores_video_v2,7.56,10,297,0,LookALike_Compradores_1,Video,2º Lançamento | Vendas
2284,2025 | Janeiro,Sexta-Feira,Dia útil,Leads,2025-01-24,topfunnel_cargos_dados_video_v1,5.15,0,125,0,Cargos_Dados,Video,1º Lançamento | Leads
2285,2025 | Setembro,Segunda-Feira,Dia útil,Leads,2025-09-01,bottomfunnel_engajamento_ig_carrossel_v1,154.6,16,4073,2,Engajamento_Instagram,Carrossel,2º Lançamento | Leads
2286,2025 | Março,Sexta-Feira,Dia útil,Leads,2025-03-07,midfunnel_visitantes_site_carrossel_v2,89.97,63,2321,3,Visitantes_Site,Carrossel,Campanha Contínua | Leads
2287,2025 | Março,Sábado,Final de semana,Vendas,2025-03-08,topfunnel_cargos_dados_video_v3,17.09,30,1485,8,Cargos_Dados,Video,1º Lançamento | Vendas
2288,2025 | Maio,Quinta-Feira,Dia útil,Leads,2025-05-08,topfunnel_cargos_dados_carrossel_v3,55.95,37,1631,6,Cargos_Dados,Carrossel,Campanha Contínua | Leads
2289,2025 | Outubro,Quinta-Feira,Dia útil,Vendas,2025-10-23,bottomfunnel_rmkt_60d_video_v2,69.02,176,5161,45,Remarketing_60dias,Video,Campanha Contínua | Vendas
2290,2025 | Julho,Quinta-Feira,Dia útil,Vendas,2025-07-17,midfunnel_rmkt_30d_video_v1,115.15,40,2959,5,Remarketing_30dias,Video,1º Lançamento | Vendas
2291,2025 | Outubro,Segunda-Feira,Dia útil,Leads,2025-10-20,bottomfunnel_visitantes_site_video_v2,178.7,106,7214,15,Visitantes_Site,Video,Campanha Contínua | Leads
2292,2025 | Maio,Sábado,Final de semana,Vendas,2025-05-24,midfunnel_visitantes_site_estatico_v2,63.02,55,1565,8,Visitantes_Site,Estático,1º Lançamento | Vendas
2293,2025 | Dezembro,Terça-Feira,Dia útil,Vendas,2025-12-09,bottomfunnel_rmkt_60d_video_v2,116.51,24,2666,2,Remarketing_60dias,Video,2º Lançamento | Vendas
2294,2025 | Fevereiro,Quarta-Feira,Dia útil,Leads,2025-02-26,bottomfunnel_rmkt_60d_video_v2,82.83,123,2909,35,Remarketing_60dias,Video,Campanha Contínua | Leads
2295,2025 | Abril,Sexta-Feira,Dia útil,Leads,2025-04-04,midfunnel_rmkt_30d_video_v1,37.77,27,1062,6,Remarketing_30dias,Video,Campanha Contínua | Leads
2296,2025 | Setembro,Segunda-Feira,Dia útil,Leads,2025-09-29,midfunnel_visitantes_site_carrossel_v3,170.62,119,6172,5,Visitantes_Site,Carrossel,1º Lançamento | Leads
2297,2025 | Novembro,Sábado,Final de semana,Vendas,2025-11-22,midfunnel_rmkt_30d_carrossel_v3,169.74,217,5554,21,Remarketing_30dias,Carrossel,2º Lançamento | Vendas
2298,2025 | Junho,Domingo,Final de semana,Leads,2025-06-01,bottomfunnel_engajamento_ig_estatico_v2,26.66,2,624,0,Engajamento_Instagram,Estático,Campanha Contínua | Leads
2299,2025 | Dezembro,Terça-Feira,Dia útil,Leads,2025-12-09,topfunnel_interesses_dados_video_v2,27.4,11,1062,3,Interesses_Dados,Video,1º Lançamento | Leads
2300,2025 | Julho,Domingo,Final de semana,Vendas,2025-07-20,midfunnel_engajamento_ig_estatico_v1,150.59,617,14193,60,Engajamento_Instagram,Estático,2º Lançamento | Vendas
2301,2025 | Março,Quarta-Feira,Dia útil,Vendas,2025-03-05,topfunnel_cargos_dados_video_v2,27.78,26,1527,5,Cargos_Dados,Video,Campanha Contínua | Vendas
2302,2025 | Junho,Segunda-Feira,Dia útil,Leads,2025-06-09,topfunnel_lal2_leads_video_v3,80.29,54,2089,10,LookALike_Leads_2,Video,1º Lançamento | Leads
2303,2025 | Fevereiro,Quinta-Feira,Dia útil,Vendas,2025-02-06,midfunnel_visitantes_site_estatico_v2,151.24,257,8666,35,Visitantes_Site,Estático,1º Lançamento | Vendas
2304,2025 | Dezembro,Terça-Feira,Dia útil,Vendas,2025-12-30,topfunnel_lal2_leads_estatico_v1,95.3,287,8450,82,LookALike_Leads_2,Estático,2º Lançamento | Vendas
2305,2025 | Maio,Domingo,Final de semana,Vendas,2025-05-04,topfunnel_lal2_leads_carrossel_v2,77.35,96,2447,9,LookALike_Leads_2,Carrossel,Campanha Contínua | Vendas
2306,2025 | Maio,Quinta-Feira,Dia útil,Vendas,2025-05-22,bottomfunnel_visitantes_site_estatico_v2,17.25,54,1469,4,Visitantes_Site,Estático,2º Lançamento | Vendas
2307,2025 | Abril,Quinta-Feira,Dia útil,Leads,2025-04-24,bottomfunnel_rmkt_60d_video_v3,110.18,109,3808,28,Remarketing_60dias,Video,Campanha Contínua | Leads
2308,2025 | Julho,Terça-Feira,Dia útil,Leads,2025-07-15,topfunnel_interesses_dados_carrossel_v3,171.85,51,5865,11,Interesses_Dados,Carrossel,2º Lançamento | Leads
2309,2025 | Outubro,Sábado,Final de semana,Vendas,2025-10-25,midfunnel_engajamento_ig_estatico_v2,117.36,110,4831,28,Engajamento_Instagram,Estático,1º Lançamento | Vendas
2310,2025 | Julho,Quinta-Feira,Dia útil,Vendas,2025-07-24,midfunnel_engajamento_ig_carrossel_v1,103.13,496,11596,23,Engajamento_Instagram,Carrossel,2º Lançamento | Vendas
2311,2025 | Janeiro,Quarta-Feira,Dia útil,Vendas,2025-01-15,bottomfunnel_rmkt_60d_estatico_v2,175.31,227,10191,7,Remarketing_60dias,Estático,2º Lançamento | Vendas
2312,2025 | Dezembro,Quarta-Feira,Dia útil,Vendas,2025-12-24,midfunnel_rmkt_60d_video_v3,139.32,84,4931,11,Remarketing_60dias,Video,2º Lançamento | Vendas
2313,2025 | Março,Domingo,Final de semana,Vendas,2025-03-30,topfunnel_interesses_dados_estatico_v2,111.91,121,3163,10,Interesses_Dados,Estático,2º Lançamento | Vendas
2314,2025 | Fevereiro,Sexta-Feira,Dia útil,Vendas,2025-02-21,topfunnel_interesses_dados_carrossel_v2,58.04,25,2198,3,Interesses_Dados,Carrossel,2º Lançamento | Vendas
2315,2025 | Dezembro,Segunda-Feira,Dia útil,Leads,2025-12-29,bottomfunnel_visitantes_site_estatico_v1,172.78,74,8664,13,Visitantes_Site,Estático,Campanha Contínua | Leads
2316,2025 | Dezembro,Quinta-Feira,Dia útil,Vendas,2025-12-25,midfunnel_rmkt_60d_carrossel_v2,112.28,81,10387,17,Remarketing_60dias,Carrossel,Campanha Contínua | Vendas
2317,2025 | Julho,Domingo,Final de semana,Vendas,2025-07-27,topfunnel_cargos_dados_carrossel_v2,97.08,178,4280,8,Cargos_Dados,Carrossel,Campanha Contínua | Vendas
2318,2025 | Maio,Sábado,Final de semana,Leads,2025-05-31,topfunnel_interesses_dados_estatico_v1,81.05,225,8523,46,Interesses_Dados,Estático,2º Lançamento | Leads
2319,2025 | Janeiro,Terça-Feira,Dia útil,Leads,2025-01-14,midfunnel_rmkt_30d_video_v2,117.5,33,7347,2,Remarketing_30dias,Video,1º Lançamento | Leads
2320,2025 | Novembro,Segunda-Feira,Dia útil,Leads,2025-11-10,topfunnel_lal2_leads_estatico_v3,100.34,72,3457,18,LookALike_Leads_2,Estático,Campanha Contínua | Leads
2321,2025 | Julho,Quinta-Feira,Dia útil,Vendas,2025-07-24,bottomfunnel_engajamento_ig_carrossel_v3,143.93,247,6704,34,Engajamento_Instagram,Carrossel,2º Lançamento | Vendas
2322,2025 | Maio,Quinta-Feira,Dia útil,Leads,2025-05-01,midfunnel_visitantes_site_video_v2,155.14,49,3486,8,Visitantes_Site,Video,1º Lançamento | Leads
2323,2025 | Fevereiro,Quarta-Feira,Dia útil,Vendas,2025-02-19,topfunnel_lal2_leads_carrossel_v2,21.1,7,547,0,LookALike_Leads_2,Carrossel,Campanha Contínua | Vendas
2324,2025 | Novembro,Quinta-Feira,Dia útil,Vendas,2025-11-27,bottomfunnel_rmkt_30d_estatico_v3,151.0,132,6033,24,Remarketing_30dias,Estático,1º Lançamento | Vendas
2325,2025 | Março,Sábado,Final de semana,Leads,2025-03-29,topfunnel_lal2_leads_carrossel_v3,12.71,24,609,1,LookALike_Leads_2,Carrossel,Campanha Contínua | Leads
2326,2025 | Julho,Terça-Feira,Dia útil,Leads,2025-07-01,bottomfunnel_rmkt_60d_carrossel_v3,7.39,5,245,1,Remarketing_60dias,Carrossel,1º Lançamento | Leads
2327,2025 | Julho,Terça-Feira,Dia útil,Leads,2025-07-22,topfunnel_lal2_leads_estatico_v3,126.25,88,6550,21,LookALike_Leads_2,Estático,Campanha Contínua | Leads
2328,2025 | Julho,Segunda-Feira,Dia útil,Leads,2025-07-28,midfunnel_visitantes_site_video_v3,136.42,164,4587,6,Visitantes_Site,Video,1º Lançamento | Leads
2329,2025 | Setembro,Segunda-Feira,Dia útil,Leads,2025-09-29,topfunnel_cargos_dados_carrossel_v1,46.66,54,1542,3,Cargos_Dados,Carrossel,1º Lançamento | Leads
2330,2025 | Janeiro,Quinta-Feira,Dia útil,Vendas,2025-01-16,topfunnel_lal2_leads_carrossel_v1,61.39,109,5345,23,LookALike_Leads_2,Carrossel,Campanha Contínua | Vendas
2331,2025 | Julho,Sexta-Feira,Dia útil,Vendas,2025-07-18,bottomfunnel_engajamento_ig_carrossel_v1,152.89,173,10350,12,Engajamento_Instagram,Carrossel,2º Lançamento | Vendas
2332,2025 | Maio,Sábado,Final de semana,Leads,2025-05-10,topfunnel_cargos_dados_estatico_v2,38.11,55,1815,2,Cargos_Dados,Estático,2º Lançamento | Leads
2333,2025 | Fevereiro,Terça-Feira,Dia útil,Leads,2025-02-18,topfunnel_lal1_compradores_carrossel_v1,176.81,334,17354,22,LookALike_Compradores_1,Carrossel,Campanha Contínua | Leads
2334,2025 | Janeiro,Terça-Feira,Dia útil,Leads,2025-01-07,midfunnel_engajamento_ig_estatico_v3,102.5,111,2575,8,Engajamento_Instagram,Estático,Campanha Contínua | Leads
2335,2025 | Setembro,Sábado,Final de semana,Leads,2025-09-13,midfunnel_rmkt_30d_estatico_v3,164.49,150,5448,40,Remarketing_30dias,Estático,Campanha Contínua | Leads
2336,2025 | Abril,Terça-Feira,Dia útil,Leads,2025-04-01,topfunnel_lal2_leads_video_v3,9.38,14,336,3,LookALike_Leads_2,Video,2º Lançamento | Leads
2337,2025 | Maio,Sexta-Feira,Dia útil,Leads,2025-05-30,topfunnel_cargos_dados_carrossel_v3,32.21,32,2755,2,Cargos_Dados,Carrossel,Campanha Contínua | Leads
2338,2025 | Junho,Domingo,Final de semana,Vendas,2025-06-22,midfunnel_engajamento_ig_estatico_v3,100.92,93,4918,8,Engajamento_Instagram,Estático,2º Lançamento | Vendas
2339,2025 | Abril,Segunda-Feira,Dia útil,Vendas,2025-04-07,topfunnel_lal1_compradores_estatico_v1,165.2,146,3925,40,LookALike_Compradores_1,Estático,Campanha Contínua | Vendas
2340,2025 | Outubro,Quinta-Feira,Dia útil,Leads,2025-10-30,topfunnel_interesses_dados_carrossel_v3,59.4,59,2159,9,Interesses_Dados,Carrossel,2º Lançamento | Leads
2341,2025 | Outubro,Terça-Feira,Dia útil,Vendas,2025-10-07,midfunnel_rmkt_60d_estatico_v2,138.03,217,7326,28,Remarketing_60dias,Estático,2º Lançamento | Vendas
2342,2025 | Fevereiro,Quarta-Feira,Dia útil,Leads,2025-02-12,topfunnel_lal2_leads_video_v2,102.12,55,3341,16,LookALike_Leads_2,Video,2º Lançamento | Leads
2343,2025 | Dezembro,Quarta-Feira,Dia útil,Vendas,2025-12-17,topfunnel_lal1_compradores_video_v1,57.01,78,1917,13,LookALike_Compradores_1,Video,Campanha Contínua | Vendas
2344,2025 | Junho,Terça-Feira,Dia útil,Vendas,2025-06-10,topfunnel_lal1_compradores_video_v2,70.82,87,3369,21,LookALike_Compradores_1,Video,Campanha Contínua | Vendas
2345,2025 | Agosto,Segunda-Feira,Dia útil,Vendas,2025-08-11,topfunnel_cargos_dados_carrossel_v2,123.4,163,12781,24,Cargos_Dados,Carrossel,1º Lançamento | Vendas
2346,2025 | Abril,Quinta-Feira,Dia útil,Vendas,2025-04-24,topfunnel_interesses_dados_carrossel_v1,90.41,90,3103,2,Interesses_Dados,Carrossel,2º Lançamento | Vendas
2347,2025 | Abril,Quarta-Feira,Dia útil,Vendas,2025-04-16,topfunnel_interesses_dados_estatico_v1,163.03,208,5031,23,Interesses_Dados,Estático,1º Lançamento | Vendas
2348,2025 | Julho,Sábado,Final de semana,Vendas,2025-07-19,midfunnel_visitantes_site_estatico_v1,27.65,50,1616,13,Visitantes_Site,Estático,2º Lançamento | Vendas
2349,2025 | Dezembro,Segunda-Feira,Dia útil,Leads,2025-12-15,bottomfunnel_rmkt_60d_video_v2,125.02,112,5345,10,Remarketing_60dias,Video,1º Lançamento | Leads
2350,2025 | Setembro,Domingo,Final de semana,Leads,2025-09-07,topfunnel_lal1_compradores_carrossel_v3,72.7,48,2153,9,LookALike_Compradores_1,Carrossel,1º Lançamento | Leads
2351,2025 | Fevereiro,Quinta-Feira,Dia útil,Vendas,2025-02-06,topfunnel_interesses_dados_video_v2,14.3,5,513,1,Interesses_Dados,Video,Campanha Contínua | Vendas
2352,2025 | Dezembro,Segunda-Feira,Dia útil,Leads,2025-12-22,bottomfunnel_rmkt_60d_estatico_v1,137.58,245,6084,18,Remarketing_60dias,Estático,1º Lançamento | Leads
2353,2025 | Outubro,Domingo,Final de semana,Vendas,2025-10-12,midfunnel_rmkt_30d_video_v2,87.49,40,7217,5,Remarketing_30dias,Video,1º Lançamento | Vendas
2354,2025 | Dezembro,Segunda-Feira,Dia útil,Vendas,2025-12-22,bottomfunnel_rmkt_30d_estatico_v2,133.56,194,5483,39,Remarketing_30dias,Estático,Campanha Contínua | Vendas
2355,2025 | Abril,Segunda-Feira,Dia útil,Vendas,2025-04-07,midfunnel_visitantes_site_video_v1,63.09,61,1461,7,Visitantes_Site,Video,1º Lançamento | Vendas
2356,2025 | Novembro,Quarta-Feira,Dia útil,Leads,2025-11-26,bottomfunnel_engajamento_ig_video_v3,13.8,11,932,2,Engajamento_Instagram,Video,2º Lançamento | Leads
2357,2025 | Janeiro,Segunda-Feira,Dia útil,Vendas,2025-01-13,topfunnel_interesses_dados_video_v3,96.32,33,3367,9,Interesses_Dados,Video,1º Lançamento | Leads
2358,2025 | Fevereiro,Quinta-Feira,Dia útil,Vendas,2025-02-27,midfunnel_engajamento_ig_carrossel_v3,130.39,64,3747,1,Engajamento_Instagram,Carrossel,1º Lançamento | Vendas
2359,2025 | Dezembro,Quarta-Feira,Dia útil,Leads,2025-12-17,midfunnel_engajamento_ig_video_v2,138.94,147,11180,28,Engajamento_Instagram,Video,Campanha Contínua | Leads
2360,2025 | Outubro,Terça-Feira,Dia útil,Leads,2025-10-07,topfunnel_lal2_leads_carrossel_v3,71.02,42,2128,11,LookALike_Leads_2,Carrossel,1º Lançamento | Leads
2361,2025 | Dezembro,Terça-Feira,Dia útil,Leads,2025-12-16,bottomfunnel_rmkt_60d_estatico_v2,165.7,315,12124,38,Remarketing_60dias,Estático,1º Lançamento | Leads
2362,2025 | Maio,Terça-Feira,Dia útil,Vendas,2025-05-27,topfunnel_cargos_dados_estatico_v2,159.04,35,7356,8,Cargos_Dados,Estático,1º Lançamento | Vendas
2363,2025 | Janeiro,Quarta-Feira,Dia útil,Leads,2025-01-22,midfunnel_rmkt_30d_estatico_v3,65.15,32,1520,4,Remarketing_30dias,Estático,Campanha Contínua | Leads
2364,2025 | Agosto,Quarta-Feira,Dia útil,Leads,2025-08-20,bottomfunnel_engajamento_ig_estatico_v2,60.37,89,2652,6,Engajamento_Instagram,Estático,1º Lançamento | Leads
2365,2025 | Dezembro,Quarta-Feira,Dia útil,Leads,2025-12-31,bottomfunnel_rmkt_30d_carrossel_v2,99.81,57,2752,11,Remarketing_30dias,Carrossel,1º Lançamento | Leads
2366,2025 | Julho,Segunda-Feira,Dia útil,Leads,2025-07-21,topfunnel_interesses_dados_carrossel_v3,82.79,86,1996,22,Interesses_Dados,Carrossel,2º Lançamento | Leads
2367,2025 | Janeiro,Segunda-Feira,Dia útil,Leads,2025-01-27,midfunnel_visitantes_site_carrossel_v3,70.71,29,2604,4,Visitantes_Site,Carrossel,Campanha Contínua | Leads
2368,2025 | Abril,Quarta-Feira,Dia útil,Leads,2025-04-16,topfunnel_cargos_dados_estatico_v3,123.31,102,3381,18,Cargos_Dados,Estático,1º Lançamento | Leads
2369,2025 | Março,Quarta-Feira,Dia útil,Leads,2025-03-19,topfunnel_lal2_leads_video_v3,25.67,10,604,2,LookALike_Leads_2,Video,Campanha Contínua | Leads
2370,2025 | Setembro,Segunda-Feira,Dia útil,Vendas,2025-09-29,topfunnel_lal1_compradores_carrossel_v1,142.19,55,12726,14,LookALike_Compradores_1,Carrossel,1º Lançamento | Vendas
2371,2025 | Junho,Quinta-Feira,Dia útil,Vendas,2025-06-19,midfunnel_visitantes_site_estatico_v3,29.23,70,1840,8,Visitantes_Site,Estático,2º Lançamento | Vendas
2372,2025 | Outubro,Domingo,Final de semana,Vendas,2025-10-26,topfunnel_lal2_leads_estatico_v2,127.39,55,6804,9,LookALike_Leads_2,Estático,1º Lançamento | Vendas
2373,2025 | Março,Terça-Feira,Dia útil,Leads,2025-03-25,bottomfunnel_engajamento_ig_video_v3,177.04,216,5280,63,Engajamento_Instagram,Video,Campanha Contínua | Leads
2374,2025 | Março,Segunda-Feira,Dia útil,Vendas,2025-03-17,topfunnel_interesses_dados_video_v1,158.74,146,6226,34,Interesses_Dados,Video,Campanha Contínua | Vendas
2375,2025 | Dezembro,Sexta-Feira,Dia útil,Vendas,2025-12-19,midfunnel_visitantes_site_estatico_v2,161.18,157,3671,28,Visitantes_Site,Estático,2º Lançamento | Vendas
2376,2025 | Fevereiro,Quinta-Feira,Dia útil,Vendas,2025-02-13,topfunnel_interesses_dados_video_v1,113.27,142,3425,7,Interesses_Dados,Video,Campanha Contínua | Vendas
2377,2025 | Abril,Sexta-Feira,Dia útil,Vendas,2025-04-11,midfunnel_visitantes_site_estatico_v2,109.5,13,2914,3,Visitantes_Site,Estático,2º Lançamento | Vendas
2378,2025 | Março,Sexta-Feira,Dia útil,Leads,2025-03-28,bottomfunnel_rmkt_60d_video_v3,163.01,313,18382,20,Remarketing_60dias,Video,Campanha Contínua | Leads
2379,2025 | Maio,Sábado,Final de semana,Vendas,2025-05-03,bottomfunnel_rmkt_60d_estatico_v2,9.68,9,270,1,Remarketing_60dias,Estático,1º Lançamento | Vendas
2380,2025 | Junho,Sexta-Feira,Dia útil,Leads,2025-06-20,topfunnel_cargos_dados_carrossel_v1,132.9,299,15256,81,Cargos_Dados,Carrossel,2º Lançamento | Leads
2381,2025 | Julho,Sexta-Feira,Dia útil,Leads,2025-07-18,bottomfunnel_rmkt_60d_carrossel_v2,67.61,112,2507,15,Remarketing_60dias,Carrossel,Campanha Contínua | Leads
2382,2025 | Junho,Quarta-Feira,Dia útil,Leads,2025-06-25,bottomfunnel_visitantes_site_carrossel_v3,36.74,14,1994,2,Visitantes_Site,Carrossel,Campanha Contínua | Leads
2383,2025 | Fevereiro,Quinta-Feira,Dia útil,Vendas,2025-02-13,midfunnel_visitantes_site_carrossel_v1,146.41,32,3870,1,Visitantes_Site,Carrossel,2º Lançamento | Vendas
2384,2025 | Fevereiro,Segunda-Feira,Dia útil,Leads,2025-02-03,midfunnel_rmkt_30d_video_v1,130.85,66,3711,18,Remarketing_30dias,Video,1º Lançamento | Leads
2385,2025 | Março,Sexta-Feira,Dia útil,Leads,2025-03-21,topfunnel_lal2_leads_carrossel_v2,142.04,107,11920,23,LookALike_Leads_2,Carrossel,1º Lançamento | Leads
2386,2025 | Fevereiro,Terça-Feira,Dia útil,Leads,2025-02-11,topfunnel_interesses_dados_video_v2,143.01,52,8602,2,Interesses_Dados,Video,2º Lançamento | Leads
2387,2025 | Novembro,Segunda-Feira,Dia útil,Leads,2025-11-17,topfunnel_lal2_leads_video_v3,177.86,68,5850,6,LookALike_Leads_2,Video,Campanha Contínua | Leads
2388,2025 | Outubro,Sexta-Feira,Dia útil,Vendas,2025-10-31,topfunnel_lal1_compradores_estatico_v1,92.6,371,8461,34,LookALike_Compradores_1,Estático,Campanha Contínua | Vendas
2389,2025 | Outubro,Quarta-Feira,Dia útil,Vendas,2025-10-22,topfunnel_interesses_dados_carrossel_v1,35.91,31,911,2,Interesses_Dados,Carrossel,2º Lançamento | Vendas
2390,2025 | Novembro,Sábado,Final de semana,Vendas,2025-11-22,bottomfunnel_rmkt_60d_carrossel_v3,116.21,103,7228,12,Remarketing_60dias,Carrossel,1º Lançamento | Vendas
2391,2025 | Setembro,Segunda-Feira,Dia útil,Leads,2025-09-29,midfunnel_rmkt_60d_estatico_v1,13.44,20,511,0,Remarketing_60dias,Estático,2º Lançamento | Leads
2392,2025 | Fevereiro,Segunda-Feira,Dia útil,Vendas,2025-02-10,topfunnel_lal2_leads_video_v3,122.22,220,6178,60,LookALike_Leads_2,Video,Campanha Contínua | Vendas
2393,2025 | Dezembro,Segunda-Feira,Dia útil,Leads,2025-12-15,topfunnel_interesses_dados_carrossel_v2,131.57,124,6643,30,Interesses_Dados,Carrossel,2º Lançamento | Leads
2394,2025 | Setembro,Sábado,Final de semana,Leads,2025-09-13,topfunnel_lal2_leads_estatico_v3,179.84,335,11957,10,LookALike_Leads_2,Estático,2º Lançamento | Leads
2395,2025 | Julho,Terça-Feira,Dia útil,Leads,2025-07-29,topfunnel_lal2_leads_estatico_v2,84.79,46,2054,2,LookALike_Leads_2,Estático,2º Lançamento | Leads
2396,2025 | Agosto,Domingo,Final de semana,Vendas,2025-08-03,topfunnel_cargos_dados_estatico_v2,178.18,115,5676,2,Cargos_Dados,Estático,Campanha Contínua | Vendas
2397,2025 | Março,Domingo,Final de semana,Leads,2025-03-30,topfunnel_cargos_dados_video_v1,5.41,3,212,0,Cargos_Dados,Video,2º Lançamento | Leads
2398,2025 | Julho,Domingo,Final de semana,Leads,2025-07-20,midfunnel_rmkt_60d_video_v2,110.21,90,4163,23,Remarketing_60dias,Video,2º Lançamento | Leads
2399,2025 | Dezembro,Domingo,Final de semana,Leads,2025-12-07,topfunnel_interesses_dados_video_v2,127.82,41,4192,6,Interesses_Dados,Video,2º Lançamento | Leads
2400,2025 | Abril,Segunda-Feira,Dia útil,Leads,2025-04-21,topfunnel_lal1_compradores_estatico_v3,30.65,31,978,4,LookALike_Compradores_1,Estático,1º Lançamento | Leads
2401,2025 | Novembro,Segunda-Feira,Dia útil,Leads,2025-11-03,bottomfunnel_rmkt_60d_estatico_v3,155.88,314,7192,11,Remarketing_60dias,Estático,2º Lançamento | Leads
2402,2025 | Julho,Quarta-Feira,Dia útil,Leads,2025-07-09,midfunnel_rmkt_30d_estatico_v2,115.01,65,2780,6,Remarketing_30dias,Estático,2º Lançamento | Leads
2403,2025 | Outubro,Quinta-Feira,Dia útil,Vendas,2025-10-23,bottomfunnel_rmkt_30d_video_v3,104.08,82,2494,15,Remarketing_30dias,Video,1º Lançamento | Vendas
2404,2025 | Setembro,Segunda-Feira,Dia útil,Leads,2025-09-08,topfunnel_lal1_compradores_estatico_v3,158.83,72,7150,7,LookALike_Compradores_1,Estático,Campanha Contínua | Leads
2405,2025 | Setembro,Terça-Feira,Dia útil,Leads,2025-09-09,bottomfunnel_rmkt_60d_video_v2,140.49,57,3768,3,Remarketing_60dias,Video,1º Lançamento | Leads
2406,2025 | Agosto,Domingo,Final de semana,Leads,2025-08-31,topfunnel_lal1_compradores_estatico_v2,148.91,57,5759,5,LookALike_Compradores_1,Estático,2º Lançamento | Leads
2407,2025 | Setembro,Sábado,Final de semana,Vendas,2025-09-06,midfunnel_rmkt_30d_carrossel_v3,109.9,37,5803,9,Remarketing_30dias,Carrossel,Campanha Contínua | Vendas
2408,2025 | Setembro,Terça-Feira,Dia útil,Leads,2025-09-16,midfunnel_engajamento_ig_estatico_v2,48.83,18,3663,3,Engajamento_Instagram,Estático,2º Lançamento | Leads
2409,2025 | Fevereiro,Segunda-Feira,Dia útil,Leads,2025-02-10,topfunnel_cargos_dados_estatico_v3,70.31,113,5091,12,Cargos_Dados,Estático,2º Lançamento | Leads
2410,2025 | Agosto,Sexta-Feira,Dia útil,Leads,2025-08-22,topfunnel_lal2_leads_estatico_v1,106.6,25,5345,0,LookALike_Leads_2,Estático,2º Lançamento | Leads
2411,2025 | Outubro,Sexta-Feira,Dia útil,Leads,2025-10-10,topfunnel_cargos_dados_estatico_v3,69.07,168,7724,18,Cargos_Dados,Estático,1º Lançamento | Leads
2412,2025 | Junho,Terça-Feira,Dia útil,Leads,2025-06-17,topfunnel_lal1_compradores_carrossel_v2,60.01,9,1667,1,LookALike_Compradores_1,Carrossel,Campanha Contínua | Leads
2413,2025 | Março,Domingo,Final de semana,Leads,2025-03-09,topfunnel_interesses_dados_video_v1,20.65,48,1470,2,Interesses_Dados,Video,2º Lançamento | Leads
2414,2025 | Julho,Quarta-Feira,Dia útil,Leads,2025-07-02,midfunnel_engajamento_ig_estatico_v2,73.6,150,7145,36,Engajamento_Instagram,Estático,Campanha Contínua | Leads
2415,2025 | Março,Sexta-Feira,Dia útil,Leads,2025-03-21,topfunnel_interesses_dados_video_v2,30.73,33,848,2,Interesses_Dados,Video,1º Lançamento | Leads
2416,2025 | Novembro,Quinta-Feira,Dia útil,Vendas,2025-11-27,topfunnel_lal1_compradores_video_v3,152.11,53,9306,4,LookALike_Compradores_1,Video,1º Lançamento | Vendas
2417,2025 | Março,Quinta-Feira,Dia útil,Vendas,2025-03-20,topfunnel_cargos_dados_carrossel_v2,59.82,52,1663,1,Cargos_Dados,Carrossel,2º Lançamento | Vendas
2418,2025 | Setembro,Quarta-Feira,Dia útil,Leads,2025-09-10,midfunnel_engajamento_ig_carrossel_v1,38.02,54,4074,8,Engajamento_Instagram,Carrossel,2º Lançamento | Leads
2419,2025 | Dezembro,Sexta-Feira,Dia útil,Leads,2025-12-26,midfunnel_visitantes_site_carrossel_v2,40.27,60,1446,13,Visitantes_Site,Carrossel,2º Lançamento | Leads
2420,2025 | Maio,Sábado,Final de semana,Leads,2025-05-17,midfunnel_engajamento_ig_video_v3,47.99,128,3148,16,Engajamento_Instagram,Video,Campanha Contínua | Leads
2421,2025 | Maio,Terça-Feira,Dia útil,Leads,2025-05-27,topfunnel_lal2_leads_carrossel_v3,121.75,41,3336,2,LookALike_Leads_2,Carrossel,2º Lançamento | Leads
2422,2025 | Fevereiro,Segunda-Feira,Dia útil,Vendas,2025-02-24,bottomfunnel_rmkt_30d_video_v3,122.17,112,2993,13,Remarketing_30dias,Video,1º Lançamento | Vendas
2423,2025 | Novembro,Sexta-Feira,Dia útil,Vendas,2025-11-28,midfunnel_rmkt_60d_video_v2,4.69,4,121,0,Remarketing_60dias,Video,Campanha Contínua | Vendas
2424,2025 | Julho,Sexta-Feira,Dia útil,Vendas,2025-07-18,topfunnel_lal2_leads_estatico_v3,136.31,76,3240,14,LookALike_Leads_2,Estático,Campanha Contínua | Vendas
2425,2025 | Maio,Quinta-Feira,Dia útil,Leads,2025-05-08,topfunnel_interesses_dados_video_v1,112.42,121,2830,33,Interesses_Dados,Video,2º Lançamento | Leads
2426,2025 | Agosto,Sábado,Final de semana,Leads,2025-08-16,topfunnel_cargos_dados_video_v1,67.83,93,2126,21,Cargos_Dados,Video,2º Lançamento | Leads
2427,2025 | Fevereiro,Sábado,Final de semana,Leads,2025-02-08,topfunnel_lal1_compradores_estatico_v1,161.99,124,8447,34,LookALike_Compradores_1,Estático,1º Lançamento | Leads
2428,2025 | Março,Segunda-Feira,Dia útil,Vendas,2025-03-03,topfunnel_lal1_compradores_estatico_v1,5.05,6,451,1,LookALike_Compradores_1,Estático,Campanha Contínua | Vendas
2429,2025 | Dezembro,Segunda-Feira,Dia útil,Leads,2025-12-22,bottomfunnel_rmkt_60d_video_v1,132.33,64,9678,13,Remarketing_60dias,Video,1º Lançamento | Leads
2430,2025 | Janeiro,Segunda-Feira,Dia útil,Leads,2025-01-20,topfunnel_lal2_leads_estatico_v1,175.19,34,5970,1,LookALike_Leads_2,Estático,2º Lançamento | Leads
2431,2025 | Dezembro,Terça-Feira,Dia útil,Leads,2025-12-30,topfunnel_lal2_leads_video_v2,6.83,15,378,1,LookALike_Leads_2,Video,2º Lançamento | Leads
2432,2025 | Janeiro,Quarta-Feira,Dia útil,Vendas,2025-01-01,topfunnel_lal1_compradores_carrossel_v2,101.71,109,2990,24,LookALike_Compradores_1,Carrossel,Campanha Contínua | Vendas
2433,2025 | Janeiro,Sábado,Final de semana,Leads,2025-01-25,topfunnel_interesses_dados_carrossel_v2,83.49,35,3276,7,Interesses_Dados,Carrossel,2º Lançamento | Leads
2434,2025 | Outubro,Sexta-Feira,Dia útil,Leads,2025-10-10,bottomfunnel_visitantes_site_carrossel_v2,33.38,33,1459,3,Visitantes_Site,Carrossel,2º Lançamento | Leads
2435,2025 | Março,Segunda-Feira,Dia útil,Vendas,2025-03-17,topfunnel_lal2_leads_carrossel_v3,74.89,12,1718,1,LookALike_Leads_2,Carrossel,1º Lançamento | Vendas
2436,2025 | Junho,Sexta-Feira,Dia útil,Vendas,2025-06-20,topfunnel_lal2_leads_estatico_v3,155.47,63,11043,10,LookALike_Leads_2,Estático,Campanha Contínua | Vendas
2437,2025 | Março,Domingo,Final de semana,Leads,2025-03-16,topfunnel_cargos_dados_carrossel_v1,175.96,178,4715,23,Cargos_Dados,Carrossel,2º Lançamento | Leads
2438,2025 | Fevereiro,Quinta-Feira,Dia útil,Vendas,2025-02-27,topfunnel_lal1_compradores_carrossel_v1,104.64,159,6005,45,LookALike_Compradores_1,Carrossel,Campanha Contínua | Vendas
2439,2025 | Abril,Domingo,Final de semana,Vendas,2025-04-27,midfunnel_visitantes_site_estatico_v2,132.4,93,3532,12,Visitantes_Site,Estático,Campanha Contínua | Vendas
2440,2025 | Julho,Segunda-Feira,Dia útil,Leads,2025-07-21,bottomfunnel_visitantes_site_carrossel_v3,135.9,344,11384,50,Visitantes_Site,Carrossel,Campanha Contínua | Leads
2848,2025 | Janeiro,Sexta-Feira,Dia útil,Leads,2025-01-10,bottomfunnel_rmkt_60d_carrossel_v3,71.56,24,2141,4,Remarketing_60dias,Carrossel,2º Lançamento | Leads
2442,2025 | Abril,Sexta-Feira,Dia útil,Leads,2025-04-18,topfunnel_interesses_dados_video_v1,5.38,3,283,0,Interesses_Dados,Video,Campanha Contínua | Leads
2443,2025 | Fevereiro,Quinta-Feira,Dia útil,Leads,2025-02-06,topfunnel_lal2_leads_video_v2,170.22,23,5240,4,LookALike_Leads_2,Video,2º Lançamento | Leads
2444,2025 | Julho,Sexta-Feira,Dia útil,Leads,2025-07-18,bottomfunnel_rmkt_60d_estatico_v3,111.63,282,11689,8,Remarketing_60dias,Estático,2º Lançamento | Leads
2445,2025 | Junho,Domingo,Final de semana,Leads,2025-06-29,topfunnel_lal2_leads_estatico_v3,139.14,165,5885,43,LookALike_Leads_2,Estático,Campanha Contínua | Leads
2446,2025 | Setembro,Terça-Feira,Dia útil,Vendas,2025-09-09,bottomfunnel_engajamento_ig_video_v1,86.79,22,3086,4,Engajamento_Instagram,Video,Campanha Contínua | Vendas
2447,2025 | Novembro,Quinta-Feira,Dia útil,Vendas,2025-11-20,topfunnel_lal2_leads_estatico_v3,62.39,47,2056,5,LookALike_Leads_2,Estático,Campanha Contínua | Vendas
2448,2025 | Dezembro,Sábado,Final de semana,Vendas,2025-12-27,bottomfunnel_rmkt_30d_carrossel_v1,4.33,13,339,3,Remarketing_30dias,Carrossel,Campanha Contínua | Vendas
2449,2025 | Agosto,Sábado,Final de semana,Leads,2025-08-16,topfunnel_cargos_dados_estatico_v2,126.24,236,5645,47,Cargos_Dados,Estático,1º Lançamento | Leads
2450,2025 | Maio,Sábado,Final de semana,Leads,2025-05-10,topfunnel_lal2_leads_video_v2,54.58,61,3892,6,LookALike_Leads_2,Video,1º Lançamento | Leads
2451,2025 | Dezembro,Quinta-Feira,Dia útil,Leads,2025-12-18,topfunnel_interesses_dados_video_v2,88.81,387,10816,95,Interesses_Dados,Video,1º Lançamento | Leads
2452,2025 | Julho,Sábado,Final de semana,Leads,2025-07-12,topfunnel_cargos_dados_video_v2,156.14,127,5276,27,Cargos_Dados,Video,Campanha Contínua | Leads
2453,2025 | Março,Sábado,Final de semana,Leads,2025-03-01,topfunnel_cargos_dados_video_v3,176.24,28,5798,4,Cargos_Dados,Video,Campanha Contínua | Leads
2454,2025 | Agosto,Sábado,Final de semana,Leads,2025-08-09,midfunnel_visitantes_site_carrossel_v2,86.57,126,4725,17,Visitantes_Site,Carrossel,1º Lançamento | Leads
2455,2025 | Fevereiro,Sexta-Feira,Dia útil,Leads,2025-02-14,bottomfunnel_visitantes_site_estatico_v3,165.67,159,3987,8,Visitantes_Site,Estático,1º Lançamento | Leads
2456,2025 | Fevereiro,Sexta-Feira,Dia útil,Leads,2025-02-14,bottomfunnel_rmkt_30d_estatico_v3,49.18,170,4696,12,Remarketing_30dias,Estático,2º Lançamento | Leads
2457,2025 | Março,Sábado,Final de semana,Leads,2025-03-01,midfunnel_rmkt_30d_video_v2,26.15,3,770,0,Remarketing_30dias,Video,1º Lançamento | Leads
2458,2025 | Fevereiro,Quinta-Feira,Dia útil,Leads,2025-02-27,midfunnel_rmkt_60d_carrossel_v2,158.77,507,12146,132,Remarketing_60dias,Carrossel,1º Lançamento | Leads
2459,2025 | Abril,Segunda-Feira,Dia útil,Vendas,2025-04-07,topfunnel_lal2_leads_estatico_v1,20.08,26,898,4,LookALike_Leads_2,Estático,1º Lançamento | Vendas
2460,2025 | Março,Domingo,Final de semana,Vendas,2025-03-16,topfunnel_cargos_dados_video_v2,93.63,57,2102,5,Cargos_Dados,Video,2º Lançamento | Vendas
2461,2025 | Novembro,Segunda-Feira,Dia útil,Leads,2025-11-17,bottomfunnel_rmkt_30d_estatico_v1,136.05,243,14190,31,Remarketing_30dias,Estático,1º Lançamento | Leads
2462,2025 | Dezembro,Quarta-Feira,Dia útil,Vendas,2025-12-10,bottomfunnel_visitantes_site_estatico_v3,150.96,381,9253,58,Visitantes_Site,Estático,Campanha Contínua | Vendas
2463,2025 | Julho,Segunda-Feira,Dia útil,Vendas,2025-07-28,topfunnel_cargos_dados_video_v3,95.02,25,3600,4,Cargos_Dados,Video,2º Lançamento | Vendas
2464,2025 | Fevereiro,Segunda-Feira,Dia útil,Leads,2025-02-03,topfunnel_cargos_dados_carrossel_v1,68.09,69,3019,16,Cargos_Dados,Carrossel,2º Lançamento | Leads
2465,2025 | Junho,Quinta-Feira,Dia útil,Vendas,2025-06-05,bottomfunnel_visitantes_site_estatico_v3,89.08,94,2472,17,Visitantes_Site,Estático,Campanha Contínua | Vendas
2466,2025 | Dezembro,Terça-Feira,Dia útil,Leads,2025-12-16,topfunnel_cargos_dados_estatico_v2,18.65,12,714,1,Cargos_Dados,Estático,Campanha Contínua | Leads
2467,2025 | Fevereiro,Domingo,Final de semana,Leads,2025-02-02,bottomfunnel_rmkt_60d_estatico_v3,93.65,196,4782,53,Remarketing_60dias,Estático,Campanha Contínua | Leads
2468,2025 | Abril,Terça-Feira,Dia útil,Leads,2025-04-08,bottomfunnel_rmkt_60d_video_v3,122.51,190,6692,39,Remarketing_60dias,Video,1º Lançamento | Leads
2469,2025 | Novembro,Segunda-Feira,Dia útil,Vendas,2025-11-10,topfunnel_cargos_dados_carrossel_v2,36.22,36,1085,6,Cargos_Dados,Carrossel,1º Lançamento | Vendas
2470,2025 | Agosto,Segunda-Feira,Dia útil,Leads,2025-08-25,topfunnel_cargos_dados_video_v3,130.79,98,6962,18,Cargos_Dados,Video,Campanha Contínua | Leads
2471,2025 | Junho,Domingo,Final de semana,Leads,2025-06-22,topfunnel_lal2_leads_estatico_v1,72.01,88,2085,13,LookALike_Leads_2,Estático,2º Lançamento | Leads
2472,2025 | Março,Domingo,Final de semana,Leads,2025-03-16,topfunnel_interesses_dados_estatico_v1,174.06,202,4570,4,Interesses_Dados,Estático,1º Lançamento | Leads
2473,2025 | Maio,Domingo,Final de semana,Vendas,2025-05-11,topfunnel_lal2_leads_carrossel_v3,148.26,117,5509,11,LookALike_Leads_2,Carrossel,2º Lançamento | Vendas
2474,2025 | Novembro,Terça-Feira,Dia útil,Vendas,2025-11-18,topfunnel_interesses_dados_estatico_v2,71.17,65,5730,7,Interesses_Dados,Estático,1º Lançamento | Vendas
2475,2025 | Janeiro,Quarta-Feira,Dia útil,Vendas,2025-01-22,bottomfunnel_rmkt_60d_video_v1,141.64,107,3352,8,Remarketing_60dias,Video,Campanha Contínua | Vendas
2476,2025 | Outubro,Sábado,Final de semana,Leads,2025-10-18,topfunnel_interesses_dados_estatico_v3,130.22,97,7033,7,Interesses_Dados,Estático,Campanha Contínua | Leads
2477,2025 | Outubro,Segunda-Feira,Dia útil,Vendas,2025-10-20,midfunnel_visitantes_site_video_v1,100.78,66,5110,16,Visitantes_Site,Video,2º Lançamento | Vendas
2478,2025 | Abril,Terça-Feira,Dia útil,Leads,2025-04-15,topfunnel_lal1_compradores_video_v1,103.9,148,3381,36,LookALike_Compradores_1,Video,1º Lançamento | Leads
2479,2025 | Fevereiro,Terça-Feira,Dia útil,Leads,2025-02-18,midfunnel_engajamento_ig_video_v2,110.71,112,2700,11,Engajamento_Instagram,Video,1º Lançamento | Leads
2480,2025 | Maio,Sábado,Final de semana,Vendas,2025-05-03,bottomfunnel_engajamento_ig_carrossel_v2,40.38,25,3447,5,Engajamento_Instagram,Carrossel,2º Lançamento | Vendas
2481,2025 | Março,Terça-Feira,Dia útil,Vendas,2025-03-18,bottomfunnel_engajamento_ig_carrossel_v1,98.57,219,5459,34,Engajamento_Instagram,Carrossel,Campanha Contínua | Vendas
2482,2025 | Junho,Quarta-Feira,Dia útil,Leads,2025-06-25,topfunnel_lal2_leads_carrossel_v3,71.35,36,2928,2,LookALike_Leads_2,Carrossel,1º Lançamento | Leads
2483,2025 | Novembro,Terça-Feira,Dia útil,Vendas,2025-11-04,bottomfunnel_engajamento_ig_video_v1,41.18,29,1954,6,Engajamento_Instagram,Video,1º Lançamento | Vendas
2484,2025 | Julho,Segunda-Feira,Dia útil,Leads,2025-07-14,topfunnel_lal2_leads_video_v3,168.51,322,9894,47,LookALike_Leads_2,Video,1º Lançamento | Leads
2485,2025 | Julho,Sábado,Final de semana,Leads,2025-07-19,midfunnel_visitantes_site_estatico_v2,79.94,69,3265,9,Visitantes_Site,Estático,2º Lançamento | Leads
2486,2025 | Abril,Segunda-Feira,Dia útil,Leads,2025-04-28,midfunnel_rmkt_60d_estatico_v1,41.4,35,1395,5,Remarketing_60dias,Estático,1º Lançamento | Leads
2487,2025 | Janeiro,Domingo,Final de semana,Vendas,2025-01-19,midfunnel_visitantes_site_video_v1,128.01,269,9226,47,Visitantes_Site,Video,2º Lançamento | Vendas
2488,2025 | Fevereiro,Segunda-Feira,Dia útil,Leads,2025-02-10,midfunnel_rmkt_60d_estatico_v2,27.64,45,1145,3,Remarketing_60dias,Estático,2º Lançamento | Leads
2489,2025 | Junho,Segunda-Feira,Dia útil,Leads,2025-06-09,topfunnel_interesses_dados_video_v1,112.72,139,3862,36,Interesses_Dados,Video,Campanha Contínua | Leads
2490,2025 | Abril,Terça-Feira,Dia útil,Leads,2025-04-01,topfunnel_lal2_leads_estatico_v1,44.43,14,1172,3,LookALike_Leads_2,Estático,1º Lançamento | Leads
2491,2025 | Fevereiro,Sexta-Feira,Dia útil,Leads,2025-02-21,topfunnel_cargos_dados_carrossel_v1,140.78,94,4943,6,Cargos_Dados,Carrossel,Campanha Contínua | Leads
2492,2025 | Abril,Domingo,Final de semana,Leads,2025-04-06,topfunnel_lal1_compradores_estatico_v1,138.53,24,5132,3,LookALike_Compradores_1,Estático,1º Lançamento | Leads
2493,2025 | Julho,Segunda-Feira,Dia útil,Leads,2025-07-21,topfunnel_lal1_compradores_estatico_v1,152.76,261,9011,32,LookALike_Compradores_1,Estático,2º Lançamento | Leads
2494,2025 | Agosto,Segunda-Feira,Dia útil,Leads,2025-08-25,topfunnel_cargos_dados_carrossel_v1,129.13,266,9225,8,Cargos_Dados,Carrossel,2º Lançamento | Leads
2495,2025 | Março,Terça-Feira,Dia útil,Leads,2025-03-11,topfunnel_lal2_leads_carrossel_v2,122.76,142,5428,18,LookALike_Leads_2,Carrossel,Campanha Contínua | Leads
2496,2025 | Agosto,Quarta-Feira,Dia útil,Vendas,2025-08-27,bottomfunnel_visitantes_site_carrossel_v2,95.42,101,4133,16,Visitantes_Site,Carrossel,1º Lançamento | Vendas
2497,2025 | Abril,Quarta-Feira,Dia útil,Leads,2025-04-16,midfunnel_visitantes_site_estatico_v3,162.99,119,7356,3,Visitantes_Site,Estático,2º Lançamento | Leads
2498,2025 | Abril,Sábado,Final de semana,Vendas,2025-04-12,midfunnel_rmkt_30d_estatico_v2,156.07,145,4189,29,Remarketing_30dias,Estático,2º Lançamento | Vendas
2499,2025 | Julho,Terça-Feira,Dia útil,Leads,2025-07-22,topfunnel_lal1_compradores_video_v2,47.39,69,2081,8,LookALike_Compradores_1,Video,1º Lançamento | Leads
2500,2025 | Agosto,Terça-Feira,Dia útil,Leads,2025-08-26,topfunnel_lal1_compradores_video_v1,161.72,61,3837,2,LookALike_Compradores_1,Video,2º Lançamento | Leads
2501,2025 | Julho,Quinta-Feira,Dia útil,Vendas,2025-07-17,bottomfunnel_engajamento_ig_video_v2,148.24,29,5217,8,Engajamento_Instagram,Video,2º Lançamento | Vendas
2502,2025 | Fevereiro,Terça-Feira,Dia útil,Leads,2025-02-04,midfunnel_rmkt_30d_estatico_v1,178.6,441,13328,42,Remarketing_30dias,Estático,1º Lançamento | Leads
2503,2025 | Setembro,Quinta-Feira,Dia útil,Leads,2025-09-18,bottomfunnel_visitantes_site_video_v2,61.79,36,2014,4,Visitantes_Site,Video,2º Lançamento | Leads
2504,2025 | Janeiro,Segunda-Feira,Dia útil,Vendas,2025-01-27,topfunnel_interesses_dados_estatico_v2,79.43,92,2940,15,Interesses_Dados,Estático,Campanha Contínua | Vendas
2505,2025 | Outubro,Sexta-Feira,Dia útil,Leads,2025-10-17,topfunnel_cargos_dados_estatico_v2,119.76,165,4933,15,Cargos_Dados,Estático,1º Lançamento | Leads
2506,2025 | Abril,Sexta-Feira,Dia útil,Leads,2025-04-11,bottomfunnel_engajamento_ig_estatico_v1,9.94,22,517,1,Engajamento_Instagram,Estático,Campanha Contínua | Leads
2507,2025 | Abril,Quinta-Feira,Dia útil,Leads,2025-04-10,topfunnel_cargos_dados_estatico_v3,103.35,29,2314,8,Cargos_Dados,Estático,1º Lançamento | Leads
2508,2025 | Janeiro,Segunda-Feira,Dia útil,Leads,2025-01-20,topfunnel_lal2_leads_video_v1,85.62,80,1932,12,LookALike_Leads_2,Video,1º Lançamento | Leads
2509,2025 | Dezembro,Terça-Feira,Dia útil,Leads,2025-12-09,bottomfunnel_visitantes_site_carrossel_v2,172.13,263,9808,70,Visitantes_Site,Carrossel,Campanha Contínua | Leads
2510,2025 | Junho,Quinta-Feira,Dia útil,Vendas,2025-06-19,midfunnel_visitantes_site_carrossel_v3,123.55,90,3579,8,Visitantes_Site,Carrossel,Campanha Contínua | Vendas
2511,2025 | Maio,Terça-Feira,Dia útil,Leads,2025-05-06,topfunnel_lal1_compradores_estatico_v2,50.81,19,1187,5,LookALike_Compradores_1,Estático,2º Lançamento | Leads
2512,2025 | Janeiro,Segunda-Feira,Dia útil,Vendas,2025-01-27,midfunnel_rmkt_60d_estatico_v1,101.01,33,2573,9,Remarketing_60dias,Estático,2º Lançamento | Vendas
2513,2025 | Março,Quinta-Feira,Dia útil,Vendas,2025-03-20,bottomfunnel_visitantes_site_estatico_v2,103.07,75,5405,14,Visitantes_Site,Estático,Campanha Contínua | Vendas
2514,2025 | Fevereiro,Segunda-Feira,Dia útil,Vendas,2025-02-03,topfunnel_lal1_compradores_estatico_v2,147.17,251,10742,7,LookALike_Compradores_1,Estático,2º Lançamento | Vendas
2515,2025 | Março,Domingo,Final de semana,Leads,2025-03-02,topfunnel_lal2_leads_estatico_v2,106.95,180,4650,18,LookALike_Leads_2,Estático,Campanha Contínua | Leads
2516,2025 | Março,Quarta-Feira,Dia útil,Leads,2025-03-26,bottomfunnel_visitantes_site_carrossel_v1,20.37,63,1844,3,Visitantes_Site,Carrossel,2º Lançamento | Leads
2517,2025 | Setembro,Quarta-Feira,Dia útil,Vendas,2025-09-10,topfunnel_cargos_dados_video_v1,86.14,149,9353,38,Cargos_Dados,Video,Campanha Contínua | Vendas
2518,2025 | Dezembro,Quinta-Feira,Dia útil,Vendas,2025-12-18,midfunnel_visitantes_site_carrossel_v1,31.83,13,1635,3,Visitantes_Site,Carrossel,1º Lançamento | Vendas
2519,2025 | Janeiro,Terça-Feira,Dia útil,Leads,2025-01-21,bottomfunnel_rmkt_30d_video_v2,21.59,21,720,3,Remarketing_30dias,Video,Campanha Contínua | Leads
2520,2025 | Maio,Segunda-Feira,Dia útil,Leads,2025-05-26,topfunnel_lal2_leads_carrossel_v2,30.44,20,829,3,LookALike_Leads_2,Carrossel,1º Lançamento | Leads
2521,2025 | Dezembro,Sexta-Feira,Dia útil,Leads,2025-12-19,midfunnel_engajamento_ig_estatico_v3,86.4,150,3491,15,Engajamento_Instagram,Estático,Campanha Contínua | Leads
2522,2025 | Dezembro,Domingo,Final de semana,Vendas,2025-12-28,bottomfunnel_engajamento_ig_video_v3,60.47,36,3577,2,Engajamento_Instagram,Video,1º Lançamento | Vendas
2523,2025 | Janeiro,Sexta-Feira,Dia útil,Leads,2025-01-31,topfunnel_interesses_dados_video_v1,179.69,477,14186,47,Interesses_Dados,Video,2º Lançamento | Leads
2524,2025 | Dezembro,Sexta-Feira,Dia útil,Leads,2025-12-19,bottomfunnel_rmkt_30d_carrossel_v2,75.25,55,1774,11,Remarketing_30dias,Carrossel,Campanha Contínua | Leads
2525,2025 | Outubro,Terça-Feira,Dia útil,Leads,2025-10-28,midfunnel_rmkt_30d_estatico_v2,30.28,13,2007,0,Remarketing_30dias,Estático,2º Lançamento | Leads
2526,2025 | Julho,Sábado,Final de semana,Leads,2025-07-19,topfunnel_lal2_leads_estatico_v3,174.06,185,4704,26,LookALike_Leads_2,Estático,2º Lançamento | Leads
2527,2025 | Dezembro,Segunda-Feira,Dia útil,Leads,2025-12-29,midfunnel_visitantes_site_carrossel_v1,156.78,159,11139,7,Visitantes_Site,Carrossel,2º Lançamento | Leads
2528,2025 | Março,Segunda-Feira,Dia útil,Leads,2025-03-17,topfunnel_cargos_dados_video_v3,109.7,104,2526,23,Cargos_Dados,Video,2º Lançamento | Leads
2529,2025 | Janeiro,Segunda-Feira,Dia útil,Vendas,2025-01-20,bottomfunnel_visitantes_site_carrossel_v3,68.71,201,8481,50,Visitantes_Site,Carrossel,Campanha Contínua | Vendas
2530,2025 | Abril,Segunda-Feira,Dia útil,Leads,2025-04-14,bottomfunnel_visitantes_site_carrossel_v3,71.85,73,2606,20,Visitantes_Site,Carrossel,1º Lançamento | Leads
2531,2025 | Agosto,Segunda-Feira,Dia útil,Vendas,2025-08-11,topfunnel_lal1_compradores_estatico_v3,107.4,257,5731,37,LookALike_Compradores_1,Estático,2º Lançamento | Vendas
2532,2025 | Junho,Sexta-Feira,Dia útil,Leads,2025-06-20,topfunnel_interesses_dados_estatico_v2,167.41,115,4002,9,Interesses_Dados,Estático,2º Lançamento | Leads
2533,2025 | Outubro,Quinta-Feira,Dia útil,Leads,2025-10-30,midfunnel_rmkt_60d_estatico_v1,121.15,83,4114,1,Remarketing_60dias,Estático,1º Lançamento | Leads
2534,2025 | Janeiro,Terça-Feira,Dia útil,Leads,2025-01-21,topfunnel_lal2_leads_video_v2,2.9,2,296,0,LookALike_Leads_2,Video,Campanha Contínua | Leads
2535,2025 | Outubro,Terça-Feira,Dia útil,Vendas,2025-10-07,topfunnel_lal1_compradores_carrossel_v3,143.55,75,4531,14,LookALike_Compradores_1,Carrossel,1º Lançamento | Vendas
2536,2025 | Setembro,Sexta-Feira,Dia útil,Vendas,2025-09-12,bottomfunnel_rmkt_30d_carrossel_v1,154.3,72,3652,16,Remarketing_30dias,Carrossel,1º Lançamento | Vendas
2537,2025 | Outubro,Terça-Feira,Dia útil,Vendas,2025-10-07,topfunnel_lal1_compradores_carrossel_v2,16.64,22,521,0,LookALike_Compradores_1,Carrossel,1º Lançamento | Vendas
2538,2025 | Maio,Terça-Feira,Dia útil,Leads,2025-05-13,bottomfunnel_rmkt_60d_carrossel_v2,31.23,44,1313,5,Remarketing_60dias,Carrossel,2º Lançamento | Leads
2539,2025 | Junho,Domingo,Final de semana,Vendas,2025-06-08,topfunnel_interesses_dados_video_v1,157.5,16,3981,1,Interesses_Dados,Video,2º Lançamento | Vendas
2540,2025 | Abril,Quarta-Feira,Dia útil,Leads,2025-04-02,topfunnel_lal2_leads_estatico_v1,91.33,60,2347,9,LookALike_Leads_2,Estático,2º Lançamento | Leads
2541,2025 | Dezembro,Terça-Feira,Dia útil,Leads,2025-12-09,topfunnel_interesses_dados_estatico_v1,65.2,34,2917,9,Interesses_Dados,Estático,Campanha Contínua | Leads
2542,2025 | Janeiro,Sexta-Feira,Dia útil,Vendas,2025-01-10,topfunnel_interesses_dados_video_v1,28.38,76,2036,12,Interesses_Dados,Video,2º Lançamento | Vendas
2543,2025 | Novembro,Quinta-Feira,Dia útil,Leads,2025-11-20,bottomfunnel_visitantes_site_estatico_v1,145.79,81,3971,5,Visitantes_Site,Estático,Campanha Contínua | Leads
2544,2025 | Novembro,Domingo,Final de semana,Leads,2025-11-23,topfunnel_interesses_dados_carrossel_v1,150.63,127,3540,22,Interesses_Dados,Carrossel,2º Lançamento | Leads
2545,2025 | Julho,Sexta-Feira,Dia útil,Leads,2025-07-18,midfunnel_visitantes_site_video_v1,82.89,189,10185,56,Visitantes_Site,Video,2º Lançamento | Leads
2546,2025 | Novembro,Sábado,Final de semana,Leads,2025-11-29,topfunnel_lal1_compradores_estatico_v2,17.63,12,449,2,LookALike_Compradores_1,Estático,1º Lançamento | Leads
2547,2025 | Outubro,Sexta-Feira,Dia útil,Leads,2025-10-31,topfunnel_lal2_leads_carrossel_v3,131.35,188,6374,5,LookALike_Leads_2,Carrossel,Campanha Contínua | Leads
2548,2025 | Junho,Quinta-Feira,Dia útil,Leads,2025-06-12,midfunnel_engajamento_ig_estatico_v1,12.25,27,641,1,Engajamento_Instagram,Estático,2º Lançamento | Leads
2549,2025 | Julho,Segunda-Feira,Dia útil,Vendas,2025-07-14,bottomfunnel_rmkt_60d_estatico_v1,175.59,199,8182,45,Remarketing_60dias,Estático,2º Lançamento | Vendas
2550,2025 | Janeiro,Domingo,Final de semana,Leads,2025-01-12,midfunnel_rmkt_60d_estatico_v3,19.02,37,1453,6,Remarketing_60dias,Estático,1º Lançamento | Leads
2551,2025 | Julho,Sábado,Final de semana,Leads,2025-07-05,bottomfunnel_rmkt_60d_estatico_v1,34.91,81,2201,6,Remarketing_60dias,Estático,2º Lançamento | Leads
2552,2025 | Junho,Segunda-Feira,Dia útil,Vendas,2025-06-09,topfunnel_interesses_dados_carrossel_v3,168.5,110,4191,30,Interesses_Dados,Carrossel,Campanha Contínua | Vendas
2553,2025 | Junho,Segunda-Feira,Dia útil,Leads,2025-06-02,bottomfunnel_engajamento_ig_video_v2,19.0,32,934,1,Engajamento_Instagram,Video,1º Lançamento | Leads
2554,2025 | Outubro,Quarta-Feira,Dia útil,Leads,2025-10-29,topfunnel_lal2_leads_video_v2,146.19,53,6350,3,LookALike_Leads_2,Video,Campanha Contínua | Leads
2555,2025 | Maio,Quarta-Feira,Dia útil,Leads,2025-05-07,topfunnel_cargos_dados_video_v3,165.47,40,4877,9,Cargos_Dados,Video,2º Lançamento | Leads
2556,2025 | Abril,Terça-Feira,Dia útil,Vendas,2025-04-22,topfunnel_cargos_dados_video_v3,172.42,107,4314,31,Cargos_Dados,Video,1º Lançamento | Vendas
2557,2025 | Dezembro,Segunda-Feira,Dia útil,Leads,2025-12-15,midfunnel_rmkt_60d_carrossel_v2,99.69,123,9776,25,Remarketing_60dias,Carrossel,1º Lançamento | Leads
2558,2025 | Setembro,Domingo,Final de semana,Leads,2025-09-28,topfunnel_cargos_dados_estatico_v3,75.55,38,2569,7,Cargos_Dados,Estático,1º Lançamento | Leads
2559,2025 | Dezembro,Domingo,Final de semana,Leads,2025-12-28,topfunnel_lal2_leads_video_v1,74.48,71,4941,3,LookALike_Leads_2,Video,1º Lançamento | Leads
2560,2025 | Novembro,Terça-Feira,Dia útil,Leads,2025-11-25,midfunnel_rmkt_30d_video_v1,179.67,171,5052,36,Remarketing_30dias,Video,1º Lançamento | Leads
2561,2025 | Abril,Terça-Feira,Dia útil,Leads,2025-04-22,topfunnel_interesses_dados_carrossel_v1,118.2,130,3422,3,Interesses_Dados,Carrossel,1º Lançamento | Leads
2562,2025 | Junho,Terça-Feira,Dia útil,Leads,2025-06-24,topfunnel_cargos_dados_video_v3,117.51,178,9355,52,Cargos_Dados,Video,2º Lançamento | Leads
2563,2025 | Dezembro,Quinta-Feira,Dia útil,Leads,2025-12-04,midfunnel_rmkt_60d_estatico_v3,28.4,14,1267,2,Remarketing_60dias,Estático,Campanha Contínua | Leads
2564,2025 | Maio,Segunda-Feira,Dia útil,Leads,2025-05-05,midfunnel_rmkt_60d_estatico_v2,3.04,0,120,0,Remarketing_60dias,Estático,1º Lançamento | Leads
2565,2025 | Agosto,Sábado,Final de semana,Leads,2025-08-23,midfunnel_rmkt_30d_estatico_v2,27.47,32,1498,0,Remarketing_30dias,Estático,Campanha Contínua | Leads
2566,2025 | Fevereiro,Segunda-Feira,Dia útil,Leads,2025-02-03,midfunnel_visitantes_site_estatico_v2,38.16,36,954,10,Visitantes_Site,Estático,2º Lançamento | Leads
2567,2025 | Março,Segunda-Feira,Dia útil,Leads,2025-03-24,topfunnel_lal2_leads_video_v1,141.13,87,4427,25,LookALike_Leads_2,Video,Campanha Contínua | Leads
2568,2025 | Setembro,Quinta-Feira,Dia útil,Vendas,2025-09-18,topfunnel_cargos_dados_video_v2,130.52,154,4778,14,Cargos_Dados,Video,Campanha Contínua | Vendas
2569,2025 | Setembro,Segunda-Feira,Dia útil,Vendas,2025-09-22,midfunnel_engajamento_ig_video_v3,172.39,588,14409,53,Engajamento_Instagram,Video,1º Lançamento | Vendas
2570,2025 | Dezembro,Terça-Feira,Dia útil,Vendas,2025-12-09,topfunnel_cargos_dados_carrossel_v2,176.0,938,21662,104,Cargos_Dados,Carrossel,Campanha Contínua | Vendas
2571,2025 | Outubro,Sábado,Final de semana,Leads,2025-10-11,bottomfunnel_visitantes_site_video_v1,35.76,34,1018,4,Visitantes_Site,Video,Campanha Contínua | Leads
2572,2025 | Maio,Terça-Feira,Dia útil,Leads,2025-05-20,bottomfunnel_engajamento_ig_carrossel_v1,69.94,91,2248,10,Engajamento_Instagram,Carrossel,2º Lançamento | Leads
2573,2025 | Julho,Quarta-Feira,Dia útil,Leads,2025-07-02,bottomfunnel_rmkt_30d_carrossel_v2,42.9,4,987,0,Remarketing_30dias,Carrossel,Campanha Contínua | Leads
2574,2025 | Março,Quarta-Feira,Dia útil,Leads,2025-03-12,topfunnel_lal1_compradores_video_v2,75.69,11,1687,2,LookALike_Compradores_1,Video,Campanha Contínua | Leads
2575,2025 | Agosto,Quinta-Feira,Dia útil,Vendas,2025-08-14,midfunnel_rmkt_30d_carrossel_v1,68.33,32,7304,5,Remarketing_30dias,Carrossel,1º Lançamento | Vendas
2576,2025 | Maio,Sábado,Final de semana,Vendas,2025-05-24,topfunnel_lal2_leads_video_v1,62.99,33,3758,8,LookALike_Leads_2,Video,Campanha Contínua | Vendas
2577,2025 | Outubro,Quinta-Feira,Dia útil,Vendas,2025-10-02,bottomfunnel_rmkt_30d_video_v3,51.68,127,3644,28,Remarketing_30dias,Video,2º Lançamento | Vendas
2578,2025 | Abril,Segunda-Feira,Dia útil,Vendas,2025-04-21,midfunnel_visitantes_site_video_v3,105.96,38,2509,5,Visitantes_Site,Video,2º Lançamento | Vendas
2579,2025 | Julho,Quarta-Feira,Dia útil,Vendas,2025-07-02,topfunnel_cargos_dados_video_v3,19.81,3,634,0,Cargos_Dados,Video,1º Lançamento | Vendas
2580,2025 | Março,Sábado,Final de semana,Leads,2025-03-22,topfunnel_lal1_compradores_carrossel_v1,37.26,22,2367,3,LookALike_Compradores_1,Carrossel,Campanha Contínua | Leads
2581,2025 | Agosto,Terça-Feira,Dia útil,Leads,2025-08-19,topfunnel_cargos_dados_video_v1,131.32,71,3774,16,Cargos_Dados,Video,2º Lançamento | Leads
2582,2025 | Dezembro,Quinta-Feira,Dia útil,Leads,2025-12-18,topfunnel_interesses_dados_video_v2,69.61,26,4853,1,Interesses_Dados,Video,2º Lançamento | Leads
2583,2025 | Fevereiro,Terça-Feira,Dia útil,Leads,2025-02-25,topfunnel_cargos_dados_video_v1,29.79,33,2479,8,Cargos_Dados,Video,2º Lançamento | Leads
2584,2025 | Setembro,Quarta-Feira,Dia útil,Vendas,2025-09-24,midfunnel_visitantes_site_estatico_v3,97.08,144,3348,20,Visitantes_Site,Estático,Campanha Contínua | Vendas
2585,2025 | Agosto,Sábado,Final de semana,Leads,2025-08-16,midfunnel_rmkt_60d_carrossel_v3,144.2,44,3705,4,Remarketing_60dias,Carrossel,Campanha Contínua | Leads
2586,2025 | Agosto,Quarta-Feira,Dia útil,Vendas,2025-08-27,topfunnel_interesses_dados_carrossel_v1,162.4,321,9842,91,Interesses_Dados,Carrossel,1º Lançamento | Vendas
2587,2025 | Outubro,Terça-Feira,Dia útil,Leads,2025-10-14,topfunnel_cargos_dados_video_v3,34.41,31,851,2,Cargos_Dados,Video,1º Lançamento | Leads
2588,2025 | Setembro,Quinta-Feira,Dia útil,Vendas,2025-09-18,topfunnel_interesses_dados_video_v3,100.53,127,4892,11,Interesses_Dados,Video,2º Lançamento | Vendas
2589,2025 | Outubro,Quinta-Feira,Dia útil,Leads,2025-10-09,topfunnel_cargos_dados_video_v2,89.57,22,2296,5,Cargos_Dados,Video,Campanha Contínua | Leads
2590,2025 | Novembro,Sábado,Final de semana,Leads,2025-11-22,topfunnel_cargos_dados_carrossel_v2,15.18,11,437,2,Cargos_Dados,Carrossel,2º Lançamento | Leads
2591,2025 | Agosto,Domingo,Final de semana,Leads,2025-08-24,midfunnel_rmkt_60d_estatico_v1,138.37,134,3753,28,Remarketing_60dias,Estático,Campanha Contínua | Leads
2592,2025 | Janeiro,Quinta-Feira,Dia útil,Leads,2025-01-16,topfunnel_cargos_dados_carrossel_v3,106.49,113,9630,32,Cargos_Dados,Carrossel,1º Lançamento | Leads
2593,2025 | Agosto,Quarta-Feira,Dia útil,Vendas,2025-08-13,midfunnel_visitantes_site_video_v3,29.09,26,1380,1,Visitantes_Site,Video,Campanha Contínua | Vendas
2594,2025 | Novembro,Quinta-Feira,Dia útil,Leads,2025-11-27,midfunnel_rmkt_60d_estatico_v1,99.38,231,7375,39,Remarketing_60dias,Estático,2º Lançamento | Leads
2595,2025 | Setembro,Terça-Feira,Dia útil,Leads,2025-09-09,topfunnel_interesses_dados_video_v1,148.82,234,7961,7,Interesses_Dados,Video,2º Lançamento | Leads
2596,2025 | Agosto,Sexta-Feira,Dia útil,Leads,2025-08-29,midfunnel_engajamento_ig_estatico_v1,108.86,197,13433,17,Engajamento_Instagram,Estático,2º Lançamento | Leads
2597,2025 | Novembro,Sábado,Final de semana,Leads,2025-11-22,bottomfunnel_visitantes_site_carrossel_v3,29.12,11,1325,1,Visitantes_Site,Carrossel,2º Lançamento | Leads
2598,2025 | Setembro,Sexta-Feira,Dia útil,Leads,2025-09-19,midfunnel_visitantes_site_estatico_v2,57.55,111,4024,24,Visitantes_Site,Estático,Campanha Contínua | Leads
2599,2025 | Janeiro,Terça-Feira,Dia útil,Vendas,2025-01-21,topfunnel_lal1_compradores_estatico_v1,45.17,43,1491,6,LookALike_Compradores_1,Estático,2º Lançamento | Vendas
2600,2025 | Janeiro,Quinta-Feira,Dia útil,Vendas,2025-01-09,topfunnel_cargos_dados_video_v1,13.28,14,352,3,Cargos_Dados,Video,2º Lançamento | Vendas
2601,2025 | Setembro,Domingo,Final de semana,Leads,2025-09-28,topfunnel_lal1_compradores_estatico_v3,132.66,92,3042,15,LookALike_Compradores_1,Estático,2º Lançamento | Leads
2602,2025 | Setembro,Sábado,Final de semana,Vendas,2025-09-13,midfunnel_rmkt_30d_carrossel_v2,129.98,265,8697,34,Remarketing_30dias,Carrossel,1º Lançamento | Vendas
2603,2025 | Março,Sexta-Feira,Dia útil,Vendas,2025-03-21,topfunnel_cargos_dados_carrossel_v2,112.39,65,5940,11,Cargos_Dados,Carrossel,Campanha Contínua | Vendas
2604,2025 | Dezembro,Segunda-Feira,Dia útil,Vendas,2025-12-08,midfunnel_engajamento_ig_estatico_v1,45.58,64,1936,7,Engajamento_Instagram,Estático,Campanha Contínua | Vendas
2605,2025 | Setembro,Domingo,Final de semana,Leads,2025-09-28,topfunnel_interesses_dados_estatico_v2,17.08,15,423,1,Interesses_Dados,Estático,Campanha Contínua | Leads
2606,2025 | Julho,Sábado,Final de semana,Leads,2025-07-19,midfunnel_visitantes_site_estatico_v1,74.08,142,4496,16,Visitantes_Site,Estático,Campanha Contínua | Leads
2607,2025 | Abril,Domingo,Final de semana,Leads,2025-04-06,topfunnel_lal1_compradores_carrossel_v1,85.9,161,4431,42,LookALike_Compradores_1,Carrossel,Campanha Contínua | Leads
2608,2025 | Outubro,Quarta-Feira,Dia útil,Vendas,2025-10-22,topfunnel_lal1_compradores_video_v3,21.84,42,1289,6,LookALike_Compradores_1,Video,2º Lançamento | Vendas
2609,2025 | Junho,Quinta-Feira,Dia útil,Vendas,2025-06-19,topfunnel_cargos_dados_estatico_v3,150.14,470,14609,14,Cargos_Dados,Estático,Campanha Contínua | Vendas
2610,2025 | Novembro,Segunda-Feira,Dia útil,Leads,2025-11-24,midfunnel_rmkt_60d_video_v1,39.59,20,1090,5,Remarketing_60dias,Video,2º Lançamento | Leads
2611,2025 | Outubro,Terça-Feira,Dia útil,Leads,2025-10-28,topfunnel_interesses_dados_estatico_v3,41.88,25,3164,1,Interesses_Dados,Estático,Campanha Contínua | Leads
2612,2025 | Agosto,Quinta-Feira,Dia útil,Leads,2025-08-21,topfunnel_interesses_dados_carrossel_v1,110.15,203,7176,39,Interesses_Dados,Carrossel,1º Lançamento | Leads
2613,2025 | Setembro,Quarta-Feira,Dia útil,Leads,2025-09-10,bottomfunnel_engajamento_ig_carrossel_v1,9.46,2,410,0,Engajamento_Instagram,Carrossel,1º Lançamento | Leads
2614,2025 | Novembro,Segunda-Feira,Dia útil,Vendas,2025-11-10,topfunnel_lal2_leads_estatico_v2,19.42,17,445,4,LookALike_Leads_2,Estático,Campanha Contínua | Vendas
2615,2025 | Setembro,Sexta-Feira,Dia útil,Vendas,2025-09-26,topfunnel_lal1_compradores_video_v1,148.11,17,3298,0,LookALike_Compradores_1,Video,2º Lançamento | Vendas
2616,2025 | Fevereiro,Quinta-Feira,Dia útil,Leads,2025-02-27,topfunnel_lal1_compradores_video_v3,69.47,89,2727,8,LookALike_Compradores_1,Video,2º Lançamento | Leads
2617,2025 | Novembro,Domingo,Final de semana,Leads,2025-11-02,midfunnel_engajamento_ig_video_v2,67.8,17,1817,0,Engajamento_Instagram,Video,2º Lançamento | Leads
2618,2025 | Novembro,Quinta-Feira,Dia útil,Leads,2025-11-06,topfunnel_interesses_dados_carrossel_v3,139.51,195,7495,16,Interesses_Dados,Carrossel,2º Lançamento | Leads
2619,2025 | Setembro,Segunda-Feira,Dia útil,Leads,2025-09-29,topfunnel_lal1_compradores_carrossel_v1,136.78,65,5929,14,LookALike_Compradores_1,Carrossel,1º Lançamento | Leads
2620,2025 | Novembro,Sexta-Feira,Dia útil,Leads,2025-11-07,topfunnel_cargos_dados_video_v1,82.6,85,4048,3,Cargos_Dados,Video,1º Lançamento | Leads
2621,2025 | Dezembro,Terça-Feira,Dia útil,Vendas,2025-12-23,bottomfunnel_rmkt_60d_video_v3,10.11,2,468,0,Remarketing_60dias,Video,1º Lançamento | Vendas
2622,2025 | Setembro,Quarta-Feira,Dia útil,Vendas,2025-09-10,midfunnel_engajamento_ig_estatico_v3,125.63,94,10204,22,Engajamento_Instagram,Estático,1º Lançamento | Vendas
2623,2025 | Janeiro,Quarta-Feira,Dia útil,Vendas,2025-01-22,topfunnel_lal1_compradores_carrossel_v1,66.63,84,2932,20,LookALike_Compradores_1,Carrossel,1º Lançamento | Vendas
2624,2025 | Julho,Quinta-Feira,Dia útil,Leads,2025-07-17,topfunnel_lal2_leads_video_v2,169.4,459,10670,107,LookALike_Leads_2,Video,2º Lançamento | Leads
2625,2025 | Junho,Terça-Feira,Dia útil,Leads,2025-06-24,midfunnel_engajamento_ig_carrossel_v2,104.04,155,4007,21,Engajamento_Instagram,Carrossel,Campanha Contínua | Leads
2626,2025 | Novembro,Quarta-Feira,Dia útil,Vendas,2025-11-26,bottomfunnel_rmkt_30d_carrossel_v2,135.57,198,14281,53,Remarketing_30dias,Carrossel,1º Lançamento | Vendas
2627,2025 | Setembro,Domingo,Final de semana,Vendas,2025-09-28,bottomfunnel_rmkt_30d_estatico_v1,87.15,70,2666,18,Remarketing_30dias,Estático,1º Lançamento | Vendas
2628,2025 | Julho,Segunda-Feira,Dia útil,Leads,2025-07-28,bottomfunnel_rmkt_30d_carrossel_v3,130.98,411,13129,60,Remarketing_30dias,Carrossel,Campanha Contínua | Leads
2629,2025 | Janeiro,Sexta-Feira,Dia útil,Leads,2025-01-10,topfunnel_lal1_compradores_carrossel_v2,178.79,40,6062,4,LookALike_Compradores_1,Carrossel,Campanha Contínua | Leads
2630,2025 | Abril,Sexta-Feira,Dia útil,Vendas,2025-04-04,topfunnel_lal2_leads_estatico_v3,145.8,181,6365,32,LookALike_Leads_2,Estático,Campanha Contínua | Vendas
2631,2025 | Agosto,Segunda-Feira,Dia útil,Vendas,2025-08-04,bottomfunnel_engajamento_ig_carrossel_v3,116.41,111,3224,23,Engajamento_Instagram,Carrossel,2º Lançamento | Vendas
2632,2025 | Fevereiro,Sábado,Final de semana,Vendas,2025-02-15,bottomfunnel_rmkt_60d_video_v3,70.68,23,1635,2,Remarketing_60dias,Video,1º Lançamento | Vendas
2633,2025 | Maio,Sábado,Final de semana,Leads,2025-05-31,midfunnel_rmkt_60d_carrossel_v1,160.57,513,13370,126,Remarketing_60dias,Carrossel,1º Lançamento | Leads
2634,2025 | Maio,Sábado,Final de semana,Vendas,2025-05-31,midfunnel_engajamento_ig_estatico_v2,112.94,342,12762,21,Engajamento_Instagram,Estático,Campanha Contínua | Vendas
2635,2025 | Março,Domingo,Final de semana,Leads,2025-03-02,bottomfunnel_engajamento_ig_video_v1,135.5,297,6966,66,Engajamento_Instagram,Video,Campanha Contínua | Leads
2636,2025 | Novembro,Sexta-Feira,Dia útil,Leads,2025-11-07,midfunnel_visitantes_site_carrossel_v3,27.09,23,657,5,Visitantes_Site,Carrossel,2º Lançamento | Leads
2637,2025 | Janeiro,Quinta-Feira,Dia útil,Vendas,2025-01-02,midfunnel_engajamento_ig_carrossel_v1,162.65,122,5617,3,Engajamento_Instagram,Carrossel,1º Lançamento | Vendas
2638,2025 | Julho,Domingo,Final de semana,Leads,2025-07-27,midfunnel_visitantes_site_carrossel_v2,119.81,277,10455,49,Visitantes_Site,Carrossel,2º Lançamento | Leads
2639,2025 | Julho,Segunda-Feira,Dia útil,Vendas,2025-07-28,bottomfunnel_rmkt_30d_video_v2,19.94,20,514,4,Remarketing_30dias,Video,Campanha Contínua | Vendas
2640,2025 | Junho,Terça-Feira,Dia útil,Leads,2025-06-10,topfunnel_interesses_dados_estatico_v1,140.46,62,6173,11,Interesses_Dados,Estático,2º Lançamento | Leads
2641,2025 | Setembro,Quinta-Feira,Dia útil,Leads,2025-09-18,topfunnel_lal1_compradores_video_v1,87.42,22,5370,5,LookALike_Compradores_1,Video,2º Lançamento | Leads
2642,2025 | Novembro,Terça-Feira,Dia útil,Leads,2025-11-04,midfunnel_engajamento_ig_video_v1,150.48,102,4152,4,Engajamento_Instagram,Video,Campanha Contínua | Leads
2643,2025 | Abril,Quarta-Feira,Dia útil,Vendas,2025-04-09,midfunnel_visitantes_site_video_v1,69.1,209,6860,8,Visitantes_Site,Video,Campanha Contínua | Vendas
2644,2025 | Novembro,Sexta-Feira,Dia útil,Leads,2025-11-07,bottomfunnel_visitantes_site_video_v2,139.82,88,3501,23,Visitantes_Site,Video,2º Lançamento | Leads
2645,2025 | Novembro,Terça-Feira,Dia útil,Leads,2025-11-25,topfunnel_cargos_dados_video_v3,67.88,32,2148,8,Cargos_Dados,Video,2º Lançamento | Leads
2646,2025 | Agosto,Sexta-Feira,Dia útil,Leads,2025-08-15,midfunnel_engajamento_ig_video_v3,169.87,140,4167,32,Engajamento_Instagram,Video,2º Lançamento | Leads
2647,2025 | Dezembro,Quarta-Feira,Dia útil,Leads,2025-12-10,topfunnel_cargos_dados_estatico_v1,101.09,352,8862,78,Cargos_Dados,Estático,2º Lançamento | Leads
2648,2025 | Julho,Quarta-Feira,Dia útil,Vendas,2025-07-16,topfunnel_cargos_dados_carrossel_v3,168.02,575,16045,15,Cargos_Dados,Carrossel,Campanha Contínua | Vendas
2649,2025 | Dezembro,Sexta-Feira,Dia útil,Leads,2025-12-12,topfunnel_interesses_dados_video_v1,38.47,98,2319,28,Interesses_Dados,Video,2º Lançamento | Leads
2650,2025 | Julho,Quinta-Feira,Dia útil,Vendas,2025-07-03,topfunnel_cargos_dados_video_v2,165.06,167,7224,46,Cargos_Dados,Video,2º Lançamento | Vendas
2651,2025 | Janeiro,Segunda-Feira,Dia útil,Leads,2025-01-06,topfunnel_cargos_dados_carrossel_v1,16.45,22,1171,1,Cargos_Dados,Carrossel,2º Lançamento | Leads
2652,2025 | Maio,Sexta-Feira,Dia útil,Vendas,2025-05-02,bottomfunnel_visitantes_site_video_v2,99.44,43,2253,3,Visitantes_Site,Video,2º Lançamento | Vendas
2653,2025 | Fevereiro,Sábado,Final de semana,Vendas,2025-02-08,bottomfunnel_rmkt_60d_estatico_v3,11.23,10,257,1,Remarketing_60dias,Estático,1º Lançamento | Vendas
2654,2025 | Julho,Terça-Feira,Dia útil,Leads,2025-07-22,topfunnel_lal1_compradores_video_v2,51.38,15,1146,1,LookALike_Compradores_1,Video,2º Lançamento | Leads
2655,2025 | Fevereiro,Sábado,Final de semana,Leads,2025-02-22,topfunnel_interesses_dados_video_v2,134.01,126,5059,34,Interesses_Dados,Video,1º Lançamento | Leads
2656,2025 | Janeiro,Quarta-Feira,Dia útil,Vendas,2025-01-08,topfunnel_interesses_dados_estatico_v3,97.68,197,6623,18,Interesses_Dados,Estático,2º Lançamento | Vendas
2657,2025 | Março,Sábado,Final de semana,Leads,2025-03-29,bottomfunnel_visitantes_site_carrossel_v3,124.4,180,5139,47,Visitantes_Site,Carrossel,1º Lançamento | Leads
2658,2025 | Outubro,Sábado,Final de semana,Leads,2025-10-04,topfunnel_interesses_dados_carrossel_v1,98.97,45,2206,5,Interesses_Dados,Carrossel,Campanha Contínua | Leads
2659,2025 | Agosto,Terça-Feira,Dia útil,Vendas,2025-08-19,topfunnel_lal1_compradores_estatico_v3,106.98,66,3091,13,LookALike_Compradores_1,Estático,1º Lançamento | Vendas
2660,2025 | Agosto,Quinta-Feira,Dia útil,Leads,2025-08-21,topfunnel_lal1_compradores_estatico_v2,44.38,69,1930,4,LookALike_Compradores_1,Estático,1º Lançamento | Leads
2661,2025 | Julho,Domingo,Final de semana,Vendas,2025-07-06,midfunnel_engajamento_ig_carrossel_v1,119.46,109,8339,12,Engajamento_Instagram,Carrossel,Campanha Contínua | Vendas
2662,2025 | Março,Domingo,Final de semana,Leads,2025-03-23,bottomfunnel_engajamento_ig_carrossel_v1,140.47,112,5026,5,Engajamento_Instagram,Carrossel,2º Lançamento | Leads
2663,2025 | Julho,Domingo,Final de semana,Leads,2025-07-27,topfunnel_interesses_dados_carrossel_v3,139.19,426,9635,25,Interesses_Dados,Carrossel,Campanha Contínua | Leads
2664,2025 | Julho,Quarta-Feira,Dia útil,Vendas,2025-07-23,topfunnel_lal1_compradores_carrossel_v3,97.33,39,2929,7,LookALike_Compradores_1,Carrossel,Campanha Contínua | Vendas
2665,2025 | Maio,Quarta-Feira,Dia útil,Vendas,2025-05-28,topfunnel_lal1_compradores_video_v1,160.86,300,17116,8,LookALike_Compradores_1,Video,Campanha Contínua | Vendas
2666,2025 | Dezembro,Domingo,Final de semana,Vendas,2025-12-21,bottomfunnel_engajamento_ig_carrossel_v3,174.51,88,5455,16,Engajamento_Instagram,Carrossel,Campanha Contínua | Vendas
2667,2025 | Novembro,Domingo,Final de semana,Leads,2025-11-09,topfunnel_interesses_dados_carrossel_v1,52.83,56,2137,8,Interesses_Dados,Carrossel,1º Lançamento | Leads
2668,2025 | Dezembro,Segunda-Feira,Dia útil,Vendas,2025-12-22,topfunnel_interesses_dados_estatico_v1,44.26,35,1573,5,Interesses_Dados,Estático,Campanha Contínua | Vendas
2669,2025 | Dezembro,Quarta-Feira,Dia útil,Leads,2025-12-03,topfunnel_lal2_leads_estatico_v2,140.99,21,3229,4,LookALike_Leads_2,Estático,2º Lançamento | Leads
2670,2025 | Setembro,Quinta-Feira,Dia útil,Leads,2025-09-11,topfunnel_lal2_leads_estatico_v3,29.11,38,936,6,LookALike_Leads_2,Estático,Campanha Contínua | Leads
2671,2025 | Março,Quinta-Feira,Dia útil,Vendas,2025-03-20,topfunnel_cargos_dados_estatico_v3,104.88,138,3991,33,Cargos_Dados,Estático,Campanha Contínua | Vendas
2672,2025 | Junho,Quinta-Feira,Dia útil,Vendas,2025-06-12,topfunnel_lal1_compradores_estatico_v3,35.56,15,1142,0,LookALike_Compradores_1,Estático,2º Lançamento | Vendas
2673,2025 | Janeiro,Quinta-Feira,Dia útil,Vendas,2025-01-16,bottomfunnel_visitantes_site_estatico_v3,112.47,92,3370,2,Visitantes_Site,Estático,1º Lançamento | Vendas
2674,2025 | Março,Quinta-Feira,Dia útil,Leads,2025-03-27,topfunnel_cargos_dados_carrossel_v2,153.82,98,8579,16,Cargos_Dados,Carrossel,2º Lançamento | Leads
2675,2025 | Outubro,Sexta-Feira,Dia útil,Leads,2025-10-31,topfunnel_cargos_dados_estatico_v3,54.71,51,1730,2,Cargos_Dados,Estático,Campanha Contínua | Leads
2676,2025 | Outubro,Quarta-Feira,Dia útil,Vendas,2025-10-22,midfunnel_engajamento_ig_video_v3,172.98,173,4101,19,Engajamento_Instagram,Video,1º Lançamento | Vendas
2677,2025 | Maio,Quarta-Feira,Dia útil,Leads,2025-05-14,bottomfunnel_visitantes_site_video_v3,178.12,285,6881,33,Visitantes_Site,Video,1º Lançamento | Leads
2678,2025 | Outubro,Quarta-Feira,Dia útil,Leads,2025-10-22,midfunnel_rmkt_30d_carrossel_v2,96.53,50,2614,4,Remarketing_30dias,Carrossel,Campanha Contínua | Leads
2679,2025 | Fevereiro,Segunda-Feira,Dia útil,Leads,2025-02-24,bottomfunnel_engajamento_ig_estatico_v1,171.41,96,6563,12,Engajamento_Instagram,Estático,Campanha Contínua | Leads
2680,2025 | Junho,Segunda-Feira,Dia útil,Leads,2025-06-16,bottomfunnel_visitantes_site_estatico_v2,42.3,82,2785,4,Visitantes_Site,Estático,Campanha Contínua | Leads
2681,2025 | Setembro,Sábado,Final de semana,Vendas,2025-09-20,topfunnel_interesses_dados_video_v2,108.82,93,7718,23,Interesses_Dados,Video,2º Lançamento | Vendas
2682,2025 | Outubro,Sábado,Final de semana,Leads,2025-10-25,topfunnel_lal1_compradores_video_v2,39.81,35,2054,5,LookALike_Compradores_1,Video,2º Lançamento | Leads
2683,2025 | Junho,Terça-Feira,Dia útil,Leads,2025-06-17,midfunnel_rmkt_30d_carrossel_v2,112.44,149,7056,33,Remarketing_30dias,Carrossel,Campanha Contínua | Leads
2684,2025 | Fevereiro,Quarta-Feira,Dia útil,Leads,2025-02-19,bottomfunnel_engajamento_ig_estatico_v1,5.35,7,172,0,Engajamento_Instagram,Estático,Campanha Contínua | Leads
2685,2025 | Fevereiro,Terça-Feira,Dia útil,Leads,2025-02-25,topfunnel_interesses_dados_video_v2,33.98,39,1532,11,Interesses_Dados,Video,Campanha Contínua | Leads
2686,2025 | Outubro,Quinta-Feira,Dia útil,Leads,2025-10-30,topfunnel_lal1_compradores_carrossel_v3,150.7,17,4181,2,LookALike_Compradores_1,Carrossel,1º Lançamento | Leads
2687,2025 | Setembro,Domingo,Final de semana,Leads,2025-09-21,midfunnel_visitantes_site_estatico_v1,168.49,243,5886,57,Visitantes_Site,Estático,2º Lançamento | Leads
2688,2025 | Janeiro,Quinta-Feira,Dia útil,Vendas,2025-01-30,bottomfunnel_engajamento_ig_estatico_v2,55.51,94,3908,10,Engajamento_Instagram,Estático,2º Lançamento | Vendas
2689,2025 | Dezembro,Terça-Feira,Dia útil,Leads,2025-12-09,bottomfunnel_visitantes_site_carrossel_v2,143.9,242,7289,46,Visitantes_Site,Carrossel,1º Lançamento | Leads
2690,2025 | Setembro,Segunda-Feira,Dia útil,Leads,2025-09-15,topfunnel_interesses_dados_video_v3,78.49,37,3867,9,Interesses_Dados,Video,1º Lançamento | Leads
2691,2025 | Janeiro,Quarta-Feira,Dia útil,Leads,2025-01-22,midfunnel_rmkt_60d_estatico_v3,117.4,306,7077,17,Remarketing_60dias,Estático,1º Lançamento | Leads
2692,2025 | Junho,Segunda-Feira,Dia útil,Vendas,2025-06-16,topfunnel_interesses_dados_video_v1,60.01,59,2327,11,Interesses_Dados,Video,2º Lançamento | Vendas
2693,2025 | Outubro,Domingo,Final de semana,Vendas,2025-10-12,topfunnel_interesses_dados_estatico_v2,52.97,56,1945,7,Interesses_Dados,Estático,Campanha Contínua | Vendas
2694,2025 | Setembro,Terça-Feira,Dia útil,Leads,2025-09-09,bottomfunnel_rmkt_30d_estatico_v3,142.52,65,4117,8,Remarketing_30dias,Estático,Campanha Contínua | Leads
2695,2025 | Janeiro,Sábado,Final de semana,Leads,2025-01-04,topfunnel_cargos_dados_estatico_v2,39.62,23,911,5,Cargos_Dados,Estático,1º Lançamento | Leads
2696,2025 | Dezembro,Segunda-Feira,Dia útil,Leads,2025-12-29,topfunnel_interesses_dados_carrossel_v1,36.3,42,3514,2,Interesses_Dados,Carrossel,Campanha Contínua | Leads
2697,2025 | Janeiro,Sábado,Final de semana,Vendas,2025-01-04,topfunnel_interesses_dados_video_v2,133.55,82,3276,11,Interesses_Dados,Video,2º Lançamento | Vendas
2698,2025 | Março,Domingo,Final de semana,Leads,2025-03-23,topfunnel_lal2_leads_estatico_v1,97.02,54,2667,11,LookALike_Leads_2,Estático,Campanha Contínua | Leads
2699,2025 | Agosto,Sexta-Feira,Dia útil,Leads,2025-08-22,topfunnel_cargos_dados_estatico_v2,84.91,211,4815,37,Cargos_Dados,Estático,2º Lançamento | Leads
2700,2025 | Setembro,Sexta-Feira,Dia útil,Leads,2025-09-05,topfunnel_cargos_dados_carrossel_v1,60.26,48,1950,11,Cargos_Dados,Carrossel,Campanha Contínua | Leads
2701,2025 | Agosto,Quinta-Feira,Dia útil,Leads,2025-08-21,midfunnel_rmkt_30d_carrossel_v2,11.92,9,296,2,Remarketing_30dias,Carrossel,Campanha Contínua | Leads
2702,2025 | Agosto,Sexta-Feira,Dia útil,Leads,2025-08-29,topfunnel_lal2_leads_carrossel_v1,37.7,34,1015,9,LookALike_Leads_2,Carrossel,Campanha Contínua | Leads
2703,2025 | Outubro,Domingo,Final de semana,Vendas,2025-10-26,topfunnel_lal1_compradores_estatico_v1,33.13,30,1129,5,LookALike_Compradores_1,Estático,Campanha Contínua | Vendas
2704,2025 | Julho,Quarta-Feira,Dia útil,Vendas,2025-07-30,topfunnel_interesses_dados_carrossel_v2,144.39,125,4467,24,Interesses_Dados,Carrossel,1º Lançamento | Vendas
2705,2025 | Outubro,Sábado,Final de semana,Leads,2025-10-11,bottomfunnel_rmkt_30d_video_v3,67.06,55,1535,14,Remarketing_30dias,Video,Campanha Contínua | Leads
2706,2025 | Abril,Terça-Feira,Dia útil,Leads,2025-04-15,bottomfunnel_rmkt_60d_estatico_v1,89.32,95,2804,25,Remarketing_60dias,Estático,1º Lançamento | Leads
2707,2025 | Março,Segunda-Feira,Dia útil,Vendas,2025-03-24,midfunnel_rmkt_60d_video_v3,61.54,42,1537,12,Remarketing_60dias,Video,2º Lançamento | Vendas
2708,2025 | Novembro,Domingo,Final de semana,Vendas,2025-11-09,topfunnel_interesses_dados_video_v2,109.64,77,2784,1,Interesses_Dados,Video,Campanha Contínua | Vendas
2709,2025 | Março,Segunda-Feira,Dia útil,Leads,2025-03-31,topfunnel_cargos_dados_video_v2,46.25,25,1118,4,Cargos_Dados,Video,2º Lançamento | Leads
2710,2025 | Fevereiro,Quinta-Feira,Dia útil,Leads,2025-02-27,midfunnel_visitantes_site_video_v1,28.99,26,761,1,Visitantes_Site,Video,2º Lançamento | Leads
2711,2025 | Julho,Quarta-Feira,Dia útil,Vendas,2025-07-23,topfunnel_lal1_compradores_carrossel_v1,33.25,12,817,2,LookALike_Compradores_1,Carrossel,Campanha Contínua | Vendas
2712,2025 | Dezembro,Quinta-Feira,Dia útil,Vendas,2025-12-18,topfunnel_lal2_leads_estatico_v3,39.88,37,1127,4,LookALike_Leads_2,Estático,Campanha Contínua | Vendas
2713,2025 | Julho,Quarta-Feira,Dia útil,Leads,2025-07-02,midfunnel_engajamento_ig_video_v1,5.58,1,126,0,Engajamento_Instagram,Video,1º Lançamento | Leads
2714,2025 | Outubro,Terça-Feira,Dia útil,Vendas,2025-10-21,bottomfunnel_visitantes_site_video_v1,64.07,68,1591,17,Visitantes_Site,Video,Campanha Contínua | Vendas
2715,2025 | Fevereiro,Segunda-Feira,Dia útil,Leads,2025-02-17,topfunnel_cargos_dados_carrossel_v3,32.23,32,762,7,Cargos_Dados,Carrossel,Campanha Contínua | Leads
2716,2025 | Janeiro,Segunda-Feira,Dia útil,Leads,2025-01-13,bottomfunnel_rmkt_30d_estatico_v3,156.54,36,5814,9,Remarketing_30dias,Estático,1º Lançamento | Leads
2717,2025 | Outubro,Quinta-Feira,Dia útil,Leads,2025-10-23,topfunnel_lal2_leads_video_v1,124.4,135,4695,7,LookALike_Leads_2,Video,2º Lançamento | Leads
2718,2025 | Janeiro,Sábado,Final de semana,Vendas,2025-01-25,topfunnel_cargos_dados_video_v1,30.44,31,759,8,Cargos_Dados,Video,2º Lançamento | Vendas
2719,2025 | Agosto,Quarta-Feira,Dia útil,Vendas,2025-08-27,topfunnel_cargos_dados_video_v1,110.04,23,3090,1,Cargos_Dados,Video,2º Lançamento | Vendas
2720,2025 | Fevereiro,Domingo,Final de semana,Leads,2025-02-23,topfunnel_cargos_dados_video_v1,112.11,116,12211,13,Cargos_Dados,Video,Campanha Contínua | Leads
2721,2025 | Setembro,Domingo,Final de semana,Vendas,2025-09-28,midfunnel_rmkt_30d_video_v1,54.62,70,3612,5,Remarketing_30dias,Video,1º Lançamento | Vendas
2722,2025 | Dezembro,Sexta-Feira,Dia útil,Leads,2025-12-05,midfunnel_rmkt_60d_carrossel_v1,138.17,60,7494,5,Remarketing_60dias,Carrossel,Campanha Contínua | Leads
2723,2025 | Dezembro,Terça-Feira,Dia útil,Leads,2025-12-16,topfunnel_cargos_dados_estatico_v1,104.82,49,5218,9,Cargos_Dados,Estático,2º Lançamento | Leads
2724,2025 | Março,Sexta-Feira,Dia útil,Leads,2025-03-07,bottomfunnel_rmkt_30d_carrossel_v2,130.58,22,3342,5,Remarketing_30dias,Carrossel,Campanha Contínua | Leads
2725,2025 | Janeiro,Quarta-Feira,Dia útil,Vendas,2025-01-01,bottomfunnel_rmkt_30d_carrossel_v1,140.81,179,4759,42,Remarketing_30dias,Carrossel,1º Lançamento | Vendas
2726,2025 | Agosto,Quinta-Feira,Dia útil,Leads,2025-08-21,bottomfunnel_rmkt_60d_video_v2,100.07,71,3578,16,Remarketing_60dias,Video,1º Lançamento | Leads
2727,2025 | Abril,Sábado,Final de semana,Vendas,2025-04-19,midfunnel_rmkt_60d_video_v1,27.5,6,1064,0,Remarketing_60dias,Video,Campanha Contínua | Vendas
2728,2025 | Março,Segunda-Feira,Dia útil,Leads,2025-03-24,topfunnel_lal2_leads_estatico_v1,32.03,22,1035,4,LookALike_Leads_2,Estático,1º Lançamento | Leads
2729,2025 | Agosto,Sábado,Final de semana,Leads,2025-08-09,topfunnel_lal1_compradores_estatico_v1,25.57,16,642,4,LookALike_Compradores_1,Estático,1º Lançamento | Leads
2730,2025 | Junho,Quarta-Feira,Dia útil,Leads,2025-06-25,topfunnel_cargos_dados_carrossel_v3,116.46,237,7185,23,Cargos_Dados,Carrossel,1º Lançamento | Leads
2731,2025 | Janeiro,Sexta-Feira,Dia útil,Leads,2025-01-31,bottomfunnel_visitantes_site_estatico_v3,164.77,99,5202,26,Visitantes_Site,Estático,2º Lançamento | Leads
2732,2025 | Novembro,Sábado,Final de semana,Leads,2025-11-15,topfunnel_lal2_leads_carrossel_v3,140.66,105,6737,26,LookALike_Leads_2,Carrossel,1º Lançamento | Leads
2733,2025 | Maio,Sexta-Feira,Dia útil,Leads,2025-05-09,topfunnel_interesses_dados_video_v2,84.46,60,10425,2,Interesses_Dados,Video,1º Lançamento | Leads
2734,2025 | Setembro,Domingo,Final de semana,Leads,2025-09-21,bottomfunnel_rmkt_30d_video_v3,43.3,26,1758,7,Remarketing_30dias,Video,2º Lançamento | Leads
2735,2025 | Março,Segunda-Feira,Dia útil,Leads,2025-03-24,topfunnel_lal1_compradores_carrossel_v1,94.24,77,2476,11,LookALike_Compradores_1,Carrossel,1º Lançamento | Leads
2736,2025 | Outubro,Sexta-Feira,Dia útil,Leads,2025-10-31,topfunnel_interesses_dados_estatico_v3,13.29,29,1194,3,Interesses_Dados,Estático,1º Lançamento | Leads
2737,2025 | Maio,Quarta-Feira,Dia útil,Leads,2025-05-07,midfunnel_rmkt_30d_estatico_v1,146.81,344,7873,98,Remarketing_30dias,Estático,2º Lançamento | Leads
2738,2025 | Junho,Terça-Feira,Dia útil,Leads,2025-06-03,midfunnel_engajamento_ig_video_v3,37.39,94,4325,11,Engajamento_Instagram,Video,Campanha Contínua | Leads
2739,2025 | Dezembro,Sábado,Final de semana,Leads,2025-12-13,bottomfunnel_engajamento_ig_carrossel_v3,47.54,46,5225,0,Engajamento_Instagram,Carrossel,1º Lançamento | Leads
2740,2025 | Dezembro,Quarta-Feira,Dia útil,Vendas,2025-12-10,bottomfunnel_rmkt_30d_carrossel_v1,148.51,77,3534,7,Remarketing_30dias,Carrossel,2º Lançamento | Vendas
2741,2025 | Julho,Segunda-Feira,Dia útil,Leads,2025-07-21,topfunnel_cargos_dados_video_v2,106.36,147,3880,31,Cargos_Dados,Video,2º Lançamento | Leads
2742,2025 | Janeiro,Sexta-Feira,Dia útil,Leads,2025-01-10,bottomfunnel_rmkt_60d_estatico_v2,20.28,13,463,0,Remarketing_60dias,Estático,1º Lançamento | Leads
2743,2025 | Março,Sábado,Final de semana,Leads,2025-03-01,topfunnel_lal2_leads_carrossel_v2,24.57,6,1417,1,LookALike_Leads_2,Carrossel,Campanha Contínua | Leads
2744,2025 | Maio,Quinta-Feira,Dia útil,Leads,2025-05-01,topfunnel_interesses_dados_carrossel_v3,136.92,102,3445,9,Interesses_Dados,Carrossel,1º Lançamento | Leads
2745,2025 | Junho,Quarta-Feira,Dia útil,Leads,2025-06-11,topfunnel_interesses_dados_estatico_v1,10.01,8,327,1,Interesses_Dados,Estático,2º Lançamento | Leads
2746,2025 | Novembro,Sexta-Feira,Dia útil,Vendas,2025-11-28,topfunnel_lal2_leads_estatico_v3,96.43,48,3675,1,LookALike_Leads_2,Estático,2º Lançamento | Vendas
2747,2025 | Outubro,Quinta-Feira,Dia útil,Leads,2025-10-30,topfunnel_interesses_dados_estatico_v2,109.53,25,3064,6,Interesses_Dados,Estático,1º Lançamento | Leads
2748,2025 | Março,Terça-Feira,Dia útil,Leads,2025-03-18,bottomfunnel_rmkt_60d_video_v2,103.86,230,6043,53,Remarketing_60dias,Video,2º Lançamento | Leads
2749,2025 | Abril,Sexta-Feira,Dia útil,Leads,2025-04-04,midfunnel_rmkt_60d_carrossel_v3,81.68,317,9561,87,Remarketing_60dias,Carrossel,1º Lançamento | Leads
2750,2025 | Agosto,Sábado,Final de semana,Vendas,2025-08-09,topfunnel_cargos_dados_video_v1,85.44,118,3155,20,Cargos_Dados,Video,1º Lançamento | Vendas
2751,2025 | Fevereiro,Segunda-Feira,Dia útil,Leads,2025-02-24,topfunnel_lal1_compradores_video_v3,120.6,494,13377,96,LookALike_Compradores_1,Video,1º Lançamento | Leads
2752,2025 | Outubro,Terça-Feira,Dia útil,Vendas,2025-10-07,topfunnel_interesses_dados_video_v2,123.97,95,3464,17,Interesses_Dados,Video,Campanha Contínua | Vendas
2753,2025 | Agosto,Segunda-Feira,Dia útil,Vendas,2025-08-18,topfunnel_interesses_dados_video_v2,173.35,128,4946,24,Interesses_Dados,Video,2º Lançamento | Vendas
2754,2025 | Dezembro,Sexta-Feira,Dia útil,Leads,2025-12-05,topfunnel_interesses_dados_carrossel_v2,161.21,80,8373,18,Interesses_Dados,Carrossel,2º Lançamento | Leads
2755,2025 | Julho,Quarta-Feira,Dia útil,Leads,2025-07-02,bottomfunnel_rmkt_30d_carrossel_v3,68.85,42,1619,1,Remarketing_30dias,Carrossel,1º Lançamento | Leads
2756,2025 | Maio,Terça-Feira,Dia útil,Leads,2025-05-13,bottomfunnel_engajamento_ig_estatico_v2,120.82,35,3124,2,Engajamento_Instagram,Estático,Campanha Contínua | Leads
2757,2025 | Fevereiro,Quinta-Feira,Dia útil,Leads,2025-02-13,midfunnel_engajamento_ig_video_v1,93.18,131,3517,12,Engajamento_Instagram,Video,1º Lançamento | Leads
2758,2025 | Novembro,Terça-Feira,Dia útil,Vendas,2025-11-04,topfunnel_cargos_dados_estatico_v3,136.01,207,4624,58,Cargos_Dados,Estático,2º Lançamento | Vendas
2759,2025 | Dezembro,Domingo,Final de semana,Vendas,2025-12-07,bottomfunnel_rmkt_60d_video_v1,129.13,267,7349,64,Remarketing_60dias,Video,2º Lançamento | Vendas
2760,2025 | Fevereiro,Quinta-Feira,Dia útil,Leads,2025-02-27,topfunnel_lal1_compradores_estatico_v3,116.51,125,8007,33,LookALike_Compradores_1,Estático,Campanha Contínua | Leads
2761,2025 | Outubro,Sábado,Final de semana,Leads,2025-10-11,bottomfunnel_visitantes_site_carrossel_v2,21.49,14,506,3,Visitantes_Site,Carrossel,Campanha Contínua | Leads
2762,2025 | Dezembro,Quarta-Feira,Dia útil,Vendas,2025-12-10,topfunnel_cargos_dados_estatico_v3,10.52,7,346,1,Cargos_Dados,Estático,Campanha Contínua | Vendas
2763,2025 | Julho,Sábado,Final de semana,Leads,2025-07-12,bottomfunnel_rmkt_30d_carrossel_v3,78.7,110,4414,6,Remarketing_30dias,Carrossel,2º Lançamento | Leads
2764,2025 | Janeiro,Segunda-Feira,Dia útil,Leads,2025-01-06,bottomfunnel_visitantes_site_video_v1,30.87,20,725,1,Visitantes_Site,Video,Campanha Contínua | Leads
2765,2025 | Julho,Segunda-Feira,Dia útil,Leads,2025-07-28,topfunnel_cargos_dados_video_v3,174.26,143,4003,13,Cargos_Dados,Video,2º Lançamento | Leads
2766,2025 | Setembro,Terça-Feira,Dia útil,Vendas,2025-09-30,midfunnel_rmkt_30d_carrossel_v2,26.9,36,1531,10,Remarketing_30dias,Carrossel,Campanha Contínua | Vendas
2767,2025 | Agosto,Sábado,Final de semana,Leads,2025-08-16,topfunnel_interesses_dados_estatico_v1,113.12,178,10933,14,Interesses_Dados,Estático,1º Lançamento | Leads
2768,2025 | Outubro,Terça-Feira,Dia útil,Vendas,2025-10-28,midfunnel_rmkt_30d_estatico_v1,129.37,137,10785,30,Remarketing_30dias,Estático,1º Lançamento | Vendas
2769,2025 | Junho,Terça-Feira,Dia útil,Leads,2025-06-24,bottomfunnel_rmkt_30d_video_v2,101.24,155,8809,39,Remarketing_30dias,Video,1º Lançamento | Leads
2770,2025 | Março,Quarta-Feira,Dia útil,Leads,2025-03-26,bottomfunnel_rmkt_60d_estatico_v1,49.04,34,1592,6,Remarketing_60dias,Estático,1º Lançamento | Leads
2771,2025 | Dezembro,Terça-Feira,Dia útil,Leads,2025-12-23,topfunnel_lal1_compradores_carrossel_v2,73.87,249,7145,38,LookALike_Compradores_1,Carrossel,Campanha Contínua | Leads
2772,2025 | Fevereiro,Segunda-Feira,Dia útil,Vendas,2025-02-03,topfunnel_cargos_dados_carrossel_v2,108.03,97,3698,3,Cargos_Dados,Carrossel,Campanha Contínua | Vendas
2773,2025 | Janeiro,Quinta-Feira,Dia útil,Vendas,2025-01-02,topfunnel_lal2_leads_carrossel_v1,19.7,27,1799,4,LookALike_Leads_2,Carrossel,1º Lançamento | Vendas
2774,2025 | Abril,Sábado,Final de semana,Vendas,2025-04-26,topfunnel_cargos_dados_estatico_v3,69.33,82,3893,16,Cargos_Dados,Estático,Campanha Contínua | Vendas
2775,2025 | Maio,Quinta-Feira,Dia útil,Vendas,2025-05-08,bottomfunnel_engajamento_ig_carrossel_v2,167.63,127,7584,34,Engajamento_Instagram,Carrossel,1º Lançamento | Vendas
2776,2025 | Junho,Terça-Feira,Dia útil,Leads,2025-06-17,midfunnel_rmkt_60d_estatico_v1,24.53,53,1888,3,Remarketing_60dias,Estático,Campanha Contínua | Leads
2777,2025 | Setembro,Terça-Feira,Dia útil,Vendas,2025-09-02,bottomfunnel_rmkt_30d_carrossel_v3,10.4,19,852,2,Remarketing_30dias,Carrossel,Campanha Contínua | Vendas
2778,2025 | Fevereiro,Sábado,Final de semana,Leads,2025-02-01,bottomfunnel_engajamento_ig_video_v2,46.62,32,1056,1,Engajamento_Instagram,Video,Campanha Contínua | Leads
2779,2025 | Maio,Quarta-Feira,Dia útil,Leads,2025-05-14,topfunnel_lal1_compradores_estatico_v2,3.86,13,432,2,LookALike_Compradores_1,Estático,1º Lançamento | Leads
2780,2025 | Junho,Segunda-Feira,Dia útil,Leads,2025-06-02,midfunnel_rmkt_60d_video_v2,165.89,118,3690,11,Remarketing_60dias,Video,Campanha Contínua | Leads
2781,2025 | Outubro,Segunda-Feira,Dia útil,Leads,2025-10-13,bottomfunnel_engajamento_ig_estatico_v1,60.52,26,2508,6,Engajamento_Instagram,Estático,2º Lançamento | Leads
2782,2025 | Junho,Quarta-Feira,Dia útil,Leads,2025-06-11,bottomfunnel_visitantes_site_estatico_v2,97.91,242,10783,69,Visitantes_Site,Estático,2º Lançamento | Leads
2783,2025 | Abril,Quinta-Feira,Dia útil,Leads,2025-04-24,topfunnel_lal1_compradores_estatico_v1,45.55,17,1232,2,LookALike_Compradores_1,Estático,2º Lançamento | Leads
2784,2025 | Março,Sábado,Final de semana,Vendas,2025-03-08,topfunnel_cargos_dados_estatico_v2,126.86,256,12679,29,Cargos_Dados,Estático,Campanha Contínua | Vendas
2785,2025 | Junho,Sexta-Feira,Dia útil,Leads,2025-06-27,topfunnel_lal1_compradores_video_v3,167.91,276,7071,14,LookALike_Compradores_1,Video,1º Lançamento | Leads
2786,2025 | Maio,Sábado,Final de semana,Leads,2025-05-31,topfunnel_lal2_leads_estatico_v2,125.68,100,4921,23,LookALike_Leads_2,Estático,Campanha Contínua | Leads
2787,2025 | Fevereiro,Terça-Feira,Dia útil,Leads,2025-02-04,topfunnel_interesses_dados_video_v1,52.37,9,1179,2,Interesses_Dados,Video,Campanha Contínua | Leads
2788,2025 | Maio,Sexta-Feira,Dia útil,Leads,2025-05-09,midfunnel_engajamento_ig_video_v3,5.16,5,201,0,Engajamento_Instagram,Video,Campanha Contínua | Leads
2789,2025 | Setembro,Quinta-Feira,Dia útil,Vendas,2025-09-11,topfunnel_cargos_dados_video_v1,33.19,47,1105,6,Cargos_Dados,Video,1º Lançamento | Vendas
2790,2025 | Maio,Terça-Feira,Dia útil,Leads,2025-05-20,midfunnel_engajamento_ig_estatico_v3,146.63,460,13555,127,Engajamento_Instagram,Estático,1º Lançamento | Leads
2791,2025 | Abril,Terça-Feira,Dia útil,Leads,2025-04-15,bottomfunnel_rmkt_30d_carrossel_v2,42.97,58,2066,7,Remarketing_30dias,Carrossel,Campanha Contínua | Leads
2792,2025 | Janeiro,Sábado,Final de semana,Leads,2025-01-25,midfunnel_visitantes_site_carrossel_v2,177.05,45,4110,2,Visitantes_Site,Carrossel,Campanha Contínua | Leads
2793,2025 | Outubro,Segunda-Feira,Dia útil,Vendas,2025-10-13,bottomfunnel_rmkt_30d_carrossel_v2,66.76,79,1862,2,Remarketing_30dias,Carrossel,Campanha Contínua | Vendas
2794,2025 | Agosto,Sexta-Feira,Dia útil,Leads,2025-08-08,bottomfunnel_visitantes_site_estatico_v2,133.81,128,3329,5,Visitantes_Site,Estático,1º Lançamento | Leads
2795,2025 | Abril,Quinta-Feira,Dia útil,Leads,2025-04-10,topfunnel_lal2_leads_estatico_v3,111.62,139,3166,29,LookALike_Leads_2,Estático,Campanha Contínua | Leads
2796,2025 | Fevereiro,Quinta-Feira,Dia útil,Leads,2025-02-13,midfunnel_engajamento_ig_video_v3,54.59,59,1720,9,Engajamento_Instagram,Video,1º Lançamento | Leads
2797,2025 | Abril,Quarta-Feira,Dia útil,Vendas,2025-04-09,midfunnel_engajamento_ig_carrossel_v1,161.85,34,7676,5,Engajamento_Instagram,Carrossel,1º Lançamento | Vendas
2798,2025 | Novembro,Sexta-Feira,Dia útil,Vendas,2025-11-07,bottomfunnel_rmkt_30d_video_v2,129.37,169,8516,50,Remarketing_30dias,Video,1º Lançamento | Vendas
2799,2025 | Junho,Segunda-Feira,Dia útil,Vendas,2025-06-16,topfunnel_cargos_dados_estatico_v3,161.15,106,7958,11,Cargos_Dados,Estático,1º Lançamento | Vendas
2800,2025 | Dezembro,Quinta-Feira,Dia útil,Vendas,2025-12-25,topfunnel_interesses_dados_carrossel_v1,129.44,133,5711,13,Interesses_Dados,Carrossel,1º Lançamento | Vendas
2801,2025 | Agosto,Quarta-Feira,Dia útil,Leads,2025-08-06,topfunnel_cargos_dados_estatico_v2,47.65,27,1453,2,Cargos_Dados,Estático,1º Lançamento | Leads
2802,2025 | Setembro,Terça-Feira,Dia útil,Leads,2025-09-30,midfunnel_visitantes_site_carrossel_v2,109.49,224,6823,39,Visitantes_Site,Carrossel,1º Lançamento | Leads
2803,2025 | Novembro,Terça-Feira,Dia útil,Vendas,2025-11-25,midfunnel_visitantes_site_video_v1,97.75,56,2245,5,Visitantes_Site,Video,Campanha Contínua | Vendas
2804,2025 | Julho,Quinta-Feira,Dia útil,Vendas,2025-07-17,midfunnel_engajamento_ig_carrossel_v3,108.8,249,5630,38,Engajamento_Instagram,Carrossel,Campanha Contínua | Vendas
2805,2025 | Março,Segunda-Feira,Dia útil,Vendas,2025-03-10,topfunnel_interesses_dados_estatico_v2,123.38,96,7094,23,Interesses_Dados,Estático,Campanha Contínua | Vendas
2806,2025 | Novembro,Segunda-Feira,Dia útil,Leads,2025-11-03,bottomfunnel_engajamento_ig_carrossel_v1,50.03,45,1206,9,Engajamento_Instagram,Carrossel,Campanha Contínua | Leads
2807,2025 | Agosto,Terça-Feira,Dia útil,Leads,2025-08-19,midfunnel_rmkt_30d_video_v1,175.7,122,3952,19,Remarketing_30dias,Video,2º Lançamento | Leads
2808,2025 | Março,Sábado,Final de semana,Vendas,2025-03-22,midfunnel_rmkt_30d_video_v3,105.11,27,2491,1,Remarketing_30dias,Video,1º Lançamento | Vendas
2809,2025 | Janeiro,Quarta-Feira,Dia útil,Leads,2025-01-08,topfunnel_cargos_dados_video_v1,13.69,11,501,1,Cargos_Dados,Video,1º Lançamento | Leads
2810,2025 | Janeiro,Quinta-Feira,Dia útil,Leads,2025-01-16,topfunnel_lal2_leads_carrossel_v2,24.1,31,852,2,LookALike_Leads_2,Carrossel,2º Lançamento | Leads
2811,2025 | Fevereiro,Segunda-Feira,Dia útil,Leads,2025-02-17,bottomfunnel_rmkt_30d_carrossel_v2,117.85,27,3715,4,Remarketing_30dias,Carrossel,1º Lançamento | Leads
2812,2025 | Setembro,Sexta-Feira,Dia útil,Leads,2025-09-05,topfunnel_cargos_dados_video_v2,57.41,40,1433,10,Cargos_Dados,Video,1º Lançamento | Leads
2813,2025 | Janeiro,Sábado,Final de semana,Leads,2025-01-18,topfunnel_lal1_compradores_estatico_v2,165.09,761,20306,74,LookALike_Compradores_1,Estático,2º Lançamento | Leads
2814,2025 | Outubro,Quarta-Feira,Dia útil,Leads,2025-10-29,topfunnel_interesses_dados_estatico_v1,162.77,364,16772,98,Interesses_Dados,Estático,2º Lançamento | Leads
2815,2025 | Agosto,Terça-Feira,Dia útil,Leads,2025-08-05,topfunnel_interesses_dados_video_v3,72.26,131,3325,28,Interesses_Dados,Video,Campanha Contínua | Leads
2816,2025 | Abril,Sábado,Final de semana,Vendas,2025-04-26,topfunnel_lal1_compradores_estatico_v3,60.0,98,2636,27,LookALike_Compradores_1,Estático,2º Lançamento | Vendas
2817,2025 | Novembro,Quinta-Feira,Dia útil,Leads,2025-11-13,topfunnel_lal1_compradores_estatico_v3,137.44,152,5749,15,LookALike_Compradores_1,Estático,1º Lançamento | Leads
2818,2025 | Julho,Domingo,Final de semana,Leads,2025-07-13,bottomfunnel_engajamento_ig_video_v3,83.99,133,9799,18,Engajamento_Instagram,Video,Campanha Contínua | Leads
2819,2025 | Setembro,Quarta-Feira,Dia útil,Vendas,2025-09-24,topfunnel_interesses_dados_estatico_v3,179.11,131,5522,25,Interesses_Dados,Estático,2º Lançamento | Vendas
2820,2025 | Janeiro,Quinta-Feira,Dia útil,Leads,2025-01-16,bottomfunnel_engajamento_ig_video_v2,152.29,213,5239,5,Engajamento_Instagram,Video,Campanha Contínua | Leads
2821,2025 | Maio,Sexta-Feira,Dia útil,Leads,2025-05-02,topfunnel_interesses_dados_video_v2,158.91,81,4381,20,Interesses_Dados,Video,Campanha Contínua | Leads
2822,2025 | Setembro,Quinta-Feira,Dia útil,Leads,2025-09-25,topfunnel_cargos_dados_estatico_v1,56.23,201,5153,46,Cargos_Dados,Estático,Campanha Contínua | Leads
2823,2025 | Julho,Terça-Feira,Dia útil,Vendas,2025-07-08,topfunnel_interesses_dados_estatico_v2,62.07,136,3161,20,Interesses_Dados,Estático,2º Lançamento | Vendas
2824,2025 | Maio,Quinta-Feira,Dia útil,Vendas,2025-05-29,topfunnel_cargos_dados_estatico_v2,70.85,33,4774,5,Cargos_Dados,Estático,Campanha Contínua | Vendas
2825,2025 | Outubro,Sexta-Feira,Dia útil,Leads,2025-10-10,topfunnel_interesses_dados_carrossel_v3,107.62,54,2515,3,Interesses_Dados,Carrossel,1º Lançamento | Leads
2826,2025 | Novembro,Quarta-Feira,Dia útil,Vendas,2025-11-05,midfunnel_visitantes_site_carrossel_v2,11.98,15,350,4,Visitantes_Site,Carrossel,Campanha Contínua | Vendas
2827,2025 | Julho,Segunda-Feira,Dia útil,Leads,2025-07-07,topfunnel_cargos_dados_video_v3,64.02,81,3393,20,Cargos_Dados,Video,2º Lançamento | Leads
2828,2025 | Agosto,Segunda-Feira,Dia útil,Vendas,2025-08-11,topfunnel_cargos_dados_video_v3,27.62,13,703,3,Cargos_Dados,Video,Campanha Contínua | Vendas
2829,2025 | Outubro,Quarta-Feira,Dia útil,Leads,2025-10-22,topfunnel_lal1_compradores_video_v3,73.38,70,1737,9,LookALike_Compradores_1,Video,1º Lançamento | Leads
2830,2025 | Agosto,Domingo,Final de semana,Leads,2025-08-24,topfunnel_cargos_dados_estatico_v2,178.56,279,6709,53,Cargos_Dados,Estático,Campanha Contínua | Leads
2831,2025 | Maio,Sábado,Final de semana,Leads,2025-05-24,topfunnel_interesses_dados_estatico_v3,118.22,71,2830,4,Interesses_Dados,Estático,2º Lançamento | Leads
2832,2025 | Agosto,Quarta-Feira,Dia útil,Leads,2025-08-20,topfunnel_cargos_dados_estatico_v1,71.63,70,1683,16,Cargos_Dados,Estático,2º Lançamento | Leads
2833,2025 | Janeiro,Sábado,Final de semana,Leads,2025-01-04,topfunnel_lal1_compradores_estatico_v3,116.36,20,3244,1,LookALike_Compradores_1,Estático,2º Lançamento | Leads
2834,2025 | Janeiro,Quarta-Feira,Dia útil,Leads,2025-01-01,topfunnel_lal2_leads_video_v3,17.8,8,1196,2,LookALike_Leads_2,Video,Campanha Contínua | Leads
2835,2025 | Julho,Sábado,Final de semana,Leads,2025-07-05,topfunnel_lal2_leads_video_v3,26.67,63,2771,15,LookALike_Leads_2,Video,Campanha Contínua | Leads
2836,2025 | Junho,Terça-Feira,Dia útil,Vendas,2025-06-10,topfunnel_lal1_compradores_estatico_v2,163.32,129,4219,34,LookALike_Compradores_1,Estático,Campanha Contínua | Vendas
2837,2025 | Junho,Segunda-Feira,Dia útil,Leads,2025-06-09,bottomfunnel_visitantes_site_carrossel_v1,146.4,302,11081,45,Visitantes_Site,Carrossel,Campanha Contínua | Leads
2838,2025 | Outubro,Domingo,Final de semana,Leads,2025-10-12,midfunnel_engajamento_ig_estatico_v3,48.13,39,1109,5,Engajamento_Instagram,Estático,Campanha Contínua | Leads
2839,2025 | Fevereiro,Sábado,Final de semana,Vendas,2025-02-15,topfunnel_cargos_dados_estatico_v1,145.35,28,3824,7,Cargos_Dados,Estático,Campanha Contínua | Vendas
2840,2025 | Fevereiro,Quinta-Feira,Dia útil,Leads,2025-02-06,midfunnel_visitantes_site_video_v2,140.01,88,4299,18,Visitantes_Site,Video,1º Lançamento | Leads
2841,2025 | Agosto,Quinta-Feira,Dia útil,Vendas,2025-08-28,bottomfunnel_rmkt_30d_carrossel_v2,47.95,49,1322,5,Remarketing_30dias,Carrossel,1º Lançamento | Vendas
2842,2025 | Agosto,Segunda-Feira,Dia útil,Leads,2025-08-04,bottomfunnel_engajamento_ig_estatico_v1,134.8,154,5486,12,Engajamento_Instagram,Estático,Campanha Contínua | Leads
2843,2025 | Maio,Sexta-Feira,Dia útil,Vendas,2025-05-09,bottomfunnel_rmkt_30d_carrossel_v1,58.93,149,3586,36,Remarketing_30dias,Carrossel,Campanha Contínua | Vendas
2844,2025 | Junho,Segunda-Feira,Dia útil,Leads,2025-06-02,topfunnel_cargos_dados_carrossel_v1,61.23,230,6145,64,Cargos_Dados,Carrossel,Campanha Contínua | Leads
2845,2025 | Janeiro,Domingo,Final de semana,Leads,2025-01-26,topfunnel_lal2_leads_carrossel_v2,65.06,61,3029,4,LookALike_Leads_2,Carrossel,1º Lançamento | Leads
2846,2025 | Janeiro,Domingo,Final de semana,Leads,2025-01-05,midfunnel_visitantes_site_estatico_v1,90.08,90,2657,18,Visitantes_Site,Estático,Campanha Contínua | Leads
2847,2025 | Fevereiro,Sábado,Final de semana,Vendas,2025-02-22,topfunnel_interesses_dados_video_v1,84.63,62,3160,11,Interesses_Dados,Video,Campanha Contínua | Vendas
2848,2025 | Janeiro,Sexta-Feira,Dia útil,Leads,2025-01-10,bottomfunnel_rmkt_60d_carrossel_v3,71.56,24,2141,4,Remarketing_60dias,Carrossel,2º Lançamento | Leads
2849,2025 | Novembro,Sexta-Feira,Dia útil,Leads,2025-11-14,bottomfunnel_rmkt_30d_estatico_v3,169.44,228,5095,61,Remarketing_30dias,Estático,Campanha Contínua | Leads
2850,2025 | Março,Terça-Feira,Dia útil,Leads,2025-03-11,bottomfunnel_visitantes_site_carrossel_v1,4.38,3,110,0,Visitantes_Site,Carrossel,1º Lançamento | Leads
2851,2025 | Fevereiro,Segunda-Feira,Dia útil,Leads,2025-02-10,midfunnel_visitantes_site_video_v2,174.07,173,5402,16,Visitantes_Site,Video,Campanha Contínua | Leads
2852,2025 | Novembro,Quinta-Feira,Dia útil,Leads,2025-11-13,topfunnel_lal2_leads_estatico_v1,172.17,232,6567,50,LookALike_Leads_2,Estático,1º Lançamento | Leads
2853,2025 | Agosto,Terça-Feira,Dia útil,Leads,2025-08-26,topfunnel_lal1_compradores_estatico_v3,134.41,124,4080,34,LookALike_Compradores_1,Estático,Campanha Contínua | Leads
2854,2025 | Fevereiro,Segunda-Feira,Dia útil,Leads,2025-02-03,midfunnel_engajamento_ig_estatico_v2,139.68,533,16527,97,Engajamento_Instagram,Estático,1º Lançamento | Leads
2855,2025 | Maio,Sexta-Feira,Dia útil,Leads,2025-05-23,topfunnel_lal1_compradores_video_v2,10.6,15,346,1,LookALike_Compradores_1,Video,1º Lançamento | Leads
2856,2025 | Outubro,Domingo,Final de semana,Leads,2025-10-05,topfunnel_interesses_dados_video_v3,62.28,82,2024,23,Interesses_Dados,Video,2º Lançamento | Leads
2857,2025 | Junho,Sexta-Feira,Dia útil,Vendas,2025-06-27,bottomfunnel_rmkt_30d_estatico_v1,10.61,2,474,0,Remarketing_30dias,Estático,2º Lançamento | Vendas
2858,2025 | Outubro,Domingo,Final de semana,Vendas,2025-10-19,topfunnel_lal1_compradores_carrossel_v1,73.11,127,3064,31,LookALike_Compradores_1,Carrossel,1º Lançamento | Vendas
2859,2025 | Fevereiro,Sexta-Feira,Dia útil,Leads,2025-02-07,topfunnel_lal2_leads_estatico_v2,10.33,4,306,0,LookALike_Leads_2,Estático,2º Lançamento | Leads
2860,2025 | Dezembro,Segunda-Feira,Dia útil,Vendas,2025-12-22,midfunnel_rmkt_30d_carrossel_v3,153.07,258,7910,76,Remarketing_30dias,Carrossel,1º Lançamento | Vendas
2861,2025 | Janeiro,Sábado,Final de semana,Leads,2025-01-11,topfunnel_lal2_leads_estatico_v2,137.18,61,3488,1,LookALike_Leads_2,Estático,1º Lançamento | Leads
2862,2025 | Novembro,Sexta-Feira,Dia útil,Leads,2025-11-21,topfunnel_lal1_compradores_video_v2,40.22,26,1824,7,LookALike_Compradores_1,Video,1º Lançamento | Leads
2863,2025 | Maio,Terça-Feira,Dia útil,Leads,2025-05-27,midfunnel_rmkt_60d_video_v3,35.65,27,828,1,Remarketing_60dias,Video,1º Lançamento | Leads
2864,2025 | Junho,Sábado,Final de semana,Leads,2025-06-07,topfunnel_interesses_dados_video_v1,133.36,81,14523,21,Interesses_Dados,Video,2º Lançamento | Leads
2865,2025 | Dezembro,Sábado,Final de semana,Leads,2025-12-13,bottomfunnel_rmkt_30d_video_v3,47.46,224,5573,11,Remarketing_30dias,Video,2º Lançamento | Leads
2866,2025 | Julho,Segunda-Feira,Dia útil,Leads,2025-07-21,topfunnel_cargos_dados_carrossel_v1,52.48,68,1585,18,Cargos_Dados,Carrossel,2º Lançamento | Leads
2867,2025 | Junho,Sábado,Final de semana,Vendas,2025-06-21,topfunnel_lal2_leads_estatico_v3,155.27,391,13806,72,LookALike_Leads_2,Estático,2º Lançamento | Vendas
2868,2025 | Junho,Segunda-Feira,Dia útil,Leads,2025-06-09,topfunnel_lal1_compradores_video_v1,76.89,23,2036,0,LookALike_Compradores_1,Video,Campanha Contínua | Leads
2869,2025 | Março,Sexta-Feira,Dia útil,Leads,2025-03-14,midfunnel_visitantes_site_carrossel_v1,47.91,43,1079,9,Visitantes_Site,Carrossel,1º Lançamento | Leads
2870,2025 | Janeiro,Quarta-Feira,Dia útil,Vendas,2025-01-01,topfunnel_interesses_dados_video_v2,151.93,323,9292,7,Interesses_Dados,Video,1º Lançamento | Vendas
2871,2025 | Agosto,Sábado,Final de semana,Vendas,2025-08-09,topfunnel_cargos_dados_video_v3,143.66,45,4122,5,Cargos_Dados,Video,Campanha Contínua | Vendas
2872,2025 | Março,Quarta-Feira,Dia útil,Leads,2025-03-05,topfunnel_lal2_leads_carrossel_v1,124.34,93,4298,21,LookALike_Leads_2,Carrossel,Campanha Contínua | Leads
2873,2025 | Agosto,Terça-Feira,Dia útil,Leads,2025-08-12,midfunnel_visitantes_site_estatico_v3,106.97,189,5463,40,Visitantes_Site,Estático,2º Lançamento | Leads
2874,2025 | Março,Quinta-Feira,Dia útil,Vendas,2025-03-27,topfunnel_interesses_dados_estatico_v3,94.23,95,2753,22,Interesses_Dados,Estático,1º Lançamento | Vendas
2875,2025 | Setembro,Quarta-Feira,Dia útil,Leads,2025-09-03,bottomfunnel_rmkt_30d_video_v3,169.81,176,6332,47,Remarketing_30dias,Video,Campanha Contínua | Leads
2876,2025 | Maio,Quinta-Feira,Dia útil,Leads,2025-05-22,midfunnel_rmkt_60d_video_v3,27.01,18,777,0,Remarketing_60dias,Video,1º Lançamento | Leads
2877,2025 | Outubro,Sexta-Feira,Dia útil,Leads,2025-10-10,midfunnel_rmkt_60d_carrossel_v3,166.98,36,3774,10,Remarketing_60dias,Carrossel,1º Lançamento | Leads
2878,2025 | Maio,Sábado,Final de semana,Leads,2025-05-10,bottomfunnel_rmkt_60d_estatico_v3,40.03,107,3109,17,Remarketing_60dias,Estático,1º Lançamento | Leads
2879,2025 | Fevereiro,Segunda-Feira,Dia útil,Leads,2025-02-03,midfunnel_visitantes_site_carrossel_v3,4.31,10,339,0,Visitantes_Site,Carrossel,1º Lançamento | Leads
2880,2025 | Novembro,Sexta-Feira,Dia útil,Leads,2025-11-21,topfunnel_lal1_compradores_estatico_v3,126.02,73,7825,16,LookALike_Compradores_1,Estático,2º Lançamento | Leads
2881,2025 | Julho,Quinta-Feira,Dia útil,Vendas,2025-07-03,topfunnel_cargos_dados_carrossel_v1,45.76,7,1324,1,Cargos_Dados,Carrossel,1º Lançamento | Vendas
2882,2025 | Setembro,Segunda-Feira,Dia útil,Leads,2025-09-15,bottomfunnel_visitantes_site_video_v2,72.77,398,8976,14,Visitantes_Site,Video,Campanha Contínua | Leads
2883,2025 | Novembro,Sábado,Final de semana,Leads,2025-11-01,topfunnel_lal2_leads_estatico_v2,65.66,12,1585,2,LookALike_Leads_2,Estático,1º Lançamento | Leads
2884,2025 | Fevereiro,Quinta-Feira,Dia útil,Vendas,2025-02-06,topfunnel_cargos_dados_carrossel_v1,76.29,60,1874,13,Cargos_Dados,Carrossel,2º Lançamento | Vendas
2885,2025 | Junho,Segunda-Feira,Dia útil,Leads,2025-06-02,topfunnel_lal1_compradores_video_v3,135.46,43,4900,10,LookALike_Compradores_1,Video,2º Lançamento | Leads
2886,2025 | Maio,Quarta-Feira,Dia útil,Vendas,2025-05-07,bottomfunnel_rmkt_60d_video_v2,31.29,39,1079,2,Remarketing_60dias,Video,1º Lançamento | Vendas
2887,2025 | Agosto,Domingo,Final de semana,Leads,2025-08-03,topfunnel_lal1_compradores_estatico_v2,101.4,180,4686,46,LookALike_Compradores_1,Estático,2º Lançamento | Leads
2888,2025 | Agosto,Domingo,Final de semana,Vendas,2025-08-24,topfunnel_lal1_compradores_estatico_v1,126.83,22,2990,3,LookALike_Compradores_1,Estático,2º Lançamento | Vendas
2889,2025 | Julho,Sábado,Final de semana,Leads,2025-07-05,bottomfunnel_rmkt_60d_carrossel_v2,55.84,260,5979,33,Remarketing_60dias,Carrossel,1º Lançamento | Leads
2890,2025 | Dezembro,Quarta-Feira,Dia útil,Leads,2025-12-17,midfunnel_rmkt_30d_carrossel_v3,76.49,280,9198,35,Remarketing_30dias,Carrossel,2º Lançamento | Leads
2891,2025 | Abril,Terça-Feira,Dia útil,Leads,2025-04-08,topfunnel_cargos_dados_estatico_v1,79.51,15,2046,4,Cargos_Dados,Estático,2º Lançamento | Leads
2892,2025 | Abril,Segunda-Feira,Dia útil,Vendas,2025-04-21,topfunnel_cargos_dados_carrossel_v2,169.5,101,5941,21,Cargos_Dados,Carrossel,1º Lançamento | Vendas
2893,2025 | Dezembro,Domingo,Final de semana,Leads,2025-12-14,topfunnel_lal1_compradores_carrossel_v3,90.01,86,2022,16,LookALike_Compradores_1,Carrossel,Campanha Contínua | Leads
2894,2025 | Novembro,Sábado,Final de semana,Vendas,2025-11-15,topfunnel_cargos_dados_carrossel_v1,131.07,104,3152,21,Cargos_Dados,Carrossel,Campanha Contínua | Vendas
2895,2025 | Dezembro,Terça-Feira,Dia útil,Leads,2025-12-16,bottomfunnel_rmkt_30d_video_v1,160.01,200,4618,19,Remarketing_30dias,Video,2º Lançamento | Leads
2896,2025 | Abril,Domingo,Final de semana,Vendas,2025-04-06,topfunnel_lal1_compradores_estatico_v3,44.36,111,2596,31,LookALike_Compradores_1,Estático,1º Lançamento | Vendas
2897,2025 | Dezembro,Sábado,Final de semana,Leads,2025-12-20,topfunnel_interesses_dados_carrossel_v2,153.08,114,5551,14,Interesses_Dados,Carrossel,Campanha Contínua | Leads
2898,2025 | Maio,Sábado,Final de semana,Leads,2025-05-17,topfunnel_lal2_leads_carrossel_v2,165.11,85,5721,9,LookALike_Leads_2,Carrossel,2º Lançamento | Leads
2899,2025 | Julho,Sexta-Feira,Dia útil,Leads,2025-07-25,bottomfunnel_rmkt_60d_carrossel_v1,66.49,75,3939,11,Remarketing_60dias,Carrossel,2º Lançamento | Leads
2900,2025 | Julho,Segunda-Feira,Dia útil,Leads,2025-07-21,bottomfunnel_engajamento_ig_video_v1,163.31,145,12879,14,Engajamento_Instagram,Video,1º Lançamento | Leads
2901,2025 | Outubro,Quinta-Feira,Dia útil,Vendas,2025-10-02,topfunnel_lal1_compradores_carrossel_v2,166.74,162,3908,17,LookALike_Compradores_1,Carrossel,1º Lançamento | Vendas
2902,2025 | Junho,Terça-Feira,Dia útil,Leads,2025-06-24,midfunnel_engajamento_ig_carrossel_v2,142.11,128,6538,13,Engajamento_Instagram,Carrossel,2º Lançamento | Leads
2903,2025 | Abril,Sexta-Feira,Dia útil,Leads,2025-04-04,bottomfunnel_rmkt_30d_video_v2,26.77,41,1238,12,Remarketing_30dias,Video,2º Lançamento | Leads
2904,2025 | Abril,Quinta-Feira,Dia útil,Leads,2025-04-03,bottomfunnel_rmkt_60d_video_v3,99.14,237,6509,15,Remarketing_60dias,Video,2º Lançamento | Leads
2905,2025 | Março,Sábado,Final de semana,Leads,2025-03-01,midfunnel_visitantes_site_estatico_v3,146.2,123,5906,25,Visitantes_Site,Estático,2º Lançamento | Leads
2906,2025 | Abril,Sábado,Final de semana,Leads,2025-04-26,topfunnel_lal1_compradores_video_v3,117.1,81,3341,13,LookALike_Compradores_1,Video,2º Lançamento | Leads
2907,2025 | Março,Quinta-Feira,Dia útil,Leads,2025-03-27,topfunnel_interesses_dados_video_v2,132.06,223,5384,39,Interesses_Dados,Video,2º Lançamento | Leads
2908,2025 | Março,Sábado,Final de semana,Leads,2025-03-22,midfunnel_rmkt_60d_carrossel_v2,160.33,137,6004,12,Remarketing_60dias,Carrossel,Campanha Contínua | Leads
2909,2025 | Novembro,Domingo,Final de semana,Vendas,2025-11-30,topfunnel_lal2_leads_video_v1,90.76,30,2855,6,LookALike_Leads_2,Video,Campanha Contínua | Vendas
2910,2025 | Janeiro,Segunda-Feira,Dia útil,Vendas,2025-01-13,midfunnel_engajamento_ig_estatico_v1,163.13,61,6493,8,Engajamento_Instagram,Estático,Campanha Contínua | Vendas
2911,2025 | Junho,Domingo,Final de semana,Leads,2025-06-15,midfunnel_rmkt_30d_estatico_v1,51.96,191,5048,53,Remarketing_30dias,Estático,Campanha Contínua | Leads
2912,2025 | Dezembro,Quinta-Feira,Dia útil,Leads,2025-12-25,topfunnel_cargos_dados_estatico_v3,13.66,6,322,1,Cargos_Dados,Estático,Campanha Contínua | Leads
2913,2025 | Janeiro,Sexta-Feira,Dia útil,Leads,2025-01-24,topfunnel_cargos_dados_estatico_v3,34.13,44,2679,4,Cargos_Dados,Estático,Campanha Contínua | Leads
2914,2025 | Abril,Quinta-Feira,Dia útil,Leads,2025-04-10,topfunnel_lal1_compradores_carrossel_v2,42.74,53,1462,12,LookALike_Compradores_1,Carrossel,1º Lançamento | Leads
2915,2025 | Julho,Quarta-Feira,Dia útil,Leads,2025-07-23,topfunnel_interesses_dados_estatico_v1,163.75,129,10672,25,Interesses_Dados,Estático,2º Lançamento | Leads
2916,2025 | Dezembro,Terça-Feira,Dia útil,Leads,2025-12-30,midfunnel_engajamento_ig_video_v3,116.97,119,3992,18,Engajamento_Instagram,Video,1º Lançamento | Leads
2917,2025 | Junho,Quinta-Feira,Dia útil,Leads,2025-06-26,bottomfunnel_visitantes_site_carrossel_v3,123.71,29,2970,1,Visitantes_Site,Carrossel,Campanha Contínua | Leads
2918,2025 | Agosto,Sexta-Feira,Dia útil,Leads,2025-08-15,midfunnel_rmkt_30d_carrossel_v1,53.5,43,1352,10,Remarketing_30dias,Carrossel,1º Lançamento | Leads
2919,2025 | Julho,Terça-Feira,Dia útil,Leads,2025-07-01,bottomfunnel_rmkt_30d_estatico_v1,92.54,48,2104,2,Remarketing_30dias,Estático,1º Lançamento | Leads
2920,2025 | Outubro,Sexta-Feira,Dia útil,Vendas,2025-10-10,topfunnel_lal1_compradores_carrossel_v1,71.56,117,2708,27,LookALike_Compradores_1,Carrossel,1º Lançamento | Vendas
2921,2025 | Abril,Domingo,Final de semana,Leads,2025-04-13,topfunnel_interesses_dados_video_v2,24.63,20,1086,5,Interesses_Dados,Video,Campanha Contínua | Leads
2922,2025 | Abril,Quinta-Feira,Dia útil,Vendas,2025-04-24,topfunnel_cargos_dados_carrossel_v1,173.55,241,6613,47,Cargos_Dados,Carrossel,Campanha Contínua | Vendas
2923,2025 | Maio,Quinta-Feira,Dia útil,Leads,2025-05-15,bottomfunnel_rmkt_60d_estatico_v1,60.07,15,1673,1,Remarketing_60dias,Estático,1º Lançamento | Leads
2924,2025 | Dezembro,Sábado,Final de semana,Vendas,2025-12-20,topfunnel_cargos_dados_video_v3,92.73,102,2945,10,Cargos_Dados,Video,1º Lançamento | Vendas
2925,2025 | Junho,Sexta-Feira,Dia útil,Leads,2025-06-27,topfunnel_cargos_dados_carrossel_v3,178.37,65,5687,14,Cargos_Dados,Carrossel,2º Lançamento | Leads
2926,2025 | Julho,Domingo,Final de semana,Leads,2025-07-27,topfunnel_cargos_dados_carrossel_v2,39.96,50,1238,4,Cargos_Dados,Carrossel,Campanha Contínua | Leads
2927,2025 | Setembro,Quarta-Feira,Dia útil,Vendas,2025-09-03,midfunnel_rmkt_30d_video_v3,12.34,19,544,1,Remarketing_30dias,Video,1º Lançamento | Vendas
2928,2025 | Janeiro,Sábado,Final de semana,Leads,2025-01-04,bottomfunnel_visitantes_site_video_v1,118.44,26,5926,5,Visitantes_Site,Video,1º Lançamento | Leads
2929,2025 | Julho,Quinta-Feira,Dia útil,Leads,2025-07-17,topfunnel_lal1_compradores_carrossel_v2,120.35,277,7301,42,LookALike_Compradores_1,Carrossel,2º Lançamento | Leads
2930,2025 | Julho,Quinta-Feira,Dia útil,Leads,2025-07-17,midfunnel_rmkt_60d_estatico_v2,59.02,74,2032,20,Remarketing_60dias,Estático,Campanha Contínua | Leads
2931,2025 | Fevereiro,Terça-Feira,Dia útil,Leads,2025-02-04,bottomfunnel_engajamento_ig_carrossel_v1,16.26,14,447,1,Engajamento_Instagram,Carrossel,2º Lançamento | Leads
2932,2025 | Janeiro,Quinta-Feira,Dia útil,Leads,2025-01-09,topfunnel_interesses_dados_carrossel_v3,69.24,43,1558,6,Interesses_Dados,Carrossel,2º Lançamento | Leads
2933,2025 | Julho,Quinta-Feira,Dia útil,Vendas,2025-07-03,topfunnel_lal1_compradores_estatico_v1,146.49,184,16892,53,LookALike_Compradores_1,Estático,Campanha Contínua | Vendas
2934,2025 | Janeiro,Quarta-Feira,Dia útil,Leads,2025-01-08,topfunnel_lal2_leads_video_v1,131.89,193,11648,54,LookALike_Leads_2,Video,Campanha Contínua | Leads
2935,2025 | Maio,Segunda-Feira,Dia útil,Vendas,2025-05-05,bottomfunnel_engajamento_ig_carrossel_v2,96.93,62,3033,11,Engajamento_Instagram,Carrossel,Campanha Contínua | Vendas
2936,2025 | Agosto,Domingo,Final de semana,Leads,2025-08-31,topfunnel_cargos_dados_estatico_v2,161.04,357,9725,105,Cargos_Dados,Estático,1º Lançamento | Leads
2937,2025 | Março,Domingo,Final de semana,Leads,2025-03-09,midfunnel_engajamento_ig_carrossel_v2,172.75,222,5121,37,Engajamento_Instagram,Carrossel,2º Lançamento | Leads
2938,2025 | Novembro,Sábado,Final de semana,Leads,2025-11-29,midfunnel_visitantes_site_video_v3,124.08,98,3004,10,Visitantes_Site,Video,1º Lançamento | Leads
2939,2025 | Novembro,Quarta-Feira,Dia útil,Leads,2025-11-05,bottomfunnel_engajamento_ig_estatico_v1,7.98,9,295,1,Engajamento_Instagram,Estático,2º Lançamento | Leads
2940,2025 | Abril,Sexta-Feira,Dia útil,Leads,2025-04-04,topfunnel_cargos_dados_video_v1,23.99,87,2271,20,Cargos_Dados,Video,2º Lançamento | Leads
2941,2025 | Julho,Domingo,Final de semana,Leads,2025-07-13,bottomfunnel_rmkt_60d_carrossel_v2,87.69,10,2556,1,Remarketing_60dias,Carrossel,Campanha Contínua | Leads
2942,2025 | Agosto,Terça-Feira,Dia útil,Leads,2025-08-26,bottomfunnel_rmkt_60d_carrossel_v2,73.66,71,2524,19,Remarketing_60dias,Carrossel,1º Lançamento | Leads
2943,2025 | Agosto,Domingo,Final de semana,Vendas,2025-08-03,bottomfunnel_engajamento_ig_estatico_v3,178.33,178,10186,4,Engajamento_Instagram,Estático,1º Lançamento | Vendas
2944,2025 | Junho,Segunda-Feira,Dia útil,Leads,2025-06-30,midfunnel_rmkt_30d_estatico_v1,107.02,72,4802,10,Remarketing_30dias,Estático,1º Lançamento | Leads
2945,2025 | Agosto,Terça-Feira,Dia útil,Leads,2025-08-26,topfunnel_interesses_dados_carrossel_v3,117.89,293,9011,24,Interesses_Dados,Carrossel,1º Lançamento | Leads
2946,2025 | Janeiro,Domingo,Final de semana,Vendas,2025-01-26,topfunnel_lal2_leads_carrossel_v1,34.32,17,1638,1,LookALike_Leads_2,Carrossel,2º Lançamento | Vendas
2947,2025 | Dezembro,Sexta-Feira,Dia útil,Leads,2025-12-12,midfunnel_rmkt_60d_video_v2,111.5,78,2661,13,Remarketing_60dias,Video,Campanha Contínua | Leads
2948,2025 | Junho,Sábado,Final de semana,Leads,2025-06-21,bottomfunnel_visitantes_site_estatico_v3,79.65,73,4182,6,Visitantes_Site,Estático,2º Lançamento | Leads
2949,2025 | Abril,Quinta-Feira,Dia útil,Leads,2025-04-24,bottomfunnel_rmkt_60d_video_v3,24.03,23,826,2,Remarketing_60dias,Video,Campanha Contínua | Leads
2950,2025 | Maio,Segunda-Feira,Dia útil,Vendas,2025-05-05,bottomfunnel_rmkt_60d_estatico_v2,42.69,41,1051,3,Remarketing_60dias,Estático,Campanha Contínua | Vendas
2951,2025 | Dezembro,Sábado,Final de semana,Vendas,2025-12-13,topfunnel_cargos_dados_video_v1,10.97,11,544,2,Cargos_Dados,Video,2º Lançamento | Vendas
2952,2025 | Abril,Terça-Feira,Dia útil,Vendas,2025-04-22,midfunnel_rmkt_60d_video_v1,20.89,102,2518,18,Remarketing_60dias,Video,1º Lançamento | Vendas
2953,2025 | Fevereiro,Sábado,Final de semana,Vendas,2025-02-01,topfunnel_interesses_dados_estatico_v1,87.51,177,4569,20,Interesses_Dados,Estático,2º Lançamento | Vendas
2954,2025 | Novembro,Quarta-Feira,Dia útil,Vendas,2025-11-19,bottomfunnel_engajamento_ig_estatico_v2,144.56,402,11222,12,Engajamento_Instagram,Estático,1º Lançamento | Vendas
2955,2025 | Janeiro,Quarta-Feira,Dia útil,Leads,2025-01-22,bottomfunnel_engajamento_ig_estatico_v1,28.84,25,942,6,Engajamento_Instagram,Estático,1º Lançamento | Leads
2956,2025 | Julho,Quarta-Feira,Dia útil,Leads,2025-07-02,topfunnel_interesses_dados_video_v3,155.82,154,7663,18,Interesses_Dados,Video,Campanha Contínua | Leads
2957,2025 | Novembro,Sábado,Final de semana,Leads,2025-11-01,bottomfunnel_visitantes_site_carrossel_v3,122.76,19,4825,5,Visitantes_Site,Carrossel,1º Lançamento | Leads
2958,2025 | Outubro,Terça-Feira,Dia útil,Leads,2025-10-21,topfunnel_interesses_dados_estatico_v3,66.49,51,3492,5,Interesses_Dados,Estático,2º Lançamento | Leads
2959,2025 | Abril,Quinta-Feira,Dia útil,Leads,2025-04-24,bottomfunnel_rmkt_30d_carrossel_v1,159.59,96,8410,24,Remarketing_30dias,Carrossel,1º Lançamento | Leads
2960,2025 | Dezembro,Quarta-Feira,Dia útil,Vendas,2025-12-10,topfunnel_lal1_compradores_video_v1,57.53,45,3054,3,LookALike_Compradores_1,Video,1º Lançamento | Vendas
2961,2025 | Janeiro,Sexta-Feira,Dia útil,Leads,2025-01-10,topfunnel_lal2_leads_carrossel_v3,76.28,68,2152,13,LookALike_Leads_2,Carrossel,Campanha Contínua | Leads
2962,2025 | Janeiro,Quarta-Feira,Dia útil,Leads,2025-01-15,midfunnel_visitantes_site_carrossel_v3,155.21,195,7018,6,Visitantes_Site,Carrossel,Campanha Contínua | Leads
2963,2025 | Fevereiro,Sábado,Final de semana,Vendas,2025-02-15,topfunnel_lal2_leads_estatico_v2,13.93,35,784,3,LookALike_Leads_2,Estático,2º Lançamento | Vendas
2964,2025 | Janeiro,Quinta-Feira,Dia útil,Leads,2025-01-30,midfunnel_visitantes_site_video_v1,147.17,74,4817,9,Visitantes_Site,Video,1º Lançamento | Leads
2965,2025 | Agosto,Segunda-Feira,Dia útil,Vendas,2025-08-18,topfunnel_cargos_dados_video_v1,26.19,17,584,1,Cargos_Dados,Video,1º Lançamento | Vendas
2966,2025 | Janeiro,Quinta-Feira,Dia útil,Leads,2025-01-09,midfunnel_engajamento_ig_carrossel_v1,38.78,22,4634,1,Engajamento_Instagram,Carrossel,2º Lançamento | Leads
2967,2025 | Agosto,Quinta-Feira,Dia útil,Leads,2025-08-28,topfunnel_interesses_dados_carrossel_v2,141.54,246,6579,35,Interesses_Dados,Carrossel,2º Lançamento | Leads
2968,2025 | Março,Sexta-Feira,Dia útil,Vendas,2025-03-14,midfunnel_visitantes_site_estatico_v3,12.56,13,686,0,Visitantes_Site,Estático,1º Lançamento | Vendas
2969,2025 | Abril,Terça-Feira,Dia útil,Vendas,2025-04-29,midfunnel_rmkt_60d_estatico_v1,7.66,17,425,4,Remarketing_60dias,Estático,1º Lançamento | Vendas
2970,2025 | Março,Sexta-Feira,Dia útil,Leads,2025-03-07,topfunnel_lal2_leads_video_v3,146.19,162,3898,3,LookALike_Leads_2,Video,2º Lançamento | Leads
2971,2025 | Março,Terça-Feira,Dia útil,Vendas,2025-03-25,topfunnel_cargos_dados_estatico_v1,158.89,584,15632,129,Cargos_Dados,Estático,2º Lançamento | Vendas
2972,2025 | Dezembro,Sexta-Feira,Dia útil,Vendas,2025-12-05,topfunnel_lal2_leads_carrossel_v1,150.13,176,5859,27,LookALike_Leads_2,Carrossel,2º Lançamento | Vendas
2973,2025 | Julho,Quinta-Feira,Dia útil,Leads,2025-07-31,topfunnel_cargos_dados_estatico_v1,71.07,29,2243,7,Cargos_Dados,Estático,2º Lançamento | Leads
2974,2025 | Março,Quinta-Feira,Dia útil,Vendas,2025-03-20,topfunnel_lal2_leads_carrossel_v1,62.76,10,1558,0,LookALike_Leads_2,Carrossel,Campanha Contínua | Vendas
2975,2025 | Janeiro,Terça-Feira,Dia útil,Vendas,2025-01-21,bottomfunnel_visitantes_site_estatico_v3,52.51,74,3013,16,Visitantes_Site,Estático,1º Lançamento | Vendas
2976,2025 | Setembro,Sábado,Final de semana,Leads,2025-09-06,midfunnel_rmkt_30d_estatico_v1,20.2,80,1815,4,Remarketing_30dias,Estático,2º Lançamento | Leads
2977,2025 | Setembro,Sábado,Final de semana,Leads,2025-09-20,bottomfunnel_visitantes_site_carrossel_v3,111.52,137,3402,37,Visitantes_Site,Carrossel,2º Lançamento | Leads
2978,2025 | Janeiro,Domingo,Final de semana,Vendas,2025-01-26,topfunnel_lal2_leads_estatico_v3,8.9,3,284,0,LookALike_Leads_2,Estático,1º Lançamento | Vendas
2979,2025 | Outubro,Terça-Feira,Dia útil,Vendas,2025-10-28,bottomfunnel_rmkt_60d_carrossel_v1,108.68,125,3087,6,Remarketing_60dias,Carrossel,1º Lançamento | Vendas
2980,2025 | Março,Domingo,Final de semana,Leads,2025-03-30,topfunnel_lal2_leads_estatico_v3,47.68,66,2952,4,LookALike_Leads_2,Estático,2º Lançamento | Leads
2981,2025 | Maio,Quinta-Feira,Dia útil,Leads,2025-05-29,topfunnel_interesses_dados_estatico_v1,69.4,130,3494,24,Interesses_Dados,Estático,Campanha Contínua | Leads
2982,2025 | Julho,Terça-Feira,Dia útil,Vendas,2025-07-15,midfunnel_rmkt_30d_video_v3,98.28,283,6451,28,Remarketing_30dias,Video,2º Lançamento | Vendas
2983,2025 | Janeiro,Sexta-Feira,Dia útil,Leads,2025-01-10,topfunnel_lal2_leads_carrossel_v3,105.47,78,5213,2,LookALike_Leads_2,Carrossel,1º Lançamento | Leads
2984,2025 | Janeiro,Segunda-Feira,Dia útil,Vendas,2025-01-06,bottomfunnel_engajamento_ig_carrossel_v1,111.14,32,2752,6,Engajamento_Instagram,Carrossel,2º Lançamento | Vendas
2985,2025 | Maio,Segunda-Feira,Dia útil,Vendas,2025-05-12,topfunnel_cargos_dados_estatico_v2,115.15,313,7315,58,Cargos_Dados,Estático,2º Lançamento | Vendas
2986,2025 | Agosto,Sexta-Feira,Dia útil,Leads,2025-08-01,topfunnel_cargos_dados_estatico_v2,86.66,24,2316,2,Cargos_Dados,Estático,1º Lançamento | Leads
2987,2025 | Janeiro,Quinta-Feira,Dia útil,Leads,2025-01-09,midfunnel_engajamento_ig_estatico_v1,146.19,347,11287,62,Engajamento_Instagram,Estático,1º Lançamento | Leads
2988,2025 | Março,Quarta-Feira,Dia útil,Leads,2025-03-19,topfunnel_interesses_dados_video_v2,166.52,136,3842,11,Interesses_Dados,Video,1º Lançamento | Leads
2989,2025 | Outubro,Quinta-Feira,Dia útil,Leads,2025-10-30,bottomfunnel_engajamento_ig_video_v1,84.73,25,2445,3,Engajamento_Instagram,Video,Campanha Contínua | Leads
2990,2025 | Junho,Domingo,Final de semana,Vendas,2025-06-01,topfunnel_cargos_dados_video_v2,69.41,49,3401,8,Cargos_Dados,Video,Campanha Contínua | Vendas
2991,2025 | Dezembro,Terça-Feira,Dia útil,Leads,2025-12-09,topfunnel_interesses_dados_video_v1,130.98,210,8059,54,Interesses_Dados,Video,1º Lançamento | Leads
2992,2025 | Maio,Terça-Feira,Dia útil,Leads,2025-05-20,midfunnel_rmkt_30d_carrossel_v1,147.86,517,13324,23,Remarketing_30dias,Carrossel,1º Lançamento | Leads
2993,2025 | Fevereiro,Domingo,Final de semana,Leads,2025-02-09,midfunnel_rmkt_60d_carrossel_v3,68.62,109,5014,14,Remarketing_60dias,Carrossel,2º Lançamento | Leads
2994,2025 | Julho,Sexta-Feira,Dia útil,Leads,2025-07-25,topfunnel_lal1_compradores_video_v3,21.98,29,1094,1,LookALike_Compradores_1,Video,2º Lançamento | Leads
2995,2025 | Junho,Sexta-Feira,Dia útil,Vendas,2025-06-06,topfunnel_lal1_compradores_video_v2,34.03,33,803,5,LookALike_Compradores_1,Video,Campanha Contínua | Vendas
2996,2025 | Setembro,Sexta-Feira,Dia útil,Leads,2025-09-26,bottomfunnel_visitantes_site_carrossel_v3,172.86,85,5470,22,Visitantes_Site,Carrossel,Campanha Contínua | Leads
2997,2025 | Junho,Segunda-Feira,Dia útil,Vendas,2025-06-09,topfunnel_interesses_dados_carrossel_v2,131.05,253,8162,12,Interesses_Dados,Carrossel,1º Lançamento | Vendas
2998,2025 | Agosto,Terça-Feira,Dia útil,Vendas,2025-08-12,topfunnel_cargos_dados_video_v1,34.99,12,1812,1,Cargos_Dados,Video,Campanha Contínua | Vendas
2999,2025 | Maio,Sábado,Final de semana,Leads,2025-05-10,topfunnel_interesses_dados_estatico_v3,88.69,132,3295,31,Interesses_Dados,Estático,Campanha Contínua | Leads
3000,2025 | Fevereiro,Quinta-Feira,Dia útil,Leads,2025-02-27,topfunnel_lal2_leads_video_v2,106.89,103,3565,18,LookALike_Leads_2,Video,Campanha Contínua | Leads
3001,2025 | Fevereiro,Quarta-Feira,Dia útil,Vendas,2025-02-19,midfunnel_rmkt_30d_video_v1,41.43,35,1727,7,Remarketing_30dias,Video,Campanha Contínua | Vendas
3002,2025 | Março,Sexta-Feira,Dia útil,Vendas,2025-03-28,topfunnel_lal1_compradores_video_v2,168.68,123,4728,9,LookALike_Compradores_1,Video,2º Lançamento | Vendas
3003,2025 | Abril,Segunda-Feira,Dia útil,Vendas,2025-04-07,topfunnel_lal1_compradores_estatico_v3,10.74,4,282,1,LookALike_Compradores_1,Estático,1º Lançamento | Vendas
3004,2025 | Outubro,Quinta-Feira,Dia útil,Vendas,2025-10-09,midfunnel_visitantes_site_carrossel_v2,152.04,153,4937,27,Visitantes_Site,Carrossel,Campanha Contínua | Vendas
3005,2025 | Fevereiro,Sábado,Final de semana,Leads,2025-02-01,bottomfunnel_engajamento_ig_carrossel_v1,148.52,174,4127,45,Engajamento_Instagram,Carrossel,1º Lançamento | Leads
3006,2025 | Outubro,Domingo,Final de semana,Vendas,2025-10-12,bottomfunnel_rmkt_30d_carrossel_v3,142.65,41,3278,6,Remarketing_30dias,Carrossel,Campanha Contínua | Vendas
3007,2025 | Fevereiro,Quarta-Feira,Dia útil,Leads,2025-02-12,topfunnel_interesses_dados_carrossel_v3,164.57,163,4603,11,Interesses_Dados,Carrossel,2º Lançamento | Leads
3008,2025 | Fevereiro,Domingo,Final de semana,Leads,2025-02-23,midfunnel_rmkt_60d_video_v1,36.2,40,1111,3,Remarketing_60dias,Video,1º Lançamento | Leads
3009,2025 | Novembro,Sábado,Final de semana,Leads,2025-11-08,midfunnel_rmkt_30d_estatico_v2,133.35,25,3815,3,Remarketing_30dias,Estático,Campanha Contínua | Leads
3010,2025 | Dezembro,Quinta-Feira,Dia útil,Leads,2025-12-25,topfunnel_lal2_leads_estatico_v2,19.36,70,2015,15,LookALike_Leads_2,Estático,Campanha Contínua | Leads
3011,2025 | Março,Quinta-Feira,Dia útil,Leads,2025-03-27,topfunnel_interesses_dados_carrossel_v2,46.41,39,4306,7,Interesses_Dados,Carrossel,2º Lançamento | Leads
3012,2025 | Março,Sábado,Final de semana,Leads,2025-03-01,topfunnel_interesses_dados_estatico_v3,76.87,58,1942,9,Interesses_Dados,Estático,2º Lançamento | Leads
3013,2025 | Junho,Domingo,Final de semana,Vendas,2025-06-29,topfunnel_cargos_dados_carrossel_v3,5.45,5,157,1,Cargos_Dados,Carrossel,2º Lançamento | Vendas
3014,2025 | Julho,Terça-Feira,Dia útil,Vendas,2025-07-08,bottomfunnel_engajamento_ig_carrossel_v1,111.07,200,5265,11,Engajamento_Instagram,Carrossel,2º Lançamento | Vendas
3015,2025 | Abril,Terça-Feira,Dia útil,Leads,2025-04-15,topfunnel_cargos_dados_estatico_v2,42.17,50,2330,9,Cargos_Dados,Estático,2º Lançamento | Leads
3016,2025 | Junho,Segunda-Feira,Dia útil,Vendas,2025-06-02,topfunnel_lal1_compradores_estatico_v2,113.86,251,8573,34,LookALike_Compradores_1,Estático,2º Lançamento | Vendas
3017,2025 | Fevereiro,Domingo,Final de semana,Vendas,2025-02-02,midfunnel_engajamento_ig_estatico_v3,3.18,1,86,0,Engajamento_Instagram,Estático,2º Lançamento | Vendas
3018,2025 | Maio,Domingo,Final de semana,Leads,2025-05-11,bottomfunnel_rmkt_60d_estatico_v1,171.77,327,11329,52,Remarketing_60dias,Estático,2º Lançamento | Leads
3019,2025 | Fevereiro,Quinta-Feira,Dia útil,Leads,2025-02-27,bottomfunnel_rmkt_30d_estatico_v3,170.01,167,8211,30,Remarketing_30dias,Estático,Campanha Contínua | Leads
3020,2025 | Fevereiro,Segunda-Feira,Dia útil,Vendas,2025-02-24,midfunnel_rmkt_60d_carrossel_v2,53.98,185,6452,38,Remarketing_60dias,Carrossel,Campanha Contínua | Vendas
3021,2025 | Julho,Segunda-Feira,Dia útil,Vendas,2025-07-21,midfunnel_visitantes_site_video_v1,31.61,54,2401,7,Visitantes_Site,Video,2º Lançamento | Vendas
3022,2025 | Outubro,Sábado,Final de semana,Leads,2025-10-11,topfunnel_lal1_compradores_video_v3,34.3,17,1234,2,LookALike_Compradores_1,Video,1º Lançamento | Leads
3023,2025 | Janeiro,Quarta-Feira,Dia útil,Leads,2025-01-01,midfunnel_rmkt_30d_carrossel_v2,88.14,70,2697,6,Remarketing_30dias,Carrossel,Campanha Contínua | Leads
3024,2025 | Agosto,Domingo,Final de semana,Leads,2025-08-31,topfunnel_interesses_dados_carrossel_v2,76.34,8,1907,2,Interesses_Dados,Carrossel,2º Lançamento | Leads
3025,2025 | Julho,Quarta-Feira,Dia útil,Vendas,2025-07-09,topfunnel_lal1_compradores_video_v1,10.65,10,512,2,LookALike_Compradores_1,Video,1º Lançamento | Vendas
3026,2025 | Outubro,Sexta-Feira,Dia útil,Vendas,2025-10-31,midfunnel_visitantes_site_carrossel_v1,164.23,75,3804,3,Visitantes_Site,Carrossel,2º Lançamento | Vendas
3027,2025 | Outubro,Sexta-Feira,Dia útil,Leads,2025-10-17,topfunnel_lal2_leads_carrossel_v3,152.43,74,3413,13,LookALike_Leads_2,Carrossel,Campanha Contínua | Leads
3028,2025 | Setembro,Quarta-Feira,Dia útil,Vendas,2025-09-03,topfunnel_lal1_compradores_carrossel_v1,96.72,276,6911,67,LookALike_Compradores_1,Carrossel,1º Lançamento | Vendas
3029,2025 | Fevereiro,Quinta-Feira,Dia útil,Vendas,2025-02-27,bottomfunnel_rmkt_30d_estatico_v3,24.31,61,1469,6,Remarketing_30dias,Estático,2º Lançamento | Vendas
3030,2025 | Março,Domingo,Final de semana,Leads,2025-03-09,topfunnel_lal1_compradores_estatico_v2,51.18,52,2473,14,LookALike_Compradores_1,Estático,2º Lançamento | Leads
3031,2025 | Julho,Sexta-Feira,Dia útil,Leads,2025-07-11,topfunnel_lal1_compradores_estatico_v1,142.26,193,11233,22,LookALike_Compradores_1,Estático,Campanha Contínua | Leads
3032,2025 | Agosto,Terça-Feira,Dia útil,Vendas,2025-08-12,topfunnel_cargos_dados_estatico_v2,138.84,365,9370,20,Cargos_Dados,Estático,1º Lançamento | Vendas
3033,2025 | Junho,Quinta-Feira,Dia útil,Leads,2025-06-19,midfunnel_rmkt_60d_estatico_v2,91.06,70,3532,12,Remarketing_60dias,Estático,Campanha Contínua | Leads
3034,2025 | Junho,Segunda-Feira,Dia útil,Leads,2025-06-16,bottomfunnel_rmkt_30d_carrossel_v2,32.8,31,832,5,Remarketing_30dias,Carrossel,2º Lançamento | Leads
3035,2025 | Janeiro,Sábado,Final de semana,Leads,2025-01-04,topfunnel_interesses_dados_video_v2,61.61,24,2952,5,Interesses_Dados,Video,Campanha Contínua | Leads
3036,2025 | Janeiro,Quarta-Feira,Dia útil,Leads,2025-01-29,midfunnel_rmkt_30d_estatico_v3,35.31,122,3102,34,Remarketing_30dias,Estático,2º Lançamento | Leads
3037,2025 | Maio,Sexta-Feira,Dia útil,Vendas,2025-05-02,topfunnel_cargos_dados_carrossel_v2,90.3,57,3802,11,Cargos_Dados,Carrossel,Campanha Contínua | Vendas
3038,2025 | Maio,Quarta-Feira,Dia útil,Leads,2025-05-07,bottomfunnel_visitantes_site_carrossel_v3,60.14,128,4092,8,Visitantes_Site,Carrossel,2º Lançamento | Leads
3039,2025 | Março,Quinta-Feira,Dia útil,Vendas,2025-03-13,bottomfunnel_visitantes_site_video_v1,176.01,167,8746,7,Visitantes_Site,Video,1º Lançamento | Vendas
3040,2025 | Janeiro,Quarta-Feira,Dia útil,Leads,2025-01-29,topfunnel_lal1_compradores_carrossel_v3,10.87,4,559,0,LookALike_Compradores_1,Carrossel,2º Lançamento | Leads
3041,2025 | Maio,Domingo,Final de semana,Leads,2025-05-18,midfunnel_visitantes_site_carrossel_v2,139.6,292,7343,65,Visitantes_Site,Carrossel,Campanha Contínua | Leads
3042,2025 | Junho,Domingo,Final de semana,Leads,2025-06-01,topfunnel_lal2_leads_video_v2,105.55,137,3105,20,LookALike_Leads_2,Video,2º Lançamento | Leads
3043,2025 | Maio,Quinta-Feira,Dia útil,Vendas,2025-05-29,bottomfunnel_rmkt_30d_video_v1,89.18,42,3211,2,Remarketing_30dias,Video,1º Lançamento | Vendas
3044,2025 | Agosto,Segunda-Feira,Dia útil,Leads,2025-08-04,topfunnel_interesses_dados_carrossel_v1,45.04,58,1414,17,Interesses_Dados,Carrossel,2º Lançamento | Leads
3045,2025 | Janeiro,Segunda-Feira,Dia útil,Leads,2025-01-20,topfunnel_cargos_dados_carrossel_v1,65.09,118,4507,8,Cargos_Dados,Carrossel,2º Lançamento | Leads
3046,2025 | Outubro,Domingo,Final de semana,Leads,2025-10-12,midfunnel_visitantes_site_carrossel_v2,34.72,23,1418,2,Visitantes_Site,Carrossel,Campanha Contínua | Leads
3047,2025 | Abril,Sábado,Final de semana,Vendas,2025-04-19,midfunnel_rmkt_30d_estatico_v1,93.36,43,2337,9,Remarketing_30dias,Estático,1º Lançamento | Vendas
3048,2025 | Maio,Sexta-Feira,Dia útil,Leads,2025-05-30,midfunnel_engajamento_ig_estatico_v3,87.56,104,2468,19,Engajamento_Instagram,Estático,2º Lançamento | Leads
3049,2025 | Outubro,Quarta-Feira,Dia útil,Vendas,2025-10-29,midfunnel_rmkt_60d_video_v2,26.74,12,880,1,Remarketing_60dias,Video,2º Lançamento | Vendas
3050,2025 | Maio,Quinta-Feira,Dia útil,Vendas,2025-05-15,midfunnel_visitantes_site_video_v3,9.06,26,925,2,Visitantes_Site,Video,1º Lançamento | Vendas
3051,2025 | Outubro,Quinta-Feira,Dia útil,Leads,2025-10-23,bottomfunnel_rmkt_30d_carrossel_v1,19.4,49,1740,10,Remarketing_30dias,Carrossel,2º Lançamento | Leads
3052,2025 | Maio,Quarta-Feira,Dia útil,Leads,2025-05-28,bottomfunnel_rmkt_60d_estatico_v3,168.97,74,4600,17,Remarketing_60dias,Estático,Campanha Contínua | Leads
3053,2025 | Novembro,Terça-Feira,Dia útil,Vendas,2025-11-11,midfunnel_visitantes_site_estatico_v3,164.17,270,7556,42,Visitantes_Site,Estático,Campanha Contínua | Vendas
3054,2025 | Dezembro,Terça-Feira,Dia útil,Leads,2025-12-30,topfunnel_cargos_dados_carrossel_v3,22.23,8,743,0,Cargos_Dados,Carrossel,Campanha Contínua | Leads
3055,2025 | Outubro,Domingo,Final de semana,Leads,2025-10-26,topfunnel_interesses_dados_video_v2,96.36,186,6450,48,Interesses_Dados,Video,1º Lançamento | Leads
3056,2025 | Agosto,Segunda-Feira,Dia útil,Leads,2025-08-25,bottomfunnel_visitantes_site_carrossel_v2,166.77,159,4388,38,Visitantes_Site,Carrossel,1º Lançamento | Leads
3057,2025 | Agosto,Quarta-Feira,Dia útil,Leads,2025-08-06,topfunnel_cargos_dados_carrossel_v2,176.81,170,14885,13,Cargos_Dados,Carrossel,1º Lançamento | Leads
3058,2025 | Abril,Sexta-Feira,Dia útil,Leads,2025-04-18,midfunnel_visitantes_site_estatico_v1,105.12,152,3439,38,Visitantes_Site,Estático,1º Lançamento | Leads
3059,2025 | Maio,Quarta-Feira,Dia útil,Vendas,2025-05-21,midfunnel_visitantes_site_carrossel_v1,133.48,180,4328,52,Visitantes_Site,Carrossel,Campanha Contínua | Vendas
3060,2025 | Outubro,Terça-Feira,Dia útil,Vendas,2025-10-21,topfunnel_cargos_dados_video_v2,85.57,148,8786,26,Cargos_Dados,Video,2º Lançamento | Vendas
3061,2025 | Agosto,Terça-Feira,Dia útil,Leads,2025-08-05,midfunnel_rmkt_30d_estatico_v3,149.66,188,7641,43,Remarketing_30dias,Estático,Campanha Contínua | Leads
3062,2025 | Agosto,Terça-Feira,Dia útil,Vendas,2025-08-26,topfunnel_lal1_compradores_carrossel_v2,37.14,5,1128,1,LookALike_Compradores_1,Carrossel,1º Lançamento | Vendas
3063,2025 | Outubro,Quarta-Feira,Dia útil,Leads,2025-10-22,topfunnel_interesses_dados_video_v1,172.64,242,6230,71,Interesses_Dados,Video,2º Lançamento | Leads
3064,2025 | Março,Segunda-Feira,Dia útil,Vendas,2025-03-10,midfunnel_visitantes_site_estatico_v1,130.92,87,13689,14,Visitantes_Site,Estático,Campanha Contínua | Vendas
3065,2025 | Fevereiro,Sexta-Feira,Dia útil,Vendas,2025-02-21,topfunnel_interesses_dados_video_v2,60.67,24,1496,5,Interesses_Dados,Video,1º Lançamento | Vendas
3066,2025 | Julho,Sexta-Feira,Dia útil,Leads,2025-07-25,bottomfunnel_visitantes_site_carrossel_v1,69.79,126,3050,5,Visitantes_Site,Carrossel,Campanha Contínua | Leads
3067,2025 | Junho,Sábado,Final de semana,Leads,2025-06-28,midfunnel_engajamento_ig_carrossel_v1,65.2,11,1736,0,Engajamento_Instagram,Carrossel,2º Lançamento | Leads
3068,2025 | Outubro,Segunda-Feira,Dia útil,Leads,2025-10-06,bottomfunnel_engajamento_ig_video_v3,172.12,98,6978,19,Engajamento_Instagram,Video,2º Lançamento | Leads
3069,2025 | Julho,Sábado,Final de semana,Leads,2025-07-12,topfunnel_lal2_leads_carrossel_v1,65.88,15,1769,1,LookALike_Leads_2,Carrossel,1º Lançamento | Leads
3070,2025 | Julho,Segunda-Feira,Dia útil,Vendas,2025-07-21,topfunnel_lal1_compradores_carrossel_v1,151.3,84,3627,5,LookALike_Compradores_1,Carrossel,1º Lançamento | Vendas
3071,2025 | Março,Domingo,Final de semana,Leads,2025-03-23,bottomfunnel_engajamento_ig_carrossel_v2,3.33,1,79,0,Engajamento_Instagram,Carrossel,2º Lançamento | Leads
3072,2025 | Maio,Domingo,Final de semana,Leads,2025-05-11,midfunnel_engajamento_ig_video_v1,113.16,145,3350,16,Engajamento_Instagram,Video,1º Lançamento | Leads
3073,2025 | Junho,Sábado,Final de semana,Leads,2025-06-21,bottomfunnel_rmkt_60d_estatico_v1,175.62,22,4023,4,Remarketing_60dias,Estático,Campanha Contínua | Leads
3074,2025 | Janeiro,Quarta-Feira,Dia útil,Leads,2025-01-01,bottomfunnel_rmkt_30d_video_v1,88.87,53,5654,13,Remarketing_30dias,Video,1º Lançamento | Leads
3075,2025 | Maio,Quinta-Feira,Dia útil,Vendas,2025-05-15,midfunnel_rmkt_60d_estatico_v3,136.51,140,8269,11,Remarketing_60dias,Estático,1º Lançamento | Vendas
3076,2025 | Outubro,Quarta-Feira,Dia útil,Leads,2025-10-22,topfunnel_lal1_compradores_estatico_v2,73.88,86,2190,17,LookALike_Compradores_1,Estático,Campanha Contínua | Leads
3077,2025 | Novembro,Segunda-Feira,Dia útil,Vendas,2025-11-17,topfunnel_lal1_compradores_carrossel_v1,33.23,46,1193,13,LookALike_Compradores_1,Carrossel,Campanha Contínua | Vendas
3078,2025 | Agosto,Quinta-Feira,Dia útil,Vendas,2025-08-21,midfunnel_visitantes_site_estatico_v3,44.59,20,1150,4,Visitantes_Site,Estático,2º Lançamento | Vendas
3079,2025 | Março,Terça-Feira,Dia útil,Vendas,2025-03-11,topfunnel_interesses_dados_estatico_v2,160.17,796,18227,195,Interesses_Dados,Estático,Campanha Contínua | Vendas
3080,2025 | Março,Segunda-Feira,Dia útil,Vendas,2025-03-03,midfunnel_engajamento_ig_estatico_v1,56.65,88,3606,14,Engajamento_Instagram,Estático,1º Lançamento | Vendas
3081,2025 | Setembro,Quarta-Feira,Dia útil,Leads,2025-09-17,topfunnel_lal2_leads_estatico_v3,135.17,40,3101,3,LookALike_Leads_2,Estático,2º Lançamento | Leads
3082,2025 | Maio,Segunda-Feira,Dia útil,Vendas,2025-05-26,topfunnel_lal2_leads_video_v2,19.24,16,556,3,LookALike_Leads_2,Video,1º Lançamento | Vendas
3083,2025 | Junho,Sábado,Final de semana,Leads,2025-06-28,midfunnel_engajamento_ig_video_v3,25.17,28,1946,1,Engajamento_Instagram,Video,1º Lançamento | Leads
3084,2025 | Maio,Quinta-Feira,Dia útil,Leads,2025-05-15,topfunnel_cargos_dados_video_v1,110.99,59,3189,8,Cargos_Dados,Video,1º Lançamento | Leads
3085,2025 | Maio,Domingo,Final de semana,Vendas,2025-05-18,topfunnel_interesses_dados_video_v1,128.04,137,4867,29,Interesses_Dados,Video,1º Lançamento | Vendas
3086,2025 | Outubro,Sexta-Feira,Dia útil,Leads,2025-10-17,midfunnel_rmkt_60d_estatico_v3,116.68,272,11437,52,Remarketing_60dias,Estático,1º Lançamento | Leads
3087,2025 | Novembro,Sexta-Feira,Dia útil,Vendas,2025-11-21,topfunnel_cargos_dados_estatico_v3,171.5,643,18967,113,Cargos_Dados,Estático,1º Lançamento | Vendas
3088,2025 | Julho,Sábado,Final de semana,Vendas,2025-07-19,midfunnel_engajamento_ig_video_v1,68.74,59,1537,14,Engajamento_Instagram,Video,1º Lançamento | Vendas
3089,2025 | Maio,Quinta-Feira,Dia útil,Leads,2025-05-29,bottomfunnel_rmkt_30d_video_v1,21.65,3,560,0,Remarketing_30dias,Video,2º Lançamento | Leads
3090,2025 | Setembro,Sábado,Final de semana,Leads,2025-09-27,midfunnel_engajamento_ig_video_v2,4.63,3,164,0,Engajamento_Instagram,Video,1º Lançamento | Leads
3091,2025 | Março,Quarta-Feira,Dia útil,Vendas,2025-03-19,topfunnel_lal1_compradores_carrossel_v2,140.85,341,8409,46,LookALike_Compradores_1,Carrossel,1º Lançamento | Vendas
3092,2025 | Fevereiro,Quarta-Feira,Dia útil,Leads,2025-02-05,midfunnel_rmkt_30d_estatico_v1,62.67,41,2447,1,Remarketing_30dias,Estático,2º Lançamento | Leads
3093,2025 | Maio,Segunda-Feira,Dia útil,Leads,2025-05-05,topfunnel_lal1_compradores_video_v2,40.87,19,1629,4,LookALike_Compradores_1,Video,Campanha Contínua | Leads
3094,2025 | Agosto,Quarta-Feira,Dia útil,Leads,2025-08-20,topfunnel_interesses_dados_video_v1,98.45,25,4457,4,Interesses_Dados,Video,1º Lançamento | Leads
3095,2025 | Dezembro,Terça-Feira,Dia útil,Leads,2025-12-02,topfunnel_cargos_dados_video_v1,6.93,3,180,0,Cargos_Dados,Video,2º Lançamento | Leads
3096,2025 | Julho,Segunda-Feira,Dia útil,Vendas,2025-07-28,topfunnel_lal2_leads_video_v3,32.18,36,849,5,LookALike_Leads_2,Video,1º Lançamento | Vendas
3097,2025 | Agosto,Quinta-Feira,Dia útil,Leads,2025-08-21,midfunnel_rmkt_30d_estatico_v1,148.95,66,4125,15,Remarketing_30dias,Estático,1º Lançamento | Leads
3098,2025 | Abril,Sábado,Final de semana,Leads,2025-04-05,topfunnel_interesses_dados_carrossel_v2,5.23,3,253,0,Interesses_Dados,Carrossel,1º Lançamento | Leads
3099,2025 | Março,Sexta-Feira,Dia útil,Vendas,2025-03-14,topfunnel_lal1_compradores_carrossel_v2,56.65,54,1472,8,LookALike_Compradores_1,Carrossel,1º Lançamento | Vendas
3100,2025 | Julho,Sábado,Final de semana,Leads,2025-07-12,midfunnel_rmkt_30d_carrossel_v2,116.38,43,5524,11,Remarketing_30dias,Carrossel,2º Lançamento | Leads
3101,2025 | Julho,Terça-Feira,Dia útil,Leads,2025-07-29,topfunnel_lal2_leads_carrossel_v2,130.34,641,14658,36,LookALike_Leads_2,Carrossel,2º Lançamento | Leads
3102,2025 | Dezembro,Domingo,Final de semana,Leads,2025-12-21,bottomfunnel_visitantes_site_video_v1,25.83,67,2164,7,Visitantes_Site,Video,Campanha Contínua | Leads
3103,2025 | Outubro,Sábado,Final de semana,Vendas,2025-10-25,topfunnel_interesses_dados_video_v2,98.44,150,4285,14,Interesses_Dados,Video,Campanha Contínua | Vendas
3104,2025 | Outubro,Quinta-Feira,Dia útil,Vendas,2025-10-02,bottomfunnel_rmkt_60d_estatico_v3,122.22,221,9627,66,Remarketing_60dias,Estático,1º Lançamento | Vendas
3105,2025 | Setembro,Domingo,Final de semana,Leads,2025-09-14,bottomfunnel_rmkt_60d_estatico_v1,93.23,212,5637,37,Remarketing_60dias,Estático,1º Lançamento | Leads
3106,2025 | Outubro,Sexta-Feira,Dia útil,Leads,2025-10-17,topfunnel_lal1_compradores_estatico_v2,112.5,29,3880,3,LookALike_Compradores_1,Estático,1º Lançamento | Leads
3107,2025 | Julho,Sábado,Final de semana,Leads,2025-07-26,midfunnel_rmkt_30d_estatico_v1,141.91,49,3207,4,Remarketing_30dias,Estático,2º Lançamento | Leads
3108,2025 | Maio,Segunda-Feira,Dia útil,Leads,2025-05-19,topfunnel_lal1_compradores_carrossel_v1,23.32,20,797,2,LookALike_Compradores_1,Carrossel,2º Lançamento | Leads
3109,2025 | Abril,Domingo,Final de semana,Leads,2025-04-06,topfunnel_lal1_compradores_video_v1,179.62,394,11683,83,LookALike_Compradores_1,Video,Campanha Contínua | Leads
3110,2025 | Março,Segunda-Feira,Dia útil,Vendas,2025-03-17,midfunnel_visitantes_site_estatico_v1,137.64,82,17049,14,Visitantes_Site,Estático,2º Lançamento | Vendas
3111,2025 | Maio,Quinta-Feira,Dia útil,Vendas,2025-05-08,midfunnel_engajamento_ig_estatico_v3,22.24,68,2719,12,Engajamento_Instagram,Estático,Campanha Contínua | Vendas
3112,2025 | Fevereiro,Domingo,Final de semana,Leads,2025-02-16,topfunnel_interesses_dados_estatico_v1,6.61,5,152,0,Interesses_Dados,Estático,Campanha Contínua | Leads
3113,2025 | Novembro,Terça-Feira,Dia útil,Leads,2025-11-18,bottomfunnel_rmkt_30d_video_v1,168.25,132,4744,22,Remarketing_30dias,Video,Campanha Contínua | Leads
3114,2025 | Agosto,Domingo,Final de semana,Vendas,2025-08-24,topfunnel_lal1_compradores_estatico_v1,98.67,45,2809,13,LookALike_Compradores_1,Estático,1º Lançamento | Vendas
3115,2025 | Outubro,Quarta-Feira,Dia útil,Leads,2025-10-08,midfunnel_rmkt_60d_estatico_v1,11.49,10,272,2,Remarketing_60dias,Estático,Campanha Contínua | Leads
3116,2025 | Maio,Quinta-Feira,Dia útil,Vendas,2025-05-22,midfunnel_rmkt_30d_estatico_v1,130.83,170,7677,47,Remarketing_30dias,Estático,Campanha Contínua | Vendas
3117,2025 | Fevereiro,Quinta-Feira,Dia útil,Leads,2025-02-13,bottomfunnel_visitantes_site_carrossel_v2,91.47,110,2534,11,Visitantes_Site,Carrossel,1º Lançamento | Leads
3118,2025 | Abril,Segunda-Feira,Dia útil,Vendas,2025-04-07,topfunnel_lal1_compradores_video_v2,38.61,16,1066,2,LookALike_Compradores_1,Video,2º Lançamento | Vendas
3119,2025 | Junho,Sábado,Final de semana,Leads,2025-06-14,bottomfunnel_rmkt_60d_estatico_v2,79.17,36,5870,1,Remarketing_60dias,Estático,1º Lançamento | Leads
3120,2025 | Maio,Sábado,Final de semana,Vendas,2025-05-17,topfunnel_lal1_compradores_video_v3,139.17,107,3339,6,LookALike_Compradores_1,Video,1º Lançamento | Vendas
3121,2025 | Dezembro,Segunda-Feira,Dia útil,Leads,2025-12-01,topfunnel_lal2_leads_carrossel_v2,174.35,522,12892,31,LookALike_Leads_2,Carrossel,Campanha Contínua | Leads
3122,2025 | Junho,Sexta-Feira,Dia útil,Leads,2025-06-27,topfunnel_interesses_dados_estatico_v2,124.77,69,3008,16,Interesses_Dados,Estático,2º Lançamento | Leads
3123,2025 | Novembro,Domingo,Final de semana,Vendas,2025-11-23,midfunnel_engajamento_ig_estatico_v1,63.64,11,2564,0,Engajamento_Instagram,Estático,Campanha Contínua | Vendas
3124,2025 | Fevereiro,Terça-Feira,Dia útil,Vendas,2025-02-18,topfunnel_cargos_dados_carrossel_v3,61.43,69,2169,19,Cargos_Dados,Carrossel,Campanha Contínua | Vendas
3125,2025 | Abril,Terça-Feira,Dia útil,Vendas,2025-04-01,midfunnel_visitantes_site_estatico_v2,120.64,25,2941,0,Visitantes_Site,Estático,2º Lançamento | Vendas
3126,2025 | Novembro,Quarta-Feira,Dia útil,Leads,2025-11-05,topfunnel_lal1_compradores_estatico_v2,74.99,69,7506,6,LookALike_Compradores_1,Estático,1º Lançamento | Leads
3127,2025 | Agosto,Sábado,Final de semana,Leads,2025-08-23,topfunnel_interesses_dados_carrossel_v3,163.56,435,10607,77,Interesses_Dados,Carrossel,Campanha Contínua | Leads
3128,2025 | Agosto,Quinta-Feira,Dia útil,Leads,2025-08-07,topfunnel_interesses_dados_video_v1,118.74,172,6675,21,Interesses_Dados,Video,2º Lançamento | Leads
3129,2025 | Agosto,Sexta-Feira,Dia útil,Leads,2025-08-08,bottomfunnel_visitantes_site_video_v2,70.28,288,7243,58,Visitantes_Site,Video,1º Lançamento | Leads
3130,2025 | Agosto,Quinta-Feira,Dia útil,Leads,2025-08-14,bottomfunnel_rmkt_30d_carrossel_v2,148.98,492,16681,55,Remarketing_30dias,Carrossel,1º Lançamento | Leads
3131,2025 | Julho,Segunda-Feira,Dia útil,Leads,2025-07-07,bottomfunnel_rmkt_30d_carrossel_v2,152.55,158,8667,45,Remarketing_30dias,Carrossel,1º Lançamento | Leads
3132,2025 | Setembro,Terça-Feira,Dia útil,Vendas,2025-09-09,topfunnel_cargos_dados_video_v2,136.84,35,3829,5,Cargos_Dados,Video,1º Lançamento | Vendas
3133,2025 | Julho,Segunda-Feira,Dia útil,Leads,2025-07-21,topfunnel_lal1_compradores_carrossel_v2,152.9,89,4492,10,LookALike_Compradores_1,Carrossel,Campanha Contínua | Leads
3134,2025 | Julho,Quinta-Feira,Dia útil,Vendas,2025-07-24,topfunnel_cargos_dados_estatico_v1,172.26,122,5558,36,Cargos_Dados,Estático,Campanha Contínua | Vendas
3135,2025 | Agosto,Sexta-Feira,Dia útil,Leads,2025-08-15,bottomfunnel_rmkt_60d_carrossel_v2,85.41,82,7779,3,Remarketing_60dias,Carrossel,1º Lançamento | Leads
3136,2025 | Julho,Sábado,Final de semana,Leads,2025-07-05,bottomfunnel_engajamento_ig_video_v3,102.9,100,2299,5,Engajamento_Instagram,Video,2º Lançamento | Leads
3137,2025 | Maio,Terça-Feira,Dia útil,Vendas,2025-05-20,bottomfunnel_rmkt_60d_video_v3,76.92,42,2176,2,Remarketing_60dias,Video,1º Lançamento | Vendas
3138,2025 | Março,Quarta-Feira,Dia útil,Leads,2025-03-19,bottomfunnel_engajamento_ig_estatico_v1,65.85,24,2249,6,Engajamento_Instagram,Estático,Campanha Contínua | Leads
3139,2025 | Dezembro,Sábado,Final de semana,Leads,2025-12-20,midfunnel_rmkt_60d_carrossel_v1,20.44,14,596,1,Remarketing_60dias,Carrossel,Campanha Contínua | Leads
3140,2025 | Fevereiro,Terça-Feira,Dia útil,Leads,2025-02-11,topfunnel_lal2_leads_video_v1,154.65,107,6477,12,LookALike_Leads_2,Video,Campanha Contínua | Leads
3141,2025 | Maio,Quarta-Feira,Dia útil,Leads,2025-05-28,topfunnel_cargos_dados_carrossel_v1,96.26,194,5272,33,Cargos_Dados,Carrossel,2º Lançamento | Leads
3142,2025 | Julho,Domingo,Final de semana,Leads,2025-07-27,topfunnel_lal1_compradores_estatico_v1,147.44,37,3295,2,LookALike_Compradores_1,Estático,2º Lançamento | Leads
3143,2025 | Junho,Segunda-Feira,Dia útil,Leads,2025-06-09,midfunnel_rmkt_60d_video_v1,155.72,257,12575,27,Remarketing_60dias,Video,Campanha Contínua | Leads
3144,2025 | Setembro,Domingo,Final de semana,Leads,2025-09-28,midfunnel_rmkt_30d_estatico_v1,129.15,100,4067,3,Remarketing_30dias,Estático,1º Lançamento | Leads
3145,2025 | Abril,Segunda-Feira,Dia útil,Leads,2025-04-14,bottomfunnel_rmkt_30d_video_v3,149.48,199,4814,6,Remarketing_30dias,Video,1º Lançamento | Leads
3146,2025 | Maio,Quinta-Feira,Dia útil,Leads,2025-05-22,topfunnel_lal1_compradores_video_v2,165.62,56,6477,2,LookALike_Compradores_1,Video,Campanha Contínua | Leads
3147,2025 | Setembro,Sexta-Feira,Dia útil,Vendas,2025-09-12,topfunnel_lal2_leads_carrossel_v3,76.15,17,2064,3,LookALike_Leads_2,Carrossel,2º Lançamento | Vendas
3148,2025 | Março,Sexta-Feira,Dia útil,Vendas,2025-03-21,midfunnel_visitantes_site_carrossel_v3,92.55,242,7947,62,Visitantes_Site,Carrossel,Campanha Contínua | Vendas
3149,2025 | Agosto,Quarta-Feira,Dia útil,Vendas,2025-08-27,midfunnel_visitantes_site_estatico_v3,27178.48,133783,4640916,26333,Visitantes_Site,Estático,Campanha Contínua | Vendas
3150,2025 | Março,Quarta-Feira,Dia útil,Vendas,2025-03-26,topfunnel_lal1_compradores_estatico_v1,101.56,117,3076,19,LookALike_Compradores_1,Estático,1º Lançamento | Vendas
3151,2025 | Agosto,Sábado,Final de semana,Leads,2025-08-30,topfunnel_lal2_leads_carrossel_v1,129.42,218,5112,10,LookALike_Leads_2,Carrossel,1º Lançamento | Leads
3152,2025 | Outubro,Sexta-Feira,Dia útil,Vendas,2025-10-10,topfunnel_interesses_dados_carrossel_v2,175.73,520,12807,108,Interesses_Dados,Carrossel,Campanha Contínua | Vendas
3153,2025 | Novembro,Sexta-Feira,Dia útil,Vendas,2025-11-21,bottomfunnel_rmkt_60d_estatico_v1,97.55,144,3758,4,Remarketing_60dias,Estático,2º Lançamento | Vendas
3154,2025 | Outubro,Terça-Feira,Dia útil,Vendas,2025-10-14,topfunnel_lal1_compradores_video_v2,99.6,100,3024,12,LookALike_Compradores_1,Video,2º Lançamento | Vendas
3155,2025 | Agosto,Quarta-Feira,Dia útil,Vendas,2025-08-27,topfunnel_lal1_compradores_video_v1,118.11,57,3605,13,LookALike_Compradores_1,Video,1º Lançamento | Vendas
3156,2025 | Abril,Domingo,Final de semana,Vendas,2025-04-20,topfunnel_cargos_dados_video_v1,71.85,341,7637,64,Cargos_Dados,Video,2º Lançamento | Vendas
3157,2025 | Outubro,Sexta-Feira,Dia útil,Leads,2025-10-10,topfunnel_lal2_leads_estatico_v2,120.78,509,13823,107,LookALike_Leads_2,Estático,2º Lançamento | Leads
3158,2025 | Fevereiro,Segunda-Feira,Dia útil,Leads,2025-02-03,topfunnel_interesses_dados_video_v3,153.32,69,3665,15,Interesses_Dados,Video,1º Lançamento | Leads
3159,2025 | Fevereiro,Sábado,Final de semana,Leads,2025-02-15,topfunnel_interesses_dados_estatico_v2,148.66,27,6645,7,Interesses_Dados,Estático,1º Lançamento | Leads
3160,2025 | Abril,Sábado,Final de semana,Leads,2025-04-12,bottomfunnel_rmkt_60d_video_v1,127.25,111,3774,29,Remarketing_60dias,Video,Campanha Contínua | Leads
3161,2025 | Março,Quarta-Feira,Dia útil,Leads,2025-03-12,midfunnel_rmkt_60d_carrossel_v1,6.69,2,349,0,Remarketing_60dias,Carrossel,1º Lançamento | Leads
3162,2025 | Janeiro,Quarta-Feira,Dia útil,Leads,2025-01-08,midfunnel_rmkt_30d_video_v1,67.87,150,6380,18,Remarketing_30dias,Video,Campanha Contínua | Leads
3163,2025 | Outubro,Quinta-Feira,Dia útil,Vendas,2025-10-09,midfunnel_rmkt_60d_estatico_v1,121.03,111,2839,9,Remarketing_60dias,Estático,Campanha Contínua | Vendas
3164,2025 | Fevereiro,Domingo,Final de semana,Leads,2025-02-16,midfunnel_visitantes_site_video_v2,164.39,247,6976,15,Visitantes_Site,Video,Campanha Contínua | Leads
3165,2025 | Outubro,Segunda-Feira,Dia útil,Vendas,2025-10-27,topfunnel_interesses_dados_estatico_v2,46.3,78,2262,21,Interesses_Dados,Estático,1º Lançamento | Vendas
3166,2025 | Março,Quarta-Feira,Dia útil,Leads,2025-03-12,topfunnel_interesses_dados_estatico_v2,60.99,71,5237,8,Interesses_Dados,Estático,Campanha Contínua | Leads
3167,2025 | Setembro,Sexta-Feira,Dia útil,Leads,2025-09-12,bottomfunnel_visitantes_site_estatico_v1,69.31,9,1621,1,Visitantes_Site,Estático,Campanha Contínua | Leads
3168,2025 | Agosto,Segunda-Feira,Dia útil,Leads,2025-08-25,midfunnel_engajamento_ig_video_v2,142.15,202,5898,60,Engajamento_Instagram,Video,2º Lançamento | Leads
3169,2025 | Agosto,Terça-Feira,Dia útil,Vendas,2025-08-05,topfunnel_lal2_leads_video_v1,66.06,13,2714,1,LookALike_Leads_2,Video,Campanha Contínua | Vendas
3170,2025 | Agosto,Terça-Feira,Dia útil,Leads,2025-08-26,bottomfunnel_engajamento_ig_estatico_v3,179.1,118,4996,26,Engajamento_Instagram,Estático,1º Lançamento | Leads
3171,2025 | Fevereiro,Quinta-Feira,Dia útil,Leads,2025-02-20,midfunnel_rmkt_60d_video_v1,160.24,59,8446,6,Remarketing_60dias,Video,2º Lançamento | Leads
3172,2025 | Dezembro,Domingo,Final de semana,Leads,2025-12-28,topfunnel_cargos_dados_estatico_v1,31.25,31,2171,7,Cargos_Dados,Estático,Campanha Contínua | Leads
3173,2025 | Setembro,Domingo,Final de semana,Leads,2025-09-28,topfunnel_cargos_dados_estatico_v1,101.01,116,2599,16,Cargos_Dados,Estático,2º Lançamento | Leads
3174,2025 | Maio,Sexta-Feira,Dia útil,Leads,2025-05-09,topfunnel_lal2_leads_carrossel_v2,123.77,397,9291,103,LookALike_Leads_2,Carrossel,Campanha Contínua | Leads
3175,2025 | Abril,Quarta-Feira,Dia útil,Vendas,2025-04-16,bottomfunnel_rmkt_30d_carrossel_v2,76.62,167,5840,13,Remarketing_30dias,Carrossel,Campanha Contínua | Vendas
3176,2025 | Agosto,Sábado,Final de semana,Vendas,2025-08-09,topfunnel_lal2_leads_carrossel_v1,74.64,11,2271,1,LookALike_Leads_2,Carrossel,Campanha Contínua | Vendas
3177,2025 | Julho,Segunda-Feira,Dia útil,Leads,2025-07-21,midfunnel_rmkt_30d_video_v3,61.89,38,2850,0,Remarketing_30dias,Video,1º Lançamento | Leads
3178,2025 | Dezembro,Quinta-Feira,Dia útil,Leads,2025-12-18,topfunnel_cargos_dados_estatico_v1,105.04,128,2962,14,Cargos_Dados,Estático,2º Lançamento | Leads
3179,2025 | Agosto,Sexta-Feira,Dia útil,Vendas,2025-08-08,topfunnel_lal1_compradores_estatico_v1,123.52,73,3499,2,LookALike_Compradores_1,Estático,2º Lançamento | Vendas
3180,2025 | Setembro,Domingo,Final de semana,Leads,2025-09-14,topfunnel_lal2_leads_estatico_v3,62.67,78,3596,3,LookALike_Leads_2,Estático,Campanha Contínua | Leads
3181,2025 | Janeiro,Quarta-Feira,Dia útil,Leads,2025-01-15,midfunnel_rmkt_60d_video_v2,39.79,66,1738,9,Remarketing_60dias,Video,1º Lançamento | Leads
3182,2025 | Abril,Quinta-Feira,Dia útil,Leads,2025-04-03,topfunnel_cargos_dados_video_v3,28.63,85,2421,21,Cargos_Dados,Video,2º Lançamento | Leads
3183,2025 | Novembro,Domingo,Final de semana,Vendas,2025-11-30,midfunnel_engajamento_ig_carrossel_v2,21.42,54,1521,3,Engajamento_Instagram,Carrossel,Campanha Contínua | Vendas
3184,2025 | Julho,Quinta-Feira,Dia útil,Leads,2025-07-10,bottomfunnel_rmkt_60d_carrossel_v3,100.74,122,10952,5,Remarketing_60dias,Carrossel,2º Lançamento | Leads
3185,2025 | Outubro,Sexta-Feira,Dia útil,Leads,2025-10-24,topfunnel_cargos_dados_video_v1,161.98,203,4545,59,Cargos_Dados,Video,Campanha Contínua | Leads
3186,2025 | Janeiro,Quarta-Feira,Dia útil,Leads,2025-01-08,bottomfunnel_rmkt_60d_video_v2,90.44,177,8323,4,Remarketing_60dias,Video,1º Lançamento | Leads
3187,2025 | Agosto,Terça-Feira,Dia útil,Leads,2025-08-19,topfunnel_lal1_compradores_video_v1,73.51,195,4842,6,LookALike_Compradores_1,Video,2º Lançamento | Leads
3188,2025 | Dezembro,Quarta-Feira,Dia útil,Leads,2025-12-17,topfunnel_lal1_compradores_estatico_v3,37.7,97,2541,6,LookALike_Compradores_1,Estático,2º Lançamento | Leads
3189,2025 | Julho,Sábado,Final de semana,Leads,2025-07-12,topfunnel_interesses_dados_estatico_v1,102.47,60,2772,5,Interesses_Dados,Estático,Campanha Contínua | Leads
3190,2025 | Janeiro,Sexta-Feira,Dia útil,Leads,2025-01-03,topfunnel_lal1_compradores_carrossel_v2,136.73,44,6826,11,LookALike_Compradores_1,Carrossel,Campanha Contínua | Leads
3191,2025 | Novembro,Segunda-Feira,Dia útil,Vendas,2025-11-10,midfunnel_visitantes_site_video_v3,109.84,282,8643,83,Visitantes_Site,Video,2º Lançamento | Vendas
3192,2025 | Abril,Quinta-Feira,Dia útil,Leads,2025-04-03,topfunnel_interesses_dados_video_v3,23.42,19,1048,0,Interesses_Dados,Video,Campanha Contínua | Leads
3193,2025 | Agosto,Sexta-Feira,Dia útil,Leads,2025-08-08,bottomfunnel_engajamento_ig_carrossel_v2,72.64,39,3586,10,Engajamento_Instagram,Carrossel,Campanha Contínua | Leads
3194,2025 | Novembro,Quarta-Feira,Dia útil,Leads,2025-11-26,bottomfunnel_rmkt_30d_carrossel_v2,113.16,70,3628,10,Remarketing_30dias,Carrossel,1º Lançamento | Leads
3195,2025 | Setembro,Terça-Feira,Dia útil,Vendas,2025-09-16,midfunnel_engajamento_ig_estatico_v2,135.3,105,3022,26,Engajamento_Instagram,Estático,1º Lançamento | Vendas
3196,2025 | Março,Sexta-Feira,Dia útil,Leads,2025-03-28,topfunnel_lal1_compradores_carrossel_v3,166.22,221,5750,15,LookALike_Compradores_1,Carrossel,1º Lançamento | Leads
3197,2025 | Março,Quarta-Feira,Dia útil,Leads,2025-03-26,topfunnel_interesses_dados_estatico_v2,159.08,50,9461,4,Interesses_Dados,Estático,Campanha Contínua | Leads
3198,2025 | Janeiro,Sábado,Final de semana,Leads,2025-01-18,topfunnel_cargos_dados_video_v2,172.39,111,10052,31,Cargos_Dados,Video,1º Lançamento | Leads
3199,2025 | Julho,Quinta-Feira,Dia útil,Leads,2025-07-03,topfunnel_cargos_dados_estatico_v3,145.45,308,7016,15,Cargos_Dados,Estático,Campanha Contínua | Leads
3200,2025 | Abril,Sábado,Final de semana,Vendas,2025-04-26,midfunnel_rmkt_60d_estatico_v1,154.32,195,5232,48,Remarketing_60dias,Estático,2º Lançamento | Vendas
3201,2025 | Dezembro,Segunda-Feira,Dia útil,Vendas,2025-12-22,midfunnel_rmkt_30d_video_v1,54.78,133,3201,24,Remarketing_30dias,Video,1º Lançamento | Vendas
3202,2025 | Janeiro,Sábado,Final de semana,Vendas,2025-01-04,topfunnel_lal1_compradores_estatico_v3,135.03,147,4836,7,LookALike_Compradores_1,Estático,2º Lançamento | Vendas
3203,2025 | Maio,Segunda-Feira,Dia útil,Leads,2025-05-19,topfunnel_lal1_compradores_estatico_v2,135.87,248,6029,47,LookALike_Compradores_1,Estático,Campanha Contínua | Leads
3204,2025 | Março,Segunda-Feira,Dia útil,Vendas,2025-03-10,topfunnel_interesses_dados_video_v1,174.14,53,7619,7,Interesses_Dados,Video,Campanha Contínua | Vendas
3205,2025 | Julho,Quinta-Feira,Dia útil,Leads,2025-07-10,topfunnel_interesses_dados_video_v2,34.85,14,950,0,Interesses_Dados,Video,1º Lançamento | Leads
3206,2025 | Agosto,Segunda-Feira,Dia útil,Leads,2025-08-18,topfunnel_interesses_dados_carrossel_v1,34.59,46,1411,2,Interesses_Dados,Carrossel,2º Lançamento | Leads
3207,2025 | Abril,Terça-Feira,Dia útil,Vendas,2025-04-29,topfunnel_cargos_dados_estatico_v2,86.54,248,6366,48,Cargos_Dados,Estático,2º Lançamento | Vendas
3208,2025 | Maio,Sexta-Feira,Dia útil,Leads,2025-05-09,topfunnel_cargos_dados_carrossel_v1,160.54,151,6759,35,Cargos_Dados,Carrossel,1º Lançamento | Leads
3209,2025 | Janeiro,Sexta-Feira,Dia útil,Leads,2025-01-03,topfunnel_cargos_dados_carrossel_v3,158.59,64,3831,3,Cargos_Dados,Carrossel,1º Lançamento | Leads
3210,2025 | Abril,Terça-Feira,Dia útil,Leads,2025-04-08,topfunnel_interesses_dados_video_v2,125.17,58,3143,6,Interesses_Dados,Video,2º Lançamento | Leads
3211,2025 | Abril,Sexta-Feira,Dia útil,Vendas,2025-04-18,topfunnel_cargos_dados_video_v3,116.07,190,6082,6,Cargos_Dados,Video,2º Lançamento | Vendas
3212,2025 | Setembro,Sábado,Final de semana,Vendas,2025-09-06,topfunnel_lal2_leads_carrossel_v1,48.81,14,1605,2,LookALike_Leads_2,Carrossel,2º Lançamento | Vendas
3213,2025 | Março,Domingo,Final de semana,Leads,2025-03-09,topfunnel_interesses_dados_carrossel_v3,44.44,34,1160,7,Interesses_Dados,Carrossel,Campanha Contínua | Leads
3214,2025 | Outubro,Sábado,Final de semana,Vendas,2025-10-04,topfunnel_cargos_dados_carrossel_v1,56.2,48,2001,6,Cargos_Dados,Carrossel,Campanha Contínua | Vendas
3215,2025 | Julho,Terça-Feira,Dia útil,Vendas,2025-07-15,midfunnel_rmkt_30d_video_v1,107.03,52,2405,2,Remarketing_30dias,Video,Campanha Contínua | Vendas
3216,2025 | Janeiro,Quinta-Feira,Dia útil,Leads,2025-01-30,topfunnel_lal2_leads_carrossel_v3,120.63,42,2771,11,LookALike_Leads_2,Carrossel,2º Lançamento | Leads
3217,2025 | Novembro,Sábado,Final de semana,Leads,2025-11-22,midfunnel_visitantes_site_carrossel_v3,98.61,38,2241,5,Visitantes_Site,Carrossel,2º Lançamento | Leads
3218,2025 | Março,Terça-Feira,Dia útil,Leads,2025-03-11,topfunnel_cargos_dados_video_v3,92.65,37,4077,6,Cargos_Dados,Video,1º Lançamento | Leads
3219,2025 | Julho,Sábado,Final de semana,Leads,2025-07-05,bottomfunnel_rmkt_30d_carrossel_v3,68.75,37,1854,6,Remarketing_30dias,Carrossel,1º Lançamento | Leads
3220,2025 | Abril,Sexta-Feira,Dia útil,Vendas,2025-04-04,topfunnel_lal1_compradores_video_v3,35.04,31,1001,6,LookALike_Compradores_1,Video,1º Lançamento | Vendas
3221,2025 | Junho,Terça-Feira,Dia útil,Leads,2025-06-03,bottomfunnel_engajamento_ig_video_v1,117.19,441,10321,106,Engajamento_Instagram,Video,1º Lançamento | Leads
3222,2025 | Maio,Quarta-Feira,Dia útil,Leads,2025-05-21,topfunnel_cargos_dados_carrossel_v1,142.38,144,4683,18,Cargos_Dados,Carrossel,Campanha Contínua | Leads
3223,2025 | Agosto,Sábado,Final de semana,Leads,2025-08-16,midfunnel_engajamento_ig_estatico_v2,165.54,153,4037,5,Engajamento_Instagram,Estático,Campanha Contínua | Leads
3224,2025 | Julho,Sexta-Feira,Dia útil,Leads,2025-07-04,topfunnel_cargos_dados_video_v2,150.88,22,4723,1,Cargos_Dados,Video,1º Lançamento | Leads
3225,2025 | Janeiro,Domingo,Final de semana,Vendas,2025-01-26,topfunnel_interesses_dados_carrossel_v1,46.1,33,1272,2,Interesses_Dados,Carrossel,1º Lançamento | Vendas
3226,2025 | Junho,Segunda-Feira,Dia útil,Vendas,2025-06-02,topfunnel_interesses_dados_video_v3,41.94,34,1060,4,Interesses_Dados,Video,1º Lançamento | Vendas
3227,2025 | Setembro,Domingo,Final de semana,Leads,2025-09-28,topfunnel_lal2_leads_carrossel_v1,59.37,27,3227,5,LookALike_Leads_2,Carrossel,2º Lançamento | Leads
3228,2025 | Janeiro,Quarta-Feira,Dia útil,Leads,2025-01-29,bottomfunnel_engajamento_ig_video_v2,41.26,63,1503,1,Engajamento_Instagram,Video,Campanha Contínua | Leads
3229,2025 | Junho,Segunda-Feira,Dia útil,Leads,2025-06-16,topfunnel_cargos_dados_video_v2,77.7,68,3177,4,Cargos_Dados,Video,1º Lançamento | Leads
3230,2025 | Dezembro,Quinta-Feira,Dia útil,Leads,2025-12-11,midfunnel_rmkt_30d_estatico_v1,116.62,45,3124,9,Remarketing_30dias,Estático,2º Lançamento | Leads
3231,2025 | Junho,Terça-Feira,Dia útil,Leads,2025-06-03,midfunnel_rmkt_30d_carrossel_v2,64.44,24,1560,6,Remarketing_30dias,Carrossel,1º Lançamento | Leads
3232,2025 | Agosto,Domingo,Final de semana,Leads,2025-08-24,topfunnel_lal2_leads_carrossel_v2,95.4,78,3721,21,LookALike_Leads_2,Carrossel,1º Lançamento | Leads
3233,2025 | Agosto,Terça-Feira,Dia útil,Vendas,2025-08-05,bottomfunnel_rmkt_30d_estatico_v1,113.2,180,11712,25,Remarketing_30dias,Estático,1º Lançamento | Vendas
3234,2025 | Agosto,Domingo,Final de semana,Leads,2025-08-31,bottomfunnel_visitantes_site_video_v1,179.65,111,4614,21,Visitantes_Site,Video,1º Lançamento | Leads
3235,2025 | Março,Domingo,Final de semana,Leads,2025-03-30,topfunnel_cargos_dados_video_v1,53.45,55,3317,12,Cargos_Dados,Video,1º Lançamento | Leads
3236,2025 | Setembro,Sexta-Feira,Dia útil,Leads,2025-09-12,bottomfunnel_rmkt_60d_estatico_v2,143.81,108,5419,9,Remarketing_60dias,Estático,Campanha Contínua | Leads
3237,2025 | Janeiro,Segunda-Feira,Dia útil,Leads,2025-01-06,bottomfunnel_rmkt_60d_carrossel_v3,42.51,10,1085,1,Remarketing_60dias,Carrossel,1º Lançamento | Leads
3238,2025 | Maio,Sábado,Final de semana,Vendas,2025-05-24,topfunnel_cargos_dados_video_v3,79.51,15,2329,0,Cargos_Dados,Video,1º Lançamento | Vendas
3239,2025 | Novembro,Sábado,Final de semana,Leads,2025-11-01,bottomfunnel_visitantes_site_carrossel_v2,134.19,58,7491,12,Visitantes_Site,Carrossel,1º Lançamento | Leads
3240,2025 | Junho,Sábado,Final de semana,Vendas,2025-06-14,topfunnel_lal1_compradores_video_v3,141.13,39,5502,8,LookALike_Compradores_1,Video,1º Lançamento | Vendas
3241,2025 | Junho,Sexta-Feira,Dia útil,Leads,2025-06-06,midfunnel_engajamento_ig_carrossel_v2,41.93,64,1570,5,Engajamento_Instagram,Carrossel,1º Lançamento | Leads
3242,2025 | Agosto,Sábado,Final de semana,Leads,2025-08-23,bottomfunnel_engajamento_ig_video_v3,173.44,173,8258,46,Engajamento_Instagram,Video,2º Lançamento | Leads
3243,2025 | Março,Domingo,Final de semana,Vendas,2025-03-09,bottomfunnel_engajamento_ig_video_v3,166.62,145,4029,17,Engajamento_Instagram,Video,2º Lançamento | Vendas
3244,2025 | Dezembro,Segunda-Feira,Dia útil,Leads,2025-12-22,midfunnel_visitantes_site_carrossel_v1,28.97,36,1132,6,Visitantes_Site,Carrossel,1º Lançamento | Leads
3245,2025 | Janeiro,Segunda-Feira,Dia útil,Vendas,2025-01-06,midfunnel_rmkt_60d_estatico_v3,83.16,57,2125,1,Remarketing_60dias,Estático,1º Lançamento | Vendas
3246,2025 | Julho,Domingo,Final de semana,Leads,2025-07-06,bottomfunnel_engajamento_ig_video_v1,42.95,37,2500,5,Engajamento_Instagram,Video,Campanha Contínua | Leads
3247,2025 | Maio,Terça-Feira,Dia útil,Leads,2025-05-06,bottomfunnel_engajamento_ig_estatico_v3,39.95,24,1044,5,Engajamento_Instagram,Estático,1º Lançamento | Leads
3248,2025 | Outubro,Quarta-Feira,Dia útil,Vendas,2025-10-08,topfunnel_cargos_dados_carrossel_v1,77.16,44,1888,7,Cargos_Dados,Carrossel,2º Lançamento | Vendas
3249,2025 | Fevereiro,Terça-Feira,Dia útil,Leads,2025-02-11,topfunnel_lal2_leads_carrossel_v3,92.5,112,4584,12,LookALike_Leads_2,Carrossel,Campanha Contínua | Leads
3250,2025 | Janeiro,Sexta-Feira,Dia útil,Leads,2025-01-24,bottomfunnel_rmkt_30d_carrossel_v1,56.58,48,1485,10,Remarketing_30dias,Carrossel,Campanha Contínua | Leads
3251,2025 | Setembro,Quinta-Feira,Dia útil,Vendas,2025-09-04,topfunnel_lal1_compradores_carrossel_v2,144.29,177,4566,45,LookALike_Compradores_1,Carrossel,Campanha Contínua | Vendas
3252,2025 | Junho,Quarta-Feira,Dia útil,Leads,2025-06-04,topfunnel_cargos_dados_video_v3,83.34,184,4706,25,Cargos_Dados,Video,Campanha Contínua | Leads
3253,2025 | Fevereiro,Domingo,Final de semana,Leads,2025-02-09,bottomfunnel_engajamento_ig_carrossel_v1,74.77,183,4786,42,Engajamento_Instagram,Carrossel,2º Lançamento | Leads
3254,2025 | Março,Terça-Feira,Dia útil,Leads,2025-03-25,topfunnel_lal1_compradores_estatico_v1,169.97,64,5767,16,LookALike_Compradores_1,Estático,Campanha Contínua | Leads
3255,2025 | Fevereiro,Terça-Feira,Dia útil,Vendas,2025-02-11,topfunnel_cargos_dados_estatico_v1,102.23,74,4351,19,Cargos_Dados,Estático,1º Lançamento | Vendas
3256,2025 | Abril,Quarta-Feira,Dia útil,Leads,2025-04-30,topfunnel_lal2_leads_carrossel_v1,97.27,42,2531,3,LookALike_Leads_2,Carrossel,2º Lançamento | Leads
3257,2025 | Outubro,Terça-Feira,Dia útil,Leads,2025-10-28,topfunnel_lal1_compradores_video_v3,125.94,195,4527,16,LookALike_Compradores_1,Video,1º Lançamento | Leads
3258,2025 | Dezembro,Sexta-Feira,Dia útil,Vendas,2025-12-12,midfunnel_visitantes_site_estatico_v1,52.6,41,1434,5,Visitantes_Site,Estático,1º Lançamento | Vendas
3259,2025 | Julho,Segunda-Feira,Dia útil,Leads,2025-07-14,topfunnel_interesses_dados_carrossel_v2,147.97,24,6101,2,Interesses_Dados,Carrossel,Campanha Contínua | Leads
3260,2025 | Setembro,Segunda-Feira,Dia útil,Leads,2025-09-29,bottomfunnel_rmkt_60d_video_v3,142.08,121,3735,28,Remarketing_60dias,Video,Campanha Contínua | Leads
3261,2025 | Dezembro,Domingo,Final de semana,Vendas,2025-12-14,topfunnel_interesses_dados_estatico_v3,98.13,103,4206,28,Interesses_Dados,Estático,2º Lançamento | Vendas
3262,2025 | Novembro,Sexta-Feira,Dia útil,Leads,2025-11-21,midfunnel_rmkt_60d_carrossel_v3,22.72,14,558,3,Remarketing_60dias,Carrossel,1º Lançamento | Leads
3263,2025 | Fevereiro,Sábado,Final de semana,Leads,2025-02-22,midfunnel_rmkt_60d_carrossel_v3,93.2,56,4623,8,Remarketing_60dias,Carrossel,1º Lançamento | Leads
3264,2025 | Fevereiro,Sexta-Feira,Dia útil,Leads,2025-02-28,topfunnel_cargos_dados_estatico_v3,55.46,13,2262,0,Cargos_Dados,Estático,Campanha Contínua | Leads
3265,2025 | Outubro,Sábado,Final de semana,Leads,2025-10-04,topfunnel_interesses_dados_estatico_v1,73.87,76,2680,10,Interesses_Dados,Estático,1º Lançamento | Leads
3266,2025 | Novembro,Domingo,Final de semana,Vendas,2025-11-30,bottomfunnel_rmkt_60d_estatico_v1,119.74,137,13744,22,Remarketing_60dias,Estático,Campanha Contínua | Vendas
3267,2025 | Junho,Segunda-Feira,Dia útil,Vendas,2025-06-23,topfunnel_cargos_dados_carrossel_v3,85.38,33,4691,5,Cargos_Dados,Carrossel,2º Lançamento | Vendas
3268,2025 | Outubro,Sexta-Feira,Dia útil,Vendas,2025-10-31,midfunnel_engajamento_ig_video_v2,74.59,155,5782,26,Engajamento_Instagram,Video,1º Lançamento | Vendas
3269,2025 | Maio,Sábado,Final de semana,Vendas,2025-05-03,topfunnel_lal2_leads_video_v3,136.94,395,9454,29,LookALike_Leads_2,Video,2º Lançamento | Vendas
3270,2025 | Maio,Sábado,Final de semana,Leads,2025-05-24,bottomfunnel_visitantes_site_carrossel_v3,118.05,65,3717,10,Visitantes_Site,Carrossel,2º Lançamento | Leads
3271,2025 | Janeiro,Sábado,Final de semana,Leads,2025-01-04,topfunnel_lal1_compradores_carrossel_v3,54.9,52,1689,5,LookALike_Compradores_1,Carrossel,Campanha Contínua | Leads
3272,2025 | Julho,Sexta-Feira,Dia útil,Leads,2025-07-11,topfunnel_lal1_compradores_carrossel_v1,169.13,161,12273,19,LookALike_Compradores_1,Carrossel,1º Lançamento | Leads
3273,2025 | Abril,Sexta-Feira,Dia útil,Leads,2025-04-04,bottomfunnel_rmkt_60d_carrossel_v2,148.57,22,3512,4,Remarketing_60dias,Carrossel,Campanha Contínua | Leads
3274,2025 | Agosto,Segunda-Feira,Dia útil,Leads,2025-08-18,bottomfunnel_rmkt_60d_video_v2,26.1,23,719,0,Remarketing_60dias,Video,2º Lançamento | Leads
3275,2025 | Abril,Quinta-Feira,Dia útil,Vendas,2025-04-24,midfunnel_engajamento_ig_estatico_v3,97.07,76,4000,21,Engajamento_Instagram,Estático,Campanha Contínua | Vendas
3276,2025 | Janeiro,Quinta-Feira,Dia útil,Vendas,2025-01-09,bottomfunnel_engajamento_ig_carrossel_v3,99.55,319,8029,57,Engajamento_Instagram,Carrossel,2º Lançamento | Vendas
3277,2025 | Maio,Quinta-Feira,Dia útil,Leads,2025-05-08,bottomfunnel_rmkt_60d_carrossel_v2,29.53,17,1928,2,Remarketing_60dias,Carrossel,2º Lançamento | Leads
3278,2025 | Julho,Sábado,Final de semana,Vendas,2025-07-26,midfunnel_engajamento_ig_estatico_v1,68.68,132,3524,38,Engajamento_Instagram,Estático,Campanha Contínua | Vendas
3279,2025 | Março,Segunda-Feira,Dia útil,Leads,2025-03-31,topfunnel_lal1_compradores_estatico_v1,109.86,53,4922,7,LookALike_Compradores_1,Estático,Campanha Contínua | Leads
3280,2025 | Março,Sexta-Feira,Dia útil,Leads,2025-03-07,midfunnel_engajamento_ig_estatico_v2,170.88,121,5880,8,Engajamento_Instagram,Estático,2º Lançamento | Leads
3281,2025 | Julho,Domingo,Final de semana,Leads,2025-07-13,topfunnel_cargos_dados_carrossel_v3,109.57,67,2536,5,Cargos_Dados,Carrossel,Campanha Contínua | Leads
3282,2025 | Setembro,Terça-Feira,Dia útil,Vendas,2025-09-02,bottomfunnel_engajamento_ig_carrossel_v3,90.44,56,2955,13,Engajamento_Instagram,Carrossel,1º Lançamento | Vendas
3283,2025 | Junho,Quarta-Feira,Dia útil,Leads,2025-06-04,midfunnel_rmkt_60d_carrossel_v1,95.38,34,2379,6,Remarketing_60dias,Carrossel,1º Lançamento | Leads
3284,2025 | Fevereiro,Terça-Feira,Dia útil,Leads,2025-02-18,midfunnel_rmkt_30d_carrossel_v1,178.41,40,7794,10,Remarketing_30dias,Carrossel,2º Lançamento | Leads
3285,2025 | Junho,Segunda-Feira,Dia útil,Leads,2025-06-02,topfunnel_lal2_leads_estatico_v1,151.61,185,4356,53,LookALike_Leads_2,Estático,2º Lançamento | Leads
3286,2025 | Novembro,Domingo,Final de semana,Vendas,2025-11-30,topfunnel_lal1_compradores_estatico_v3,168.6,259,15880,6,LookALike_Compradores_1,Estático,Campanha Contínua | Vendas
3287,2025 | Outubro,Quarta-Feira,Dia útil,Leads,2025-10-22,topfunnel_cargos_dados_carrossel_v3,85.94,271,9313,38,Cargos_Dados,Carrossel,2º Lançamento | Leads
3288,2025 | Dezembro,Quarta-Feira,Dia útil,Leads,2025-12-10,topfunnel_cargos_dados_carrossel_v3,169.32,536,13013,60,Cargos_Dados,Carrossel,Campanha Contínua | Leads
3289,2025 | Novembro,Sábado,Final de semana,Leads,2025-11-29,topfunnel_cargos_dados_video_v2,150.12,693,16413,206,Cargos_Dados,Video,2º Lançamento | Leads
3290,2025 | Novembro,Sábado,Final de semana,Vendas,2025-11-08,topfunnel_interesses_dados_carrossel_v2,101.67,29,3284,8,Interesses_Dados,Carrossel,Campanha Contínua | Vendas
3291,2025 | Janeiro,Sábado,Final de semana,Vendas,2025-01-18,midfunnel_visitantes_site_estatico_v1,17.62,7,544,1,Visitantes_Site,Estático,2º Lançamento | Vendas
3292,2025 | Novembro,Quarta-Feira,Dia útil,Leads,2025-11-12,topfunnel_interesses_dados_carrossel_v2,104.01,24,2353,5,Interesses_Dados,Carrossel,Campanha Contínua | Leads
3293,2025 | Novembro,Terça-Feira,Dia útil,Vendas,2025-11-25,bottomfunnel_rmkt_60d_video_v1,143.68,107,7416,23,Remarketing_60dias,Video,2º Lançamento | Vendas
3294,2025 | Janeiro,Sábado,Final de semana,Vendas,2025-04-26,bottomfunnel_rmkt_30d_estatico_v2,19.71,47,1987,3,Remarketing_30dias,Estático,1º Lançamento | Vendas
3295,2025 | Fevereiro,Sexta-Feira,Dia útil,Leads,2025-02-07,midfunnel_visitantes_site_video_v2,17.79,18,607,5,Visitantes_Site,Video,1º Lançamento | Leads
3296,2025 | Dezembro,Segunda-Feira,Dia útil,Leads,2025-12-22,topfunnel_interesses_dados_carrossel_v1,94.03,141,6204,10,Interesses_Dados,Carrossel,Campanha Contínua | Leads
3297,2025 | Abril,Sábado,Final de semana,Vendas,2025-04-05,bottomfunnel_rmkt_60d_estatico_v2,100.12,189,12510,26,Remarketing_60dias,Estático,2º Lançamento | Vendas
3298,2025 | Outubro,Quarta-Feira,Dia útil,Leads,2025-10-01,topfunnel_cargos_dados_video_v2,177.59,169,4213,36,Cargos_Dados,Video,2º Lançamento | Leads
3299,2025 | Julho,Quinta-Feira,Dia útil,Leads,2025-07-31,topfunnel_interesses_dados_estatico_v3,8.56,5,203,1,Interesses_Dados,Estático,2º Lançamento | Leads
3300,2025 | Fevereiro,Sábado,Final de semana,Leads,2025-02-15,midfunnel_rmkt_30d_carrossel_v3,107.77,182,9884,13,Remarketing_30dias,Carrossel,2º Lançamento | Leads
3301,2025 | Janeiro,Domingo,Final de semana,Leads,2025-01-19,topfunnel_interesses_dados_carrossel_v2,92.83,117,4475,4,Interesses_Dados,Carrossel,Campanha Contínua | Leads
3302,2025 | Fevereiro,Terça-Feira,Dia útil,Leads,2025-02-18,topfunnel_lal2_leads_estatico_v2,130.0,132,4205,11,LookALike_Leads_2,Estático,Campanha Contínua | Leads
3303,2025 | Março,Sábado,Final de semana,Vendas,2025-03-01,topfunnel_lal1_compradores_carrossel_v2,148.27,287,18305,52,LookALike_Compradores_1,Carrossel,1º Lançamento | Vendas
3304,2025 | Junho,Segunda-Feira,Dia útil,Leads,2025-06-09,bottomfunnel_rmkt_60d_video_v1,179.02,435,10408,95,Remarketing_60dias,Video,1º Lançamento | Leads
3305,2025 | Abril,Quarta-Feira,Dia útil,Leads,2025-04-02,topfunnel_lal1_compradores_carrossel_v1,106.97,50,4740,14,LookALike_Compradores_1,Carrossel,Campanha Contínua | Leads
3306,2025 | Janeiro,Terça-Feira,Dia útil,Leads,2025-01-21,bottomfunnel_visitantes_site_carrossel_v3,170.86,177,5467,4,Visitantes_Site,Carrossel,2º Lançamento | Leads
3307,2025 | Outubro,Quarta-Feira,Dia útil,Leads,2025-10-01,topfunnel_cargos_dados_estatico_v2,30.45,6,900,1,Cargos_Dados,Estático,2º Lançamento | Leads
3308,2025 | Dezembro,Domingo,Final de semana,Leads,2025-12-21,midfunnel_rmkt_30d_video_v2,130.45,63,10120,4,Remarketing_30dias,Video,2º Lançamento | Leads
3309,2025 | Junho,Terça-Feira,Dia útil,Leads,2025-06-03,topfunnel_lal1_compradores_carrossel_v3,162.25,172,4482,26,LookALike_Compradores_1,Carrossel,Campanha Contínua | Leads
3310,2025 | Novembro,Quinta-Feira,Dia útil,Leads,2025-11-06,topfunnel_lal1_compradores_carrossel_v1,9.78,2,295,0,LookALike_Compradores_1,Carrossel,1º Lançamento | Leads
3311,2025 | Outubro,Sábado,Final de semana,Vendas,2025-10-04,midfunnel_rmkt_60d_video_v1,37.95,9,956,1,Remarketing_60dias,Video,1º Lançamento | Vendas
3312,2025 | Fevereiro,Quarta-Feira,Dia útil,Leads,2025-02-19,bottomfunnel_rmkt_60d_carrossel_v3,10.85,15,773,1,Remarketing_60dias,Carrossel,1º Lançamento | Leads
3313,2025 | Fevereiro,Quinta-Feira,Dia útil,Leads,2025-02-27,bottomfunnel_engajamento_ig_video_v2,144.27,46,4388,1,Engajamento_Instagram,Video,1º Lançamento | Leads
3314,2025 | Novembro,Terça-Feira,Dia útil,Vendas,2025-11-04,topfunnel_lal1_compradores_estatico_v2,171.48,123,7996,18,LookALike_Compradores_1,Estático,Campanha Contínua | Vendas
3315,2025 | Janeiro,Quinta-Feira,Dia útil,Vendas,2025-01-30,topfunnel_cargos_dados_carrossel_v1,16.69,7,466,1,Cargos_Dados,Carrossel,Campanha Contínua | Vendas
3316,2025 | Outubro,Terça-Feira,Dia útil,Leads,2025-10-21,bottomfunnel_rmkt_30d_carrossel_v2,158.06,120,6084,16,Remarketing_30dias,Carrossel,2º Lançamento | Leads
3317,2025 | Abril,Quinta-Feira,Dia útil,Leads,2025-04-03,bottomfunnel_engajamento_ig_video_v1,175.78,265,13417,60,Engajamento_Instagram,Video,2º Lançamento | Leads
3318,2025 | Janeiro,Quinta-Feira,Dia útil,Leads,2025-01-09,topfunnel_lal2_leads_carrossel_v2,3.55,2,85,0,LookALike_Leads_2,Carrossel,1º Lançamento | Leads
3319,2025 | Julho,Segunda-Feira,Dia útil,Leads,2025-07-21,midfunnel_engajamento_ig_estatico_v2,149.69,64,6890,10,Engajamento_Instagram,Estático,Campanha Contínua | Leads
3320,2025 | Fevereiro,Sexta-Feira,Dia útil,Vendas,2025-02-14,midfunnel_engajamento_ig_estatico_v3,99.24,312,7961,57,Engajamento_Instagram,Estático,Campanha Contínua | Vendas
3321,2025 | Março,Domingo,Final de semana,Vendas,2025-03-02,topfunnel_lal1_compradores_carrossel_v1,115.94,83,8719,15,LookALike_Compradores_1,Carrossel,2º Lançamento | Vendas
3322,2025 | Março,Sábado,Final de semana,Vendas,2025-03-22,topfunnel_lal2_leads_estatico_v3,85.48,38,2839,1,LookALike_Leads_2,Estático,Campanha Contínua | Vendas
3323,2025 | Abril,Domingo,Final de semana,Vendas,2025-04-06,topfunnel_lal1_compradores_video_v3,129.7,51,5421,14,LookALike_Compradores_1,Video,2º Lançamento | Vendas
3324,2025 | Setembro,Quarta-Feira,Dia útil,Vendas,2025-09-10,bottomfunnel_visitantes_site_estatico_v3,107.32,140,8210,32,Visitantes_Site,Estático,Campanha Contínua | Vendas
3325,2025 | Maio,Domingo,Final de semana,Vendas,2025-05-25,midfunnel_visitantes_site_video_v1,101.45,28,3237,4,Visitantes_Site,Video,2º Lançamento | Vendas
3326,2025 | Junho,Sábado,Final de semana,Vendas,2025-06-28,bottomfunnel_rmkt_30d_estatico_v2,73.17,125,3177,23,Remarketing_30dias,Estático,Campanha Contínua | Vendas
3327,2025 | Julho,Quarta-Feira,Dia útil,Leads,2025-07-09,topfunnel_lal2_leads_carrossel_v2,11.79,6,348,0,LookALike_Leads_2,Carrossel,2º Lançamento | Leads
3328,2025 | Fevereiro,Sábado,Final de semana,Vendas,2025-02-22,topfunnel_cargos_dados_estatico_v3,77.59,51,3158,13,Cargos_Dados,Estático,1º Lançamento | Vendas
3329,2025 | Agosto,Segunda-Feira,Dia útil,Vendas,2025-08-04,midfunnel_engajamento_ig_video_v1,65.21,27,1455,3,Engajamento_Instagram,Video,1º Lançamento | Vendas
3330,2025 | Julho,Sexta-Feira,Dia útil,Vendas,2025-07-11,topfunnel_lal1_compradores_video_v2,43.4,53,1245,7,LookALike_Compradores_1,Video,1º Lançamento | Vendas
3331,2025 | Junho,Quarta-Feira,Dia útil,Leads,2025-06-11,bottomfunnel_visitantes_site_carrossel_v3,13.48,15,1055,0,Visitantes_Site,Carrossel,1º Lançamento | Leads
3332,2025 | Outubro,Quinta-Feira,Dia útil,Leads,2025-10-30,topfunnel_lal2_leads_carrossel_v2,12.55,8,573,1,LookALike_Leads_2,Carrossel,1º Lançamento | Leads
3333,2025 | Fevereiro,Quarta-Feira,Dia útil,Vendas,2025-02-19,bottomfunnel_visitantes_site_carrossel_v3,12.16,3,350,0,Visitantes_Site,Carrossel,1º Lançamento | Vendas
3334,2025 | Novembro,Quarta-Feira,Dia útil,Vendas,2025-11-26,bottomfunnel_engajamento_ig_estatico_v3,74.32,81,4660,21,Engajamento_Instagram,Estático,Campanha Contínua | Vendas
3335,2025 | Maio,Quinta-Feira,Dia útil,Leads,2025-05-01,bottomfunnel_visitantes_site_carrossel_v2,113.83,80,3965,22,Visitantes_Site,Carrossel,2º Lançamento | Leads
3336,2025 | Dezembro,Quinta-Feira,Dia útil,Leads,2025-12-18,topfunnel_cargos_dados_video_v3,125.7,117,3193,5,Cargos_Dados,Video,2º Lançamento | Leads
3337,2025 | Maio,Terça-Feira,Dia útil,Vendas,2025-05-06,topfunnel_interesses_dados_carrossel_v1,31.6,22,1041,1,Interesses_Dados,Carrossel,1º Lançamento | Vendas
3338,2025 | Março,Sábado,Final de semana,Vendas,2025-03-15,topfunnel_lal2_leads_video_v3,26.15,35,904,3,LookALike_Leads_2,Video,1º Lançamento | Vendas
3339,2025 | Abril,Domingo,Final de semana,Vendas,2025-04-06,topfunnel_cargos_dados_estatico_v1,137.95,152,3613,41,Cargos_Dados,Estático,2º Lançamento | Vendas
3340,2025 | Julho,Sábado,Final de semana,Leads,2025-07-12,topfunnel_cargos_dados_estatico_v1,80.48,56,1916,12,Cargos_Dados,Estático,1º Lançamento | Leads
3341,2025 | Outubro,Quarta-Feira,Dia útil,Vendas,2025-10-01,topfunnel_cargos_dados_video_v1,44.8,83,3037,7,Cargos_Dados,Video,1º Lançamento | Vendas
3342,2025 | Fevereiro,Segunda-Feira,Dia útil,Leads,2025-02-03,midfunnel_rmkt_30d_video_v3,52.0,172,3964,27,Remarketing_30dias,Video,1º Lançamento | Leads
3343,2025 | Novembro,Quinta-Feira,Dia útil,Leads,2025-11-06,topfunnel_cargos_dados_carrossel_v1,144.45,209,5581,54,Cargos_Dados,Carrossel,2º Lançamento | Leads
3344,2025 | Maio,Domingo,Final de semana,Vendas,2025-05-18,topfunnel_cargos_dados_estatico_v1,164.88,148,6764,31,Cargos_Dados,Estático,Campanha Contínua | Vendas
3345,2025 | Fevereiro,Quarta-Feira,Dia útil,Leads,2025-02-05,midfunnel_rmkt_30d_video_v1,129.7,90,5750,7,Remarketing_30dias,Video,Campanha Contínua | Leads
3346,2025 | Março,Sexta-Feira,Dia útil,Leads,2025-03-21,midfunnel_engajamento_ig_carrossel_v1,89.97,46,3556,13,Engajamento_Instagram,Carrossel,2º Lançamento | Leads
3347,2025 | Setembro,Quarta-Feira,Dia útil,Vendas,2025-09-17,topfunnel_lal1_compradores_estatico_v2,167.32,24,4778,5,LookALike_Compradores_1,Estático,1º Lançamento | Vendas
3348,2025 | Abril,Quinta-Feira,Dia útil,Leads,2025-04-17,topfunnel_lal1_compradores_video_v2,144.07,118,7063,22,LookALike_Compradores_1,Video,2º Lançamento | Leads
3349,2025 | Março,Terça-Feira,Dia útil,Vendas,2025-03-11,topfunnel_interesses_dados_carrossel_v1,116.16,50,3116,1,Interesses_Dados,Carrossel,2º Lançamento | Vendas
3350,2025 | Maio,Segunda-Feira,Dia útil,Leads,2025-05-19,bottomfunnel_engajamento_ig_estatico_v3,32.14,12,1297,2,Engajamento_Instagram,Estático,1º Lançamento | Leads
3351,2025 | Agosto,Sábado,Final de semana,Vendas,2025-08-09,topfunnel_lal1_compradores_video_v1,127.92,210,8491,61,LookALike_Compradores_1,Video,Campanha Contínua | Vendas
3352,2025 | Julho,Sábado,Final de semana,Vendas,2025-07-26,midfunnel_rmkt_60d_estatico_v2,104.33,165,5832,33,Remarketing_60dias,Estático,1º Lançamento | Vendas
3353,2025 | Fevereiro,Domingo,Final de semana,Leads,2025-02-23,bottomfunnel_rmkt_30d_carrossel_v3,104.44,57,3724,17,Remarketing_30dias,Carrossel,1º Lançamento | Leads
3354,2025 | Maio,Segunda-Feira,Dia útil,Leads,2025-05-12,bottomfunnel_engajamento_ig_video_v2,5.02,8,272,1,Engajamento_Instagram,Video,1º Lançamento | Leads
3355,2025 | Agosto,Sábado,Final de semana,Vendas,2025-08-02,midfunnel_engajamento_ig_estatico_v1,25.89,44,1595,11,Engajamento_Instagram,Estático,1º Lançamento | Vendas
3356,2025 | Março,Sábado,Final de semana,Leads,2025-03-08,topfunnel_interesses_dados_carrossel_v1,60.99,138,3267,11,Interesses_Dados,Carrossel,1º Lançamento | Leads
3357,2025 | Janeiro,Sexta-Feira,Dia útil,Vendas,2025-01-03,topfunnel_cargos_dados_carrossel_v2,80.06,98,2364,6,Cargos_Dados,Carrossel,1º Lançamento | Vendas
3358,2025 | Outubro,Quinta-Feira,Dia útil,Vendas,2025-10-30,bottomfunnel_rmkt_60d_estatico_v1,149.24,37,3521,4,Remarketing_60dias,Estático,2º Lançamento | Vendas
3359,2025 | Setembro,Terça-Feira,Dia útil,Vendas,2025-09-16,topfunnel_interesses_dados_carrossel_v3,95.93,21,2304,3,Interesses_Dados,Carrossel,Campanha Contínua | Vendas
3360,2025 | Outubro,Terça-Feira,Dia útil,Vendas,2025-10-07,topfunnel_lal1_compradores_estatico_v3,99.53,17,2528,2,LookALike_Compradores_1,Estático,2º Lançamento | Vendas
3361,2025 | Dezembro,Quarta-Feira,Dia útil,Leads,2025-12-24,bottomfunnel_rmkt_30d_carrossel_v3,116.53,118,5104,34,Remarketing_30dias,Carrossel,Campanha Contínua | Leads
3362,2025 | Outubro,Quinta-Feira,Dia útil,Vendas,2025-10-02,midfunnel_rmkt_60d_estatico_v3,60.11,55,2520,5,Remarketing_60dias,Estático,2º Lançamento | Vendas
3363,2025 | Abril,Quarta-Feira,Dia útil,Vendas,2025-04-09,bottomfunnel_rmkt_30d_video_v1,38.24,6,1013,1,Remarketing_30dias,Video,Campanha Contínua | Vendas
3364,2025 | Março,Sexta-Feira,Dia útil,Leads,2025-03-14,midfunnel_engajamento_ig_estatico_v1,20.06,41,1006,9,Engajamento_Instagram,Estático,Campanha Contínua | Leads
3365,2025 | Setembro,Quarta-Feira,Dia útil,Leads,2025-09-17,bottomfunnel_rmkt_60d_estatico_v3,167.01,66,3880,15,Remarketing_60dias,Estático,2º Lançamento | Leads
3366,2025 | Setembro,Quarta-Feira,Dia útil,Leads,2025-09-10,topfunnel_cargos_dados_estatico_v2,78.99,59,9619,9,Cargos_Dados,Estático,2º Lançamento | Leads
3367,2025 | Setembro,Quarta-Feira,Dia útil,Vendas,2025-09-24,midfunnel_engajamento_ig_carrossel_v2,123.78,122,5831,14,Engajamento_Instagram,Carrossel,2º Lançamento | Vendas
3368,2025 | Fevereiro,Segunda-Feira,Dia útil,Leads,2025-02-24,bottomfunnel_rmkt_60d_estatico_v1,139.15,109,4672,11,Remarketing_60dias,Estático,1º Lançamento | Leads
3369,2025 | Abril,Segunda-Feira,Dia útil,Leads,2025-04-14,bottomfunnel_engajamento_ig_carrossel_v1,93.48,95,5619,14,Engajamento_Instagram,Carrossel,1º Lançamento | Leads
3370,2025 | Fevereiro,Domingo,Final de semana,Leads,2025-02-02,midfunnel_rmkt_30d_estatico_v1,159.04,354,8354,22,Remarketing_30dias,Estático,1º Lançamento | Leads
3371,2025 | Setembro,Sábado,Final de semana,Vendas,2025-09-20,topfunnel_lal1_compradores_video_v1,144.02,42,7090,8,LookALike_Compradores_1,Video,Campanha Contínua | Vendas
3372,2025 | Abril,Sexta-Feira,Dia útil,Leads,2025-04-25,midfunnel_rmkt_60d_carrossel_v1,50.27,47,1709,6,Remarketing_60dias,Carrossel,1º Lançamento | Leads
3373,2025 | Novembro,Sexta-Feira,Dia útil,Leads,2025-11-07,topfunnel_lal2_leads_carrossel_v2,26.45,65,1462,11,LookALike_Leads_2,Carrossel,1º Lançamento | Leads
3374,2025 | Abril,Sexta-Feira,Dia útil,Leads,2025-04-18,midfunnel_rmkt_60d_carrossel_v2,58.9,76,6159,17,Remarketing_60dias,Carrossel,2º Lançamento | Leads
3375,2025 | Dezembro,Sábado,Final de semana,Leads,2025-12-20,topfunnel_lal1_compradores_carrossel_v2,90.94,37,2873,3,LookALike_Compradores_1,Carrossel,1º Lançamento | Leads
3376,2025 | Junho,Domingo,Final de semana,Leads,2025-06-22,topfunnel_lal1_compradores_video_v3,176.91,735,22002,66,LookALike_Compradores_1,Video,1º Lançamento | Leads
3377,2025 | Novembro,Domingo,Final de semana,Vendas,2025-11-30,topfunnel_lal1_compradores_video_v1,65.29,103,2363,6,LookALike_Compradores_1,Video,Campanha Contínua | Vendas
3378,2025 | Maio,Sábado,Final de semana,Leads,2025-05-24,topfunnel_lal1_compradores_estatico_v1,152.38,148,11137,26,LookALike_Compradores_1,Estático,2º Lançamento | Leads
3379,2025 | Dezembro,Domingo,Final de semana,Leads,2025-12-07,bottomfunnel_rmkt_60d_carrossel_v2,66.86,133,3107,27,Remarketing_60dias,Carrossel,1º Lançamento | Leads
3380,2025 | Setembro,Sábado,Final de semana,Vendas,2025-09-20,midfunnel_rmkt_60d_carrossel_v1,3.16,3,115,0,Remarketing_60dias,Carrossel,2º Lançamento | Vendas
3381,2025 | Novembro,Terça-Feira,Dia útil,Leads,2025-11-25,bottomfunnel_engajamento_ig_carrossel_v1,103.77,227,7471,18,Engajamento_Instagram,Carrossel,2º Lançamento | Leads
3382,2025 | Janeiro,Quinta-Feira,Dia útil,Vendas,2025-01-16,bottomfunnel_visitantes_site_carrossel_v3,113.03,140,6156,35,Visitantes_Site,Carrossel,2º Lançamento | Vendas
3383,2025 | Setembro,Segunda-Feira,Dia útil,Leads,2025-09-22,topfunnel_lal2_leads_video_v3,2.94,4,128,0,LookALike_Leads_2,Video,Campanha Contínua | Leads
3384,2025 | Dezembro,Segunda-Feira,Dia útil,Leads,2025-12-15,topfunnel_interesses_dados_carrossel_v1,85.7,51,3231,3,Interesses_Dados,Carrossel,2º Lançamento | Leads
3385,2025 | Julho,Sábado,Final de semana,Vendas,2025-07-05,midfunnel_rmkt_60d_estatico_v2,167.19,228,10001,13,Remarketing_60dias,Estático,Campanha Contínua | Vendas
3386,2025 | Agosto,Domingo,Final de semana,Leads,2025-08-31,topfunnel_lal1_compradores_video_v1,42.97,35,1296,1,LookALike_Compradores_1,Video,2º Lançamento | Leads
3387,2025 | Junho,Quarta-Feira,Dia útil,Vendas,2025-06-11,topfunnel_lal2_leads_video_v3,160.22,201,8716,29,LookALike_Leads_2,Video,2º Lançamento | Vendas
3388,2025 | Dezembro,Sábado,Final de semana,Leads,2025-12-27,topfunnel_lal2_leads_estatico_v2,58.23,95,3758,28,LookALike_Leads_2,Estático,Campanha Contínua | Leads
3389,2025 | Outubro,Sábado,Final de semana,Vendas,2025-10-04,topfunnel_lal1_compradores_estatico_v3,39.8,27,1472,1,LookALike_Compradores_1,Estático,2º Lançamento | Vendas
3390,2025 | Novembro,Quarta-Feira,Dia útil,Leads,2025-11-05,bottomfunnel_rmkt_60d_estatico_v1,74.39,64,2624,11,Remarketing_60dias,Estático,2º Lançamento | Leads
3391,2025 | Julho,Quarta-Feira,Dia útil,Leads,2025-07-30,topfunnel_lal1_compradores_video_v1,124.13,55,5456,10,LookALike_Compradores_1,Video,Campanha Contínua | Leads
3392,2025 | Fevereiro,Terça-Feira,Dia útil,Leads,2025-02-25,topfunnel_lal1_compradores_carrossel_v2,133.54,175,4727,8,LookALike_Compradores_1,Carrossel,Campanha Contínua | Leads
3393,2025 | Novembro,Sexta-Feira,Dia útil,Vendas,2025-11-28,midfunnel_engajamento_ig_carrossel_v3,138.65,18,3632,4,Engajamento_Instagram,Carrossel,1º Lançamento | Vendas
3394,2025 | Julho,Sexta-Feira,Dia útil,Leads,2025-07-25,topfunnel_lal1_compradores_video_v1,83.21,153,6459,9,LookALike_Compradores_1,Video,Campanha Contínua | Leads
3395,2025 | Março,Sábado,Final de semana,Leads,2025-03-15,bottomfunnel_rmkt_30d_video_v3,93.27,48,2199,5,Remarketing_30dias,Video,2º Lançamento | Leads
3396,2025 | Janeiro,Sexta-Feira,Dia útil,Leads,2025-01-24,bottomfunnel_visitantes_site_video_v2,60.7,47,2255,7,Visitantes_Site,Video,Campanha Contínua | Leads
3397,2025 | Abril,Sábado,Final de semana,Vendas,2025-04-26,bottomfunnel_rmkt_30d_estatico_v3,81.68,48,2171,10,Remarketing_30dias,Estático,1º Lançamento | Vendas
3398,2025 | Dezembro,Quarta-Feira,Dia útil,Vendas,2025-12-03,bottomfunnel_rmkt_30d_video_v2,62.9,253,6565,27,Remarketing_30dias,Video,Campanha Contínua | Vendas
3399,2025 | Janeiro,Sexta-Feira,Dia útil,Leads,2025-01-17,topfunnel_interesses_dados_carrossel_v2,112.17,116,3399,19,Interesses_Dados,Carrossel,Campanha Contínua | Leads
3400,2025 | Maio,Sábado,Final de semana,Leads,2025-05-24,midfunnel_rmkt_60d_estatico_v1,175.0,149,8964,23,Remarketing_60dias,Estático,1º Lançamento | Leads
3401,2025 | Novembro,Domingo,Final de semana,Vendas,2025-11-30,topfunnel_interesses_dados_video_v1,176.06,183,4713,13,Interesses_Dados,Video,Campanha Contínua | Vendas
3402,2025 | Agosto,Sábado,Final de semana,Leads,2025-08-16,midfunnel_engajamento_ig_carrossel_v3,9.15,11,289,1,Engajamento_Instagram,Carrossel,2º Lançamento | Leads
3403,2025 | Outubro,Sexta-Feira,Dia útil,Leads,2025-10-03,topfunnel_cargos_dados_video_v3,175.3,138,4642,16,Cargos_Dados,Video,Campanha Contínua | Leads
3404,2025 | Maio,Sexta-Feira,Dia útil,Leads,2025-05-30,topfunnel_lal2_leads_carrossel_v2,6.89,2,190,0,LookALike_Leads_2,Carrossel,Campanha Contínua | Leads
3405,2025 | Agosto,Quinta-Feira,Dia útil,Vendas,2025-08-07,topfunnel_lal1_compradores_video_v2,41.18,54,3171,4,LookALike_Compradores_1,Video,2º Lançamento | Vendas
3406,2025 | Setembro,Quarta-Feira,Dia útil,Vendas,2025-09-17,topfunnel_interesses_dados_estatico_v3,170.22,260,7901,16,Interesses_Dados,Estático,Campanha Contínua | Vendas
3407,2025 | Dezembro,Terça-Feira,Dia útil,Leads,2025-12-09,topfunnel_lal2_leads_video_v1,92.86,76,2130,5,LookALike_Leads_2,Video,1º Lançamento | Leads
3408,2025 | Março,Terça-Feira,Dia útil,Leads,2025-03-11,topfunnel_interesses_dados_estatico_v3,67.87,32,1990,2,Interesses_Dados,Estático,1º Lançamento | Leads
3409,2025 | Abril,Domingo,Final de semana,Leads,2025-04-27,topfunnel_interesses_dados_estatico_v3,68.68,71,2422,6,Interesses_Dados,Estático,1º Lançamento | Leads
3410,2025 | Outubro,Domingo,Final de semana,Leads,2025-10-26,bottomfunnel_engajamento_ig_video_v1,55.73,57,1489,12,Engajamento_Instagram,Video,2º Lançamento | Leads
3411,2025 | Abril,Terça-Feira,Dia útil,Vendas,2025-04-01,bottomfunnel_visitantes_site_carrossel_v3,52.81,142,4780,13,Visitantes_Site,Carrossel,Campanha Contínua | Vendas
3412,2025 | Fevereiro,Sexta-Feira,Dia útil,Leads,2025-02-28,topfunnel_lal2_leads_video_v2,4.83,3,345,0,LookALike_Leads_2,Video,1º Lançamento | Leads
3413,2025 | Julho,Domingo,Final de semana,Leads,2025-07-27,topfunnel_interesses_dados_carrossel_v2,160.7,500,13783,51,Interesses_Dados,Carrossel,2º Lançamento | Leads
3414,2025 | Dezembro,Segunda-Feira,Dia útil,Leads,2025-12-08,topfunnel_lal1_compradores_carrossel_v3,47.79,53,1658,13,LookALike_Compradores_1,Carrossel,2º Lançamento | Leads
3415,2025 | Janeiro,Terça-Feira,Dia útil,Vendas,2025-01-14,topfunnel_cargos_dados_carrossel_v3,155.05,88,5570,17,Cargos_Dados,Carrossel,1º Lançamento | Vendas
3416,2025 | Abril,Segunda-Feira,Dia útil,Vendas,2025-04-14,topfunnel_lal1_compradores_video_v2,173.21,240,5503,55,LookALike_Compradores_1,Video,Campanha Contínua | Vendas
3417,2025 | Novembro,Quinta-Feira,Dia útil,Leads,2025-11-27,topfunnel_cargos_dados_video_v3,160.6,154,6869,8,Cargos_Dados,Video,Campanha Contínua | Leads
3418,2025 | Julho,Domingo,Final de semana,Vendas,2025-07-13,midfunnel_engajamento_ig_estatico_v1,27.27,28,1391,2,Engajamento_Instagram,Estático,1º Lançamento | Vendas
3419,2025 | Janeiro,Sexta-Feira,Dia útil,Leads,2025-01-17,topfunnel_cargos_dados_video_v3,126.56,228,7838,39,Cargos_Dados,Video,1º Lançamento | Leads
3420,2025 | Abril,Quinta-Feira,Dia útil,Vendas,2025-04-17,midfunnel_engajamento_ig_carrossel_v2,89.16,13,2891,1,Engajamento_Instagram,Carrossel,2º Lançamento | Vendas
3421,2025 | Novembro,Terça-Feira,Dia útil,Leads,2025-11-11,topfunnel_cargos_dados_carrossel_v2,51.5,34,2245,0,Cargos_Dados,Carrossel,1º Lançamento | Leads
3422,2025 | Abril,Sábado,Final de semana,Leads,2025-04-19,bottomfunnel_visitantes_site_video_v2,153.64,80,3693,8,Visitantes_Site,Video,2º Lançamento | Leads
3423,2025 | Janeiro,Segunda-Feira,Dia útil,Leads,2025-01-27,bottomfunnel_engajamento_ig_video_v1,69.88,186,6680,42,Engajamento_Instagram,Video,Campanha Contínua | Leads
3424,2025 | Novembro,Quarta-Feira,Dia útil,Leads,2025-11-26,midfunnel_visitantes_site_estatico_v3,34.93,20,1047,5,Visitantes_Site,Estático,1º Lançamento | Leads
3425,2025 | Junho,Segunda-Feira,Dia útil,Leads,2025-06-02,topfunnel_lal1_compradores_video_v3,59.9,46,1361,5,LookALike_Compradores_1,Video,1º Lançamento | Leads
3426,2025 | Abril,Quinta-Feira,Dia útil,Vendas,2025-04-17,bottomfunnel_rmkt_60d_estatico_v3,73.38,143,5556,24,Remarketing_60dias,Estático,Campanha Contínua | Vendas
3427,2025 | Janeiro,Quarta-Feira,Dia útil,Leads,2025-01-01,midfunnel_rmkt_30d_video_v2,166.71,311,9153,66,Remarketing_30dias,Video,2º Lançamento | Leads
3428,2025 | Dezembro,Quinta-Feira,Dia útil,Leads,2025-12-18,bottomfunnel_rmkt_30d_video_v1,22.82,18,675,3,Remarketing_30dias,Video,2º Lançamento | Leads
3429,2025 | Outubro,Quarta-Feira,Dia útil,Vendas,2025-10-29,midfunnel_rmkt_30d_video_v3,3.93,7,461,0,Remarketing_30dias,Video,2º Lançamento | Vendas
3430,2025 | Novembro,Domingo,Final de semana,Leads,2025-11-30,topfunnel_interesses_dados_carrossel_v1,11.69,8,424,0,Interesses_Dados,Carrossel,1º Lançamento | Leads
3431,2025 | Dezembro,Terça-Feira,Dia útil,Leads,2025-12-23,bottomfunnel_rmkt_30d_video_v1,105.86,224,5290,20,Remarketing_30dias,Video,2º Lançamento | Leads
3432,2025 | Setembro,Quinta-Feira,Dia útil,Leads,2025-09-04,topfunnel_cargos_dados_carrossel_v1,170.29,731,19924,30,Cargos_Dados,Carrossel,2º Lançamento | Leads
3433,2025 | Fevereiro,Quarta-Feira,Dia útil,Leads,2025-02-19,bottomfunnel_engajamento_ig_carrossel_v2,55.96,62,2765,2,Engajamento_Instagram,Carrossel,Campanha Contínua | Leads
3434,2025 | Outubro,Quarta-Feira,Dia útil,Vendas,2025-10-08,topfunnel_lal1_compradores_video_v2,148.4,64,4595,15,LookALike_Compradores_1,Video,1º Lançamento | Vendas
3435,2025 | Julho,Quinta-Feira,Dia útil,Vendas,2025-07-10,topfunnel_cargos_dados_carrossel_v3,37.32,10,1625,0,Cargos_Dados,Carrossel,1º Lançamento | Vendas
3436,2025 | Setembro,Segunda-Feira,Dia útil,Leads,2025-09-15,bottomfunnel_visitantes_site_carrossel_v3,5.85,11,291,0,Visitantes_Site,Carrossel,Campanha Contínua | Leads
3437,2025 | Fevereiro,Terça-Feira,Dia útil,Leads,2025-02-18,topfunnel_cargos_dados_video_v2,75.07,135,8023,12,Cargos_Dados,Video,Campanha Contínua | Leads
3438,2025 | Outubro,Quarta-Feira,Dia útil,Leads,2025-10-29,topfunnel_lal1_compradores_video_v2,77.83,175,4513,28,LookALike_Compradores_1,Video,1º Lançamento | Leads
3439,2025 | Março,Terça-Feira,Dia útil,Vendas,2025-03-11,midfunnel_rmkt_60d_video_v2,43.7,9,989,1,Remarketing_60dias,Video,1º Lançamento | Vendas
3440,2025 | Julho,Quinta-Feira,Dia útil,Leads,2025-07-10,topfunnel_lal1_compradores_video_v3,133.7,144,3711,7,LookALike_Compradores_1,Video,1º Lançamento | Leads
3441,2025 | Maio,Segunda-Feira,Dia útil,Leads,2025-05-12,midfunnel_rmkt_30d_video_v1,42.94,33,2971,4,Remarketing_30dias,Video,1º Lançamento | Leads
3442,2025 | Abril,Domingo,Final de semana,Leads,2025-04-20,bottomfunnel_rmkt_60d_estatico_v3,52.79,68,4166,10,Remarketing_60dias,Estático,2º Lançamento | Leads
3443,2025 | Junho,Segunda-Feira,Dia útil,Leads,2025-06-02,midfunnel_engajamento_ig_video_v2,106.1,52,4437,3,Engajamento_Instagram,Video,1º Lançamento | Leads
3444,2025 | Outubro,Domingo,Final de semana,Vendas,2025-10-26,bottomfunnel_rmkt_30d_estatico_v3,121.43,154,3900,13,Remarketing_30dias,Estático,Campanha Contínua | Vendas
3445,2025 | Outubro,Terça-Feira,Dia útil,Leads,2025-10-21,bottomfunnel_visitantes_site_video_v1,65.73,13,1690,2,Visitantes_Site,Video,2º Lançamento | Leads
3446,2025 | Julho,Sábado,Final de semana,Leads,2025-07-26,midfunnel_visitantes_site_carrossel_v2,89.11,93,2163,11,Visitantes_Site,Carrossel,1º Lançamento | Leads
3447,2025 | Novembro,Segunda-Feira,Dia útil,Leads,2025-11-24,bottomfunnel_engajamento_ig_estatico_v1,49.82,25,1347,2,Engajamento_Instagram,Estático,Campanha Contínua | Leads
3448,2025 | Dezembro,Quarta-Feira,Dia útil,Leads,2025-12-24,bottomfunnel_rmkt_60d_estatico_v2,79.59,54,4028,4,Remarketing_60dias,Estático,Campanha Contínua | Leads
3449,2025 | Dezembro,Quarta-Feira,Dia útil,Vendas,2025-12-24,bottomfunnel_engajamento_ig_video_v3,46.85,100,2503,21,Engajamento_Instagram,Video,2º Lançamento | Vendas
3450,2025 | Setembro,Quarta-Feira,Dia útil,Vendas,2025-09-10,topfunnel_cargos_dados_estatico_v1,62.63,171,5679,44,Cargos_Dados,Estático,Campanha Contínua | Vendas
3451,2025 | Agosto,Domingo,Final de semana,Vendas,2025-08-03,bottomfunnel_rmkt_30d_estatico_v1,169.38,241,9104,38,Remarketing_30dias,Estático,2º Lançamento | Vendas
3452,2025 | Maio,Quarta-Feira,Dia útil,Vendas,2025-05-07,topfunnel_lal1_compradores_estatico_v1,72.31,41,2589,6,LookALike_Compradores_1,Estático,Campanha Contínua | Vendas
3453,2025 | Maio,Sexta-Feira,Dia útil,Leads,2025-05-02,topfunnel_interesses_dados_estatico_v1,65.42,171,4010,7,Interesses_Dados,Estático,2º Lançamento | Leads
3454,2025 | Setembro,Domingo,Final de semana,Vendas,2025-09-21,topfunnel_lal2_leads_video_v1,45.96,21,1741,1,LookALike_Leads_2,Video,1º Lançamento | Vendas
3455,2025 | Agosto,Sábado,Final de semana,Vendas,2025-08-30,topfunnel_lal1_compradores_video_v2,97.69,98,4126,17,LookALike_Compradores_1,Video,Campanha Contínua | Vendas
3456,2025 | Janeiro,Sexta-Feira,Dia útil,Leads,2025-01-10,topfunnel_cargos_dados_estatico_v3,51.33,30,3270,1,Cargos_Dados,Estático,2º Lançamento | Leads
3457,2025 | Julho,Quarta-Feira,Dia útil,Vendas,2025-07-23,bottomfunnel_rmkt_60d_estatico_v1,59.89,32,3275,5,Remarketing_60dias,Estático,Campanha Contínua | Vendas
3458,2025 | Março,Quarta-Feira,Dia útil,Leads,2025-03-26,bottomfunnel_rmkt_60d_estatico_v1,165.3,92,10964,5,Remarketing_60dias,Estático,Campanha Contínua | Leads
3459,2025 | Outubro,Quarta-Feira,Dia útil,Vendas,2025-10-29,midfunnel_rmkt_60d_video_v2,148.17,323,8369,13,Remarketing_60dias,Video,Campanha Contínua | Vendas
3460,2025 | Fevereiro,Quarta-Feira,Dia útil,Leads,2025-02-26,bottomfunnel_engajamento_ig_carrossel_v3,54.35,63,2171,9,Engajamento_Instagram,Carrossel,Campanha Contínua | Leads
3461,2025 | Janeiro,Terça-Feira,Dia útil,Leads,2025-01-14,bottomfunnel_rmkt_30d_video_v1,109.01,510,11828,25,Remarketing_30dias,Video,2º Lançamento | Leads
3462,2025 | Outubro,Segunda-Feira,Dia útil,Leads,2025-10-20,midfunnel_engajamento_ig_carrossel_v3,109.29,16,3117,3,Engajamento_Instagram,Carrossel,1º Lançamento | Leads
3463,2025 | Abril,Sábado,Final de semana,Leads,2025-04-26,bottomfunnel_rmkt_60d_video_v3,76.92,109,2977,31,Remarketing_60dias,Video,2º Lançamento | Leads
3464,2025 | Outubro,Quarta-Feira,Dia útil,Vendas,2025-10-01,bottomfunnel_rmkt_60d_video_v1,131.79,120,3041,18,Remarketing_60dias,Video,1º Lançamento | Vendas
3465,2025 | Janeiro,Segunda-Feira,Dia útil,Leads,2025-01-20,midfunnel_rmkt_60d_carrossel_v1,73.58,46,1668,10,Remarketing_60dias,Carrossel,Campanha Contínua | Leads
3466,2025 | Dezembro,Quarta-Feira,Dia útil,Leads,2025-12-03,topfunnel_lal1_compradores_video_v2,118.97,114,2823,3,LookALike_Compradores_1,Video,Campanha Contínua | Leads
3467,2025 | Outubro,Quarta-Feira,Dia útil,Vendas,2025-10-15,midfunnel_engajamento_ig_estatico_v2,165.09,127,3670,5,Engajamento_Instagram,Estático,Campanha Contínua | Vendas
3468,2025 | Novembro,Quarta-Feira,Dia útil,Leads,2025-11-05,midfunnel_rmkt_60d_video_v1,48.26,49,1173,5,Remarketing_60dias,Video,2º Lançamento | Leads
3469,2025 | Março,Sexta-Feira,Dia útil,Vendas,2025-03-21,midfunnel_rmkt_30d_estatico_v1,78.02,62,2313,12,Remarketing_30dias,Estático,2º Lançamento | Vendas
3470,2025 | Outubro,Quinta-Feira,Dia útil,Leads,2025-10-30,midfunnel_engajamento_ig_video_v2,142.23,399,12199,17,Engajamento_Instagram,Video,2º Lançamento | Leads
3471,2025 | Março,Sábado,Final de semana,Leads,2025-03-01,topfunnel_cargos_dados_carrossel_v1,105.98,211,5449,5,Cargos_Dados,Carrossel,1º Lançamento | Leads
3472,2025 | Junho,Quinta-Feira,Dia útil,Vendas,2025-06-05,topfunnel_lal1_compradores_video_v3,101.13,49,3136,2,LookALike_Compradores_1,Video,Campanha Contínua | Vendas
3473,2025 | Agosto,Domingo,Final de semana,Vendas,2025-08-24,midfunnel_rmkt_60d_estatico_v2,168.26,657,15611,52,Remarketing_60dias,Estático,2º Lançamento | Vendas
3474,2025 | Setembro,Segunda-Feira,Dia útil,Vendas,2025-09-01,bottomfunnel_visitantes_site_estatico_v2,155.18,72,10388,12,Visitantes_Site,Estático,1º Lançamento | Vendas
3475,2025 | Janeiro,Segunda-Feira,Dia útil,Vendas,2025-01-20,topfunnel_lal2_leads_estatico_v3,174.79,105,5406,25,LookALike_Leads_2,Estático,2º Lançamento | Vendas
3476,2025 | Março,Sexta-Feira,Dia útil,Leads,2025-03-28,topfunnel_cargos_dados_video_v2,52.9,179,5413,7,Cargos_Dados,Video,2º Lançamento | Leads
3477,2025 | Abril,Terça-Feira,Dia útil,Leads,2025-04-22,bottomfunnel_engajamento_ig_carrossel_v3,35.43,89,3387,22,Engajamento_Instagram,Carrossel,2º Lançamento | Leads
3478,2025 | Março,Quinta-Feira,Dia útil,Vendas,2025-03-27,topfunnel_cargos_dados_carrossel_v2,133.78,13,3258,2,Cargos_Dados,Carrossel,2º Lançamento | Vendas
3479,2025 | Setembro,Domingo,Final de semana,Vendas,2025-09-07,topfunnel_interesses_dados_carrossel_v2,106.12,102,3525,16,Interesses_Dados,Carrossel,2º Lançamento | Vendas
3480,2025 | Agosto,Quinta-Feira,Dia útil,Leads,2025-08-07,midfunnel_rmkt_60d_carrossel_v1,7.94,29,666,6,Remarketing_60dias,Carrossel,2º Lançamento | Leads
3481,2025 | Agosto,Domingo,Final de semana,Leads,2025-08-10,bottomfunnel_engajamento_ig_video_v2,140.65,73,7417,21,Engajamento_Instagram,Video,2º Lançamento | Leads
3482,2025 | Novembro,Domingo,Final de semana,Vendas,2025-11-23,topfunnel_lal2_leads_video_v2,74.25,38,2054,4,LookALike_Leads_2,Video,2º Lançamento | Vendas
3483,2025 | Julho,Terça-Feira,Dia útil,Vendas,2025-07-15,topfunnel_lal2_leads_video_v3,10.1,24,534,6,LookALike_Leads_2,Video,1º Lançamento | Vendas
3484,2025 | Abril,Quinta-Feira,Dia útil,Leads,2025-04-24,bottomfunnel_engajamento_ig_carrossel_v1,48.77,32,1313,7,Engajamento_Instagram,Carrossel,1º Lançamento | Leads
3485,2025 | Janeiro,Sexta-Feira,Dia útil,Leads,2025-01-03,midfunnel_engajamento_ig_estatico_v3,50.77,40,1154,6,Engajamento_Instagram,Estático,Campanha Contínua | Leads
3486,2025 | Março,Sexta-Feira,Dia útil,Leads,2025-03-14,midfunnel_engajamento_ig_video_v3,130.32,413,10422,84,Engajamento_Instagram,Video,1º Lançamento | Leads
3487,2025 | Abril,Segunda-Feira,Dia útil,Leads,2025-04-28,topfunnel_cargos_dados_video_v1,101.2,142,5468,21,Cargos_Dados,Video,1º Lançamento | Leads
3488,2025 | Setembro,Sábado,Final de semana,Leads,2025-09-27,midfunnel_rmkt_60d_video_v2,18.88,14,541,2,Remarketing_60dias,Video,1º Lançamento | Leads
3489,2025 | Abril,Domingo,Final de semana,Leads,2025-04-27,topfunnel_interesses_dados_carrossel_v1,168.64,42,8092,10,Interesses_Dados,Carrossel,2º Lançamento | Leads
3490,2025 | Abril,Quinta-Feira,Dia útil,Leads,2025-04-10,topfunnel_lal2_leads_video_v1,138.49,47,5011,11,LookALike_Leads_2,Video,2º Lançamento | Leads
3491,2025 | Maio,Quinta-Feira,Dia útil,Leads,2025-05-29,midfunnel_visitantes_site_estatico_v3,137.25,26,5010,7,Visitantes_Site,Estático,1º Lançamento | Leads
3492,2025 | Fevereiro,Sexta-Feira,Dia útil,Leads,2025-02-07,bottomfunnel_rmkt_60d_video_v3,169.92,71,10009,8,Remarketing_60dias,Video,1º Lançamento | Leads
3493,2025 | Setembro,Sexta-Feira,Dia útil,Vendas,2025-09-19,topfunnel_interesses_dados_carrossel_v2,53.6,69,1876,6,Interesses_Dados,Carrossel,Campanha Contínua | Vendas
3494,2025 | Março,Sexta-Feira,Dia útil,Leads,2025-03-07,topfunnel_cargos_dados_video_v3,93.01,94,3257,2,Cargos_Dados,Video,1º Lançamento | Leads
3495,2025 | Junho,Quinta-Feira,Dia útil,Leads,2025-06-26,topfunnel_lal1_compradores_carrossel_v1,84.98,25,2865,1,LookALike_Compradores_1,Carrossel,1º Lançamento | Leads
3496,2025 | Dezembro,Sexta-Feira,Dia útil,Vendas,2025-12-05,topfunnel_lal2_leads_estatico_v1,148.41,178,6482,19,LookALike_Leads_2,Estático,2º Lançamento | Vendas
3497,2025 | Outubro,Sexta-Feira,Dia útil,Leads,2025-10-10,bottomfunnel_visitantes_site_estatico_v3,104.06,14,3076,3,Visitantes_Site,Estático,1º Lançamento | Leads
3498,2025 | Outubro,Quarta-Feira,Dia útil,Vendas,2025-10-22,topfunnel_lal1_compradores_estatico_v3,173.74,36,5999,3,LookALike_Compradores_1,Estático,1º Lançamento | Vendas
3499,2025 | Setembro,Quarta-Feira,Dia útil,Leads,2025-09-24,bottomfunnel_engajamento_ig_video_v1,131.7,124,5886,10,Engajamento_Instagram,Video,2º Lançamento | Leads
3500,2025 | Maio,Terça-Feira,Dia útil,Leads,2025-05-20,topfunnel_lal1_compradores_video_v2,59.01,18,2415,1,LookALike_Compradores_1,Video,Campanha Contínua | Leads
3501,2025 | Outubro,Terça-Feira,Dia útil,Leads,2025-10-14,topfunnel_lal1_compradores_video_v2,41.54,73,4742,11,LookALike_Compradores_1,Video,2º Lançamento | Leads
3502,2025 | Novembro,Quarta-Feira,Dia útil,Leads,2025-11-12,bottomfunnel_engajamento_ig_estatico_v2,84.12,84,2157,5,Engajamento_Instagram,Estático,1º Lançamento | Leads
3503,2025 | Setembro,Terça-Feira,Dia útil,Leads,2025-09-30,topfunnel_cargos_dados_video_v3,27.5,20,1592,3,Cargos_Dados,Video,1º Lançamento | Leads
3504,2025 | Maio,Quarta-Feira,Dia útil,Leads,2025-05-21,topfunnel_cargos_dados_estatico_v1,130.33,269,6310,35,Cargos_Dados,Estático,1º Lançamento | Leads
3505,2025 | Junho,Terça-Feira,Dia útil,Leads,2025-06-17,bottomfunnel_visitantes_site_estatico_v3,167.25,287,7528,50,Visitantes_Site,Estático,2º Lançamento | Leads
3506,2025 | Janeiro,Quarta-Feira,Dia útil,Leads,2025-01-08,topfunnel_cargos_dados_estatico_v2,13.4,3,298,0,Cargos_Dados,Estático,Campanha Contínua | Leads
3507,2025 | Junho,Segunda-Feira,Dia útil,Vendas,2025-06-23,midfunnel_rmkt_60d_estatico_v1,153.08,200,7684,49,Remarketing_60dias,Estático,Campanha Contínua | Vendas
3508,2025 | Julho,Sexta-Feira,Dia útil,Leads,2025-07-18,midfunnel_rmkt_60d_video_v3,79.73,216,5386,41,Remarketing_60dias,Video,1º Lançamento | Leads
3509,2025 | Agosto,Sexta-Feira,Dia útil,Leads,2025-08-15,topfunnel_lal2_leads_estatico_v1,109.04,14,2818,0,LookALike_Leads_2,Estático,2º Lançamento | Leads
3510,2025 | Outubro,Domingo,Final de semana,Vendas,2025-10-05,topfunnel_cargos_dados_video_v2,124.0,169,4155,21,Cargos_Dados,Video,1º Lançamento | Vendas
3511,2025 | Setembro,Segunda-Feira,Dia útil,Vendas,2025-09-01,topfunnel_lal1_compradores_estatico_v1,177.55,161,4633,47,LookALike_Compradores_1,Estático,1º Lançamento | Vendas
3512,2025 | Abril,Terça-Feira,Dia útil,Leads,2025-04-29,topfunnel_lal1_compradores_estatico_v3,140.99,15,3672,0,LookALike_Compradores_1,Estático,2º Lançamento | Leads
3513,2025 | Fevereiro,Terça-Feira,Dia útil,Vendas,2025-02-18,topfunnel_lal1_compradores_video_v3,44.99,51,2644,4,LookALike_Compradores_1,Video,Campanha Contínua | Vendas
3514,2025 | Setembro,Domingo,Final de semana,Leads,2025-09-07,topfunnel_lal1_compradores_video_v1,117.19,220,7917,25,LookALike_Compradores_1,Video,1º Lançamento | Leads
3515,2025 | Julho,Sábado,Final de semana,Leads,2025-07-12,bottomfunnel_visitantes_site_estatico_v3,89.87,63,3325,18,Visitantes_Site,Estático,2º Lançamento | Leads
3516,2025 | Janeiro,Quinta-Feira,Dia útil,Vendas,2025-01-02,topfunnel_cargos_dados_video_v1,53.2,48,1443,14,Cargos_Dados,Video,1º Lançamento | Vendas
3517,2025 | Abril,Quarta-Feira,Dia útil,Leads,2025-04-30,bottomfunnel_engajamento_ig_carrossel_v2,165.1,42,5944,4,Engajamento_Instagram,Carrossel,2º Lançamento | Leads
3518,2025 | Agosto,Quinta-Feira,Dia útil,Vendas,2025-08-14,midfunnel_rmkt_30d_estatico_v3,23.49,43,1240,3,Remarketing_30dias,Estático,Campanha Contínua | Vendas
3519,2025 | Dezembro,Quinta-Feira,Dia útil,Vendas,2025-12-25,topfunnel_interesses_dados_carrossel_v2,175.39,156,7359,21,Interesses_Dados,Carrossel,1º Lançamento | Vendas
3520,2025 | Junho,Quinta-Feira,Dia útil,Leads,2025-06-26,topfunnel_lal2_leads_carrossel_v2,14.37,44,1600,7,LookALike_Leads_2,Carrossel,Campanha Contínua | Leads
3521,2025 | Novembro,Sexta-Feira,Dia útil,Leads,2025-11-28,topfunnel_lal1_compradores_estatico_v3,15.67,2,451,0,LookALike_Compradores_1,Estático,1º Lançamento | Leads
3522,2025 | Dezembro,Sexta-Feira,Dia útil,Leads,2025-12-12,topfunnel_lal2_leads_carrossel_v3,123.16,100,5058,25,LookALike_Leads_2,Carrossel,Campanha Contínua | Leads
3523,2025 | Agosto,Quinta-Feira,Dia útil,Leads,2025-08-07,midfunnel_rmkt_30d_video_v1,123.9,183,9868,11,Remarketing_30dias,Video,1º Lançamento | Leads
3524,2025 | Julho,Domingo,Final de semana,Vendas,2025-07-13,bottomfunnel_rmkt_60d_carrossel_v2,41.67,11,1576,2,Remarketing_60dias,Carrossel,Campanha Contínua | Vendas
3525,2025 | Junho,Segunda-Feira,Dia útil,Leads,2025-06-09,topfunnel_lal1_compradores_video_v3,45.96,42,1187,3,LookALike_Compradores_1,Video,Campanha Contínua | Leads
3526,2025 | Outubro,Sexta-Feira,Dia útil,Vendas,2025-10-17,topfunnel_cargos_dados_video_v3,126.27,118,8060,13,Cargos_Dados,Video,Campanha Contínua | Vendas
3527,2025 | Novembro,Segunda-Feira,Dia útil,Leads,2025-11-17,midfunnel_engajamento_ig_estatico_v1,174.83,126,4865,11,Engajamento_Instagram,Estático,2º Lançamento | Leads
3528,2025 | Dezembro,Quinta-Feira,Dia útil,Leads,2025-12-04,topfunnel_lal2_leads_estatico_v2,103.7,45,2551,3,LookALike_Leads_2,Estático,Campanha Contínua | Leads
3529,2025 | Março,Quinta-Feira,Dia útil,Leads,2025-03-13,topfunnel_interesses_dados_estatico_v3,157.07,152,4118,10,Interesses_Dados,Estático,2º Lançamento | Leads
3530,2025 | Julho,Segunda-Feira,Dia útil,Leads,2025-07-21,midfunnel_engajamento_ig_estatico_v2,13.79,11,1033,1,Engajamento_Instagram,Estático,2º Lançamento | Leads
3531,2025 | Abril,Quarta-Feira,Dia útil,Vendas,2025-04-23,bottomfunnel_rmkt_30d_estatico_v3,72.12,33,1700,4,Remarketing_30dias,Estático,2º Lançamento | Vendas
3532,2025 | Maio,Quarta-Feira,Dia útil,Leads,2025-05-14,bottomfunnel_rmkt_60d_carrossel_v1,31.73,23,832,5,Remarketing_60dias,Carrossel,1º Lançamento | Leads
3533,2025 | Janeiro,Domingo,Final de semana,Leads,2025-01-12,topfunnel_cargos_dados_estatico_v1,172.65,257,5870,35,Cargos_Dados,Estático,2º Lançamento | Leads
3534,2025 | Outubro,Quarta-Feira,Dia útil,Vendas,2025-10-01,topfunnel_interesses_dados_video_v3,12.13,4,513,0,Interesses_Dados,Video,2º Lançamento | Vendas
3535,2025 | Dezembro,Quarta-Feira,Dia útil,Leads,2025-12-31,bottomfunnel_rmkt_30d_carrossel_v3,6.37,9,262,0,Remarketing_30dias,Carrossel,2º Lançamento | Leads
3536,2025 | Março,Quarta-Feira,Dia útil,Leads,2025-03-12,topfunnel_interesses_dados_estatico_v2,156.69,198,4851,14,Interesses_Dados,Estático,1º Lançamento | Leads
3537,2025 | Maio,Sexta-Feira,Dia útil,Vendas,2025-05-30,topfunnel_lal2_leads_carrossel_v3,168.45,168,4973,3,LookALike_Leads_2,Carrossel,2º Lançamento | Vendas
3538,2025 | Setembro,Quarta-Feira,Dia útil,Vendas,2025-09-10,topfunnel_lal2_leads_video_v2,23.13,27,849,0,LookALike_Leads_2,Video,1º Lançamento | Vendas
3539,2025 | Abril,Terça-Feira,Dia útil,Leads,2025-04-15,topfunnel_cargos_dados_video_v2,82.87,106,2497,31,Cargos_Dados,Video,1º Lançamento | Leads
3540,2025 | Maio,Segunda-Feira,Dia útil,Leads,2025-05-05,topfunnel_cargos_dados_carrossel_v1,166.95,74,4931,2,Cargos_Dados,Carrossel,2º Lançamento | Leads
3541,2025 | Setembro,Domingo,Final de semana,Leads,2025-09-07,topfunnel_lal2_leads_video_v2,37.49,37,1197,9,LookALike_Leads_2,Video,Campanha Contínua | Leads
3542,2025 | Agosto,Quinta-Feira,Dia útil,Leads,2025-08-07,topfunnel_interesses_dados_video_v1,159.28,21,4132,6,Interesses_Dados,Video,2º Lançamento | Vendas
3543,2025 | Dezembro,Sábado,Final de semana,Leads,2025-12-13,bottomfunnel_rmkt_60d_video_v2,139.75,42,3478,12,Remarketing_60dias,Video,1º Lançamento | Leads
3544,2025 | Agosto,Terça-Feira,Dia útil,Vendas,2025-08-05,midfunnel_engajamento_ig_video_v3,98.4,144,4277,28,Engajamento_Instagram,Video,Campanha Contínua | Vendas
3545,2025 | Abril,Quarta-Feira,Dia útil,Leads,2025-04-16,bottomfunnel_visitantes_site_carrossel_v3,165.33,161,4036,30,Visitantes_Site,Carrossel,1º Lançamento | Leads
3546,2025 | Outubro,Quarta-Feira,Dia útil,Vendas,2025-10-15,midfunnel_engajamento_ig_estatico_v1,156.41,344,11684,80,Engajamento_Instagram,Estático,1º Lançamento | Vendas
3547,2025 | Outubro,Quinta-Feira,Dia útil,Vendas,2025-10-16,midfunnel_visitantes_site_video_v1,21.72,21,1071,3,Visitantes_Site,Video,Campanha Contínua | Vendas
3548,2025 | Dezembro,Sábado,Final de semana,Vendas,2025-12-20,topfunnel_lal1_compradores_carrossel_v1,40.97,37,1496,7,LookALike_Compradores_1,Carrossel,Campanha Contínua | Vendas
3549,2025 | Janeiro,Domingo,Final de semana,Leads,2025-01-19,topfunnel_interesses_dados_video_v2,13.4,14,790,1,Interesses_Dados,Video,Campanha Contínua | Leads
3550,2025 | Junho,Terça-Feira,Dia útil,Leads,2025-06-24,midfunnel_rmkt_30d_estatico_v3,115.09,244,9743,19,Remarketing_30dias,Estático,2º Lançamento | Leads
3551,2025 | Agosto,Sábado,Final de semana,Leads,2025-08-23,topfunnel_lal1_compradores_video_v1,113.34,561,13421,92,LookALike_Compradores_1,Video,2º Lançamento | Leads
3552,2025 | Julho,Terça-Feira,Dia útil,Leads,2025-07-15,topfunnel_interesses_dados_estatico_v2,99.93,465,10704,88,Interesses_Dados,Estático,1º Lançamento | Leads
3553,2025 | Agosto,Segunda-Feira,Dia útil,Vendas,2025-08-25,topfunnel_interesses_dados_estatico_v3,96.06,109,3350,16,Interesses_Dados,Estático,1º Lançamento | Vendas
3554,2025 | Agosto,Terça-Feira,Dia útil,Leads,2025-08-12,bottomfunnel_visitantes_site_carrossel_v2,176.62,138,6507,6,Visitantes_Site,Carrossel,Campanha Contínua | Leads
3555,2025 | Agosto,Sexta-Feira,Dia útil,Vendas,2025-08-29,bottomfunnel_engajamento_ig_estatico_v3,133.11,152,4877,9,Engajamento_Instagram,Estático,1º Lançamento | Vendas
3556,2025 | Setembro,Segunda-Feira,Dia útil,Vendas,2025-09-01,bottomfunnel_visitantes_site_video_v3,39.31,48,2618,8,Visitantes_Site,Video,Campanha Contínua | Vendas
3557,2025 | Junho,Sábado,Final de semana,Leads,2025-06-28,topfunnel_lal2_leads_carrossel_v1,99.31,249,5795,73,LookALike_Leads_2,Carrossel,Campanha Contínua | Leads
3558,2025 | Dezembro,Terça-Feira,Dia útil,Leads,2025-12-02,topfunnel_cargos_dados_estatico_v1,71.35,17,2202,4,Cargos_Dados,Estático,Campanha Contínua | Leads
3559,2025 | Setembro,Quinta-Feira,Dia útil,Leads,2025-09-04,topfunnel_lal1_compradores_video_v3,61.12,67,1602,9,LookALike_Compradores_1,Video,2º Lançamento | Leads
3560,2025 | Novembro,Quinta-Feira,Dia útil,Vendas,2025-11-06,topfunnel_lal1_compradores_video_v1,29.41,13,1086,3,LookALike_Compradores_1,Video,2º Lançamento | Vendas
3561,2025 | Abril,Quarta-Feira,Dia útil,Leads,2025-04-02,midfunnel_engajamento_ig_estatico_v2,58.71,69,1857,15,Engajamento_Instagram,Estático,1º Lançamento | Leads
3562,2025 | Junho,Sexta-Feira,Dia útil,Leads,2025-06-13,bottomfunnel_visitantes_site_estatico_v1,174.37,562,21359,139,Visitantes_Site,Estático,1º Lançamento | Leads
3563,2025 | Outubro,Quinta-Feira,Dia útil,Vendas,2025-10-02,topfunnel_lal2_leads_video_v3,152.02,169,4804,13,LookALike_Leads_2,Video,Campanha Contínua | Vendas
3564,2025 | Março,Sexta-Feira,Dia útil,Vendas,2025-03-27,topfunnel_lal2_leads_estatico_v2,165.77,33,3841,8,LookALike_Leads_2,Estático,Campanha Contínua | Vendas
3565,2025 | Maio,Sexta-Feira,Dia útil,Leads,2025-05-30,topfunnel_cargos_dados_carrossel_v3,87.83,65,3296,1,Cargos_Dados,Carrossel,Campanha Contínua | Leads
3566,2025 | Fevereiro,Sábado,Final de semana,Leads,2025-02-01,topfunnel_interesses_dados_video_v1,11.03,32,833,1,Interesses_Dados,Video,2º Lançamento | Leads
3567,2025 | Dezembro,Sexta-Feira,Dia útil,Leads,2025-12-12,midfunnel_rmkt_30d_carrossel_v2,133.65,194,5162,39,Remarketing_30dias,Carrossel,2º Lançamento | Leads
3568,2025 | Fevereiro,Terça-Feira,Dia útil,Vendas,2025-02-18,bottomfunnel_engajamento_ig_video_v1,69.28,44,2022,10,Engajamento_Instagram,Video,2º Lançamento | Vendas
3569,2025 | Agosto,Sexta-Feira,Dia útil,Leads,2025-08-22,topfunnel_lal1_compradores_carrossel_v3,130.91,232,5957,17,LookALike_Compradores_1,Carrossel,2º Lançamento | Leads
3570,2025 | Janeiro,Quinta-Feira,Dia útil,Leads,2025-01-09,midfunnel_visitantes_site_video_v2,170.23,74,3825,16,Visitantes_Site,Video,1º Lançamento | Leads
3571,2025 | Agosto,Sábado,Final de semana,Vendas,2025-08-23,topfunnel_cargos_dados_video_v1,105.35,40,2915,7,Cargos_Dados,Video,1º Lançamento | Vendas
3572,2025 | Agosto,Sábado,Final de semana,Leads,2025-08-23,midfunnel_rmkt_60d_estatico_v2,11.39,22,932,4,Remarketing_60dias,Estático,1º Lançamento | Leads
3573,2025 | Fevereiro,Quarta-Feira,Dia útil,Vendas,2025-02-12,midfunnel_visitantes_site_video_v1,14.79,17,432,2,Visitantes_Site,Video,1º Lançamento | Vendas
3574,2025 | Setembro,Terça-Feira,Dia útil,Leads,2025-09-16,midfunnel_engajamento_ig_estatico_v3,48.94,34,1931,5,Engajamento_Instagram,Estático,Campanha Contínua | Leads
3575,2025 | Abril,Terça-Feira,Dia útil,Leads,2025-04-15,midfunnel_rmkt_60d_carrossel_v2,89.83,92,7947,9,Remarketing_60dias,Carrossel,2º Lançamento | Leads
3576,2025 | Agosto,Sábado,Final de semana,Leads,2025-08-30,midfunnel_rmkt_60d_estatico_v3,92.2,118,3959,30,Remarketing_60dias,Estático,Campanha Contínua | Leads
3577,2025 | Maio,Sábado,Final de semana,Vendas,2025-05-03,topfunnel_lal1_compradores_video_v1,169.78,127,3935,31,LookALike_Compradores_1,Video,2º Lançamento | Vendas
3578,2025 | Agosto,Terça-Feira,Dia útil,Leads,2025-08-05,topfunnel_cargos_dados_estatico_v2,98.12,223,5523,60,Cargos_Dados,Estático,Campanha Contínua | Leads
3579,2025 | Setembro,Sábado,Final de semana,Vendas,2025-09-13,midfunnel_rmkt_60d_video_v1,124.83,109,3548,2,Remarketing_60dias,Video,2º Lançamento | Vendas
3580,2025 | Dezembro,Domingo,Final de semana,Leads,2025-12-07,bottomfunnel_rmkt_60d_carrossel_v1,59.23,53,1987,6,Remarketing_60dias,Carrossel,1º Lançamento | Leads
3581,2025 | Março,Sábado,Final de semana,Leads,2025-03-15,topfunnel_interesses_dados_estatico_v3,38.52,115,3810,25,Interesses_Dados,Estático,1º Lançamento | Leads
3582,2025 | Junho,Sexta-Feira,Dia útil,Vendas,2025-06-13,midfunnel_rmkt_30d_estatico_v1,18.37,60,1809,11,Remarketing_30dias,Estático,Campanha Contínua | Vendas
3583,2025 | Novembro,Sábado,Final de semana,Leads,2025-11-01,topfunnel_interesses_dados_carrossel_v2,94.98,101,2721,10,Interesses_Dados,Carrossel,Campanha Contínua | Leads
3584,2025 | Janeiro,Quinta-Feira,Dia útil,Leads,2025-01-23,bottomfunnel_rmkt_30d_estatico_v1,61.98,43,1527,3,Remarketing_30dias,Estático,Campanha Contínua | Leads
3585,2025 | Janeiro,Domingo,Final de semana,Vendas,2025-01-26,bottomfunnel_rmkt_30d_video_v3,41.66,36,1706,3,Remarketing_30dias,Video,2º Lançamento | Vendas
3586,2025 | Julho,Segunda-Feira,Dia útil,Leads,2025-07-21,topfunnel_lal1_compradores_carrossel_v1,27.41,62,2096,10,LookALike_Compradores_1,Carrossel,2º Lançamento | Leads
3587,2025 | Outubro,Segunda-Feira,Dia útil,Leads,2025-10-20,topfunnel_lal2_leads_carrossel_v2,139.02,140,3534,38,LookALike_Leads_2,Carrossel,1º Lançamento | Leads
3588,2025 | Fevereiro,Sexta-Feira,Dia útil,Vendas,2025-02-07,topfunnel_interesses_dados_video_v2,123.36,90,2866,20,Interesses_Dados,Video,1º Lançamento | Vendas
3589,2025 | Novembro,Segunda-Feira,Dia útil,Leads,2025-11-10,bottomfunnel_rmkt_30d_carrossel_v3,91.93,16,2079,2,Remarketing_30dias,Carrossel,1º Lançamento | Leads
3590,2025 | Junho,Sábado,Final de semana,Leads,2025-06-07,midfunnel_engajamento_ig_carrossel_v2,179.77,95,5116,2,Engajamento_Instagram,Carrossel,Campanha Contínua | Leads
3591,2025 | Fevereiro,Domingo,Final de semana,Leads,2025-02-23,topfunnel_lal2_leads_estatico_v2,124.99,261,10740,34,LookALike_Leads_2,Estático,1º Lançamento | Leads
3592,2025 | Dezembro,Quarta-Feira,Dia útil,Leads,2025-12-03,midfunnel_rmkt_30d_estatico_v2,99.19,74,2388,1,Remarketing_30dias,Estático,Campanha Contínua | Leads
3593,2025 | Dezembro,Terça-Feira,Dia útil,Leads,2025-12-02,topfunnel_cargos_dados_estatico_v2,33.01,50,2378,7,Cargos_Dados,Estático,Campanha Contínua | Leads
3594,2025 | Dezembro,Sábado,Final de semana,Leads,2025-12-20,bottomfunnel_rmkt_30d_estatico_v1,171.05,66,3834,4,Remarketing_30dias,Estático,Campanha Contínua | Leads
3595,2025 | Novembro,Quarta-Feira,Dia útil,Vendas,2025-11-05,topfunnel_lal1_compradores_estatico_v2,105.59,106,6230,18,LookALike_Compradores_1,Estático,1º Lançamento | Vendas
3596,2025 | Junho,Domingo,Final de semana,Leads,2025-06-15,topfunnel_lal2_leads_estatico_v2,29.53,42,1480,6,LookALike_Leads_2,Estático,2º Lançamento | Leads
3597,2025 | Janeiro,Segunda-Feira,Dia útil,Leads,2025-01-13,bottomfunnel_rmkt_30d_carrossel_v3,96.97,205,4914,56,Remarketing_30dias,Carrossel,2º Lançamento | Leads
3598,2025 | Março,Quarta-Feira,Dia útil,Vendas,2025-03-05,topfunnel_interesses_dados_estatico_v2,88.21,81,2984,23,Interesses_Dados,Estático,1º Lançamento | Vendas
3599,2025 | Outubro,Quinta-Feira,Dia útil,Vendas,2025-10-30,bottomfunnel_visitantes_site_estatico_v1,97.35,122,4000,31,Visitantes_Site,Estático,2º Lançamento | Vendas
3600,2025 | Setembro,Sábado,Final de semana,Leads,2025-09-27,topfunnel_lal1_compradores_carrossel_v2,139.86,492,17136,45,LookALike_Compradores_1,Carrossel,Campanha Contínua | Leads
3601,2025 | Dezembro,Sábado,Final de semana,Vendas,2025-12-27,topfunnel_lal2_leads_carrossel_v2,64.55,15,2568,1,LookALike_Leads_2,Carrossel,1º Lançamento | Vendas
3602,2025 | Março,Sexta-Feira,Dia útil,Leads,2025-03-14,topfunnel_lal1_compradores_video_v1,132.27,292,9763,11,LookALike_Compradores_1,Video,Campanha Contínua | Leads
3603,2025 | Julho,Domingo,Final de semana,Vendas,2025-07-20,topfunnel_lal1_compradores_estatico_v2,32.84,4,914,0,LookALike_Compradores_1,Estático,Campanha Contínua | Vendas
3604,2025 | Junho,Quinta-Feira,Dia útil,Leads,2025-06-26,topfunnel_cargos_dados_video_v1,153.55,84,6647,4,Cargos_Dados,Video,Campanha Contínua | Leads
3605,2025 | Janeiro,Quinta-Feira,Dia útil,Leads,2025-01-09,topfunnel_lal1_compradores_video_v2,115.91,127,13272,11,LookALike_Compradores_1,Video,1º Lançamento | Leads
3606,2025 | Julho,Quinta-Feira,Dia útil,Vendas,2025-07-17,bottomfunnel_engajamento_ig_video_v3,145.38,81,5886,23,Engajamento_Instagram,Video,Campanha Contínua | Vendas
3607,2025 | Novembro,Sábado,Final de semana,Leads,2025-11-22,topfunnel_lal1_compradores_carrossel_v2,90.33,19,2445,3,LookALike_Compradores_1,Carrossel,2º Lançamento | Leads
3608,2025 | Junho,Sexta-Feira,Dia útil,Leads,2025-06-06,bottomfunnel_visitantes_site_estatico_v2,11.32,21,512,5,Visitantes_Site,Estático,2º Lançamento | Leads
3609,2025 | Novembro,Quinta-Feira,Dia útil,Leads,2025-11-27,bottomfunnel_visitantes_site_video_v2,131.11,220,7131,59,Visitantes_Site,Video,Campanha Contínua | Leads
3610,2025 | Dezembro,Sábado,Final de semana,Vendas,2025-12-06,midfunnel_visitantes_site_carrossel_v3,135.19,91,7550,9,Visitantes_Site,Carrossel,Campanha Contínua | Vendas
3611,2025 | Abril,Segunda-Feira,Dia útil,Vendas,2025-04-28,bottomfunnel_visitantes_site_carrossel_v3,30.9,32,1319,4,Visitantes_Site,Carrossel,2º Lançamento | Vendas
3612,2025 | Junho,Terça-Feira,Dia útil,Leads,2025-06-03,midfunnel_rmkt_30d_video_v3,146.52,146,5747,3,Remarketing_30dias,Video,Campanha Contínua | Leads
3613,2025 | Novembro,Sábado,Final de semana,Leads,2025-11-08,topfunnel_cargos_dados_carrossel_v2,139.43,59,4560,14,Cargos_Dados,Carrossel,2º Lançamento | Leads
3614,2025 | Junho,Terça-Feira,Dia útil,Leads,2025-06-03,bottomfunnel_engajamento_ig_carrossel_v3,8.12,30,914,3,Engajamento_Instagram,Carrossel,1º Lançamento | Leads
3615,2025 | Julho,Sexta-Feira,Dia útil,Vendas,2025-07-04,topfunnel_lal1_compradores_carrossel_v1,96.93,45,4245,11,LookALike_Compradores_1,Carrossel,1º Lançamento | Vendas
3616,2025 | Agosto,Sábado,Final de semana,Leads,2025-08-23,topfunnel_cargos_dados_carrossel_v1,103.17,68,3053,18,Cargos_Dados,Carrossel,2º Lançamento | Leads
3617,2025 | Março,Sexta-Feira,Dia útil,Vendas,2025-03-14,bottomfunnel_visitantes_site_estatico_v3,114.13,47,3420,13,Visitantes_Site,Estático,1º Lançamento | Vendas
3618,2025 | Agosto,Segunda-Feira,Dia útil,Leads,2025-08-04,bottomfunnel_visitantes_site_video_v1,122.59,110,3659,11,Visitantes_Site,Video,2º Lançamento | Leads
3619,2025 | Janeiro,Domingo,Final de semana,Vendas,2025-01-12,topfunnel_interesses_dados_estatico_v1,63.46,15,1557,2,Interesses_Dados,Estático,2º Lançamento | Vendas
3620,2025 | Dezembro,Quarta-Feira,Dia útil,Vendas,2025-12-17,bottomfunnel_rmkt_30d_video_v3,154.88,50,4294,12,Remarketing_30dias,Video,Campanha Contínua | Vendas
3621,2025 | Fevereiro,Sexta-Feira,Dia útil,Leads,2025-02-21,bottomfunnel_rmkt_30d_carrossel_v3,7.68,1,171,0,Remarketing_30dias,Carrossel,2º Lançamento | Leads
3622,2025 | Maio,Sexta-Feira,Dia útil,Leads,2025-05-16,bottomfunnel_engajamento_ig_carrossel_v1,145.59,227,7024,37,Engajamento_Instagram,Carrossel,2º Lançamento | Leads
3623,2025 | Abril,Sexta-Feira,Dia útil,Leads,2025-04-25,bottomfunnel_visitantes_site_estatico_v2,171.93,342,9767,100,Visitantes_Site,Estático,Campanha Contínua | Leads
3624,2025 | Novembro,Segunda-Feira,Dia útil,Leads,2025-11-17,midfunnel_rmkt_30d_estatico_v1,87.1,34,2105,8,Remarketing_30dias,Estático,2º Lançamento | Leads
3625,2025 | Dezembro,Quarta-Feira,Dia útil,Leads,2025-12-17,topfunnel_lal2_leads_carrossel_v1,166.48,166,7095,28,LookALike_Leads_2,Carrossel,1º Lançamento | Leads
3626,2025 | Agosto,Sexta-Feira,Dia útil,Leads,2025-08-01,bottomfunnel_rmkt_30d_estatico_v2,19.45,19,496,3,Remarketing_30dias,Estático,2º Lançamento | Leads
3627,2025 | Julho,Sexta-Feira,Dia útil,Vendas,2025-07-11,topfunnel_cargos_dados_estatico_v2,159.23,236,11034,38,Cargos_Dados,Estático,Campanha Contínua | Vendas
3628,2025 | Março,Domingo,Final de semana,Leads,2025-03-02,topfunnel_lal2_leads_estatico_v1,5.01,1,161,0,LookALike_Leads_2,Estático,1º Lançamento | Leads
3629,2025 | Novembro,Quarta-Feira,Dia útil,Vendas,2025-11-05,midfunnel_rmkt_30d_video_v3,108.59,55,2516,8,Remarketing_30dias,Video,1º Lançamento | Vendas
3630,2025 | Junho,Segunda-Feira,Dia útil,Leads,2025-06-09,midfunnel_visitantes_site_carrossel_v1,164.8,102,4840,8,Visitantes_Site,Carrossel,1º Lançamento | Leads
3631,2025 | Março,Domingo,Final de semana,Vendas,2025-03-30,midfunnel_rmkt_30d_estatico_v3,165.76,33,5998,5,Remarketing_30dias,Estático,1º Lançamento | Vendas
3632,2025 | Dezembro,Quarta-Feira,Dia útil,Leads,2025-12-03,topfunnel_cargos_dados_video_v1,68.05,36,1781,4,Cargos_Dados,Video,Campanha Contínua | Leads
3633,2025 | Março,Domingo,Final de semana,Leads,2025-03-16,midfunnel_rmkt_30d_video_v2,26.02,23,1216,2,Remarketing_30dias,Video,1º Lançamento | Leads
3634,2025 | Novembro,Sexta-Feira,Dia útil,Leads,2025-11-07,topfunnel_interesses_dados_carrossel_v2,54.47,6150,6121,8,Interesses_Dados,Carrossel,1º Lançamento | Leads
3635,2025 | Setembro,Quarta-Feira,Dia útil,Vendas,2025-09-24,bottomfunnel_rmkt_30d_carrossel_v1,79.87,34,2596,8,Remarketing_30dias,Carrossel,1º Lançamento | Vendas
3636,2025 | Dezembro,Quinta-Feira,Dia útil,Vendas,2025-12-18,topfunnel_cargos_dados_carrossel_v3,88.38,216,7132,23,Cargos_Dados,Carrossel,2º Lançamento | Vendas
3637,2025 | Março,Segunda-Feira,Dia útil,Vendas,2025-03-17,topfunnel_interesses_dados_carrossel_v2,109.88,176,4900,20,Interesses_Dados,Carrossel,1º Lançamento | Vendas
3638,2025 | Agosto,Quarta-Feira,Dia útil,Leads,2025-08-20,topfunnel_cargos_dados_carrossel_v1,151.93,335,11486,76,Cargos_Dados,Carrossel,Campanha Contínua | Leads
3639,2025 | Setembro,Segunda-Feira,Dia útil,Leads,2025-09-15,topfunnel_cargos_dados_video_v1,107.88,171,6305,7,Cargos_Dados,Video,2º Lançamento | Leads
3640,2025 | Agosto,Sexta-Feira,Dia útil,Leads,2025-08-15,topfunnel_lal2_leads_estatico_v2,22.72,24,2525,3,LookALike_Leads_2,Estático,2º Lançamento | Leads
3641,2025 | Setembro,Domingo,Final de semana,Leads,2025-09-07,midfunnel_rmkt_60d_estatico_v2,155.75,235,15436,8,Remarketing_60dias,Estático,1º Lançamento | Leads
3642,2025 | Janeiro,Sábado,Final de semana,Leads,2025-01-04,midfunnel_engajamento_ig_carrossel_v3,90.25,118,2941,26,Engajamento_Instagram,Carrossel,2º Lançamento | Leads
3643,2025 | Novembro,Domingo,Final de semana,Leads,2025-11-23,topfunnel_lal1_compradores_video_v3,58.63,90,2572,2,LookALike_Compradores_1,Video,Campanha Contínua | Leads
3644,2025 | Janeiro,Sábado,Final de semana,Leads,2025-01-25,bottomfunnel_rmkt_30d_estatico_v3,124.93,61,3769,2,Remarketing_30dias,Estático,Campanha Contínua | Leads
3645,2025 | Março,Domingo,Final de semana,Leads,2025-03-16,midfunnel_engajamento_ig_carrossel_v1,15.9,24,934,1,Engajamento_Instagram,Carrossel,1º Lançamento | Leads
3646,2025 | Fevereiro,Quinta-Feira,Dia útil,Leads,2025-02-06,midfunnel_visitantes_site_video_v1,52.35,134,5120,8,Visitantes_Site,Video,1º Lançamento | Leads
3647,2025 | Fevereiro,Quinta-Feira,Dia útil,Leads,2025-02-20,topfunnel_cargos_dados_estatico_v1,33.35,31,913,6,Cargos_Dados,Estático,1º Lançamento | Leads
3648,2025 | Dezembro,Quinta-Feira,Dia útil,Leads,2025-12-11,topfunnel_interesses_dados_carrossel_v3,-126.05,14,3229,2,Interesses_Dados,Carrossel,Campanha Contínua | Leads
3649,2025 | Dezembro,Segunda-Feira,Dia útil,Vendas,2025-12-08,topfunnel_lal2_leads_video_v3,70.02,287,8269,53,LookALike_Leads_2,Video,2º Lançamento | Vendas
3650,2025 | Novembro,Sexta-Feira,Dia útil,Leads,2025-11-28,topfunnel_lal2_leads_video_v1,10.09,3,478,0,LookALike_Leads_2,Video,1º Lançamento | Leads
3651,2025 | Janeiro,Domingo,Final de semana,Vendas,2025-01-26,topfunnel_lal1_compradores_estatico_v1,79.48,83,4427,20,LookALike_Compradores_1,Estático,Campanha Contínua | Vendas
3652,2025 | Dezembro,Quarta-Feira,Dia útil,Leads,2025-12-10,midfunnel_visitantes_site_video_v1,83.93,22,3043,1,Visitantes_Site,Video,Campanha Contínua | Leads
3653,2025 | Fevereiro,Terça-Feira,Dia útil,Vendas,2025-02-11,bottomfunnel_rmkt_60d_estatico_v2,77.11,88,3025,10,Remarketing_60dias,Estático,2º Lançamento | Vendas
3654,2025 | Fevereiro,Sexta-Feira,Dia útil,Leads,2025-02-28,topfunnel_lal2_leads_estatico_v2,16.39,23,675,5,LookALike_Leads_2,Estático,Campanha Contínua | Leads
3655,2025 | Dezembro,Sexta-Feira,Dia útil,Leads,2025-12-12,bottomfunnel_engajamento_ig_video_v1,106.28,44,4655,5,Engajamento_Instagram,Video,2º Lançamento | Leads
3656,2025 | Agosto,Quinta-Feira,Dia útil,Leads,2025-08-14,topfunnel_lal1_compradores_estatico_v2,90.26,43,3614,11,LookALike_Compradores_1,Estático,Campanha Contínua | Leads
3657,2025 | Setembro,Terça-Feira,Dia útil,Vendas,2025-09-02,topfunnel_lal1_compradores_video_v3,27.31,34,816,7,LookALike_Compradores_1,Video,2º Lançamento | Vendas
3658,2025 | Dezembro,Segunda-Feira,Dia útil,Leads,2025-12-08,topfunnel_interesses_dados_estatico_v2,142.27,39,3489,5,Interesses_Dados,Estático,Campanha Contínua | Leads
3659,2025 | Abril,Terça-Feira,Dia útil,Leads,2025-04-22,topfunnel_interesses_dados_video_v2,76.36,106,6594,20,Interesses_Dados,Video,1º Lançamento | Leads
3660,2025 | Julho,Sexta-Feira,Dia útil,Leads,2025-07-11,bottomfunnel_rmkt_30d_video_v3,133.34,356,8511,33,Remarketing_30dias,Video,1º Lançamento | Leads
3661,2025 | Maio,Sexta-Feira,Dia útil,Leads,2025-05-09,bottomfunnel_engajamento_ig_carrossel_v3,93.12,17,3599,2,Engajamento_Instagram,Carrossel,Campanha Contínua | Leads
3662,2025 | Abril,Terça-Feira,Dia útil,Leads,2025-04-29,midfunnel_rmkt_60d_carrossel_v2,123.72,39,2941,8,Remarketing_60dias,Carrossel,Campanha Contínua | Leads
3663,2025 | Fevereiro,Segunda-Feira,Dia útil,Vendas,2025-02-10,topfunnel_cargos_dados_carrossel_v1,140.85,176,4123,9,Cargos_Dados,Carrossel,Campanha Contínua | Vendas
3664,2025 | Março,Quinta-Feira,Dia útil,Leads,2025-03-27,topfunnel_lal1_compradores_estatico_v2,108.7,34,5918,3,LookALike_Compradores_1,Estático,2º Lançamento | Leads
3665,2025 | Dezembro,Quinta-Feira,Dia útil,Leads,2025-12-18,topfunnel_interesses_dados_video_v3,82.67,67,6485,10,Interesses_Dados,Video,Campanha Contínua | Leads
3666,2025 | Abril,Quarta-Feira,Dia útil,Leads,2025-04-09,topfunnel_interesses_dados_estatico_v3,106.05,48,2378,1,Interesses_Dados,Estático,2º Lançamento | Leads
3667,2025 | Junho,Sábado,Final de semana,Vendas,2025-06-21,bottomfunnel_rmkt_60d_carrossel_v2,105.74,122,4297,13,Remarketing_60dias,Carrossel,1º Lançamento | Vendas
3668,2025 | Fevereiro,Segunda-Feira,Dia útil,Leads,2025-02-24,topfunnel_interesses_dados_estatico_v3,154.03,184,4135,22,Interesses_Dados,Estático,Campanha Contínua | Leads
3669,2025 | Fevereiro,Terça-Feira,Dia útil,Leads,2025-02-18,topfunnel_interesses_dados_video_v2,16.16,37,1021,9,Interesses_Dados,Video,Campanha Contínua | Leads
3670,2025 | Junho,Terça-Feira,Dia útil,Leads,2025-06-10,bottomfunnel_rmkt_30d_video_v1,149.66,240,10523,68,Remarketing_30dias,Video,2º Lançamento | Leads
3671,2025 | Agosto,Segunda-Feira,Dia útil,Vendas,2025-08-18,bottomfunnel_engajamento_ig_video_v3,56.65,58,2442,10,Engajamento_Instagram,Video,1º Lançamento | Vendas
3672,2025 | Fevereiro,Sábado,Final de semana,Leads,2025-02-15,midfunnel_rmkt_30d_carrossel_v2,96.65,73,2244,3,Remarketing_30dias,Carrossel,1º Lançamento | Leads
3673,2025 | Novembro,Quarta-Feira,Dia útil,Vendas,2025-11-26,topfunnel_lal2_leads_video_v2,178.42,312,8545,67,LookALike_Leads_2,Video,1º Lançamento | Vendas
3674,2025 | Julho,Sábado,Final de semana,Leads,2025-07-19,midfunnel_rmkt_30d_estatico_v1,16.15,13,525,1,Remarketing_30dias,Estático,1º Lançamento | Leads
3675,2025 | Janeiro,Sexta-Feira,Dia útil,Leads,2025-01-24,topfunnel_lal1_compradores_video_v2,121.88,139,4028,17,LookALike_Compradores_1,Video,2º Lançamento | Leads
3676,2025 | Setembro,Segunda-Feira,Dia útil,Leads,2025-09-15,midfunnel_engajamento_ig_video_v1,88.02,163,4809,30,Engajamento_Instagram,Video,1º Lançamento | Leads
3677,2025 | Março,Domingo,Final de semana,Vendas,2025-03-16,bottomfunnel_visitantes_site_video_v2,14.88,16,492,1,Visitantes_Site,Video,1º Lançamento | Vendas
3678,2025 | Novembro,Quarta-Feira,Dia útil,Vendas,2025-11-19,bottomfunnel_rmkt_60d_estatico_v1,163.07,448,13665,31,Remarketing_60dias,Estático,1º Lançamento | Vendas
3679,2025 | Julho,Domingo,Final de semana,Vendas,2025-07-27,topfunnel_interesses_dados_carrossel_v3,72.64,36,2492,3,Interesses_Dados,Carrossel,1º Lançamento | Vendas
3680,2025 | Outubro,Domingo,Final de semana,Leads,2025-10-12,bottomfunnel_rmkt_30d_video_v2,41.13,57,4133,15,Remarketing_30dias,Video,2º Lançamento | Leads
3681,2025 | Novembro,Segunda-Feira,Dia útil,Leads,2025-11-03,midfunnel_visitantes_site_carrossel_v3,106.72,52,3162,13,Visitantes_Site,Carrossel,Campanha Contínua | Leads
3682,2025 | Outubro,Sexta-Feira,Dia útil,Leads,2025-10-03,midfunnel_rmkt_60d_carrossel_v3,177.39,228,5793,49,Remarketing_60dias,Carrossel,2º Lançamento | Leads
3683,2025 | Setembro,Sexta-Feira,Dia útil,Vendas,2025-09-05,midfunnel_rmkt_30d_estatico_v2,73.58,283,7087,22,Remarketing_30dias,Estático,Campanha Contínua | Vendas
3684,2025 | Agosto,Sexta-Feira,Dia útil,Leads,2025-08-29,midfunnel_engajamento_ig_estatico_v2,125.4,310,10049,67,Engajamento_Instagram,Estático,1º Lançamento | Leads
3685,2025 | Dezembro,Domingo,Final de semana,Vendas,2025-12-28,midfunnel_rmkt_60d_video_v3,32.81,12,830,2,Remarketing_60dias,Video,Campanha Contínua | Vendas
3686,2025 | Abril,Segunda-Feira,Dia útil,Vendas,2025-04-28,topfunnel_lal1_compradores_estatico_v3,164.44,150,11081,16,LookALike_Compradores_1,Estático,1º Lançamento | Vendas
3687,2025 | Fevereiro,Terça-Feira,Dia útil,Vendas,2025-02-18,topfunnel_interesses_dados_carrossel_v2,54.01,133,3797,23,Interesses_Dados,Carrossel,2º Lançamento | Vendas
3688,2025 | Março,Sexta-Feira,Dia útil,Vendas,2025-03-21,topfunnel_lal1_compradores_video_v3,52.11,47,1374,1,LookALike_Compradores_1,Video,Campanha Contínua | Vendas
3689,2025 | Junho,Sábado,Final de semana,Leads,2025-06-07,midfunnel_visitantes_site_carrossel_v1,121.12,138,4478,40,Visitantes_Site,Carrossel,2º Lançamento | Leads
3690,2025 | Maio,Quarta-Feira,Dia útil,Leads,2025-05-21,bottomfunnel_rmkt_60d_video_v2,64.9,61,2095,2,Remarketing_60dias,Video,1º Lançamento | Leads
3691,2025 | Agosto,Quinta-Feira,Dia útil,Leads,2025-08-28,midfunnel_rmkt_60d_carrossel_v2,151.38,108,3391,21,Remarketing_60dias,Carrossel,Campanha Contínua | Leads
3692,2025 | Abril,Quarta-Feira,Dia útil,Leads,2025-04-02,topfunnel_interesses_dados_carrossel_v1,7.32,9,475,1,Interesses_Dados,Carrossel,1º Lançamento | Leads
3693,2025 | Outubro,Quinta-Feira,Dia útil,Leads,2025-10-23,topfunnel_cargos_dados_video_v3,172.33,199,10167,25,Cargos_Dados,Video,Campanha Contínua | Leads
3694,2025 | Dezembro,Sábado,Final de semana,Vendas,2025-12-06,midfunnel_engajamento_ig_carrossel_v1,103.65,162,6226,7,Engajamento_Instagram,Carrossel,2º Lançamento | Vendas
3695,2025 | Fevereiro,Segunda-Feira,Dia útil,Vendas,2025-02-17,midfunnel_rmkt_30d_carrossel_v3,143.27,64,3873,6,Remarketing_30dias,Carrossel,Campanha Contínua | Vendas
3696,2025 | Março,Terça-Feira,Dia útil,Leads,2025-03-18,midfunnel_engajamento_ig_estatico_v3,134.68,88,7483,21,Engajamento_Instagram,Estático,Campanha Contínua | Leads
3697,2025 | Setembro,Segunda-Feira,Dia útil,Leads,2025-09-22,bottomfunnel_rmkt_30d_video_v1,86.39,316,7325,52,Remarketing_30dias,Video,2º Lançamento | Leads
3698,2025 | Novembro,Segunda-Feira,Dia útil,Leads,2025-11-10,topfunnel_lal1_compradores_carrossel_v2,140.25,103,6555,10,LookALike_Compradores_1,Carrossel,Campanha Contínua | Leads
3699,2025 | Outubro,Quarta-Feira,Dia útil,Leads,2025-10-15,topfunnel_cargos_dados_carrossel_v2,63.48,31,2576,7,Cargos_Dados,Carrossel,1º Lançamento | Leads
3700,2025 | Outubro,Quinta-Feira,Dia útil,Vendas,2025-10-23,topfunnel_cargos_dados_carrossel_v3,162.86,175,5953,21,Cargos_Dados,Carrossel,2º Lançamento | Vendas
3701,2025 | Setembro,Quarta-Feira,Dia útil,Vendas,2025-09-03,topfunnel_lal1_compradores_video_v3,78.28,75,1888,10,LookALike_Compradores_1,Video,2º Lançamento | Vendas
3702,2025 | Abril,Sexta-Feira,Dia útil,Leads,2025-04-18,topfunnel_interesses_dados_estatico_v2,60.74,31,3457,5,Interesses_Dados,Estático,1º Lançamento | Leads
3703,2025 | Janeiro,Sexta-Feira,Dia útil,Leads,2025-01-03,midfunnel_visitantes_site_estatico_v3,92.79,158,3734,46,Visitantes_Site,Estático,Campanha Contínua | Leads
3704,2025 | Novembro,Domingo,Final de semana,Vendas,2025-11-09,bottomfunnel_engajamento_ig_carrossel_v2,82.37,81,2948,11,Engajamento_Instagram,Carrossel,2º Lançamento | Vendas
3705,2025 | Dezembro,Quinta-Feira,Dia útil,Leads,2025-12-25,topfunnel_lal1_compradores_estatico_v3,11.64,8,296,2,LookALike_Compradores_1,Estático,1º Lançamento | Leads
3706,2025 | Janeiro,Terça-Feira,Dia útil,Vendas,2025-01-14,bottomfunnel_rmkt_30d_carrossel_v3,167.99,121,6835,18,Remarketing_30dias,Carrossel,2º Lançamento | Vendas
3707,2025 | Agosto,Domingo,Final de semana,Leads,2025-08-03,bottomfunnel_visitantes_site_video_v1,98.85,158,3703,33,Visitantes_Site,Video,2º Lançamento | Leads
3708,2025 | Setembro,Terça-Feira,Dia útil,Vendas,2025-09-09,midfunnel_rmkt_60d_carrossel_v1,52.93,147,3376,28,Remarketing_60dias,Carrossel,Campanha Contínua | Vendas
3709,2025 | Agosto,Segunda-Feira,Dia útil,Leads,2025-08-11,bottomfunnel_visitantes_site_video_v2,137.31,282,15937,37,Visitantes_Site,Video,Campanha Contínua | Leads
3710,2025 | Outubro,Quinta-Feira,Dia útil,Vendas,2025-10-23,bottomfunnel_rmkt_30d_estatico_v2,10.59,9,274,0,Remarketing_30dias,Estático,1º Lançamento | Vendas
3711,2025 | Outubro,Quarta-Feira,Dia útil,Leads,2025-10-15,topfunnel_lal2_leads_carrossel_v3,106.84,95,2588,5,LookALike_Leads_2,Carrossel,1º Lançamento | Leads
3712,2025 | Março,Sábado,Final de semana,Leads,2025-03-08,bottomfunnel_rmkt_30d_carrossel_v3,179.82,83,7546,10,Remarketing_30dias,Carrossel,2º Lançamento | Leads
3713,2025 | Setembro,Domingo,Final de semana,Vendas,2025-09-21,topfunnel_interesses_dados_carrossel_v2,137.5,243,7981,43,Interesses_Dados,Carrossel,Campanha Contínua | Vendas
3714,2025 | Julho,Segunda-Feira,Final de semana,Vendas,2025-07-28,topfunnel_lal1_compradores_carrossel_v2,37.27,18,1382,3,LookALike_Compradores_1,Carrossel,1º Lançamento | Vendas
3715,2025 | Janeiro,Domingo,Final de semana,Vendas,2025-01-12,topfunnel_cargos_dados_estatico_v3,105.11,25,3475,6,Cargos_Dados,Estático,Campanha Contínua | Vendas
3716,2025 | Abril,Quinta-Feira,Dia útil,Leads,2025-04-17,bottomfunnel_rmkt_60d_carrossel_v1,163.41,94,3943,11,Remarketing_60dias,Carrossel,2º Lançamento | Leads
3717,2025 | Setembro,Segunda-Feira,Dia útil,Leads,2025-09-01,bottomfunnel_rmkt_30d_estatico_v2,28.54,23,664,1,Remarketing_30dias,Estático,2º Lançamento | Leads
3718,2025 | Dezembro,Segunda-Feira,Dia útil,Leads,2025-12-15,bottomfunnel_rmkt_60d_estatico_v3,133.63,65,7837,2,Remarketing_60dias,Estático,1º Lançamento | Leads
3719,2025 | Abril,Sexta-Feira,Dia útil,Leads,2025-04-11,topfunnel_lal2_leads_carrossel_v2,18.26,18,530,0,LookALike_Leads_2,Carrossel,1º Lançamento | Leads
3720,2025 | Março,Quarta-Feira,Dia útil,Vendas,2025-03-05,bottomfunnel_rmkt_60d_estatico_v2,84.43,112,3542,30,Remarketing_60dias,Estático,2º Lançamento | Vendas
3721,2025 | Maio,Terça-Feira,Dia útil,Vendas,2025-05-06,topfunnel_lal2_leads_carrossel_v2,126.15,192,4698,33,LookALike_Leads_2,Carrossel,Campanha Contínua | Vendas
3722,2025 | Setembro,Segunda-Feira,Dia útil,Vendas,2025-09-08,bottomfunnel_rmkt_60d_estatico_v3,50.89,37,2734,3,Remarketing_60dias,Estático,Campanha Contínua | Vendas
3723,2025 | Dezembro,Quarta-Feira,Dia útil,Leads,2025-12-31,bottomfunnel_visitantes_site_video_v3,84.1,183,4836,5,Visitantes_Site,Video,1º Lançamento | Leads
3724,2025 | Setembro,Segunda-Feira,Dia útil,Leads,2025-09-01,bottomfunnel_engajamento_ig_carrossel_v2,6.94,0,172,0,Engajamento_Instagram,Carrossel,2º Lançamento | Leads
3725,2025 | Agosto,Quinta-Feira,Dia útil,Leads,2025-08-28,bottomfunnel_rmkt_60d_carrossel_v2,37.95,57,3368,8,Remarketing_60dias,Carrossel,1º Lançamento | Leads
3726,2025 | Novembro,Domingo,Final de semana,Vendas,2025-11-30,topfunnel_lal1_compradores_carrossel_v3,12.83,46,1395,8,LookALike_Compradores_1,Carrossel,2º Lançamento | Vendas
3727,2025 | Janeiro,Sábado,Final de semana,Vendas,2025-01-18,bottomfunnel_visitantes_site_estatico_v3,92.36,86,5445,8,Visitantes_Site,Estático,1º Lançamento | Vendas
3728,2025 | Setembro,Sexta-Feira,Dia útil,Vendas,2025-09-26,bottomfunnel_visitantes_site_carrossel_v2,46.17,44,1066,11,Visitantes_Site,Carrossel,1º Lançamento | Vendas
3729,2025 | Julho,Quarta-Feira,Dia útil,Leads,2025-07-30,topfunnel_lal1_compradores_carrossel_v3,164.99,22,5025,6,LookALike_Compradores_1,Carrossel,2º Lançamento | Leads
3730,2025 | Agosto,Quarta-Feira,Dia útil,Leads,2025-08-27,topfunnel_interesses_dados_video_v1,133.07,97,3487,22,Interesses_Dados,Video,2º Lançamento | Leads
3731,2025 | Agosto,Segunda-Feira,Dia útil,Leads,2025-08-04,midfunnel_engajamento_ig_estatico_v1,99.7,51,2997,4,Engajamento_Instagram,Estático,2º Lançamento | Leads
3732,2025 | Maio,Quinta-Feira,Dia útil,Leads,2025-05-22,topfunnel_interesses_dados_estatico_v3,56.89,96,2312,15,Interesses_Dados,Estático,Campanha Contínua | Leads
3733,2025 | Julho,Terça-Feira,Dia útil,Leads,2025-07-29,topfunnel_lal1_compradores_estatico_v3,84.43,58,2853,11,LookALike_Compradores_1,Estático,2º Lançamento | Leads
3734,2025 | Outubro,Quarta-Feira,Dia útil,Vendas,2025-10-08,topfunnel_lal1_compradores_carrossel_v2,128.88,107,5953,20,LookALike_Compradores_1,Carrossel,2º Lançamento | Vendas
3735,2025 | Janeiro,Quinta-Feira,Dia útil,Leads,2025-01-09,topfunnel_interesses_dados_estatico_v3,31.62,25,1903,5,Interesses_Dados,Estático,Campanha Contínua | Leads
3736,2025 | Dezembro,Sábado,Final de semana,Leads,2025-12-27,midfunnel_engajamento_ig_estatico_v2,51.89,27,2010,4,Engajamento_Instagram,Estático,1º Lançamento | Leads
3737,2025 | Março,Sexta-Feira,Dia útil,Leads,2025-03-21,topfunnel_lal1_compradores_estatico_v1,40.89,72,3629,2,LookALike_Compradores_1,Estático,2º Lançamento | Leads
3738,2025 | Junho,Sábado,Final de semana,Leads,2025-06-07,midfunnel_rmkt_30d_video_v2,83.05,42,2345,3,Remarketing_30dias,Video,2º Lançamento | Leads
3739,2025 | Junho,Quarta-Feira,Dia útil,Vendas,2025-06-04,topfunnel_lal1_compradores_video_v2,110.01,27,5967,7,LookALike_Compradores_1,Video,Campanha Contínua | Vendas
3740,2025 | Março,Quinta-Feira,Dia útil,Vendas,2025-03-27,bottomfunnel_rmkt_30d_carrossel_v3,42.55,14,2005,3,Remarketing_30dias,Carrossel,Campanha Contínua | Vendas
3741,2025 | Dezembro,Quinta-Feira,Dia útil,Vendas,2025-12-25,bottomfunnel_engajamento_ig_estatico_v2,87.53,58,7588,4,Engajamento_Instagram,Estático,2º Lançamento | Vendas
3742,2025 | Fevereiro,Domingo,Final de semana,Leads,2025-02-09,midfunnel_rmkt_30d_video_v2,93.76,251,6153,73,Remarketing_30dias,Video,2º Lançamento | Leads
3743,2025 | Outubro,Quarta-Feira,Dia útil,Vendas,2025-10-01,bottomfunnel_visitantes_site_video_v3,32.28,69,2603,7,Visitantes_Site,Video,Campanha Contínua | Vendas
3744,2025 | Novembro,Sexta-Feira,Dia útil,Leads,2025-11-14,midfunnel_rmkt_60d_carrossel_v1,174.87,118,6136,14,Remarketing_60dias,Carrossel,Campanha Contínua | Leads
3745,2025 | Fevereiro,Quarta-Feira,Dia útil,Leads,2025-02-26,midfunnel_visitantes_site_carrossel_v1,98.0,18,2285,1,Visitantes_Site,Carrossel,Campanha Contínua | Leads
3746,2025 | Outubro,Segunda-Feira,Dia útil,Leads,2025-10-20,topfunnel_lal1_compradores_carrossel_v1,178.71,27,4104,2,LookALike_Compradores_1,Carrossel,2º Lançamento | Leads
3747,2025 | Abril,Segunda-Feira,Dia útil,Leads,2025-04-07,topfunnel_cargos_dados_estatico_v1,20.75,13,680,1,Cargos_Dados,Estático,1º Lançamento | Leads
3748,2025 | Janeiro,Segunda-Feira,Dia útil,Vendas,2025-01-27,topfunnel_interesses_dados_video_v1,93.91,281,6842,28,Interesses_Dados,Video,1º Lançamento | Vendas
3749,2025 | Junho,Domingo,Final de semana,Vendas,2025-06-01,topfunnel_interesses_dados_video_v1,17.38,7,427,0,Interesses_Dados,Video,1º Lançamento | Vendas
3750,2025 | Fevereiro,Domingo,Final de semana,Leads,2025-02-02,topfunnel_lal1_compradores_video_v1,146.0,172,7691,29,LookALike_Compradores_1,Video,Campanha Contínua | Leads
3751,2025 | Dezembro,Quarta-Feira,Dia útil,Leads,2025-12-31,topfunnel_lal1_compradores_carrossel_v3,74.79,39,2434,9,LookALike_Compradores_1,Carrossel,2º Lançamento | Leads
3752,2025 | Agosto,Sexta-Feira,Dia útil,Leads,2025-08-22,bottomfunnel_engajamento_ig_video_v2,177.86,333,9247,75,Engajamento_Instagram,Video,1º Lançamento | Leads
3753,2025 | Novembro,Domingo,Final de semana,Leads,2025-11-02,topfunnel_cargos_dados_estatico_v3,154.74,92,5136,3,Cargos_Dados,Estático,2º Lançamento | Leads
3754,2025 | Dezembro,Quarta-Feira,Dia útil,Leads,2025-12-17,topfunnel_interesses_dados_video_v2,174.98,144,4170,42,Interesses_Dados,Video,2º Lançamento | Leads
3755,2025 | Dezembro,Sábado,Final de semana,Leads,2025-12-20,topfunnel_lal1_compradores_video_v3,131.49,44,4167,3,LookALike_Compradores_1,Video,Campanha Contínua | Leads
3756,2025 | Março,Quarta-Feira,Dia útil,Leads,2025-03-05,topfunnel_cargos_dados_estatico_v3,166.7,90,12237,22,Cargos_Dados,Estático,2º Lançamento | Leads
3757,2025 | Novembro,Domingo,Final de semana,Leads,2025-11-23,bottomfunnel_engajamento_ig_carrossel_v1,7.91,7,521,1,Engajamento_Instagram,Carrossel,Campanha Contínua | Leads
2522,2025 | Dezembro,Domingo,Final de semana,Vendas,2025-12-28,bottomfunnel_engajamento_ig_video_v3,60.47,36,3577,2,Engajamento_Instagram,Video,1º Lançamento | Vendas
3759,2025 | Junho,Segunda-Feira,Dia útil,Leads,2025-06-30,topfunnel_cargos_dados_carrossel_v3,83.42,25,2451,0,Cargos_Dados,Carrossel,Campanha Contínua | Leads
3760,2025 | Dezembro,Sexta-Feira,Dia útil,Leads,2025-12-05,bottomfunnel_rmkt_60d_carrossel_v3,90.07,261,7055,45,Remarketing_60dias,Carrossel,1º Lançamento | Leads
3761,2025 | Janeiro,Domingo,Final de semana,Leads,2025-03-16,topfunnel_interesses_dados_estatico_v2,35.56,6,1029,1,Interesses_Dados,Estático,Campanha Contínua | Leads
3762,2025 | Novembro,Terça-Feira,Dia útil,Leads,2025-11-25,topfunnel_cargos_dados_carrossel_v3,73.4,11,1940,1,Cargos_Dados,Carrossel,1º Lançamento | Leads
3763,2025 | Abril,Sexta-Feira,Dia útil,Leads,2025-04-04,bottomfunnel_engajamento_ig_estatico_v2,49.27,23,1137,6,Engajamento_Instagram,Estático,2º Lançamento | Leads
3764,2025 | Janeiro,Quarta-Feira,Dia útil,Vendas,2025-01-22,topfunnel_lal1_compradores_estatico_v1,115.14,73,2618,8,LookALike_Compradores_1,Estático,2º Lançamento | Vendas
3765,2025 | Dezembro,Sexta-Feira,Dia útil,Leads,2025-12-19,topfunnel_lal1_compradores_video_v2,60.94,33,1557,1,LookALike_Compradores_1,Video,Campanha Contínua | Leads
3766,2025 | Outubro,Terça-Feira,Dia útil,Leads,2025-10-14,topfunnel_lal2_leads_carrossel_v2,64.2,78,1899,14,LookALike_Leads_2,Carrossel,1º Lançamento | Leads
3767,2025 | Fevereiro,Sexta-Feira,Dia útil,Leads,2025-02-07,topfunnel_lal1_compradores_estatico_v3,25.22,22,595,0,LookALike_Compradores_1,Estático,1º Lançamento | Leads
3768,2025 | Fevereiro,Quinta-Feira,Dia útil,Vendas,2025-02-20,bottomfunnel_rmkt_30d_carrossel_v1,166.17,181,6432,37,Remarketing_30dias,Carrossel,2º Lançamento | Vendas
3769,2025 | Fevereiro,Segunda-Feira,Dia útil,Vendas,2025-02-10,topfunnel_lal1_compradores_video_v3,5.46,9,270,2,LookALike_Compradores_1,Video,Campanha Contínua | Vendas
3770,2025 | Outubro,Terça-Feira,Dia útil,Vendas,2025-10-28,midfunnel_visitantes_site_carrossel_v3,32.41,14,937,0,Visitantes_Site,Carrossel,Campanha Contínua | Vendas
3771,2025 | Março,Terça-Feira,Dia útil,Leads,2025-03-04,topfunnel_lal1_compradores_estatico_v1,57.1,61,4481,7,LookALike_Compradores_1,Estático,1º Lançamento | Leads
3772,2025 | Julho,Terça-Feira,Dia útil,Leads,2025-07-29,topfunnel_lal1_compradores_carrossel_v2,131.85,353,10410,55,LookALike_Compradores_1,Carrossel,Campanha Contínua | Leads
3773,2025 | Maio,Domingo,Final de semana,Vendas,2025-05-11,bottomfunnel_engajamento_ig_carrossel_v2,69.95,61,2155,4,Engajamento_Instagram,Carrossel,Campanha Contínua | Vendas
3774,2025 | Dezembro,Sábado,Final de semana,Leads,2025-12-06,topfunnel_cargos_dados_video_v3,163.36,193,4731,44,Cargos_Dados,Video,1º Lançamento | Leads
3775,2025 | Setembro,Sábado,Final de semana,Leads,2025-09-27,midfunnel_rmkt_30d_estatico_v1,80.03,53,2978,9,Remarketing_30dias,Estático,2º Lançamento | Leads
3776,2025 | Dezembro,Segunda-Feira,Dia útil,Vendas,2025-12-15,bottomfunnel_engajamento_ig_estatico_v3,90.4,446,10410,43,Engajamento_Instagram,Estático,Campanha Contínua | Vendas
3777,2025 | Abril,Quarta-Feira,Dia útil,Leads,2025-04-23,bottomfunnel_rmkt_60d_carrossel_v3,60.27,36,2059,1,Remarketing_60dias,Carrossel,2º Lançamento | Leads
3778,2025 | Novembro,Sábado,Final de semana,Leads,2025-11-22,topfunnel_lal2_leads_estatico_v2,123.85,103,3617,6,LookALike_Leads_2,Estático,Campanha Contínua | Leads
3779,2025 | Dezembro,Quinta-Feira,Dia útil,Vendas,2025-12-25,bottomfunnel_rmkt_60d_carrossel_v2,17.94,17,537,1,Remarketing_60dias,Carrossel,Campanha Contínua | Vendas
3780,2025 | Julho,Quinta-Feira,Dia útil,Vendas,2025-07-17,topfunnel_cargos_dados_estatico_v2,59.87,166,4808,8,Cargos_Dados,Estático,Campanha Contínua | Vendas
3781,2025 | Novembro,Quinta-Feira,Dia útil,Leads,2025-11-13,midfunnel_rmkt_60d_estatico_v2,111.33,89,5262,20,Remarketing_60dias,Estático,Campanha Contínua | Leads
3782,2025 | Agosto,Terça-Feira,Dia útil,Leads,2025-08-12,topfunnel_interesses_dados_carrossel_v2,80.71,36,2676,8,Interesses_Dados,Carrossel,1º Lançamento | Leads
3783,2025 | Outubro,Sexta-Feira,Dia útil,Vendas,2025-10-17,midfunnel_visitantes_site_carrossel_v1,150.72,78,6653,2,Visitantes_Site,Carrossel,Campanha Contínua | Vendas
3784,2025 | Junho,Terça-Feira,Dia útil,Leads,2025-06-17,topfunnel_cargos_dados_video_v2,28.16,36,1027,8,Cargos_Dados,Video,1º Lançamento | Leads
3785,2025 | Junho,Sexta-Feira,Dia útil,Vendas,2025-06-06,topfunnel_cargos_dados_estatico_v2,75.31,228,7679,53,Cargos_Dados,Estático,2º Lançamento | Vendas
3786,2025 | Dezembro,Terça-Feira,Dia útil,Vendas,2025-12-02,topfunnel_interesses_dados_carrossel_v3,174.82,351,9626,26,Interesses_Dados,Carrossel,2º Lançamento | Vendas
3787,2025 | Outubro,Sábado,Final de semana,Leads,2025-10-11,bottomfunnel_visitantes_site_video_v3,45.46,31,1215,4,Visitantes_Site,Video,Campanha Contínua | Leads
3788,2025 | Setembro,Sábado,Final de semana,Leads,2025-09-06,bottomfunnel_visitantes_site_estatico_v2,76.49,125,8911,7,Visitantes_Site,Estático,2º Lançamento | Leads
3789,2025 | Janeiro,Terça-Feira,Dia útil,Leads,2025-01-21,bottomfunnel_engajamento_ig_estatico_v3,148.88,212,6499,33,Engajamento_Instagram,Estático,1º Lançamento | Leads
3790,2025 | Novembro,Quarta-Feira,Dia útil,Leads,2025-11-19,bottomfunnel_rmkt_30d_estatico_v3,104.28,281,8717,61,Remarketing_30dias,Estático,2º Lançamento | Leads
3791,2025 | Julho,Terça-Feira,Dia útil,Leads,2025-07-29,topfunnel_cargos_dados_carrossel_v2,133.47,69,9322,18,Cargos_Dados,Carrossel,2º Lançamento | Leads
3792,2025 | Junho,Sábado,Final de semana,Vendas,2025-06-14,midfunnel_rmkt_30d_carrossel_v1,122.06,196,4922,34,Remarketing_30dias,Carrossel,1º Lançamento | Vendas
3793,2025 | Março,Domingo,Final de semana,Leads,2025-03-23,midfunnel_engajamento_ig_estatico_v3,68.31,66,2660,6,Engajamento_Instagram,Estático,2º Lançamento | Leads
3794,2025 | Janeiro,Quinta-Feira,Dia útil,Leads,2025-01-02,topfunnel_lal1_compradores_estatico_v2,17.09,12,463,2,LookALike_Compradores_1,Estático,1º Lançamento | Leads
3795,2025 | Novembro,Sexta-Feira,Dia útil,Leads,2025-11-07,topfunnel_lal2_leads_estatico_v2,68.23,158,4992,15,LookALike_Leads_2,Estático,1º Lançamento | Leads
3796,2025 | Junho,Sábado,Final de semana,Leads,2025-06-07,topfunnel_cargos_dados_estatico_v1,121.81,77,5098,13,Cargos_Dados,Estático,Campanha Contínua | Leads
3797,2025 | Dezembro,Quinta-Feira,Dia útil,Vendas,2025-12-11,bottomfunnel_visitantes_site_carrossel_v2,80.6,65,3348,7,Visitantes_Site,Carrossel,1º Lançamento | Vendas
3798,2025 | Setembro,Quinta-Feira,Dia útil,Leads,2025-09-04,bottomfunnel_visitantes_site_estatico_v3,143.4,347,9087,28,Visitantes_Site,Estático,2º Lançamento | Leads
3799,2025 | Outubro,Quinta-Feira,Dia útil,Leads,2025-10-02,topfunnel_lal2_leads_video_v2,155.12,46,4122,2,LookALike_Leads_2,Video,1º Lançamento | Leads
3800,2025 | Outubro,Domingo,Final de semana,Leads,2025-10-26,topfunnel_lal1_compradores_estatico_v2,170.52,82,5063,4,LookALike_Compradores_1,Estático,1º Lançamento | Leads
3801,2025 | Julho,Sexta-Feira,Dia útil,Leads,2025-07-04,topfunnel_lal2_leads_video_v1,120.36,428,9978,85,LookALike_Leads_2,Video,2º Lançamento | Leads
3802,2025 | Agosto,Quinta-Feira,Dia útil,Vendas,2025-08-21,bottomfunnel_rmkt_60d_carrossel_v1,120.22,97,3139,20,Remarketing_60dias,Carrossel,2º Lançamento | Vendas
3803,2025 | Março,Segunda-Feira,Dia útil,Leads,2025-03-10,bottomfunnel_visitantes_site_estatico_v2,47.68,44,2932,12,Visitantes_Site,Estático,Campanha Contínua | Leads
3804,2025 | Setembro,Domingo,Final de semana,Leads,2025-09-07,bottomfunnel_engajamento_ig_carrossel_v3,68.9,135,4328,8,Engajamento_Instagram,Carrossel,1º Lançamento | Leads
3805,2025 | Outubro,Quinta-Feira,Dia útil,Leads,2025-10-02,midfunnel_visitantes_site_estatico_v3,135.6,140,3657,21,Visitantes_Site,Estático,Campanha Contínua | Leads
3806,2025 | Junho,Quarta-Feira,Dia útil,Vendas,2025-06-04,midfunnel_visitantes_site_carrossel_v3,75.06,282,7786,77,Visitantes_Site,Carrossel,2º Lançamento | Vendas
3807,2025 | Novembro,Terça-Feira,Dia útil,Vendas,2025-11-18,midfunnel_rmkt_30d_estatico_v1,40.38,41,1146,8,Remarketing_30dias,Estático,2º Lançamento | Vendas
3808,2025 | Janeiro,Quarta-Feira,Dia útil,Leads,2025-01-01,topfunnel_lal2_leads_video_v2,73.58,108,2457,21,LookALike_Leads_2,Video,1º Lançamento | Leads
3809,2025 | Maio,Domingo,Final de semana,Vendas,2025-05-11,topfunnel_lal2_leads_carrossel_v3,89.32,88,2353,7,LookALike_Leads_2,Carrossel,2º Lançamento | Vendas
3810,2025 | Março,Quarta-Feira,Dia útil,Leads,2025-03-05,bottomfunnel_visitantes_site_carrossel_v1,94.48,250,5897,31,Visitantes_Site,Carrossel,2º Lançamento | Leads
3811,2025 | Janeiro,Domingo,Final de semana,Leads,2025-01-19,topfunnel_lal1_compradores_video_v3,148.87,91,12692,10,LookALike_Compradores_1,Video,Campanha Contínua | Leads
3812,2025 | Janeiro,Quinta-Feira,Dia útil,Vendas,2025-01-16,topfunnel_lal1_compradores_video_v2,135.57,72,3168,17,LookALike_Compradores_1,Video,2º Lançamento | Vendas
3813,2025 | Outubro,Quarta-Feira,Dia útil,Leads,2025-10-22,midfunnel_engajamento_ig_carrossel_v3,57.99,35,1748,7,Engajamento_Instagram,Carrossel,1º Lançamento | Leads
3814,2025 | Julho,Domingo,Final de semana,Leads,2025-07-06,bottomfunnel_rmkt_30d_carrossel_v2,73.82,192,4279,46,Remarketing_30dias,Carrossel,2º Lançamento | Leads
3815,2025 | Maio,Sábado,Final de semana,Leads,2025-05-03,bottomfunnel_visitantes_site_carrossel_v1,89.31,33,3599,5,Visitantes_Site,Carrossel,2º Lançamento | Leads
3816,2025 | Fevereiro,Quinta-Feira,Dia útil,Vendas,2025-02-13,midfunnel_rmkt_30d_estatico_v1,111.15,121,10336,22,Remarketing_30dias,Estático,2º Lançamento | Vendas
3817,2025 | Março,Quarta-Feira,Dia útil,Leads,2025-03-26,midfunnel_rmkt_60d_carrossel_v2,74.42,29,2263,4,Remarketing_60dias,Carrossel,Campanha Contínua | Leads
3818,2025 | Outubro,Sábado,Final de semana,Leads,2025-10-18,topfunnel_interesses_dados_carrossel_v2,94.83,352,10743,91,Interesses_Dados,Carrossel,Campanha Contínua | Leads
3819,2025 | Janeiro,Segunda-Feira,Dia útil,Vendas,2025-01-06,topfunnel_lal2_leads_carrossel_v3,43.03,59,2003,15,LookALike_Leads_2,Carrossel,Campanha Contínua | Vendas
3820,2025 | Março,Quinta-Feira,Dia útil,Leads,2025-03-20,topfunnel_lal1_compradores_carrossel_v1,175.44,363,8483,75,LookALike_Compradores_1,Carrossel,1º Lançamento | Leads
3821,2025 | Agosto,Sábado,Final de semana,Vendas,2025-08-30,midfunnel_rmkt_60d_carrossel_v1,159.83,101,3999,14,Remarketing_60dias,Carrossel,Campanha Contínua | Vendas
3822,2025 | Fevereiro,Domingo,Final de semana,Leads,2025-02-23,topfunnel_cargos_dados_carrossel_v1,172.35,49,4598,4,Cargos_Dados,Carrossel,Campanha Contínua | Leads
3823,2025 | Março,Quinta-Feira,Dia útil,Leads,2025-03-27,topfunnel_cargos_dados_estatico_v1,166.38,204,5608,35,Cargos_Dados,Estático,1º Lançamento | Leads
3824,2025 | Junho,Sexta-Feira,Dia útil,Vendas,2025-06-20,bottomfunnel_rmkt_60d_estatico_v2,173.57,84,5548,23,Remarketing_60dias,Estático,Campanha Contínua | Vendas
3825,2025 | Abril,Domingo,Final de semana,Leads,2025-04-20,bottomfunnel_visitantes_site_estatico_v1,21.91,67,1887,11,Visitantes_Site,Estático,Campanha Contínua | Leads
3826,2025 | Junho,Quarta-Feira,Dia útil,Leads,2025-06-25,midfunnel_engajamento_ig_estatico_v3,174.03,51,5206,3,Engajamento_Instagram,Estático,Campanha Contínua | Leads
3827,2025 | Novembro,Quarta-Feira,Dia útil,Leads,2025-11-26,bottomfunnel_rmkt_30d_estatico_v3,55.91,171,4782,16,Remarketing_30dias,Estático,2º Lançamento | Leads
3828,2025 | Fevereiro,Terça-Feira,Dia útil,Leads,2025-02-11,topfunnel_cargos_dados_video_v1,170.44,245,9652,18,Cargos_Dados,Video,2º Lançamento | Leads
3829,2025 | Maio,Sábado,Final de semana,Vendas,2025-05-17,topfunnel_interesses_dados_video_v1,81.12,119,2892,2,Interesses_Dados,Video,1º Lançamento | Vendas
3830,2025 | Setembro,Quinta-Feira,Dia útil,Leads,2025-09-18,bottomfunnel_engajamento_ig_estatico_v2,10.7,16,366,3,Engajamento_Instagram,Estático,2º Lançamento | Leads
3831,2025 | Agosto,Segunda-Feira,Dia útil,Leads,2025-08-11,bottomfunnel_rmkt_30d_estatico_v1,133.93,146,6141,29,Remarketing_30dias,Estático,Campanha Contínua | Leads
3832,2025 | Fevereiro,Segunda-Feira,Dia útil,Vendas,2025-02-03,topfunnel_cargos_dados_video_v2,28.64,39,1553,6,Cargos_Dados,Video,Campanha Contínua | Vendas
3833,2025 | Janeiro,Domingo,Final de semana,Vendas,2025-01-26,topfunnel_interesses_dados_carrossel_v2,146.97,120,9056,30,Interesses_Dados,Carrossel,1º Lançamento | Vendas
3834,2025 | Julho,Sexta-Feira,Dia útil,Vendas,2025-07-18,bottomfunnel_visitantes_site_estatico_v3,78.72,116,4133,5,Visitantes_Site,Estático,1º Lançamento | Vendas
3835,2025 | Junho,Domingo,Final de semana,Vendas,2025-06-15,midfunnel_rmkt_30d_carrossel_v2,141.77,301,8215,8,Remarketing_30dias,Carrossel,Campanha Contínua | Vendas
3836,2025 | Dezembro,Terça-Feira,Dia útil,Vendas,2025-12-30,topfunnel_lal1_compradores_video_v2,25.7,30,673,6,LookALike_Compradores_1,Video,Campanha Contínua | Vendas
3837,2025 | Agosto,Terça-Feira,Dia útil,Vendas,2025-08-19,topfunnel_interesses_dados_carrossel_v1,133.39,168,6110,12,Interesses_Dados,Carrossel,Campanha Contínua | Vendas
3838,2025 | Março,Sexta-Feira,Dia útil,Leads,2025-03-14,topfunnel_lal2_leads_video_v2,51.72,73,4184,6,LookALike_Leads_2,Video,Campanha Contínua | Leads
3839,2025 | Maio,Quinta-Feira,Dia útil,Vendas,2025-05-08,midfunnel_engajamento_ig_carrossel_v2,171.59,31,7507,2,Engajamento_Instagram,Carrossel,2º Lançamento | Vendas
3840,2025 | Outubro,Segunda-Feira,Dia útil,Vendas,2025-10-20,topfunnel_lal1_compradores_carrossel_v3,93.03,66,4312,1,LookALike_Compradores_1,Carrossel,Campanha Contínua | Vendas
3841,2025 | Abril,Terça-Feira,Dia útil,Leads,2025-04-29,midfunnel_visitantes_site_carrossel_v3,149.39,379,9887,75,Visitantes_Site,Carrossel,1º Lançamento | Leads
3842,2025 | Julho,Terça-Feira,Dia útil,Leads,2025-07-29,midfunnel_rmkt_30d_estatico_v2,57.79,26,1376,2,Remarketing_30dias,Estático,Campanha Contínua | Leads
3843,2025 | Dezembro,Domingo,Final de semana,Leads,2025-12-28,topfunnel_lal1_compradores_video_v3,16.96,64,1740,2,LookALike_Compradores_1,Video,Campanha Contínua | Leads
3844,2025 | Maio,Terça-Feira,Dia útil,Leads,2025-05-06,bottomfunnel_visitantes_site_estatico_v3,105.13,44,2475,10,Visitantes_Site,Estático,Campanha Contínua | Leads
3845,2025 | Agosto,Quinta-Feira,Dia útil,Leads,2025-08-21,topfunnel_lal2_leads_video_v2,126.62,152,8378,24,LookALike_Leads_2,Video,1º Lançamento | Leads
3846,2025 | Outubro,Terça-Feira,Dia útil,Leads,2025-10-21,topfunnel_cargos_dados_estatico_v3,70.3,151,3478,13,Cargos_Dados,Estático,1º Lançamento | Leads
3847,2025 | Novembro,Sexta-Feira,Dia útil,Vendas,2025-11-21,midfunnel_visitantes_site_video_v2,70.87,141,4031,20,Visitantes_Site,Video,2º Lançamento | Vendas
3848,2025 | Agosto,Sábado,Final de semana,Leads,2025-08-23,midfunnel_engajamento_ig_video_v2,52.17,114,2678,23,Engajamento_Instagram,Video,Campanha Contínua | Leads
3849,2025 | Outubro,Terça-Feira,Dia útil,Vendas,2025-10-28,topfunnel_lal2_leads_carrossel_v3,121.12,53,7284,12,LookALike_Leads_2,Carrossel,1º Lançamento | Vendas
3850,2025 | Janeiro,Quinta-Feira,Dia útil,Leads,2025-01-23,topfunnel_cargos_dados_estatico_v3,142.95,134,4005,19,Cargos_Dados,Estático,2º Lançamento | Leads
3851,2025 | Maio,Sexta-Feira,Dia útil,Vendas,2025-05-16,midfunnel_visitantes_site_video_v2,98.86,94,2400,17,Visitantes_Site,Video,Campanha Contínua | Vendas
3852,2025 | Agosto,Quarta-Feira,Dia útil,Vendas,2025-08-13,midfunnel_rmkt_30d_video_v2,71.2,69,1793,4,Remarketing_30dias,Video,1º Lançamento | Vendas
3853,2025 | Agosto,Quinta-Feira,Dia útil,Leads,2025-08-21,bottomfunnel_visitantes_site_carrossel_v2,75.91,51,6150,7,Visitantes_Site,Carrossel,Campanha Contínua | Leads
3854,2025 | Agosto,Domingo,Final de semana,Leads,2025-08-31,topfunnel_lal2_leads_estatico_v2,122.07,104,5815,6,LookALike_Leads_2,Estático,Campanha Contínua | Leads
3855,2025 | Agosto,Sexta-Feira,Dia útil,Leads,2025-08-22,midfunnel_engajamento_ig_carrossel_v2,92.48,229,5157,6,Engajamento_Instagram,Carrossel,1º Lançamento | Leads
3856,2025 | Outubro,Sexta-Feira,Dia útil,Leads,2025-10-24,bottomfunnel_rmkt_60d_carrossel_v3,154.84,19,4368,2,Remarketing_60dias,Carrossel,Campanha Contínua | Leads
3857,2025 | Outubro,Quinta-Feira,Dia útil,Vendas,2025-10-30,topfunnel_cargos_dados_carrossel_v3,155.67,374,14819,105,Cargos_Dados,Carrossel,Campanha Contínua | Vendas
3858,2025 | Setembro,Segunda-Feira,Dia útil,Leads,2025-09-01,topfunnel_lal2_leads_estatico_v2,80.43,20,3679,4,LookALike_Leads_2,Estático,Campanha Contínua | Leads
3859,2025 | Outubro,Sexta-Feira,Dia útil,Vendas,2025-10-17,bottomfunnel_engajamento_ig_video_v1,90.72,121,3044,29,Engajamento_Instagram,Video,2º Lançamento | Vendas
3860,2025 | Fevereiro,Quarta-Feira,Dia útil,Vendas,2025-02-05,topfunnel_interesses_dados_video_v2,137.27,27,3079,4,Interesses_Dados,Video,2º Lançamento | Vendas
3861,2025 | Março,Domingo,Final de semana,Leads,2025-03-30,topfunnel_lal1_compradores_estatico_v3,174.11,58,5412,4,LookALike_Compradores_1,Estático,1º Lançamento | Leads
3862,2025 | Abril,Quarta-Feira,Dia útil,Vendas,2025-04-09,midfunnel_rmkt_30d_video_v1,111.98,37,2642,4,Remarketing_30dias,Video,2º Lançamento | Vendas
3863,2025 | Dezembro,Segunda-Feira,Dia útil,Vendas,2025-12-29,bottomfunnel_engajamento_ig_carrossel_v3,42.72,20,1018,2,Engajamento_Instagram,Carrossel,1º Lançamento | Vendas
3864,2025 | Abril,Terça-Feira,Dia útil,Leads,2025-04-08,midfunnel_engajamento_ig_estatico_v3,56.73,78,4346,12,Engajamento_Instagram,Estático,1º Lançamento | Leads
3865,2025 | Janeiro,Sexta-Feira,Dia útil,Vendas,2025-01-17,bottomfunnel_rmkt_60d_estatico_v2,96.88,47,2628,2,Remarketing_60dias,Estático,Campanha Contínua | Vendas
3866,2025 | Novembro,Quinta-Feira,Dia útil,Vendas,2025-11-20,topfunnel_lal1_compradores_estatico_v1,66.77,62,1530,10,LookALike_Compradores_1,Estático,1º Lançamento | Vendas
3867,2025 | Junho,Domingo,Final de semana,Leads,2025-06-15,topfunnel_lal2_leads_estatico_v2,174.79,299,8125,46,LookALike_Leads_2,Estático,2º Lançamento | Leads
3868,2025 | Outubro,Quinta-Feira,Dia útil,Leads,2025-10-09,topfunnel_lal2_leads_carrossel_v2,7.37,6,502,1,LookALike_Leads_2,Carrossel,1º Lançamento | Leads
3869,2025 | Março,Sexta-Feira,Dia útil,Leads,2025-03-28,topfunnel_interesses_dados_estatico_v1,162.6,621,14210,169,Interesses_Dados,Estático,Campanha Contínua | Leads
3870,2025 | Julho,Sexta-Feira,Dia útil,Vendas,2025-07-25,midfunnel_rmkt_30d_carrossel_v3,146.47,181,5061,11,Remarketing_30dias,Carrossel,Campanha Contínua | Vendas
3871,2025 | Setembro,Sexta-Feira,Dia útil,Leads,2025-09-12,topfunnel_interesses_dados_estatico_v1,145.49,184,5018,12,Interesses_Dados,Estático,1º Lançamento | Leads
3872,2025 | Agosto,Domingo,Final de semana,Vendas,2025-08-31,bottomfunnel_engajamento_ig_estatico_v1,78.31,165,4696,28,Engajamento_Instagram,Estático,Campanha Contínua | Vendas
3873,2025 | Janeiro,Sábado,Final de semana,Leads,2025-01-04,topfunnel_lal1_compradores_estatico_v1,127.03,208,8691,23,LookALike_Compradores_1,Estático,1º Lançamento | Leads
3874,2025 | Março,Terça-Feira,Dia útil,Vendas,2025-03-18,topfunnel_cargos_dados_carrossel_v1,132.19,16,4095,3,Cargos_Dados,Carrossel,2º Lançamento | Vendas
3875,2025 | Julho,Sexta-Feira,Dia útil,Leads,2025-07-04,bottomfunnel_rmkt_60d_video_v2,96.54,96,3122,20,Remarketing_60dias,Video,1º Lançamento | Leads
3876,2025 | Maio,Domingo,Final de semana,Leads,2025-05-18,topfunnel_cargos_dados_estatico_v2,117.92,108,13612,7,Cargos_Dados,Estático,Campanha Contínua | Leads
3877,2025 | Dezembro,Segunda-Feira,Dia útil,Leads,2025-12-15,midfunnel_rmkt_60d_estatico_v1,43.29,7,1247,1,Remarketing_60dias,Estático,2º Lançamento | Leads
3878,2025 | Maio,Sexta-Feira,Dia útil,Vendas,2025-05-30,midfunnel_rmkt_30d_video_v3,174.25,157,6505,42,Remarketing_30dias,Video,Campanha Contínua | Vendas
3879,2025 | Outubro,Domingo,Final de semana,Leads,2025-10-12,topfunnel_lal1_compradores_estatico_v1,143.72,63,3594,18,LookALike_Compradores_1,Estático,1º Lançamento | Leads
3880,2025 | Abril,Segunda-Feira,Dia útil,Leads,2025-04-28,topfunnel_lal2_leads_video_v2,134.12,118,4847,5,LookALike_Leads_2,Video,Campanha Contínua | Leads
3881,2025 | Agosto,Domingo,Final de semana,Leads,2025-08-24,midfunnel_visitantes_site_video_v3,79.23,100,2593,15,Visitantes_Site,Video,1º Lançamento | Leads
3882,2025 | Janeiro,Quarta-Feira,Dia útil,Leads,2025-01-15,midfunnel_visitantes_site_video_v1,23.65,21,820,4,Visitantes_Site,Video,1º Lançamento | Leads
3883,2025 | Maio,Sexta-Feira,Dia útil,Leads,2025-05-02,topfunnel_cargos_dados_carrossel_v2,151.92,108,3919,27,Cargos_Dados,Carrossel,2º Lançamento | Leads
3884,2025 | Outubro,Segunda-Feira,Dia útil,Leads,2025-10-27,topfunnel_cargos_dados_carrossel_v1,63.5,43,1453,5,Cargos_Dados,Carrossel,2º Lançamento | Leads
3885,2025 | Março,Quarta-Feira,Dia útil,Leads,2025-03-05,bottomfunnel_rmkt_30d_carrossel_v1,52.63,17,3732,4,Remarketing_30dias,Carrossel,2º Lançamento | Leads
3886,2025 | Agosto,Domingo,Final de semana,Leads,2025-08-24,topfunnel_interesses_dados_estatico_v1,55.58,55,1462,10,Interesses_Dados,Estático,1º Lançamento | Leads
3887,2025 | Julho,Quinta-Feira,Dia útil,Leads,2025-07-17,topfunnel_interesses_dados_carrossel_v3,44.7,68,4219,12,Interesses_Dados,Carrossel,2º Lançamento | Leads
3888,2025 | Agosto,Terça-Feira,Dia útil,Leads,2025-08-19,bottomfunnel_engajamento_ig_carrossel_v2,33.0,14,921,2,Engajamento_Instagram,Carrossel,1º Lançamento | Leads
3889,2025 | Novembro,Quarta-Feira,Dia útil,Vendas,2025-11-19,bottomfunnel_rmkt_60d_carrossel_v3,90.43,117,2981,14,Remarketing_60dias,Carrossel,1º Lançamento | Vendas
3890,2025 | Junho,Domingo,Final de semana,Vendas,2025-06-22,midfunnel_rmkt_60d_video_v1,111.38,134,3822,11,Remarketing_60dias,Video,Campanha Contínua | Vendas
3891,2025 | Novembro,Sexta-Feira,Dia útil,Leads,2025-11-28,bottomfunnel_rmkt_60d_video_v2,105.66,27,4497,0,Remarketing_60dias,Video,1º Lançamento | Leads
3892,2025 | Outubro,Sábado,Final de semana,Leads,2025-10-18,topfunnel_interesses_dados_estatico_v3,65.39,83,3977,8,Interesses_Dados,Estático,1º Lançamento | Leads
3893,2025 | Julho,Domingo,Final de semana,Leads,2025-07-27,topfunnel_cargos_dados_video_v2,48.95,19,3575,2,Cargos_Dados,Video,Campanha Contínua | Leads
3894,2025 | Abril,Terça-Feira,Dia útil,Leads,2025-04-29,topfunnel_interesses_dados_carrossel_v2,166.32,34,5314,1,Interesses_Dados,Carrossel,2º Lançamento | Leads
3895,2025 | Março,Segunda-Feira,Dia útil,Leads,2025-03-17,topfunnel_interesses_dados_carrossel_v1,136.01,105,9176,11,Interesses_Dados,Carrossel,1º Lançamento | Leads
3896,2025 | Maio,Terça-Feira,Dia útil,Leads,2025-05-13,midfunnel_visitantes_site_estatico_v1,115.06,38,4214,7,Visitantes_Site,Estático,1º Lançamento | Leads
3897,2025 | Abril,Terça-Feira,Dia útil,Vendas,2025-04-22,bottomfunnel_rmkt_60d_estatico_v1,30.53,15,1093,3,Remarketing_60dias,Estático,Campanha Contínua | Vendas
3898,2025 | Junho,Domingo,Final de semana,Leads,2025-06-15,bottomfunnel_engajamento_ig_carrossel_v2,144.01,240,13033,62,Engajamento_Instagram,Carrossel,1º Lançamento | Leads
3899,2025 | Março,Sexta-Feira,Dia útil,Leads,2025-03-28,topfunnel_cargos_dados_carrossel_v2,85.03,47,2308,1,Cargos_Dados,Carrossel,Campanha Contínua | Leads
3900,2025 | Abril,Segunda-Feira,Dia útil,Leads,2025-04-14,topfunnel_lal1_compradores_carrossel_v1,127.31,87,4036,22,LookALike_Compradores_1,Carrossel,2º Lançamento | Leads
3901,2025 | Fevereiro,Terça-Feira,Dia útil,Vendas,2025-02-04,midfunnel_rmkt_60d_estatico_v2,91.82,182,5329,20,Remarketing_60dias,Estático,2º Lançamento | Vendas
3902,2025 | Dezembro,Quinta-Feira,Dia útil,Vendas,2025-12-04,midfunnel_rmkt_60d_video_v1,73.6,27,2805,5,Remarketing_60dias,Video,1º Lançamento | Vendas
3903,2025 | Agosto,Domingo,Final de semana,Leads,2025-08-10,midfunnel_visitantes_site_estatico_v3,37.37,27,861,3,Visitantes_Site,Estático,1º Lançamento | Leads
3904,2025 | Maio,Quinta-Feira,Dia útil,Leads,2025-05-22,midfunnel_rmkt_30d_carrossel_v3,64.05,63,2372,5,Remarketing_30dias,Carrossel,2º Lançamento | Leads
3905,2025 | Abril,Sábado,Final de semana,Leads,2025-04-12,topfunnel_interesses_dados_video_v1,6.0,3,232,0,Interesses_Dados,Video,Campanha Contínua | Leads
3906,2025 | Abril,Quinta-Feira,Dia útil,Leads,2025-04-17,bottomfunnel_rmkt_30d_estatico_v1,152.51,392,11178,110,Remarketing_30dias,Estático,1º Lançamento | Leads
3907,2025 | Novembro,Sexta-Feira,Dia útil,Leads,2025-11-21,bottomfunnel_visitantes_site_video_v1,12.26,4,742,1,Visitantes_Site,Video,2º Lançamento | Leads
3908,2025 | Janeiro,Sábado,Final de semana,Leads,2025-01-25,topfunnel_cargos_dados_estatico_v1,147.85,43,5678,12,Cargos_Dados,Estático,2º Lançamento | Leads
3909,2025 | Outubro,Quarta-Feira,Dia útil,Vendas,2025-10-01,topfunnel_lal1_compradores_carrossel_v2,115.04,51,3399,3,LookALike_Compradores_1,Carrossel,Campanha Contínua | Vendas
3910,2025 | Dezembro,Quinta-Feira,Dia útil,Vendas,2025-12-18,bottomfunnel_visitantes_site_estatico_v1,16.47,10,531,1,Visitantes_Site,Estático,1º Lançamento | Vendas
3911,2025 | Março,Domingo,Final de semana,Leads,2025-03-09,topfunnel_lal1_compradores_estatico_v3,15.88,19,1396,5,LookALike_Compradores_1,Estático,2º Lançamento | Leads
3912,2025 | Janeiro,Sábado,Final de semana,Leads,2025-01-11,bottomfunnel_rmkt_30d_carrossel_v3,173.08,179,4075,34,Remarketing_30dias,Carrossel,2º Lançamento | Leads
3913,2025 | Fevereiro,Quarta-Feira,Dia útil,Leads,2025-02-26,topfunnel_lal2_leads_estatico_v2,90.57,306,7253,43,LookALike_Leads_2,Estático,1º Lançamento | Leads
3914,2025 | Março,Domingo,Final de semana,Vendas,2025-03-30,topfunnel_cargos_dados_estatico_v2,46.17,25,1181,5,Cargos_Dados,Estático,1º Lançamento | Vendas
3915,2025 | Fevereiro,Sábado,Final de semana,Vendas,2025-02-08,bottomfunnel_visitantes_site_carrossel_v1,58.58,252,7021,37,Visitantes_Site,Carrossel,1º Lançamento | Vendas
3916,2025 | Junho,Terça-Feira,Dia útil,Leads,2025-06-10,topfunnel_cargos_dados_video_v2,110.26,83,3402,9,Cargos_Dados,Video,Campanha Contínua | Leads
3917,2025 | Agosto,Segunda-Feira,Dia útil,Leads,2025-08-04,topfunnel_lal2_leads_video_v2,36.2,98,2264,2,LookALike_Leads_2,Video,Campanha Contínua | Leads
3918,2025 | Janeiro,Quarta-Feira,Dia útil,Vendas,2025-01-22,topfunnel_lal1_compradores_video_v1,16.46,31,888,6,LookALike_Compradores_1,Video,1º Lançamento | Vendas
3919,2025 | Abril,Segunda-Feira,Dia útil,Leads,2025-04-21,topfunnel_lal2_leads_carrossel_v3,91.4,222,7857,6,LookALike_Leads_2,Carrossel,2º Lançamento | Leads
3920,2025 | Dezembro,Quarta-Feira,Dia útil,Leads,2025-12-03,midfunnel_rmkt_30d_carrossel_v2,174.12,177,6826,21,Remarketing_30dias,Carrossel,Campanha Contínua | Leads
3921,2025 | Dezembro,Quarta-Feira,Dia útil,Leads,2025-12-17,midfunnel_engajamento_ig_carrossel_v2,113.92,68,3510,20,Engajamento_Instagram,Carrossel,Campanha Contínua | Leads
3922,2025 | Outubro,Quinta-Feira,Dia útil,Vendas,2025-10-02,midfunnel_engajamento_ig_estatico_v3,8.58,3,333,0,Engajamento_Instagram,Estático,1º Lançamento | Vendas
3923,2025 | Novembro,Domingo,Final de semana,Vendas,2025-11-23,topfunnel_interesses_dados_carrossel_v3,170.0,93,9069,6,Interesses_Dados,Carrossel,1º Lançamento | Vendas
3924,2025 | Junho,Segunda-Feira,Dia útil,Leads,2025-06-30,topfunnel_lal1_compradores_estatico_v3,42.13,43,1210,12,LookALike_Compradores_1,Estático,1º Lançamento | Leads
3925,2025 | Janeiro,Domingo,Final de semana,Vendas,2025-01-26,topfunnel_lal2_leads_carrossel_v3,106.16,45,2381,8,LookALike_Leads_2,video,2º Lançamento | Vendas
3926,2025 | Maio,Segunda-Feira,Dia útil,Leads,2025-05-26,bottomfunnel_rmkt_30d_estatico_v1,48.69,51,1887,14,Remarketing_30dias,Estático,2º Lançamento | Leads
3927,2025 | Setembro,Sábado,Final de semana,Leads,2025-09-27,bottomfunnel_engajamento_ig_estatico_v1,156.64,184,7643,8,Engajamento_Instagram,Estático,2º Lançamento | Leads
3928,2025 | Junho,Quinta-Feira,Dia útil,Leads,2025-06-05,topfunnel_lal1_compradores_estatico_v3,110.35,105,5127,31,LookALike_Compradores_1,Estático,1º Lançamento | Leads
3929,2025 | Fevereiro,Sábado,Final de semana,Leads,2025-02-15,topfunnel_lal2_leads_video_v3,167.93,104,19523,12,LookALike_Leads_2,Video,2º Lançamento | Leads
3930,2025 | Agosto,Sexta-Feira,Dia útil,Leads,2025-08-08,bottomfunnel_rmkt_30d_video_v3,87.14,11,2329,0,Remarketing_30dias,Video,2º Lançamento | Leads
3931,2025 | Setembro,Quinta-Feira,Dia útil,Vendas,2025-09-11,topfunnel_lal2_leads_video_v3,141.44,30,3620,2,LookALike_Leads_2,Video,2º Lançamento | Vendas
3932,2025 | Dezembro,Quinta-Feira,Dia útil,Leads,2025-12-11,topfunnel_interesses_dados_video_v2,120.5,177,9181,44,Interesses_Dados,Video,2º Lançamento | Leads
3933,2025 | Junho,Sábado,Final de semana,Leads,2025-06-14,topfunnel_lal1_compradores_estatico_v2,-60.22,523,11703,115,LookALike_Compradores_1,Estático,Campanha Contínua | Leads
3934,2025 | Outubro,Quinta-Feira,Dia útil,Leads,2025-10-16,bottomfunnel_rmkt_30d_carrossel_v2,114.52,170,6830,9,Remarketing_30dias,Carrossel,2º Lançamento | Leads
3935,2025 | Fevereiro,Quarta-Feira,Dia útil,Leads,2025-02-19,topfunnel_lal1_compradores_video_v2,46.65,91,2891,2,LookALike_Compradores_1,Video,Campanha Contínua | Leads
3936,2025 | Fevereiro,Segunda-Feira,Dia útil,Leads,2025-02-10,bottomfunnel_visitantes_site_video_v3,168.79,91,3794,26,Visitantes_Site,Video,2º Lançamento | Leads
3937,2025 | Fevereiro,Segunda-Feira,Dia útil,Leads,2025-02-24,bottomfunnel_engajamento_ig_estatico_v2,136.44,293,9998,62,Engajamento_Instagram,Estático,2º Lançamento | Leads
3938,2025 | Fevereiro,Sexta-Feira,Dia útil,Leads,2025-02-21,midfunnel_engajamento_ig_video_v2,30.05,24,816,0,Engajamento_Instagram,Video,1º Lançamento | Leads
3939,2025 | Março,Sexta-Feira,Dia útil,Leads,2025-03-07,topfunnel_cargos_dados_video_v2,9.41,9,424,2,Cargos_Dados,Video,1º Lançamento | Leads
3940,2025 | Abril,Sábado,Final de semana,Leads,2025-04-05,midfunnel_visitantes_site_carrossel_v2,20.66,22,761,5,Visitantes_Site,Carrossel,Campanha Contínua | Leads
3941,2025 | Janeiro,Terça-Feira,Dia útil,Leads,2025-01-07,bottomfunnel_engajamento_ig_estatico_v1,128.46,132,3413,10,Engajamento_Instagram,Estático,1º Lançamento | Leads
3942,2025 | Setembro,Domingo,Final de semana,Leads,2025-09-07,bottomfunnel_rmkt_60d_estatico_v3,111.52,74,3767,5,Remarketing_60dias,Estático,1º Lançamento | Leads
3943,2025 | Junho,Terça-Feira,Dia útil,Leads,2025-06-17,bottomfunnel_engajamento_ig_carrossel_v3,146.33,57,3690,5,Engajamento_Instagram,Carrossel,1º Lançamento | Leads
3944,2025 | Março,Domingo,Final de semana,Leads,2025-03-16,midfunnel_rmkt_60d_carrossel_v2,97.76,29,2510,1,Remarketing_60dias,Carrossel,2º Lançamento | Leads
3945,2025 | Maio,Quinta-Feira,Dia útil,Leads,2025-05-01,midfunnel_rmkt_60d_estatico_v1,169.89,173,4357,47,Remarketing_60dias,Estático,1º Lançamento | Leads
3946,2025 | Dezembro,Terça-Feira,Dia útil,Leads,2025-12-23,midfunnel_engajamento_ig_carrossel_v2,142.37,66,4689,11,Engajamento_Instagram,Carrossel,1º Lançamento | Leads
3947,2025 | Julho,Quarta-Feira,Dia útil,Leads,2025-07-16,midfunnel_rmkt_60d_estatico_v3,103.3,110,2906,27,Remarketing_60dias,Estático,Campanha Contínua | Leads
3948,2025 | Março,Quinta-Feira,Dia útil,Vendas,2025-03-06,midfunnel_engajamento_ig_carrossel_v2,131.41,151,5678,35,Engajamento_Instagram,Carrossel,2º Lançamento | Vendas
3949,2025 | Fevereiro,Domingo,Final de semana,Vendas,2025-02-02,midfunnel_rmkt_30d_estatico_v2,19.05,13,529,0,Remarketing_30dias,Estático,Campanha Contínua | Vendas
3950,2025 | Novembro,Sexta-Feira,Dia útil,Leads,2025-11-21,topfunnel_lal1_compradores_estatico_v1,126.29,128,7624,6,LookALike_Compradores_1,Estático,Campanha Contínua | Leads
3951,2025 | Dezembro,Terça-Feira,Dia útil,Leads,2025-12-09,midfunnel_rmkt_60d_estatico_v3,66.61,285,8274,68,Remarketing_60dias,Estático,2º Lançamento | Leads
3952,2025 | Agosto,Quinta-Feira,Dia útil,Leads,2025-08-21,topfunnel_lal2_leads_carrossel_v1,14.78,14,964,3,LookALike_Leads_2,Carrossel,2º Lançamento | Leads
3953,2025 | Maio,Terça-Feira,Dia útil,Leads,2025-05-20,topfunnel_cargos_dados_video_v2,60.74,39,1376,9,Cargos_Dados,Video,2º Lançamento | Leads
3954,2025 | Maio,Domingo,Final de semana,Leads,2025-05-18,bottomfunnel_rmkt_30d_estatico_v2,112.24,158,3806,26,Remarketing_30dias,Estático,1º Lançamento | Leads
3955,2025 | Novembro,Quinta-Feira,Dia útil,Vendas,2025-11-06,midfunnel_rmkt_30d_carrossel_v3,43.1,54,1208,5,Remarketing_30dias,Carrossel,1º Lançamento | Vendas
3956,2025 | Novembro,Quarta-Feira,Dia útil,Leads,2025-11-19,midfunnel_rmkt_60d_video_v2,5.5,13,387,1,Remarketing_60dias,Video,1º Lançamento | Leads
3957,2025 | Fevereiro,Segunda-Feira,Dia útil,Vendas,2025-02-03,topfunnel_lal1_compradores_estatico_v2,166.77,55,7355,13,LookALike_Compradores_1,Estático,1º Lançamento | Vendas
3958,2025 | Janeiro,Terça-Feira,Dia útil,Vendas,2025-01-14,bottomfunnel_engajamento_ig_carrossel_v2,74.74,111,6498,14,Engajamento_Instagram,Carrossel,2º Lançamento | Vendas
3959,2025 | Maio,Quarta-Feira,Dia útil,Leads,2025-05-28,bottomfunnel_rmkt_60d_estatico_v3,73.5,97,2435,12,Remarketing_60dias,Estático,Campanha Contínua | Leads
3960,2025 | Novembro,Sábado,Final de semana,Leads,2025-11-22,bottomfunnel_rmkt_60d_carrossel_v3,14.81,53,1753,7,Remarketing_60dias,Carrossel,1º Lançamento | Leads
3961,2025 | Janeiro,Segunda-Feira,Dia útil,Vendas,2025-01-13,topfunnel_lal2_leads_estatico_v1,136.25,239,5573,55,LookALike_Leads_2,Estático,1º Lançamento | Vendas
3962,2025 | Dezembro,Segunda-Feira,Dia útil,Leads,2025-12-01,midfunnel_rmkt_60d_carrossel_v1,147.32,76,3460,3,Remarketing_60dias,Carrossel,1º Lançamento | Leads
3963,2025 | Agosto,Sexta-Feira,Dia útil,Leads,2025-08-15,midfunnel_engajamento_ig_video_v2,111.86,61,7823,6,Engajamento_Instagram,Video,1º Lançamento | Leads
3964,2025 | Julho,Quarta-Feira,Dia útil,Leads,2025-07-02,bottomfunnel_engajamento_ig_estatico_v1,43.74,33,1340,6,Engajamento_Instagram,Estático,Campanha Contínua | Leads
3965,2025 | Julho,Segunda-Feira,Dia útil,Vendas,2025-07-28,midfunnel_visitantes_site_estatico_v1,103.24,307,8582,8,Visitantes_Site,Estático,1º Lançamento | Vendas
3966,2025 | Abril,Quarta-Feira,Dia útil,Leads,2025-04-30,topfunnel_lal1_compradores_video_v2,112.05,83,2988,10,LookALike_Compradores_1,Video,2º Lançamento | Leads
3967,2025 | Junho,Sábado,Final de semana,Leads,2025-06-28,midfunnel_engajamento_ig_carrossel_v3,111.38,79,3484,3,Engajamento_Instagram,Carrossel,2º Lançamento | Leads
3968,2025 | Abril,Segunda-Feira,Dia útil,Vendas,2025-04-21,midfunnel_rmkt_60d_estatico_v2,92.42,27,2674,7,Remarketing_60dias,Estático,Campanha Contínua | Vendas
3969,2025 | Outubro,Terça-Feira,Dia útil,Vendas,2025-10-14,midfunnel_engajamento_ig_estatico_v3,29.73,43,1155,7,Engajamento_Instagram,Estático,Campanha Contínua | Vendas
3970,2025 | Fevereiro,Segunda-Feira,Dia útil,Leads,2025-02-17,topfunnel_interesses_dados_video_v2,104.83,114,2812,17,Interesses_Dados,Video,Campanha Contínua | Leads
3971,2025 | Julho,Sábado,Final de semana,Leads,2025-07-19,topfunnel_lal1_compradores_estatico_v1,67.34,19,2347,5,LookALike_Compradores_1,Estático,2º Lançamento | Leads
3972,2025 | Agosto,Segunda-Feira,Dia útil,Leads,2025-08-25,topfunnel_interesses_dados_carrossel_v1,71.47,70,3479,17,Interesses_Dados,Carrossel,Campanha Contínua | Leads
3973,2025 | Novembro,Segunda-Feira,Dia útil,Leads,2025-11-10,bottomfunnel_visitantes_site_estatico_v2,73.61,49,1920,9,Visitantes_Site,Estático,1º Lançamento | Leads
3974,2025 | Fevereiro,Sábado,Final de semana,Vendas,2025-02-22,bottomfunnel_visitantes_site_estatico_v1,152.83,308,9240,27,Visitantes_Site,Estático,1º Lançamento | Vendas
3975,2025 | Setembro,Segunda-Feira,Dia útil,Vendas,2025-09-01,topfunnel_interesses_dados_carrossel_v3,177.44,270,7813,78,Interesses_Dados,Carrossel,2º Lançamento | Vendas
3976,2025 | Junho,Sábado,Final de semana,Leads,2025-06-14,topfunnel_lal1_compradores_estatico_v1,112.75,346,7816,7,LookALike_Compradores_1,Estático,Campanha Contínua | Leads
3977,2025 | Fevereiro,Terça-Feira,Dia útil,Vendas,2025-02-11,topfunnel_interesses_dados_carrossel_v3,12.33,6,322,0,Interesses_Dados,Carrossel,Campanha Contínua | Vendas
3978,2025 | Agosto,Domingo,Final de semana,Leads,2025-08-24,midfunnel_rmkt_60d_estatico_v1,170.69,17,4304,3,Remarketing_60dias,Estático,Campanha Contínua | Leads
3979,2025 | Setembro,Sábado,Final de semana,Leads,2025-09-20,bottomfunnel_rmkt_30d_carrossel_v3,174.94,133,4509,31,Remarketing_30dias,Carrossel,Campanha Contínua | Leads
3980,2025 | Dezembro,Segunda-Feira,Dia útil,Vendas,2025-12-29,midfunnel_engajamento_ig_estatico_v1,122.11,49,7599,10,Engajamento_Instagram,Estático,Campanha Contínua | Vendas
3981,2025 | Março,Quarta-Feira,Dia útil,Leads,2025-03-05,topfunnel_lal2_leads_carrossel_v1,113.99,200,4898,24,LookALike_Leads_2,Carrossel,2º Lançamento | Leads
3982,2025 | Agosto,Domingo,Final de semana,Leads,2025-08-03,topfunnel_cargos_dados_video_v1,139.55,48,5052,2,Cargos_Dados,Video,2º Lançamento | Leads
3983,2025 | Abril,Domingo,Final de semana,Vendas,2025-04-20,midfunnel_engajamento_ig_estatico_v2,70.73,66,2237,14,Engajamento_Instagram,Estático,1º Lançamento | Vendas
3984,2025 | Março,Sexta-Feira,Dia útil,Leads,2025-03-21,bottomfunnel_rmkt_60d_video_v3,44.88,28,1677,5,Remarketing_60dias,Video,Campanha Contínua | Leads
3985,2025 | Fevereiro,Segunda-Feira,Dia útil,Leads,2025-02-03,topfunnel_lal2_leads_estatico_v2,5.15,3,302,0,LookALike_Leads_2,Estático,1º Lançamento | Leads
3986,2025 | Outubro,Segunda-Feira,Dia útil,Vendas,2025-10-20,topfunnel_cargos_dados_estatico_v1,142.44,206,5133,40,Cargos_Dados,Estático,2º Lançamento | Vendas
3987,2025 | Agosto,Quinta-Feira,Dia útil,Vendas,2025-08-21,topfunnel_cargos_dados_estatico_v3,45.17,43,1527,8,Cargos_Dados,Estático,2º Lançamento | Vendas
3988,2025 | Março,Quarta-Feira,Dia útil,Vendas,2025-03-26,bottomfunnel_visitantes_site_video_v2,48.32,22,1451,6,Visitantes_Site,Video,Campanha Contínua | Vendas
3989,2025 | Novembro,Quarta-Feira,Dia útil,Leads,2025-11-19,midfunnel_engajamento_ig_carrossel_v1,15.7,5,424,0,Engajamento_Instagram,Carrossel,2º Lançamento | Leads
3990,2025 | Janeiro,Segunda-Feira,Dia útil,Leads,2025-01-13,topfunnel_lal1_compradores_estatico_v3,91.19,144,8177,31,LookALike_Compradores_1,Estático,Campanha Contínua | Leads
3991,2025 | Dezembro,Sexta-Feira,Dia útil,Vendas,2025-12-12,topfunnel_lal1_compradores_carrossel_v2,126.5,211,8923,32,LookALike_Compradores_1,Carrossel,Campanha Contínua | Vendas
3992,2025 | Janeiro,Segunda-Feira,Dia útil,Leads,2025-01-27,midfunnel_visitantes_site_carrossel_v3,29.47,12,856,39,Visitantes_Site,Carrossel,1º Lançamento | Leads
3993,2025 | Agosto,Quinta-Feira,Dia útil,Leads,2025-08-28,bottomfunnel_engajamento_ig_video_v2,131.16,96,8194,15,Engajamento_Instagram,Video,1º Lançamento | Leads
3994,2025 | Outubro,Quinta-Feira,Dia útil,Vendas,2025-10-02,topfunnel_cargos_dados_carrossel_v2,63.68,56,2060,8,Cargos_Dados,Carrossel,1º Lançamento | Vendas
3995,2025 | Agosto,Sexta-Feira,Dia útil,Vendas,2025-08-22,bottomfunnel_rmkt_30d_carrossel_v2,153.86,142,7815,25,Remarketing_30dias,Carrossel,Campanha Contínua | Vendas
3996,2025 | Março,Domingo,Final de semana,Leads,2025-03-16,topfunnel_lal2_leads_estatico_v3,17.65,53,1699,15,LookALike_Leads_2,Estático,2º Lançamento | Leads
3997,2025 | Janeiro,Terça-Feira,Dia útil,Leads,2025-01-07,bottomfunnel_engajamento_ig_video_v2,172.52,148,6864,7,Engajamento_Instagram,Video,2º Lançamento | Leads
3998,2025 | Outubro,Domingo,Final de semana,Leads,2025-10-12,topfunnel_cargos_dados_video_v1,7.94,5,930,0,Cargos_Dados,Video,1º Lançamento | Leads
3999,2025 | Janeiro,Sexta-Feira,Dia útil,Vendas,2025-01-17,topfunnel_cargos_dados_carrossel_v1,114.02,68,2545,11,Cargos_Dados,Carrossel,1º Lançamento | Vendas
4000,2025 | Março,Sábado,Final de semana,Vendas,2025-03-29,topfunnel_lal1_compradores_estatico_v3,129.61,35,4727,6,LookALike_Compradores_1,Estático,1º Lançamento | Vendas
4001,2025 | Agosto,Quinta-Feira,Dia útil,Vendas,2025-08-07,bottomfunnel_rmkt_60d_carrossel_v1,35.14,5,1380,0,Remarketing_60dias,Carrossel,1º Lançamento | Vendas
4002,2025 | Outubro,Quinta-Feira,Dia útil,Leads,2025-10-09,topfunnel_lal2_leads_estatico_v3,14.81,4,445,0,LookALike_Leads_2,Estático,2º Lançamento | Leads
4003,2025 | Abril,Sexta-Feira,Dia útil,Vendas,2025-04-18,midfunnel_visitantes_site_video_v3,132.32,115,6580,24,Visitantes_Site,Video,1º Lançamento | Vendas
4004,2025 | Janeiro,Sexta-Feira,Dia útil,Vendas,2025-01-10,topfunnel_interesses_dados_video_v3,22.88,30,1189,2,Interesses_Dados,Video,1º Lançamento | Vendas
4005,2025 | Março,Sexta-Feira,Dia útil,Leads,2025-03-07,topfunnel_cargos_dados_video_v3,10.96,3,695,0,Cargos_Dados,Video,1º Lançamento | Leads
4006,2025 | Maio,Domingo,Final de semana,Leads,2025-05-04,topfunnel_cargos_dados_carrossel_v3,96.39,488,11893,101,Cargos_Dados,Carrossel,Campanha Contínua | Leads
4007,2025 | Março,Sexta-Feira,Dia útil,Vendas,2025-03-14,bottomfunnel_rmkt_60d_video_v2,145.72,220,4981,51,Remarketing_60dias,Video,1º Lançamento | Vendas
4008,2025 | Outubro,Terça-Feira,Dia útil,Leads,2025-10-14,topfunnel_interesses_dados_estatico_v3,72.86,222,5788,53,Interesses_Dados,Estático,Campanha Contínua | Leads
4009,2025 | Julho,Quinta-Feira,Dia útil,Vendas,2025-07-17,topfunnel_lal2_leads_carrossel_v3,56.73,129,3297,11,LookALike_Leads_2,Carrossel,2º Lançamento | Vendas
4010,2025 | Maio,Sábado,Final de semana,Leads,2025-05-10,topfunnel_lal1_compradores_estatico_v1,79.87,103,4496,2,LookALike_Compradores_1,Estático,Campanha Contínua | Leads
4011,2025 | Maio,Quarta-Feira,Dia útil,Leads,2025-05-28,midfunnel_visitantes_site_carrossel_v1,60.93,45,1888,4,Visitantes_Site,Carrossel,Campanha Contínua | Leads
4012,2025 | Julho,Quinta-Feira,Dia útil,Vendas,2025-07-31,topfunnel_cargos_dados_carrossel_v1,106.58,49,5626,1,Cargos_Dados,Carrossel,1º Lançamento | Vendas
4013,2025 | Dezembro,Segunda-Feira,Dia útil,Leads,2025-12-01,bottomfunnel_engajamento_ig_carrossel_v1,132.22,32,3613,8,Engajamento_Instagram,Carrossel,Campanha Contínua | Leads
4014,2025 | Junho,Quinta-Feira,Dia útil,Leads,2025-06-19,midfunnel_rmkt_30d_carrossel_v1,119.77,114,2706,12,Remarketing_30dias,Carrossel,Campanha Contínua | Leads
4015,2025 | Abril,Quarta-Feira,Dia útil,Vendas,2025-04-09,topfunnel_lal2_leads_carrossel_v2,44.21,36,1050,10,LookALike_Leads_2,Carrossel,Campanha Contínua | Vendas
4016,2025 | Junho,Sexta-Feira,Dia útil,Leads,2025-06-06,bottomfunnel_engajamento_ig_video_v3,156.99,193,10231,45,Engajamento_Instagram,Video,1º Lançamento | Leads
4017,2025 | Março,Sábado,Final de semana,Vendas,2025-03-01,topfunnel_cargos_dados_estatico_v2,92.41,43,3832,6,Cargos_Dados,Estático,Campanha Contínua | Vendas
4018,2025 | Outubro,Sexta-Feira,Dia útil,Leads,2025-10-10,midfunnel_engajamento_ig_video_v1,177.01,272,9712,79,Engajamento_Instagram,Video,1º Lançamento | Leads
4019,2025 | Maio,Domingo,Final de semana,Vendas,2025-05-11,midfunnel_visitantes_site_carrossel_v3,137.26,206,5399,29,Visitantes_Site,Carrossel,2º Lançamento | Vendas
4020,2025 | Março,Domingo,Final de semana,Leads,2025-03-09,bottomfunnel_rmkt_30d_estatico_v3,138.85,81,4279,21,Remarketing_30dias,Estático,1º Lançamento | Leads
4021,2025 | Junho,Segunda-Feira,Dia útil,Vendas,2025-06-16,bottomfunnel_visitantes_site_carrossel_v2,59.51,65,2258,16,Visitantes_Site,Carrossel,1º Lançamento | Vendas
4022,2025 | Dezembro,Segunda-Feira,Dia útil,Leads,2025-12-15,topfunnel_lal2_leads_carrossel_v3,42.17,43,1232,6,LookALike_Leads_2,Carrossel,1º Lançamento | Leads
4023,2025 | Agosto,Sexta-Feira,Dia útil,Vendas,2025-08-15,midfunnel_visitantes_site_carrossel_v1,179.52,612,22381,165,Visitantes_Site,Carrossel,2º Lançamento | Vendas
4024,2025 | Setembro,Segunda-Feira,Dia útil,Leads,2025-09-29,topfunnel_lal1_compradores_video_v2,119.53,31,2736,7,LookALike_Compradores_1,Video,1º Lançamento | Leads
4025,2025 | Julho,Segunda-Feira,Dia útil,Vendas,2025-07-14,midfunnel_engajamento_ig_video_v3,37.25,47,1492,1,Engajamento_Instagram,Video,Campanha Contínua | Vendas
4026,2025 | Setembro,Quarta-Feira,Dia útil,Vendas,2025-09-17,bottomfunnel_rmkt_30d_video_v2,71.8,52,6025,4,Remarketing_30dias,Video,Campanha Contínua | Vendas
4027,2025 | Novembro,Quinta-Feira,Dia útil,Vendas,2025-11-06,topfunnel_lal2_leads_carrossel_v3,24.98,86,2100,9,LookALike_Leads_2,Carrossel,2º Lançamento | Vendas
4028,2025 | Janeiro,Sábado,Final de semana,Vendas,2025-01-25,bottomfunnel_rmkt_30d_video_v3,98.53,66,3621,16,Remarketing_30dias,Video,Campanha Contínua | Vendas
4029,2025 | Julho,Segunda-Feira,Dia útil,Vendas,2025-07-07,midfunnel_engajamento_ig_carrossel_v3,139.7,108,7958,19,Engajamento_Instagram,Carrossel,2º Lançamento | Vendas
4030,2025 | Dezembro,Terça-Feira,Dia útil,Leads,2025-12-23,topfunnel_lal1_compradores_carrossel_v1,85.97,51,3260,9,LookALike_Compradores_1,Carrossel,Campanha Contínua | Leads
4031,2025 | Dezembro,Segunda-Feira,Dia útil,Vendas,2025-12-01,bottomfunnel_rmkt_60d_estatico_v3,162.37,198,5011,21,Remarketing_60dias,Estático,1º Lançamento | Vendas
4032,2025 | Janeiro,Quinta-Feira,Dia útil,Leads,2025-01-23,topfunnel_cargos_dados_carrossel_v2,26.54,35,837,3,Cargos_Dados,Carrossel,1º Lançamento | Leads
4033,2025 | Junho,Segunda-Feira,Dia útil,Vendas,2025-06-02,midfunnel_visitantes_site_carrossel_v3,71.9,57,1685,5,Visitantes_Site,Carrossel,Campanha Contínua | Vendas
4034,2025 | Novembro,Domingo,Final de semana,Vendas,2025-11-30,bottomfunnel_rmkt_30d_carrossel_v3,115.54,99,2895,14,Remarketing_30dias,Carrossel,Campanha Contínua | Vendas
4035,2025 | Dezembro,Sábado,Final de semana,Vendas,2025-12-27,bottomfunnel_engajamento_ig_estatico_v2,92.56,179,5696,20,Engajamento_Instagram,Estático,Campanha Contínua | Vendas
4036,2025 | Outubro,Sexta-Feira,Dia útil,Leads,2025-10-10,topfunnel_lal2_leads_carrossel_v2,179.29,184,11157,5,LookALike_Leads_2,Carrossel,Campanha Contínua | Leads
4037,2025 | Abril,Sexta-Feira,Dia útil,Leads,2025-04-18,topfunnel_lal2_leads_carrossel_v3,19.87,13,594,3,LookALike_Leads_2,Carrossel,1º Lançamento | Leads
4038,2025 | Dezembro,Quinta-Feira,Dia útil,Vendas,2025-12-18,midfunnel_rmkt_30d_estatico_v3,113.69,112,4339,14,Remarketing_30dias,Estático,1º Lançamento | Vendas
4039,2025 | Março,Terça-Feira,Dia útil,Leads,2025-03-18,midfunnel_visitantes_site_estatico_v1,162.99,198,7048,22,Visitantes_Site,Estático,Campanha Contínua | Leads
4040,2025 | Junho,Sexta-Feira,Dia útil,Vendas,2025-06-20,topfunnel_lal1_compradores_carrossel_v1,42.3,50,1165,14,LookALike_Compradores_1,Carrossel,Campanha Contínua | Vendas
4041,2025 | Julho,Segunda-Feira,Dia útil,Leads,2025-07-21,topfunnel_cargos_dados_estatico_v1,58.16,31,1771,1,Cargos_Dados,Estático,Campanha Contínua | Leads
4042,2025 | Agosto,Terça-Feira,Dia útil,Leads,2025-08-19,topfunnel_lal1_compradores_video_v1,174.42,242,10206,9,LookALike_Compradores_1,Video,2º Lançamento | Leads
4043,2025 | Novembro,Segunda-Feira,Dia útil,Leads,2025-11-10,topfunnel_lal1_compradores_carrossel_v1,128.59,118,6555,17,LookALike_Compradores_1,Carrossel,1º Lançamento | Leads
4044,2025 | Março,Terça-Feira,Dia útil,Leads,2025-03-18,bottomfunnel_engajamento_ig_video_v2,15.57,11,663,3,Engajamento_Instagram,Video,2º Lançamento | Leads
4045,2025 | Outubro,Quinta-Feira,Dia útil,Leads,2025-10-16,topfunnel_lal2_leads_estatico_v1,138.46,313,11550,87,LookALike_Leads_2,Estático,Campanha Contínua | Leads
4046,2025 | Fevereiro,Segunda-Feira,Dia útil,Vendas,2025-02-17,topfunnel_cargos_dados_estatico_v3,132.5,137,3574,15,Cargos_Dados,Estático,2º Lançamento | Vendas
4047,2025 | Julho,Domingo,Final de semana,Leads,2025-07-27,topfunnel_cargos_dados_video_v1,163.38,79,5831,17,Cargos_Dados,Video,1º Lançamento | Leads
4048,2025 | Julho,Domingo,Final de semana,Leads,2025-07-06,bottomfunnel_rmkt_60d_estatico_v1,121.64,54,2851,5,Remarketing_60dias,Estático,2º Lançamento | Leads
4049,2025 | Outubro,Sábado,Final de semana,Leads,2025-10-25,topfunnel_cargos_dados_estatico_v1,127.76,131,5354,20,Cargos_Dados,Estático,Campanha Contínua | Leads
4050,2025 | Novembro,Sexta-Feira,Dia útil,Vendas,2025-11-07,midfunnel_rmkt_60d_video_v3,26.8,51,1156,9,Remarketing_60dias,Video,Campanha Contínua | Vendas
4051,2025 | Fevereiro,Sábado,Final de semana,Leads,2025-02-01,midfunnel_engajamento_ig_video_v3,34.08,13,961,2,Engajamento_Instagram,Video,Campanha Contínua | Leads
4052,2025 | Dezembro,Sexta-Feira,Dia útil,Vendas,2025-12-05,topfunnel_cargos_dados_estatico_v3,5.58,1,129,0,Cargos_Dados,Estático,2º Lançamento | Vendas
4053,2025 | Julho,Sexta-Feira,Dia útil,Vendas,2025-07-11,topfunnel_lal1_compradores_estatico_v1,83.78,59,2755,16,LookALike_Compradores_1,Estático,2º Lançamento | Vendas
4054,2025 | Janeiro,Segunda-Feira,Dia útil,Vendas,2025-01-13,topfunnel_interesses_dados_estatico_v3,21.64,28,2294,7,Interesses_Dados,Estático,2º Lançamento | Vendas
4055,2025 | Junho,Domingo,Final de semana,Leads,2025-06-08,topfunnel_lal2_leads_estatico_v3,86.92,53,6185,3,LookALike_Leads_2,Estático,1º Lançamento | Leads
4056,2025 | Outubro,Sexta-Feira,Dia útil,Vendas,2025-10-10,midfunnel_rmkt_30d_carrossel_v3,132.91,23,3352,4,Remarketing_30dias,Carrossel,Campanha Contínua | Vendas
4057,2025 | Julho,Domingo,Final de semana,Vendas,2025-07-13,topfunnel_cargos_dados_video_v1,153.39,222,9410,14,Cargos_Dados,Video,2º Lançamento | Vendas
4058,2025 | Janeiro,Quarta-Feira,Dia útil,Vendas,2025-01-22,topfunnel_cargos_dados_video_v3,43.89,60,1745,4,Cargos_Dados,Video,1º Lançamento | Vendas
4059,2025 | Junho,Quarta-Feira,Dia útil,Leads,2025-06-11,bottomfunnel_visitantes_site_estatico_v1,160.59,24,3774,1,Visitantes_Site,Estático,1º Lançamento | Leads
4060,2025 | Dezembro,Domingo,Final de semana,Vendas,2025-12-21,topfunnel_lal1_compradores_video_v1,77.3,16,2634,1,LookALike_Compradores_1,Video,2º Lançamento | Vendas
4061,2025 | Dezembro,Sábado,Final de semana,Leads,2025-12-27,bottomfunnel_visitantes_site_video_v2,74.98,40,1910,8,Visitantes_Site,Video,1º Lançamento | Leads
4062,2025 | Novembro,Sexta-Feira,Dia útil,Leads,2025-11-28,midfunnel_rmkt_60d_estatico_v3,113.9,122,2716,8,Remarketing_60dias,Estático,2º Lançamento | Leads
4063,2025 | Abril,Terça-Feira,Dia útil,Leads,2025-04-22,topfunnel_lal2_leads_carrossel_v2,85.8,78,3036,1,LookALike_Leads_2,Carrossel,1º Lançamento | Leads
4064,2025 | Dezembro,Quarta-Feira,Dia útil,Vendas,2025-12-23,bottomfunnel_rmkt_60d_estatico_v2,85.59,14,2332,1,Remarketing_60dias,Estático,1º Lançamento | Vendas
4065,2025 | Novembro,Terça-Feira,Dia útil,Leads,2025-11-11,topfunnel_lal2_leads_video_v3,56.87,16,2498,3,LookALike_Leads_2,Video,Campanha Contínua | Leads
4066,2025 | Março,Segunda-Feira,Dia útil,Vendas,2025-03-17,topfunnel_interesses_dados_carrossel_v3,136.67,171,7803,3,Interesses_Dados,Carrossel,1º Lançamento | Vendas
4067,2025 | Setembro,Quarta-Feira,Dia útil,Leads,2025-09-10,bottomfunnel_engajamento_ig_video_v2,131.83,145,5802,35,Engajamento_Instagram,Video,1º Lançamento | Leads
4068,2025 | Dezembro,Sábado,Final de semana,Vendas,2025-12-20,bottomfunnel_engajamento_ig_estatico_v2,174.57,113,5946,4,Engajamento_Instagram,Estático,2º Lançamento | Vendas
4069,2025 | Outubro,Domingo,Final de semana,Leads,2025-10-26,topfunnel_interesses_dados_video_v2,26.2,10,785,1,Interesses_Dados,Video,Campanha Contínua | Leads
4070,2025 | Maio,Segunda-Feira,Dia útil,Leads,2025-05-19,midfunnel_engajamento_ig_video_v3,109.7,66,2484,6,Engajamento_Instagram,Video,1º Lançamento | Leads
4071,2025 | Setembro,Quinta-Feira,Dia útil,Leads,2025-09-25,topfunnel_interesses_dados_estatico_v1,125.35,109,3402,17,Interesses_Dados,Estático,1º Lançamento | Leads
4072,2025 | Julho,Segunda-Feira,Dia útil,Leads,2025-07-07,topfunnel_lal2_leads_estatico_v3,20.86,11,483,1,LookALike_Leads_2,Estático,2º Lançamento | Leads
4073,2025 | Abril,Sábado,Final de semana,Leads,2025-04-26,bottomfunnel_visitantes_site_carrossel_v3,69.83,63,2061,6,Visitantes_Site,Carrossel,1º Lançamento | Leads
4074,2025 | Dezembro,Terça-Feira,Dia útil,Leads,2025-12-09,topfunnel_interesses_dados_video_v1,166.93,23,5733,4,Interesses_Dados,Video,1º Lançamento | Leads
4075,2025 | Fevereiro,Segunda-Feira,Dia útil,Leads,2025-02-24,midfunnel_visitantes_site_video_v1,68.57,158,5079,28,Visitantes_Site,Video,1º Lançamento | Leads
4076,2025 | Dezembro,Quinta-Feira,Dia útil,Vendas,2025-12-18,midfunnel_rmkt_30d_carrossel_v1,17.04,4,381,1,Remarketing_30dias,Carrossel,2º Lançamento | Vendas
4077,2025 | Julho,Domingo,Final de semana,Vendas,2025-07-06,topfunnel_lal2_leads_estatico_v3,84.28,78,2505,22,LookALike_Leads_2,Estático,Campanha Contínua | Vendas
4078,2025 | Abril,Segunda-Feira,Dia útil,Vendas,2025-04-28,bottomfunnel_engajamento_ig_estatico_v3,57.39,16,1480,0,Engajamento_Instagram,Estático,Campanha Contínua | Vendas
4079,2025 | Dezembro,Domingo,Final de semana,Vendas,2025-12-14,midfunnel_rmkt_60d_carrossel_v1,52.43,19,2283,4,Remarketing_60dias,Carrossel,1º Lançamento | Vendas
4080,2025 | Agosto,Quinta-Feira,Dia útil,Leads,2025-08-14,midfunnel_visitantes_site_video_v1,83.9,66,2273,5,Visitantes_Site,Video,2º Lançamento | Leads
4081,2025 | Agosto,Terça-Feira,Dia útil,Vendas,2025-08-05,bottomfunnel_engajamento_ig_carrossel_v2,97.21,112,2737,26,Engajamento_Instagram,Carrossel,1º Lançamento | Vendas
4082,2025 | Setembro,Segunda-Feira,Dia útil,Leads,2025-09-29,topfunnel_lal2_leads_video_v2,55.96,63,1731,10,LookALike_Leads_2,Video,Campanha Contínua | Leads
4083,2025 | Julho,Domingo,Final de semana,Leads,2025-07-20,topfunnel_interesses_dados_estatico_v2,106.91,73,11508,21,Interesses_Dados,Estático,2º Lançamento | Leads
4084,2025 | Setembro,Segunda-Feira,Dia útil,Leads,2025-09-15,midfunnel_rmkt_60d_carrossel_v3,65.6,65,3758,11,Remarketing_60dias,Carrossel,Campanha Contínua | Leads
4085,2025 | Outubro,Segunda-Feira,Dia útil,Leads,2025-10-13,topfunnel_cargos_dados_estatico_v2,138.26,307,7003,69,Cargos_Dados,Estático,1º Lançamento | Leads
4086,2025 | Fevereiro,Quarta-Feira,Dia útil,Vendas,2025-02-19,topfunnel_interesses_dados_carrossel_v1,164.21,222,6044,57,Interesses_Dados,Carrossel,Campanha Contínua | Vendas
4087,2025 | Maio,Sexta-Feira,Dia útil,Leads,2025-05-09,bottomfunnel_engajamento_ig_carrossel_v3,41.97,41,2968,10,Engajamento_Instagram,Carrossel,2º Lançamento | Leads
4088,2025 | Março,Domingo,Final de semana,Leads,2025-03-02,bottomfunnel_rmkt_30d_video_v3,125.76,127,3920,32,Remarketing_30dias,Video,1º Lançamento | Leads
4089,2025 | Janeiro,Terça-Feira,Dia útil,Vendas,2025-01-21,topfunnel_cargos_dados_carrossel_v2,49.48,103,2377,16,Cargos_Dados,Carrossel,1º Lançamento | Vendas
4090,2025 | Janeiro,Domingo,Final de semana,Leads,2025-01-05,midfunnel_visitantes_site_estatico_v3,94.27,55,2314,13,Visitantes_Site,Estático,1º Lançamento | Leads
4091,2025 | Novembro,Domingo,Final de semana,Leads,2025-11-09,topfunnel_interesses_dados_estatico_v2,174.98,339,10027,33,Interesses_Dados,Estático,2º Lançamento | Leads
4092,2025 | Julho,Quinta-Feira,Dia útil,Leads,2025-07-17,topfunnel_cargos_dados_carrossel_v1,168.55,92,3878,15,Cargos_Dados,Carrossel,2º Lançamento | Leads
4093,2025 | Dezembro,Terça-Feira,Dia útil,Leads,2025-12-16,topfunnel_cargos_dados_video_v2,78.79,77,3158,13,Cargos_Dados,Video,2º Lançamento | Leads
4094,2025 | Junho,Quinta-Feira,Dia útil,Vendas,2025-06-26,topfunnel_cargos_dados_estatico_v2,155.91,117,3993,18,Cargos_Dados,Estático,Campanha Contínua | Vendas
4095,2025 | Novembro,Quinta-Feira,Dia útil,Leads,2025-11-13,topfunnel_lal2_leads_estatico_v2,10552.06,70696,4577584,28660,LookALike_Leads_2,Estático,2º Lançamento | Leads
4096,2025 | Fevereiro,Quarta-Feira,Dia útil,Leads,2025-02-05,topfunnel_lal1_compradores_video_v3,166.9,542,12799,161,LookALike_Compradores_1,Video,1º Lançamento | Leads
4097,2025 | Agosto,Sexta-Feira,Dia útil,Vendas,2025-08-01,topfunnel_lal1_compradores_carrossel_v2,173.35,233,7194,26,LookALike_Compradores_1,Carrossel,1º Lançamento | Vendas
4098,2025 | Dezembro,Quarta-Feira,Dia útil,Leads,2025-12-24,midfunnel_rmkt_60d_estatico_v3,109.5,347,9047,88,Remarketing_60dias,Estático,Campanha Contínua | Leads
4099,2025 | Maio,Terça-Feira,Dia útil,Vendas,2025-05-27,topfunnel_lal2_leads_carrossel_v1,77.39,38,2082,2,LookALike_Leads_2,Carrossel,1º Lançamento | Vendas
4100,2025 | Julho,Sexta-Feira,Dia útil,Leads,2025-07-04,midfunnel_engajamento_ig_video_v3,166.08,27,4140,7,Engajamento_Instagram,Video,2º Lançamento | Leads
4101,2025 | Janeiro,Quarta-Feira,Dia útil,Vendas,2025-01-15,bottomfunnel_visitantes_site_carrossel_v3,7.87,5,399,0,Visitantes_Site,Carrossel,1º Lançamento | Vendas
4102,2025 | Dezembro,Domingo,Final de semana,Leads,2025-12-28,midfunnel_rmkt_60d_video_v1,40.34,52,1661,12,Remarketing_60dias,Video,Campanha Contínua | Leads
4103,2025 | Setembro,Terça-Feira,Dia útil,Leads,2025-09-09,midfunnel_engajamento_ig_carrossel_v2,55.44,25,1376,1,Engajamento_Instagram,Carrossel,1º Lançamento | Leads
4104,2025 | Fevereiro,Domingo,Final de semana,Leads,2025-02-23,topfunnel_interesses_dados_video_v3,126.49,187,4830,32,Interesses_Dados,Video,2º Lançamento | Leads
4105,2025 | Outubro,Sábado,Final de semana,Vendas,2025-10-04,topfunnel_lal1_compradores_estatico_v2,16.27,7,481,1,LookALike_Compradores_1,Estático,Campanha Contínua | Vendas
4106,2025 | Junho,Quinta-Feira,Dia útil,Leads,2025-06-19,bottomfunnel_engajamento_ig_video_v2,60.38,11,1554,3,Engajamento_Instagram,Video,1º Lançamento | Leads
4107,2025 | Novembro,Terça-Feira,Dia útil,Vendas,2025-11-18,topfunnel_cargos_dados_estatico_v1,15.99,34,1115,7,Cargos_Dados,Estático,2º Lançamento | Vendas
4108,2025 | Agosto,Domingo,Final de semana,Leads,2025-08-10,bottomfunnel_visitantes_site_carrossel_v2,107.11,79,3109,8,Visitantes_Site,Carrossel,Campanha Contínua | Leads
4109,2025 | Setembro,Domingo,Final de semana,Vendas,2025-09-14,midfunnel_rmkt_60d_estatico_v2,29.86,55,1759,14,Remarketing_60dias,Estático,1º Lançamento | Vendas
4110,2025 | Novembro,Quarta-Feira,Dia útil,Leads,2025-11-12,topfunnel_lal2_leads_video_v3,136.45,332,9608,91,LookALike_Leads_2,Video,1º Lançamento | Leads
4111,2025 | Agosto,Domingo,Final de semana,Vendas,2025-08-10,midfunnel_engajamento_ig_estatico_v2,167.48,123,4689,7,Engajamento_Instagram,Estático,Campanha Contínua | Vendas
4112,2025 | Dezembro,Sexta-Feira,Dia útil,Vendas,2025-12-26,bottomfunnel_visitantes_site_video_v1,96.43,120,2729,26,Visitantes_Site,Video,1º Lançamento | Vendas
4113,2025 | Janeiro,Sábado,Final de semana,Leads,2025-01-04,topfunnel_lal2_leads_estatico_v3,42.7,104,2380,29,LookALike_Leads_2,Estático,1º Lançamento | Leads
4114,2025 | Julho,Segunda-Feira,Dia útil,Leads,2025-07-28,bottomfunnel_rmkt_30d_video_v3,114.91,105,3016,30,Remarketing_30dias,Video,Campanha Contínua | Leads
4115,2025 | Dezembro,Sábado,Final de semana,Leads,2025-12-27,bottomfunnel_rmkt_30d_estatico_v1,36.74,44,1145,11,Remarketing_30dias,Estático,2º Lançamento | Leads
4116,2025 | Setembro,Sábado,Final de semana,Vendas,2025-09-13,topfunnel_lal1_compradores_video_v2,61.18,55,2974,10,LookALike_Compradores_1,Video,1º Lançamento | Vendas
4117,2025 | Fevereiro,Sábado,Final de semana,Vendas,2025-02-01,topfunnel_lal2_leads_video_v3,115.4,32,2995,3,LookALike_Leads_2,Video,2º Lançamento | Vendas
4118,2025 | Janeiro,Domingo,Final de semana,Leads,2025-01-12,topfunnel_cargos_dados_estatico_v1,137.99,55,3141,6,Cargos_Dados,Estático,2º Lançamento | Leads
4119,2025 | Setembro,Quarta-Feira,Dia útil,Leads,2025-09-24,bottomfunnel_rmkt_30d_carrossel_v2,117.74,51,6247,7,Remarketing_30dias,Carrossel,Campanha Contínua | Leads
4120,2025 | Outubro,Sexta-Feira,Dia útil,Vendas,2025-10-03,topfunnel_interesses_dados_estatico_v3,77.29,32,2087,8,Interesses_Dados,Estático,2º Lançamento | Vendas
4121,2025 | Abril,Quarta-Feira,Dia útil,Leads,2025-04-30,midfunnel_visitantes_site_estatico_v2,173.59,298,9482,80,Visitantes_Site,Estático,Campanha Contínua | Leads
4122,2025 | Dezembro,Quarta-Feira,Dia útil,Leads,2025-12-10,midfunnel_rmkt_30d_video_v3,34.15,37,867,2,Remarketing_30dias,Video,Campanha Contínua | Leads
4123,2025 | Novembro,Quarta-Feira,Dia útil,Leads,2025-11-05,topfunnel_lal2_leads_carrossel_v2,7.65,5,236,0,LookALike_Leads_2,Carrossel,Campanha Contínua | Leads
4124,2025 | Novembro,Terça-Feira,Dia útil,Leads,2025-11-11,bottomfunnel_visitantes_site_carrossel_v1,77.36,176,8431,34,Visitantes_Site,Carrossel,Campanha Contínua | Leads
4125,2025 | Junho,Domingo,Final de semana,Leads,2025-06-15,topfunnel_interesses_dados_video_v3,10.88,3,273,0,Interesses_Dados,Video,Campanha Contínua | Leads
4126,2025 | Março,Domingo,Final de semana,Leads,2025-03-02,topfunnel_lal2_leads_video_v2,28.02,31,1720,5,LookALike_Leads_2,Video,1º Lançamento | Leads
4127,2025 | Junho,Sábado,Final de semana,Vendas,2025-06-14,topfunnel_interesses_dados_video_v3,122.07,53,2837,4,Interesses_Dados,Video,2º Lançamento | Vendas
4128,2025 | Maio,Sábado,Final de semana,Vendas,2025-05-24,bottomfunnel_rmkt_30d_estatico_v2,6.26,4,198,0,Remarketing_30dias,Estático,2º Lançamento | Vendas
4129,2025 | Fevereiro,Quinta-Feira,Dia útil,Vendas,2025-02-06,bottomfunnel_engajamento_ig_estatico_v3,112.73,186,4487,38,Engajamento_Instagram,Estático,2º Lançamento | Vendas
4130,2025 | Junho,Segunda-Feira,Dia útil,Vendas,2025-06-30,bottomfunnel_visitantes_site_carrossel_v3,103.68,11,2349,1,Visitantes_Site,Carrossel,Campanha Contínua | Vendas
4131,2025 | Maio,Sábado,Final de semana,Vendas,2025-05-03,midfunnel_engajamento_ig_video_v2,22.87,33,846,9,Engajamento_Instagram,Video,2º Lançamento | Vendas
4132,2025 | Fevereiro,Sábado,Final de semana,Leads,2025-02-08,bottomfunnel_visitantes_site_video_v1,133.68,78,4110,19,Visitantes_Site,Video,1º Lançamento | Leads
4133,2025 | Agosto,Quinta-Feira,Dia útil,Vendas,2025-08-21,topfunnel_cargos_dados_video_v2,117.89,68,10195,13,Cargos_Dados,Video,1º Lançamento | Vendas
4134,2025 | Fevereiro,Segunda-Feira,Dia útil,Leads,2025-02-17,bottomfunnel_visitantes_site_estatico_v3,55.01,150,4071,4,Visitantes_Site,Estático,Campanha Contínua | Leads
4135,2025 | Março,Terça-Feira,Dia útil,Leads,2025-03-11,bottomfunnel_engajamento_ig_carrossel_v2,38.44,50,1424,2,Engajamento_Instagram,Carrossel,1º Lançamento | Leads
4136,2025 | Abril,Segunda-Feira,Dia útil,Vendas,2025-04-07,midfunnel_visitantes_site_carrossel_v1,130.92,125,11496,37,Visitantes_Site,Carrossel,2º Lançamento | Vendas
4137,2025 | Janeiro,Domingo,Final de semana,Vendas,2025-01-05,topfunnel_cargos_dados_carrossel_v1,179.76,118,7443,29,Cargos_Dados,Carrossel,1º Lançamento | Vendas
4138,2025 | Outubro,Quarta-Feira,Dia útil,Leads,2025-10-22,topfunnel_cargos_dados_carrossel_v1,148.54,67,3592,16,Cargos_Dados,Carrossel,1º Lançamento | Leads
4139,2025 | Julho,Terça-Feira,Dia útil,Leads,2025-07-01,midfunnel_visitantes_site_carrossel_v3,7.28,4,172,1,Visitantes_Site,Carrossel,1º Lançamento | Leads
4140,2025 | Março,Terça-Feira,Dia útil,Vendas,2025-03-11,bottomfunnel_rmkt_30d_video_v2,74.68,272,6670,12,Remarketing_30dias,Video,1º Lançamento | Vendas
4141,2025 | Abril,Terça-Feira,Dia útil,Vendas,2025-04-15,bottomfunnel_rmkt_30d_estatico_v2,14.69,32,922,6,Remarketing_30dias,Estático,Campanha Contínua | Vendas
4142,2025 | Abril,Terça-Feira,Dia útil,Vendas,2025-04-01,bottomfunnel_engajamento_ig_carrossel_v1,35.45,79,2103,4,Engajamento_Instagram,Carrossel,1º Lançamento | Vendas
4143,2025 | Março,Quarta-Feira,Dia útil,Leads,2025-03-19,topfunnel_cargos_dados_carrossel_v1,159.21,114,4657,34,Cargos_Dados,Carrossel,1º Lançamento | Leads
4144,2025 | Fevereiro,Segunda-Feira,Dia útil,Leads,2025-02-17,midfunnel_rmkt_60d_carrossel_v1,112.21,15,2598,2,Remarketing_60dias,Carrossel,Campanha Contínua | Leads
4145,2025 | Dezembro,Quarta-Feira,Dia útil,Leads,2025-12-31,bottomfunnel_engajamento_ig_carrossel_v2,146.2,92,10565,16,Engajamento_Instagram,Carrossel,Campanha Contínua | Leads
4146,2025 | Outubro,Quarta-Feira,Dia útil,Vendas,2025-10-22,topfunnel_lal1_compradores_carrossel_v1,14.94,15,932,4,LookALike_Compradores_1,Carrossel,Campanha Contínua | Vendas
4147,2025 | Dezembro,Terça-Feira,Dia útil,Leads,2025-12-23,topfunnel_lal2_leads_video_v1,137.47,100,3386,15,LookALike_Leads_2,Video,2º Lançamento | Leads
4148,2025 | Dezembro,Quarta-Feira,Dia útil,Vendas,2025-12-31,topfunnel_interesses_dados_estatico_v1,4.51,4,139,1,Interesses_Dados,Estático,1º Lançamento | Vendas
4149,2025 | Novembro,Quinta-Feira,Dia útil,Leads,2025-11-13,topfunnel_lal2_leads_estatico_v1,59.49,12,1484,2,LookALike_Leads_2,Estático,1º Lançamento | Leads
4150,2025 | Janeiro,Domingo,Final de semana,Vendas,2025-01-12,bottomfunnel_rmkt_30d_estatico_v3,67.8,181,7508,16,Remarketing_30dias,Estático,Campanha Contínua | Vendas
4151,2025 | Setembro,Segunda-Feira,Dia útil,Vendas,2025-09-01,bottomfunnel_visitantes_site_video_v2,64.05,35,1882,9,Visitantes_Site,Video,2º Lançamento | Vendas
4152,2025 | Março,Quarta-Feira,Dia útil,Leads,2025-03-19,midfunnel_engajamento_ig_carrossel_v1,72.5,58,1863,16,Engajamento_Instagram,Carrossel,Campanha Contínua | Leads
4153,2025 | Fevereiro,Domingo,Final de semana,Leads,2025-02-09,topfunnel_lal1_compradores_estatico_v3,136.52,135,3093,38,LookALike_Compradores_1,Estático,Campanha Contínua | Leads
4154,2025 | Novembro,Segunda-Feira,Dia útil,Leads,2025-11-10,bottomfunnel_rmkt_30d_video_v2,156.86,322,17743,61,Remarketing_30dias,Video,2º Lançamento | Leads
4155,2025 | Novembro,Domingo,Final de semana,Vendas,2025-11-02,midfunnel_engajamento_ig_estatico_v3,26.8,9,737,1,Engajamento_Instagram,Estático,1º Lançamento | Vendas
4156,2025 | Setembro,Quarta-Feira,Dia útil,Leads,2025-09-10,midfunnel_visitantes_site_carrossel_v1,105.45,17,2631,3,Visitantes_Site,Carrossel,Campanha Contínua | Leads
4157,2025 | Agosto,Segunda-Feira,Dia útil,Leads,2025-08-04,topfunnel_cargos_dados_video_v2,40.75,155,4461,17,Cargos_Dados,Video,Campanha Contínua | Leads
4158,2025 | Setembro,Terça-Feira,Dia útil,Leads,2025-09-09,midfunnel_rmkt_30d_carrossel_v1,85.59,11,2834,1,Remarketing_30dias,Carrossel,1º Lançamento | Leads
4159,2025 | Março,Sexta-Feira,Dia útil,Leads,2025-03-14,midfunnel_visitantes_site_carrossel_v3,68.86,55,1601,6,Visitantes_Site,Carrossel,1º Lançamento | Leads
4160,2025 | Abril,Sábado,Final de semana,Vendas,2025-04-19,topfunnel_interesses_dados_carrossel_v2,141.26,134,3235,22,Interesses_Dados,Carrossel,1º Lançamento | Vendas
4161,2025 | Maio,Quinta-Feira,Dia útil,Leads,2025-05-01,bottomfunnel_rmkt_30d_carrossel_v1,72.86,75,2528,4,Remarketing_30dias,Carrossel,1º Lançamento | Leads
4162,2025 | Setembro,Terça-Feira,Dia útil,Leads,2025-09-30,midfunnel_rmkt_60d_carrossel_v2,47.82,37,2227,5,Remarketing_60dias,Carrossel,2º Lançamento | Leads
4163,2025 | Setembro,Segunda-Feira,Dia útil,Leads,2025-09-22,topfunnel_lal2_leads_carrossel_v2,19.94,42,1205,2,LookALike_Leads_2,Carrossel,2º Lançamento | Leads
4164,2025 | Abril,Domingo,Final de semana,Leads,2025-04-27,midfunnel_visitantes_site_estatico_v3,81.0,31,3554,3,Visitantes_Site,Estático,2º Lançamento | Leads
4165,2025 | Janeiro,Sexta-Feira,Dia útil,Leads,2025-01-03,topfunnel_interesses_dados_carrossel_v2,47.42,95,4334,16,Interesses_Dados,Carrossel,Campanha Contínua | Leads
4166,2025 | Junho,Segunda-Feira,Dia útil,Vendas,2025-06-09,midfunnel_engajamento_ig_video_v2,98.18,131,7933,36,Engajamento_Instagram,Video,1º Lançamento | Vendas
4167,2025 | Julho,Sábado,Final de semana,Leads,2025-07-12,topfunnel_cargos_dados_estatico_v3,135.33,65,3661,14,Cargos_Dados,Estático,2º Lançamento | Leads
4168,2025 | Julho,Segunda-Feira,Dia útil,Vendas,2025-07-14,bottomfunnel_rmkt_60d_video_v3,174.64,276,7919,76,Remarketing_60dias,Video,1º Lançamento | Vendas
4169,2025 | Setembro,Sábado,Final de semana,Leads,2025-09-13,midfunnel_rmkt_60d_video_v2,158.22,143,4789,15,Remarketing_60dias,Video,2º Lançamento | Leads
4170,2025 | Outubro,Sábado,Final de semana,Leads,2025-10-18,midfunnel_engajamento_ig_estatico_v1,43.48,39,5265,7,Engajamento_Instagram,Estático,2º Lançamento | Leads
4171,2025 | Novembro,Quarta-Feira,Dia útil,Vendas,2025-11-26,topfunnel_cargos_dados_estatico_v1,172.27,76,3929,14,Cargos_Dados,Estático,2º Lançamento | Vendas
4172,2025 | Dezembro,Quinta-Feira,Dia útil,Leads,2025-12-18,topfunnel_interesses_dados_carrossel_v3,173.95,282,7109,22,Interesses_Dados,Carrossel,Campanha Contínua | Leads
4173,2025 | Abril,Terça-Feira,Dia útil,Leads,2025-04-29,topfunnel_lal1_compradores_carrossel_v2,151.2,23,4823,5,LookALike_Compradores_1,Carrossel,1º Lançamento | Leads
4174,2025 | Maio,Terça-Feira,Dia útil,Leads,2025-05-13,topfunnel_interesses_dados_estatico_v3,165.57,203,7756,8,Interesses_Dados,Estático,2º Lançamento | Leads
4175,2025 | Dezembro,Domingo,Final de semana,Vendas,2025-12-21,topfunnel_lal1_compradores_video_v2,147.38,127,4716,9,LookALike_Compradores_1,Video,Campanha Contínua | Vendas
4176,2025 | Agosto,Domingo,Final de semana,Vendas,2025-08-31,topfunnel_lal1_compradores_video_v3,77.05,85,2028,9,LookALike_Compradores_1,Video,Campanha Contínua | Vendas
4177,2025 | Outubro,Quinta-Feira,Dia útil,Leads,2025-10-23,topfunnel_interesses_dados_estatico_v1,107.92,80,5102,18,Interesses_Dados,Estático,2º Lançamento | Leads
4178,2025 | Outubro,Quarta-Feira,Dia útil,Leads,2025-10-22,topfunnel_cargos_dados_video_v3,135.9,172,5306,50,Cargos_Dados,Video,2º Lançamento | Leads
4179,2025 | Março,Sábado,Final de semana,Leads,2025-03-08,topfunnel_cargos_dados_carrossel_v1,174.18,625,14332,142,Cargos_Dados,Carrossel,Campanha Contínua | Leads
4180,2025 | Fevereiro,Terça-Feira,Dia útil,Vendas,2025-02-04,topfunnel_lal2_leads_video_v2,56.82,69,1928,14,LookALike_Leads_2,Video,2º Lançamento | Vendas
4181,2025 | Outubro,Segunda-Feira,Dia útil,Leads,2025-10-27,midfunnel_visitantes_site_carrossel_v2,128.81,171,4538,23,Visitantes_Site,Carrossel,Campanha Contínua | Leads
4182,2025 | Setembro,Domingo,Final de semana,Leads,2025-09-21,topfunnel_interesses_dados_carrossel_v3,153.77,343,15436,51,Interesses_Dados,Carrossel,1º Lançamento | Leads
4183,2025 | Março,Quinta-Feira,Dia útil,Vendas,2025-03-06,bottomfunnel_rmkt_60d_carrossel_v2,74.39,236,6906,7,Remarketing_60dias,Carrossel,2º Lançamento | Vendas
4184,2025 | Outubro,Sexta-Feira,Dia útil,Leads,2025-10-17,bottomfunnel_rmkt_60d_video_v1,113.53,107,2771,26,Remarketing_60dias,Video,2º Lançamento | Leads
4185,2025 | Junho,Domingo,Final de semana,Vendas,2025-06-29,midfunnel_rmkt_30d_carrossel_v2,32.49,27,1169,3,Remarketing_30dias,Carrossel,2º Lançamento | Vendas
4186,2025 | Dezembro,Quinta-Feira,Dia útil,Leads,2025-12-04,topfunnel_interesses_dados_carrossel_v1,11.07,33,843,4,Interesses_Dados,Carrossel,Campanha Contínua | Leads
4187,2025 | Agosto,Sexta-Feira,Dia útil,Vendas,2025-08-22,topfunnel_lal2_leads_video_v1,63.14,88,2197,19,LookALike_Leads_2,Video,1º Lançamento | Vendas
4188,2025 | Setembro,Sexta-Feira,Dia útil,Vendas,2025-09-26,topfunnel_lal2_leads_video_v3,160.49,66,4309,18,LookALike_Leads_2,Video,1º Lançamento | Vendas
4189,2025 | Setembro,Domingo,Final de semana,Vendas,2025-09-07,topfunnel_interesses_dados_video_v2,23.67,25,1237,2,Interesses_Dados,Video,Campanha Contínua | Vendas
4190,2025 | Novembro,Sábado,Final de semana,Leads,2025-11-29,topfunnel_interesses_dados_carrossel_v3,45.3,28,1256,6,Interesses_Dados,Carrossel,1º Lançamento | Leads
4191,2025 | Junho,Quarta-Feira,Dia útil,Vendas,2025-06-04,topfunnel_lal2_leads_video_v3,146.87,186,4476,48,LookALike_Leads_2,Video,2º Lançamento | Vendas
4192,2025 | Dezembro,Terça-Feira,Dia útil,Leads,2025-12-30,topfunnel_lal2_leads_carrossel_v3,88.21,148,4687,43,LookALike_Leads_2,Carrossel,2º Lançamento | Leads
4193,2025 | Agosto,Sábado,Final de semana,Leads,2025-08-23,topfunnel_lal2_leads_carrossel_v3,160.01,91,5095,6,LookALike_Leads_2,Carrossel,1º Lançamento | Leads
4194,2025 | Março,Sábado,Final de semana,Leads,2025-03-22,topfunnel_lal1_compradores_carrossel_v1,136.5,162,5927,29,LookALike_Compradores_1,Carrossel,Campanha Contínua | Leads
4195,2025 | Julho,Terça-Feira,Dia útil,Vendas,2025-07-29,midfunnel_engajamento_ig_carrossel_v1,98.55,154,4617,11,Engajamento_Instagram,Carrossel,1º Lançamento | Vendas
4196,2025 | Outubro,Segunda-Feira,Dia útil,Vendas,2025-10-20,midfunnel_visitantes_site_estatico_v2,57.07,49,1583,2,Visitantes_Site,Estático,1º Lançamento | Vendas
4197,2025 | Janeiro,Quarta-Feira,Dia útil,Vendas,2025-01-01,bottomfunnel_rmkt_30d_carrossel_v1,150.17,162,4203,4,Remarketing_30dias,Carrossel,1º Lançamento | Vendas
4198,2025 | Maio,Terça-Feira,Dia útil,Leads,2025-05-06,topfunnel_lal1_compradores_carrossel_v3,93.4,110,2658,23,LookALike_Compradores_1,Carrossel,2º Lançamento | Leads
4199,2025 | Outubro,Sexta-Feira,Dia útil,Leads,2025-10-24,topfunnel_lal1_compradores_estatico_v3,8.73,8,199,0,LookALike_Compradores_1,Estático,Campanha Contínua | Leads
4200,2025 | Maio,Segunda-Feira,Dia útil,Leads,2025-05-19,bottomfunnel_engajamento_ig_estatico_v3,80.65,111,3484,21,Engajamento_Instagram,Estático,2º Lançamento | Leads
4201,2025 | Janeiro,Sexta-Feira,Dia útil,Vendas,2025-01-31,bottomfunnel_rmkt_60d_carrossel_v2,72.61,64,2983,8,Remarketing_60dias,Carrossel,Campanha Contínua | Vendas
4202,2025 | Maio,Quinta-Feira,Dia útil,Leads,2025-05-22,topfunnel_cargos_dados_carrossel_v1,81.8,67,2755,12,Cargos_Dados,Carrossel,1º Lançamento | Leads
4203,2025 | Janeiro,Terça-Feira,Dia útil,Leads,2025-01-21,midfunnel_visitantes_site_video_v1,35.5,16,805,4,Visitantes_Site,Video,1º Lançamento | Leads
4204,2025 | Janeiro,Quinta-Feira,Dia útil,Leads,2025-01-30,bottomfunnel_engajamento_ig_carrossel_v2,33.0,33,780,2,Engajamento_Instagram,Carrossel,1º Lançamento | Leads
4205,2025 | Novembro,Segunda-Feira,Dia útil,Vendas,2025-11-10,topfunnel_lal1_compradores_estatico_v2,140.16,291,14829,33,LookALike_Compradores_1,Estático,2º Lançamento | Vendas
4206,2025 | Setembro,Domingo,Final de semana,Leads,2025-09-21,topfunnel_cargos_dados_estatico_v2,73.45,25,2856,2,Cargos_Dados,Estático,Campanha Contínua | Leads
4207,2025 | Abril,Domingo,Final de semana,Leads,2025-04-13,topfunnel_lal1_compradores_video_v3,144.24,147,3688,19,LookALike_Compradores_1,Video,2º Lançamento | Leads
4208,2025 | Novembro,Terça-Feira,Dia útil,Vendas,2025-11-04,bottomfunnel_rmkt_30d_video_v2,43.42,9,970,1,Remarketing_30dias,Video,2º Lançamento | Vendas
4209,2025 | Dezembro,Terça-Feira,Dia útil,Leads,2025-12-23,midfunnel_rmkt_30d_estatico_v1,90.77,111,6243,20,Remarketing_30dias,Estático,1º Lançamento | Leads
4210,2025 | Janeiro,Domingo,Final de semana,Leads,2025-01-19,bottomfunnel_rmkt_30d_carrossel_v3,126.57,13,3105,2,Remarketing_30dias,Carrossel,2º Lançamento | Leads
4211,2025 | Março,Sexta-Feira,Dia útil,Vendas,2025-03-14,midfunnel_rmkt_60d_video_v3,81.62,54,4564,14,Remarketing_60dias,Video,1º Lançamento | Vendas
4212,2025 | Dezembro,Terça-Feira,Dia útil,Leads,2025-12-16,bottomfunnel_rmkt_30d_carrossel_v2,73.26,14,2015,1,Remarketing_30dias,Carrossel,2º Lançamento | Leads
4213,2025 | Outubro,Quarta-Feira,Dia útil,Vendas,2025-10-08,topfunnel_lal1_compradores_estatico_v2,41.39,89,3526,19,LookALike_Compradores_1,Estático,Campanha Contínua | Vendas
4214,2025 | Julho,Quinta-Feira,Dia útil,Vendas,2025-07-10,topfunnel_interesses_dados_estatico_v2,103.92,21,4666,6,Interesses_Dados,Estático,Campanha Contínua | Vendas
4215,2025 | Julho,Quinta-Feira,Dia útil,Leads,2025-07-17,bottomfunnel_visitantes_site_estatico_v3,150.18,214,11265,44,Visitantes_Site,Estático,Campanha Contínua | Leads
4216,2025 | Abril,Quinta-Feira,Dia útil,Leads,2025-04-24,topfunnel_cargos_dados_estatico_v2,7.85,5,502,1,Cargos_Dados,Estático,1º Lançamento | Leads
4217,2025 | Novembro,Sexta-Feira,Dia útil,Vendas,2025-11-28,bottomfunnel_engajamento_ig_carrossel_v3,38.74,10,1111,2,Engajamento_Instagram,Carrossel,1º Lançamento | Vendas
4218,2025 | Novembro,Sábado,Final de semana,Vendas,2025-11-22,topfunnel_lal1_compradores_video_v3,83.58,46,2005,12,LookALike_Compradores_1,Video,Campanha Contínua | Vendas
4219,2025 | Setembro,Terça-Feira,Dia útil,Vendas,2025-09-23,bottomfunnel_rmkt_30d_video_v1,44.75,96,3891,22,Remarketing_30dias,Video,Campanha Contínua | Vendas
4220,2025 | Agosto,Segunda-Feira,Dia útil,Vendas,2025-08-04,midfunnel_visitantes_site_video_v1,61.36,59,2708,16,Visitantes_Site,Video,Campanha Contínua | Vendas
4221,2025 | Setembro,Sexta-Feira,Dia útil,Leads,2025-09-26,topfunnel_lal1_compradores_estatico_v3,83.75,45,1875,6,LookALike_Compradores_1,Estático,2º Lançamento | Leads
4222,2025 | Outubro,Sábado,Final de semana,Leads,2025-10-18,midfunnel_engajamento_ig_video_v3,106.08,23,3048,5,Engajamento_Instagram,Video,1º Lançamento | Leads
4223,2025 | Setembro,Domingo,Final de semana,Leads,2025-09-28,bottomfunnel_rmkt_60d_video_v2,32.48,50,2748,11,Remarketing_60dias,Video,1º Lançamento | Leads
4224,2025 | Dezembro,Sábado,Final de semana,Leads,2025-12-13,bottomfunnel_rmkt_30d_carrossel_v1,108.39,110,6188,20,Remarketing_30dias,Carrossel,1º Lançamento | Leads
4225,2025 | Abril,Domingo,Final de semana,Leads,2025-04-13,bottomfunnel_visitantes_site_estatico_v2,66.81,55,1814,4,Visitantes_Site,Estático,2º Lançamento | Leads
4226,2025 | Janeiro,Quinta-Feira,Dia útil,Leads,2025-01-30,midfunnel_rmkt_30d_video_v1,133.55,365,11747,82,Remarketing_30dias,Video,2º Lançamento | Leads
4227,2025 | Abril,Terça-Feira,Dia útil,Leads,2025-04-15,midfunnel_engajamento_ig_video_v2,133.11,94,4120,20,Engajamento_Instagram,Video,1º Lançamento | Leads
4228,2025 | Março,Sábado,Final de semana,Vendas,2025-03-29,bottomfunnel_rmkt_30d_estatico_v2,102.66,22,3406,4,Remarketing_30dias,Estático,1º Lançamento | Vendas
4229,2025 | Fevereiro,Quarta-Feira,Dia útil,Leads,2025-02-19,topfunnel_lal1_compradores_carrossel_v1,56.17,41,2063,11,LookALike_Compradores_1,Carrossel,1º Lançamento | Leads
4230,2025 | Agosto,Sexta-Feira,Dia útil,Leads,2025-08-15,topfunnel_cargos_dados_estatico_v2,56.5,56,1571,9,Cargos_Dados,Estático,Campanha Contínua | Leads
4231,2025 | Novembro,Terça-Feira,Dia útil,Vendas,2025-11-18,topfunnel_lal2_leads_carrossel_v2,111.49,55,3560,8,LookALike_Leads_2,Carrossel,2º Lançamento | Vendas
4232,2025 | Janeiro,Quinta-Feira,Dia útil,Vendas,2025-01-30,topfunnel_lal1_compradores_carrossel_v1,90.48,34,2155,9,LookALike_Compradores_1,Carrossel,Campanha Contínua | Vendas
4233,2025 | Dezembro,Quarta-Feira,Dia útil,Vendas,2025-12-03,topfunnel_interesses_dados_video_v2,64.64,34,2470,3,Interesses_Dados,Video,2º Lançamento | Vendas
4234,2025 | Outubro,Quarta-Feira,Dia útil,Vendas,2025-10-22,midfunnel_rmkt_60d_estatico_v3,172.97,229,10388,39,Remarketing_60dias,Estático,1º Lançamento | Vendas
4235,2025 | Dezembro,Quarta-Feira,Dia útil,Leads,2025-12-31,topfunnel_lal1_compradores_carrossel_v2,71.55,153,3447,26,LookALike_Compradores_1,Carrossel,2º Lançamento | Leads
4236,2025 | Outubro,Domingo,Final de semana,Vendas,2025-10-05,bottomfunnel_rmkt_60d_carrossel_v2,18.58,23,674,3,Remarketing_60dias,Carrossel,2º Lançamento | Vendas
4237,2025 | Maio,Quarta-Feira,Dia útil,Leads,2025-05-21,midfunnel_rmkt_60d_estatico_v3,147.95,162,5520,26,Remarketing_60dias,Estático,2º Lançamento | Leads
4238,2025 | Março,Sábado,Final de semana,Vendas,2025-03-22,topfunnel_lal1_compradores_video_v1,10.5,8,263,2,LookALike_Compradores_1,Video,2º Lançamento | Vendas
4239,2025 | Maio,Sábado,Final de semana,Leads,2025-05-24,topfunnel_cargos_dados_estatico_v1,55.43,25,1373,4,Cargos_Dados,Estático,Campanha Contínua | Leads
4240,2025 | Junho,Quarta-Feira,Dia útil,Leads,2025-06-18,topfunnel_interesses_dados_video_v1,124.27,209,5550,33,Interesses_Dados,Video,1º Lançamento | Leads
4241,2025 | Janeiro,Sexta-Feira,Dia útil,Leads,2025-01-03,topfunnel_lal1_compradores_video_v2,156.53,105,6653,14,LookALike_Compradores_1,Video,2º Lançamento | Leads
4242,2025 | Outubro,Terça-Feira,Dia útil,Vendas,2025-10-28,bottomfunnel_rmkt_30d_estatico_v2,80.83,110,3232,20,Remarketing_30dias,Estático,Campanha Contínua | Vendas
4243,2025 | Fevereiro,Terça-Feira,Dia útil,Leads,2025-02-11,topfunnel_cargos_dados_video_v1,146.72,531,15222,118,Cargos_Dados,Video,Campanha Contínua | Leads
4244,2025 | Julho,Domingo,Final de semana,Vendas,2025-07-27,bottomfunnel_visitantes_site_carrossel_v3,91.73,14,2170,2,Visitantes_Site,Carrossel,Campanha Contínua | Vendas
4245,2025 | Janeiro,Quinta-Feira,Dia útil,Leads,2025-01-23,bottomfunnel_rmkt_60d_video_v3,109.39,132,6858,33,Remarketing_60dias,Video,2º Lançamento | Leads
4246,2025 | Dezembro,Sexta-Feira,Dia útil,Leads,2025-12-05,topfunnel_interesses_dados_video_v3,58.2,57,1629,63,Interesses_Dados,Video,Campanha Contínua | Leads
4247,2025 | Junho,Segunda-Feira,Dia útil,Vendas,2025-06-23,topfunnel_lal2_leads_video_v3,4.55,4,101,0,LookALike_Leads_2,Video,2º Lançamento | Vendas
4248,2025 | Julho,Terça-Feira,Dia útil,Vendas,2025-07-01,topfunnel_interesses_dados_carrossel_v1,164.24,113,5726,31,Interesses_Dados,Carrossel,1º Lançamento | Vendas
4249,2025 | Novembro,Segunda-Feira,Dia útil,Leads,2025-11-03,topfunnel_interesses_dados_video_v2,113.52,17,3263,2,Interesses_Dados,Video,1º Lançamento | Leads
4250,2025 | Outubro,Quarta-Feira,Dia útil,Leads,2025-10-22,bottomfunnel_rmkt_30d_carrossel_v3,80.25,110,3021,17,Remarketing_30dias,Carrossel,2º Lançamento | Leads
4251,2025 | Janeiro,Sábado,Final de semana,Leads,2025-01-04,midfunnel_rmkt_60d_carrossel_v3,153.5,156,4493,44,Remarketing_60dias,Carrossel,Campanha Contínua | Leads
4252,2025 | Julho,Segunda-Feira,Dia útil,Leads,2025-07-07,topfunnel_interesses_dados_carrossel_v2,17.36,5,397,1,Interesses_Dados,Carrossel,1º Lançamento | Leads
4253,2025 | Abril,Quinta-Feira,Dia útil,Leads,2025-04-10,midfunnel_visitantes_site_video_v1,102.35,85,2388,8,Visitantes_Site,Video,Campanha Contínua | Leads
4254,2025 | Janeiro,Segunda-Feira,Dia útil,Vendas,2025-01-27,midfunnel_rmkt_30d_estatico_v2,90.54,60,3314,3,Remarketing_30dias,Estático,2º Lançamento | Vendas
4255,2025 | Maio,Domingo,Final de semana,Leads,2025-05-11,midfunnel_engajamento_ig_estatico_v1,125.06,134,3038,36,Engajamento_Instagram,Estático,Campanha Contínua | Leads
4256,2025 | Março,Domingo,Final de semana,Vendas,2025-03-09,bottomfunnel_rmkt_30d_video_v3,179.4,57,8262,6,Remarketing_30dias,Video,Campanha Contínua | Vendas
4257,2025 | Fevereiro,Segunda-Feira,Dia útil,Leads,2025-02-17,topfunnel_interesses_dados_carrossel_v2,11.03,9,346,2,Interesses_Dados,Carrossel,Campanha Contínua | Leads
4258,2025 | Março,Domingo,Final de semana,Vendas,2025-03-09,midfunnel_rmkt_30d_carrossel_v1,13.02,18,650,4,Remarketing_30dias,Carrossel,2º Lançamento | Vendas
4259,2025 | Outubro,Sábado,Final de semana,Vendas,2025-10-25,topfunnel_cargos_dados_video_v2,142.38,320,8798,79,Cargos_Dados,Video,2º Lançamento | Vendas
4260,2025 | Novembro,Terça-Feira,Dia útil,Leads,2025-11-04,topfunnel_interesses_dados_video_v3,127.44,111,4054,14,Interesses_Dados,Video,Campanha Contínua | Leads
4261,2025 | Janeiro,Sábado,Final de semana,Vendas,2025-01-25,bottomfunnel_visitantes_site_video_v1,18.31,8,1385,0,Visitantes_Site,Video,2º Lançamento | Vendas
4262,2025 | Janeiro,Sábado,Final de semana,Leads,2025-01-04,midfunnel_engajamento_ig_estatico_v3,160.47,63,4403,14,Engajamento_Instagram,Estático,2º Lançamento | Leads
4263,2025 | Janeiro,Quarta-Feira,Dia útil,Vendas,2025-01-22,topfunnel_interesses_dados_carrossel_v3,91.17,43,7738,10,Interesses_Dados,Carrossel,1º Lançamento | Vendas
4264,2025 | Maio,Terça-Feira,Dia útil,Leads,2025-05-20,bottomfunnel_visitantes_site_estatico_v3,157.86,356,17339,65,Visitantes_Site,Estático,Campanha Contínua | Leads
4265,2025 | Junho,Sexta-Feira,Dia útil,Vendas,2025-06-20,topfunnel_lal1_compradores_estatico_v1,125.39,90,5035,12,LookALike_Compradores_1,Estático,Campanha Contínua | Vendas
4266,2025 | Abril,Quarta-Feira,Dia útil,Vendas,2025-04-23,midfunnel_visitantes_site_carrossel_v2,48.28,24,1582,2,Visitantes_Site,Carrossel,Campanha Contínua | Vendas
4267,2025 | Novembro,Quinta-Feira,Dia útil,Vendas,2025-11-13,bottomfunnel_rmkt_60d_carrossel_v2,167.56,82,3733,11,Remarketing_60dias,Carrossel,2º Lançamento | Vendas
4268,2025 | Abril,Terça-Feira,Dia útil,Vendas,2025-04-08,bottomfunnel_rmkt_60d_estatico_v2,109.86,100,2713,7,Remarketing_60dias,Estático,1º Lançamento | Vendas
4269,2025 | Julho,Domingo,Final de semana,Vendas,2025-07-20,midfunnel_rmkt_60d_estatico_v3,176.52,179,7731,18,Remarketing_60dias,Estático,Campanha Contínua | Vendas
4270,2025 | Julho,Sábado,Final de semana,Vendas,2025-07-12,midfunnel_visitantes_site_carrossel_v1,173.98,79,3991,15,Visitantes_Site,Carrossel,2º Lançamento | Vendas
4271,2025 | Julho,Sexta-Feira,Dia útil,Leads,2025-07-18,midfunnel_engajamento_ig_estatico_v3,98.38,144,4080,15,Engajamento_Instagram,Estático,Campanha Contínua | Leads
4272,2025 | Março,Sexta-Feira,Dia útil,Leads,2025-03-07,bottomfunnel_engajamento_ig_carrossel_v2,117.96,178,9345,11,Engajamento_Instagram,Carrossel,2º Lançamento | Leads
4273,2025 | Setembro,Terça-Feira,Dia útil,Vendas,2025-09-09,midfunnel_rmkt_60d_video_v1,161.69,102,4209,5,Remarketing_60dias,Video,1º Lançamento | Vendas
4274,2025 | Março,Segunda-Feira,Dia útil,Leads,2025-03-17,midfunnel_rmkt_60d_video_v2,29.37,15,760,0,Remarketing_60dias,Video,Campanha Contínua | Leads
4275,2025 | Junho,Sábado,Final de semana,Vendas,2025-06-14,bottomfunnel_rmkt_60d_carrossel_v1,82.84,298,6905,10,Remarketing_60dias,Carrossel,1º Lançamento | Vendas
4276,2025 | Janeiro,Domingo,Final de semana,Vendas,2025-01-05,midfunnel_rmkt_30d_estatico_v1,35.94,43,2897,11,Remarketing_30dias,Estático,1º Lançamento | Vendas
4277,2025 | Junho,Quarta-Feira,Dia útil,Leads,2025-06-18,midfunnel_rmkt_30d_estatico_v1,29.02,27,832,0,Remarketing_30dias,Estático,1º Lançamento | Leads
4278,2025 | Março,Segunda-Feira,Dia útil,Vendas,2025-03-17,midfunnel_rmkt_60d_estatico_v3,21.85,23,573,4,Remarketing_60dias,Estático,1º Lançamento | Vendas
4279,2025 | Maio,Sábado,Final de semana,Vendas,2025-05-24,topfunnel_lal2_leads_carrossel_v1,49.58,46,1193,9,LookALike_Leads_2,Carrossel,Campanha Contínua | Vendas
4280,2025 | Agosto,Quarta-Feira,Dia útil,Vendas,2025-08-27,topfunnel_lal2_leads_carrossel_v3,29.33,4,727,0,LookALike_Leads_2,Carrossel,1º Lançamento | Vendas
4281,2025 | Agosto,Quinta-Feira,Dia útil,Vendas,2025-08-07,topfunnel_cargos_dados_video_v1,41.02,35,1321,7,Cargos_Dados,Video,Campanha Contínua | Vendas
4282,2025 | Setembro,Segunda-Feira,Dia útil,Leads,2025-09-22,topfunnel_interesses_dados_carrossel_v1,172.92,124,4580,7,Interesses_Dados,Carrossel,2º Lançamento | Leads
4283,2025 | Março,Terça-Feira,Dia útil,Vendas,2025-03-25,bottomfunnel_visitantes_site_estatico_v1,123.07,134,5756,39,Visitantes_Site,Estático,2º Lançamento | Vendas
4284,2025 | Março,Sexta-Feira,Dia útil,Leads,2025-03-07,midfunnel_rmkt_60d_carrossel_v1,135.44,114,3029,7,Remarketing_60dias,Carrossel,2º Lançamento | Leads
4285,2025 | Junho,Domingo,Final de semana,Vendas,2025-06-01,topfunnel_cargos_dados_carrossel_v2,38.46,127,3121,37,Cargos_Dados,Carrossel,Campanha Contínua | Vendas
4286,2025 | Outubro,Segunda-Feira,Dia útil,Vendas,2025-10-13,topfunnel_lal1_compradores_estatico_v1,177.32,194,10240,33,LookALike_Compradores_1,Estático,Campanha Contínua | Vendas
4287,2025 | Abril,Domingo,Final de semana,Leads,2025-04-06,topfunnel_lal2_leads_video_v1,177.69,170,7303,21,LookALike_Leads_2,Video,2º Lançamento | Leads
4288,2025 | Dezembro,Segunda-Feira,Dia útil,Leads,2025-12-29,topfunnel_cargos_dados_carrossel_v3,174.65,301,9157,75,Cargos_Dados,Carrossel,2º Lançamento | Leads
4289,2025 | Fevereiro,Segunda-Feira,Dia útil,Vendas,2025-02-10,topfunnel_cargos_dados_video_v3,86.39,176,5509,44,Cargos_Dados,Video,Campanha Contínua | Vendas
4290,2025 | Julho,Sábado,Final de semana,Leads,2025-07-19,bottomfunnel_rmkt_30d_video_v3,26.69,64,2093,1,Remarketing_30dias,Video,2º Lançamento | Leads
4291,2025 | Dezembro,Quarta-Feira,Dia útil,Vendas,2025-12-31,topfunnel_interesses_dados_estatico_v2,41.53,11,1317,2,Interesses_Dados,Estático,1º Lançamento | Vendas
4292,2025 | Maio,Sexta-Feira,Dia útil,Vendas,2025-05-23,bottomfunnel_visitantes_site_video_v2,65.07,39,2595,3,Visitantes_Site,Video,1º Lançamento | Vendas
4293,2025 | Novembro,Sábado,Final de semana,Vendas,2025-11-01,topfunnel_lal2_leads_video_v1,123.83,76,5783,6,LookALike_Leads_2,Video,2º Lançamento | Vendas
4294,2025 | Outubro,Sábado,Final de semana,Vendas,2025-10-25,topfunnel_cargos_dados_carrossel_v2,151.96,46,6007,10,Cargos_Dados,Carrossel,Campanha Contínua | Vendas
4295,2025 | Abril,Quarta-Feira,Dia útil,Vendas,2025-04-16,bottomfunnel_rmkt_60d_video_v2,108.96,141,4132,24,Remarketing_60dias,Video,2º Lançamento | Vendas
4296,2025 | Outubro,Sexta-Feira,Dia útil,Vendas,2025-10-10,topfunnel_interesses_dados_carrossel_v3,95.42,353,8358,57,Interesses_Dados,Carrossel,1º Lançamento | Vendas
4297,2025 | Dezembro,Terça-Feira,Dia útil,Vendas,2025-12-30,topfunnel_cargos_dados_video_v2,104.15,219,7614,17,Cargos_Dados,Video,2º Lançamento | Vendas
4298,2025 | Abril,Quarta-Feira,Dia útil,Leads,2025-04-23,topfunnel_lal2_leads_estatico_v3,156.48,45,3618,2,LookALike_Leads_2,Estático,1º Lançamento | Leads
4299,2025 | Abril,Domingo,Final de semana,Leads,2025-04-06,midfunnel_visitantes_site_estatico_v2,4.95,6,200,1,Visitantes_Site,Estático,Campanha Contínua | Leads
4300,2025 | Setembro,Sexta-Feira,Dia útil,Leads,2025-09-26,bottomfunnel_engajamento_ig_carrossel_v2,84.12,58,2420,1,Engajamento_Instagram,Carrossel,1º Lançamento | Leads
4301,2025 | Abril,Quinta-Feira,Dia útil,Leads,2025-04-24,bottomfunnel_engajamento_ig_estatico_v1,3.16,1,72,0,Engajamento_Instagram,Estático,1º Lançamento | Leads
4302,2025 | Outubro,Quinta-Feira,Dia útil,Vendas,2025-10-09,topfunnel_interesses_dados_video_v3,116.99,256,9210,71,Interesses_Dados,Video,Campanha Contínua | Vendas
4303,2025 | Agosto,Sexta-Feira,Dia útil,Vendas,2025-08-01,topfunnel_cargos_dados_estatico_v3,142.75,37,3941,3,Cargos_Dados,Estático,1º Lançamento | Vendas
4304,2025 | Novembro,Segunda-Feira,Dia útil,Leads,2025-11-03,topfunnel_lal1_compradores_estatico_v3,140.82,198,4425,27,LookALike_Compradores_1,Estático,1º Lançamento | Leads
4305,2025 | Dezembro,Sábado,Final de semana,Vendas,2025-12-06,bottomfunnel_engajamento_ig_estatico_v1,160.02,253,5695,11,Engajamento_Instagram,Estático,1º Lançamento | Vendas
4306,2025 | Maio,Sábado,Final de semana,Vendas,2025-05-10,bottomfunnel_rmkt_60d_video_v3,146.52,321,8027,56,Remarketing_60dias,Video,1º Lançamento | Vendas
4307,2025 | Setembro,Quarta-Feira,Dia útil,Vendas,2025-09-24,midfunnel_engajamento_ig_estatico_v1,174.12,61,11837,7,Engajamento_Instagram,Estático,1º Lançamento | Vendas
4308,2025 | Agosto,Quinta-Feira,Dia útil,Leads,2025-08-28,topfunnel_interesses_dados_estatico_v3,5.87,6,204,0,Interesses_Dados,Estático,2º Lançamento | Leads
4309,2025 | Maio,Sábado,Final de semana,Vendas,2025-05-10,topfunnel_interesses_dados_video_v3,75.41,67,3677,8,Interesses_Dados,Video,Campanha Contínua | Vendas
4310,2025 | Novembro,Segunda-Feira,Dia útil,Vendas,2025-11-17,midfunnel_rmkt_60d_video_v3,46.3,19,1583,0,Remarketing_60dias,Video,2º Lançamento | Vendas
4311,2025 | Abril,Quinta-Feira,Dia útil,Vendas,2025-04-10,bottomfunnel_engajamento_ig_estatico_v1,89.27,90,3561,13,Engajamento_Instagram,Estático,2º Lançamento | Vendas
4312,2025 | Outubro,Sábado,Final de semana,Leads,2025-10-18,midfunnel_engajamento_ig_video_v2,18.35,29,1048,5,Engajamento_Instagram,Video,1º Lançamento | Leads
4313,2025 | Outubro,Domingo,Final de semana,Leads,2025-10-12,bottomfunnel_rmkt_60d_video_v2,154.26,295,10213,6,Remarketing_60dias,Video,2º Lançamento | Leads
4314,2025 | Julho,Domingo,Final de semana,Leads,2025-07-27,topfunnel_lal1_compradores_video_v1,15.81,8,970,0,LookALike_Compradores_1,Video,1º Lançamento | Leads
4315,2025 | Junho,Sábado,Final de semana,Leads,2025-06-07,bottomfunnel_rmkt_30d_estatico_v2,112.28,45,3114,8,Remarketing_30dias,Estático,1º Lançamento | Leads
4316,2025 | Fevereiro,Sexta-Feira,Dia útil,Leads,2025-02-14,bottomfunnel_engajamento_ig_video_v2,149.03,20,4376,5,Engajamento_Instagram,Video,Campanha Contínua | Leads
4317,2025 | Novembro,Quarta-Feira,Dia útil,Leads,2025-11-05,topfunnel_interesses_dados_estatico_v2,42.29,6,1302,0,Interesses_Dados,Estático,Campanha Contínua | Leads
4318,2025 | Julho,Terça-Feira,Dia útil,Leads,2025-07-15,bottomfunnel_rmkt_30d_estatico_v1,176.06,119,5946,3,Remarketing_30dias,Estático,1º Lançamento | Leads
4319,2025 | Abril,Quinta-Feira,Dia útil,Leads,2025-04-10,midfunnel_engajamento_ig_estatico_v3,33.29,56,1551,10,Engajamento_Instagram,Estático,2º Lançamento | Leads
4320,2025 | Março,Domingo,Final de semana,Vendas,2025-03-23,bottomfunnel_visitantes_site_carrossel_v1,120.46,63,3359,17,Visitantes_Site,Carrossel,2º Lançamento | Vendas
4321,2025 | Novembro,Quinta-Feira,Dia útil,Leads,2025-11-13,topfunnel_lal2_leads_estatico_v1,23.54,11,708,2,LookALike_Leads_2,Estático,2º Lançamento | Leads
4322,2025 | Dezembro,Sábado,Final de semana,Leads,2025-12-13,topfunnel_cargos_dados_carrossel_v2,3.32,1,75,0,Cargos_Dados,Carrossel,Campanha Contínua | Leads
4323,2025 | Outubro,Sexta-Feira,Dia útil,Vendas,2025-10-10,midfunnel_engajamento_ig_video_v3,63.39,25,2086,2,Engajamento_Instagram,Video,2º Lançamento | Vendas
4324,2025 | Setembro,Quarta-Feira,Dia útil,Vendas,2025-09-03,midfunnel_rmkt_60d_video_v2,51.1,7,1255,0,Remarketing_60dias,Video,1º Lançamento | Vendas
4325,2025 | Setembro,Segunda-Feira,Dia útil,Leads,2025-09-08,topfunnel_lal2_leads_carrossel_v2,159.59,80,4394,10,LookALike_Leads_2,Carrossel,2º Lançamento | Leads
4326,2025 | Junho,Sábado,Final de semana,Leads,2025-06-21,bottomfunnel_engajamento_ig_estatico_v3,114.86,90,2611,10,Engajamento_Instagram,Estático,Campanha Contínua | Leads
4327,2025 | Maio,Sábado,Final de semana,Leads,2025-05-03,topfunnel_lal2_leads_estatico_v2,117.48,31,3402,0,LookALike_Leads_2,Estático,2º Lançamento | Leads
4328,2025 | Maio,Domingo,Final de semana,Leads,2025-05-04,topfunnel_cargos_dados_carrossel_v3,3.49,3,100,0,Cargos_Dados,Carrossel,Campanha Contínua | Leads
4329,2025 | Julho,Quarta-Feira,Dia útil,Leads,2025-07-23,bottomfunnel_rmkt_30d_carrossel_v2,158.26,349,9437,41,Remarketing_30dias,Carrossel,Campanha Contínua | Leads
4330,2025 | Janeiro,Sexta-Feira,Dia útil,Vendas,2025-01-17,topfunnel_lal2_leads_carrossel_v1,68.99,30,2491,5,LookALike_Leads_2,Carrossel,2º Lançamento | Vendas
4331,2025 | Outubro,Sábado,Final de semana,Leads,2025-10-25,topfunnel_interesses_dados_video_v2,109.15,195,5682,6,Interesses_Dados,Video,2º Lançamento | Leads
4332,2025 | Janeiro,Quarta-Feira,Dia útil,Leads,2025-01-15,topfunnel_lal2_leads_video_v1,174.25,32,4313,58,LookALike_Leads_2,Video,2º Lançamento | Leads
4333,2025 | Abril,Terça-Feira,Dia útil,Leads,2025-04-22,bottomfunnel_rmkt_60d_video_v1,10.65,2,301,0,Remarketing_60dias,Video,1º Lançamento | Leads
4334,2025 | Setembro,Terça-Feira,Dia útil,Leads,2025-09-30,midfunnel_engajamento_ig_video_v2,166.6,201,6587,19,Engajamento_Instagram,Video,2º Lançamento | Leads
4335,2025 | Agosto,Domingo,Final de semana,Vendas,2025-08-10,midfunnel_rmkt_30d_video_v2,37.39,29,1010,2,Remarketing_30dias,Video,2º Lançamento | Vendas
4336,2025 | Novembro,Sábado,Final de semana,Leads,2025-11-01,topfunnel_lal1_compradores_carrossel_v3,52.85,8,1384,0,LookALike_Compradores_1,Carrossel,1º Lançamento | Leads
4337,2025 | Novembro,Terça-Feira,Dia útil,Leads,2025-11-18,topfunnel_lal1_compradores_estatico_v3,22.06,9,546,1,LookALike_Compradores_1,Estático,Campanha Contínua | Leads
4338,2025 | Maio,Quinta-Feira,Dia útil,Leads,2025-05-15,topfunnel_lal2_leads_estatico_v3,115.01,89,7429,7,LookALike_Leads_2,Estático,1º Lançamento | Leads
4339,2025 | Agosto,Quinta-Feira,Dia útil,Leads,2025-08-07,bottomfunnel_rmkt_60d_video_v2,155.54,235,7156,35,Remarketing_60dias,Video,Campanha Contínua | Leads
4340,2025 | Abril,Sexta-Feira,Dia útil,Vendas,2025-04-18,topfunnel_lal1_compradores_estatico_v3,136.94,49,4315,1,LookALike_Compradores_1,Estático,2º Lançamento | Vendas
4341,2025 | Janeiro,Quarta-Feira,Dia útil,Vendas,2025-01-15,topfunnel_lal2_leads_estatico_v2,136.73,100,13356,25,LookALike_Leads_2,Estático,Campanha Contínua | Vendas
4342,2025 | Outubro,Domingo,Final de semana,Vendas,2025-10-05,topfunnel_interesses_dados_video_v3,34.86,17,857,0,Interesses_Dados,Video,1º Lançamento | Vendas
4343,2025 | Outubro,Domingo,Final de semana,Leads,2025-10-19,bottomfunnel_rmkt_30d_estatico_v2,67.1,53,2106,5,Remarketing_30dias,Estático,Campanha Contínua | Leads
4344,2025 | Fevereiro,Sábado,Final de semana,Vendas,2025-02-22,bottomfunnel_rmkt_30d_video_v2,168.49,121,6877,25,Remarketing_30dias,Video,1º Lançamento | Vendas
4345,2025 | Setembro,Segunda-Feira,Dia útil,Leads,2025-09-08,topfunnel_lal1_compradores_carrossel_v2,152.49,286,7110,71,LookALike_Compradores_1,Carrossel,2º Lançamento | Leads
4346,2025 | Janeiro,Terça-Feira,Dia útil,Leads,2025-01-21,topfunnel_lal2_leads_carrossel_v1,137.64,67,4147,11,LookALike_Leads_2,Carrossel,2º Lançamento | Leads
4347,2025 | Setembro,Sábado,Final de semana,Vendas,2025-09-20,topfunnel_lal1_compradores_video_v2,94.36,59,2589,8,LookALike_Compradores_1,Video,2º Lançamento | Vendas
4348,2025 | Dezembro,Quinta-Feira,Dia útil,Leads,2025-12-04,topfunnel_lal1_compradores_estatico_v2,112.58,109,4375,20,LookALike_Compradores_1,Estático,1º Lançamento | Leads
4349,2025 | Março,Domingo,Final de semana,Vendas,2025-03-02,bottomfunnel_rmkt_30d_carrossel_v2,46.11,23,1070,5,Remarketing_30dias,Carrossel,2º Lançamento | Vendas
4350,2025 | Novembro,Domingo,Final de semana,Leads,2025-11-16,bottomfunnel_rmkt_60d_estatico_v1,100.27,126,3096,37,Remarketing_60dias,Estático,Campanha Contínua | Leads
4351,2025 | Abril,Segunda-Feira,Dia útil,Leads,2025-04-21,topfunnel_cargos_dados_carrossel_v1,84.36,45,2065,11,Cargos_Dados,Carrossel,2º Lançamento | Leads
4352,2025 | Março,Sexta-Feira,Dia útil,Leads,2025-03-21,topfunnel_lal1_compradores_video_v3,66.68,176,4261,5,LookALike_Compradores_1,Video,1º Lançamento | Leads
4353,2025 | Novembro,Sexta-Feira,Dia útil,Vendas,2025-11-07,midfunnel_engajamento_ig_estatico_v1,6.29,8,208,2,Engajamento_Instagram,Estático,2º Lançamento | Vendas
4354,2025 | Julho,Quinta-Feira,Dia útil,Leads,2025-07-24,topfunnel_lal1_compradores_video_v1,80.63,22,2537,2,LookALike_Compradores_1,Video,1º Lançamento | Leads
4355,2025 | Abril,Quinta-Feira,Dia útil,Vendas,2025-04-03,midfunnel_rmkt_30d_video_v1,28.41,18,644,1,Remarketing_30dias,Video,Campanha Contínua | Vendas
4356,2025 | Junho,Terça-Feira,Dia útil,Leads,2025-06-17,midfunnel_rmkt_60d_video_v1,120.41,142,4351,32,Remarketing_60dias,Video,Campanha Contínua | Leads
4357,2025 | Julho,Quarta-Feira,Dia útil,Vendas,2025-07-16,topfunnel_cargos_dados_video_v2,96.28,247,7638,44,Cargos_Dados,Video,1º Lançamento | Vendas
4358,2025 | Junho,Sexta-Feira,Dia útil,Leads,2025-06-27,bottomfunnel_rmkt_60d_carrossel_v1,164.95,271,7751,42,Remarketing_60dias,Carrossel,2º Lançamento | Leads
4359,2025 | Abril,Terça-Feira,Dia útil,Leads,2025-04-15,topfunnel_cargos_dados_estatico_v3,60.99,25,1839,6,Cargos_Dados,Estático,2º Lançamento | Leads
4360,2025 | Fevereiro,Quinta-Feira,Dia útil,Leads,2025-02-13,topfunnel_lal2_leads_video_v3,35.83,12,1323,3,LookALike_Leads_2,Video,1º Lançamento | Leads
4361,2025 | Outubro,Terça-Feira,Dia útil,Leads,2025-10-28,topfunnel_interesses_dados_carrossel_v2,35.28,50,1648,10,Interesses_Dados,Carrossel,Campanha Contínua | Leads
4362,2025 | Setembro,Sábado,Final de semana,Vendas,2025-09-27,topfunnel_interesses_dados_estatico_v2,107.54,267,6319,14,Interesses_Dados,Estático,2º Lançamento | Vendas
4363,2025 | Novembro,Sexta-Feira,Dia útil,Leads,2025-11-14,bottomfunnel_rmkt_60d_estatico_v2,20.84,2,554,0,Remarketing_60dias,Estático,2º Lançamento | Leads
4364,2025 | Setembro,Sábado,Final de semana,Leads,2025-09-20,topfunnel_interesses_dados_carrossel_v2,133.33,47,4959,4,Interesses_Dados,Carrossel,2º Lançamento | Leads
4365,2025 | Dezembro,Quarta-Feira,Dia útil,Leads,2025-12-31,midfunnel_rmkt_30d_estatico_v2,168.07,304,7219,35,Remarketing_30dias,Estático,2º Lançamento | Leads
4366,2025 | Novembro,Terça-Feira,Dia útil,Vendas,2025-11-04,bottomfunnel_rmkt_30d_estatico_v3,93.16,58,2342,12,Remarketing_30dias,Estático,Campanha Contínua | Vendas
4367,2025 | Março,Quinta-Feira,Dia útil,Leads,2025-03-20,bottomfunnel_visitantes_site_estatico_v2,113.9,40,2676,7,Visitantes_Site,Estático,1º Lançamento | Leads
4368,2025 | Julho,Quarta-Feira,Dia útil,Leads,2025-07-09,topfunnel_interesses_dados_video_v1,93.79,110,6952,20,Interesses_Dados,Video,1º Lançamento | Leads
4369,2025 | Setembro,Sexta-Feira,Dia útil,Leads,2025-09-05,topfunnel_lal1_compradores_video_v2,13.53,12,729,1,LookALike_Compradores_1,Video,2º Lançamento | Leads
4370,2025 | Outubro,Quarta-Feira,Dia útil,Vendas,2025-10-08,bottomfunnel_engajamento_ig_estatico_v3,152.57,275,12816,20,Engajamento_Instagram,Estático,Campanha Contínua | Vendas
4371,2025 | Junho,Terça-Feira,Dia útil,Vendas,2025-06-24,topfunnel_lal2_leads_video_v1,61.06,37,2056,1,LookALike_Leads_2,Video,1º Lançamento | Vendas
4372,2025 | Agosto,Terça-Feira,Dia útil,Leads,2025-08-19,midfunnel_rmkt_60d_carrossel_v2,55.95,62,1514,18,Remarketing_60dias,Carrossel,2º Lançamento | Leads
4373,2025 | Março,Segunda-Feira,Dia útil,Vendas,2025-03-17,midfunnel_engajamento_ig_estatico_v1,169.69,190,4438,40,Engajamento_Instagram,Estático,1º Lançamento | Vendas
4374,2025 | Maio,Quinta-Feira,Dia útil,Leads,2025-05-22,topfunnel_lal1_compradores_video_v2,52.72,65,2453,15,LookALike_Compradores_1,Video,2º Lançamento | Leads
4375,2025 | Julho,Quarta-Feira,Dia útil,Vendas,2025-07-02,bottomfunnel_visitantes_site_estatico_v1,172.58,195,7285,56,Visitantes_Site,Estático,1º Lançamento | Vendas
4376,2025 | Abril,Terça-Feira,Dia útil,Leads,2025-04-15,topfunnel_lal2_leads_carrossel_v2,76.12,286,7614,54,LookALike_Leads_2,Carrossel,1º Lançamento | Leads
4377,2025 | Junho,Quarta-Feira,Dia útil,Vendas,2025-06-04,topfunnel_interesses_dados_video_v3,76.58,35,2216,1,Interesses_Dados,Video,1º Lançamento | Vendas
4378,2025 | Julho,Quarta-Feira,Dia útil,Vendas,2025-07-09,topfunnel_lal2_leads_carrossel_v2,138.46,404,12082,59,LookALike_Leads_2,Carrossel,1º Lançamento | Vendas
4379,2025 | Abril,Sexta-Feira,Dia útil,Leads,2025-04-25,midfunnel_engajamento_ig_video_v1,121.11,130,5142,37,Engajamento_Instagram,Video,Campanha Contínua | Leads
4380,2025 | Setembro,Quarta-Feira,Dia útil,Leads,2025-09-17,topfunnel_lal1_compradores_video_v1,67.92,48,1824,8,LookALike_Compradores_1,Video,1º Lançamento | Leads
4381,2025 | Fevereiro,Terça-Feira,Final de semana,Leads,2025-02-25,midfunnel_rmkt_30d_video_v1,74.55,221,7611,16,Remarketing_30dias,Video,Campanha Contínua | Leads
4382,2025 | Maio,Sexta-Feira,Dia útil,Vendas,2025-05-02,bottomfunnel_engajamento_ig_video_v3,10.06,7,241,1,Engajamento_Instagram,Video,Campanha Contínua | Vendas
4383,2025 | Outubro,Terça-Feira,Dia útil,Vendas,2025-10-14,topfunnel_cargos_dados_carrossel_v1,101.83,84,3311,8,Cargos_Dados,Carrossel,2º Lançamento | Vendas
4384,2025 | Setembro,Quarta-Feira,Dia útil,Leads,2025-09-24,bottomfunnel_engajamento_ig_estatico_v2,46.6,45,1146,11,Engajamento_Instagram,Estático,Campanha Contínua | Leads
4385,2025 | Janeiro,Domingo,Final de semana,Leads,2025-01-05,midfunnel_rmkt_60d_carrossel_v1,54.68,31,1540,3,Remarketing_60dias,Carrossel,2º Lançamento | Leads
4386,2025 | Março,Terça-Feira,Dia útil,Vendas,2025-03-18,bottomfunnel_engajamento_ig_estatico_v1,48.23,18,1507,3,Engajamento_Instagram,Estático,1º Lançamento | Vendas
4387,2025 | Janeiro,Quinta-Feira,Dia útil,Leads,2025-09-11,midfunnel_engajamento_ig_estatico_v2,107.91,84,3362,17,Engajamento_Instagram,Estático,Campanha Contínua | Leads
4388,2025 | Agosto,Domingo,Final de semana,Leads,2025-08-31,midfunnel_rmkt_60d_estatico_v2,71.4,22,2914,6,Remarketing_60dias,Estático,2º Lançamento | Leads
4389,2025 | Julho,Quarta-Feira,Dia útil,Vendas,2025-07-16,bottomfunnel_rmkt_30d_carrossel_v1,18.8,34,935,4,Remarketing_30dias,Carrossel,Campanha Contínua | Vendas
4390,2025 | Março,Sábado,Final de semana,Leads,2025-03-15,midfunnel_rmkt_60d_video_v3,69.75,65,1866,16,Remarketing_60dias,Video,Campanha Contínua | Leads
4391,2025 | Julho,Sábado,Final de semana,Leads,2025-07-12,bottomfunnel_engajamento_ig_estatico_v3,179.29,285,6587,15,Engajamento_Instagram,Estático,Campanha Contínua | Leads
4392,2025 | Abril,Sexta-Feira,Dia útil,Vendas,2025-04-04,topfunnel_cargos_dados_video_v3,139.55,178,4456,10,Cargos_Dados,Video,2º Lançamento | Vendas
4393,2025 | Outubro,Terça-Feira,Dia útil,Leads,2025-10-14,topfunnel_cargos_dados_video_v1,85.52,170,5175,40,Cargos_Dados,Video,1º Lançamento | Leads
4394,2025 | Julho,Sexta-Feira,Dia útil,Vendas,2025-07-18,topfunnel_interesses_dados_video_v3,75.93,59,1806,17,Interesses_Dados,Video,2º Lançamento | Vendas
4395,2025 | Setembro,Quinta-Feira,Dia útil,Leads,2025-09-11,topfunnel_lal1_compradores_estatico_v2,60.69,100,2728,26,LookALike_Compradores_1,Estático,Campanha Contínua | Leads
4396,2025 | Agosto,Terça-Feira,Dia útil,Vendas,2025-08-19,bottomfunnel_visitantes_site_estatico_v3,122.67,226,12264,8,Visitantes_Site,Estático,Campanha Contínua | Vendas
4397,2025 | Março,Domingo,Final de semana,Vendas,2025-03-09,topfunnel_lal2_leads_carrossel_v2,48.85,80,2799,6,LookALike_Leads_2,Carrossel,2º Lançamento | Vendas
4398,2025 | Abril,Sexta-Feira,Dia útil,Leads,2025-04-25,topfunnel_lal1_compradores_estatico_v2,21.56,9,494,2,LookALike_Compradores_1,Estático,2º Lançamento | Leads
4399,2025 | Abril,Terça-Feira,Dia útil,Leads,2025-04-01,midfunnel_rmkt_60d_video_v3,93.04,86,3814,4,Remarketing_60dias,Video,2º Lançamento | Leads
4400,2025 | Março,Quarta-Feira,Dia útil,Leads,2025-03-12,midfunnel_visitantes_site_video_v3,174.85,357,8381,9,Visitantes_Site,Video,2º Lançamento | Leads
4401,2025 | Julho,Terça-Feira,Dia útil,Leads,2025-07-29,topfunnel_interesses_dados_video_v1,58.7,25,1484,4,Interesses_Dados,Video,Campanha Contínua | Leads
4402,2025 | Maio,Quinta-Feira,Dia útil,Vendas,2025-05-15,topfunnel_cargos_dados_video_v3,102.37,59,2551,8,Cargos_Dados,Video,Campanha Contínua | Vendas
4403,2025 | Abril,Terça-Feira,Dia útil,Leads,2025-04-15,topfunnel_lal2_leads_carrossel_v3,125.3,198,12835,15,LookALike_Leads_2,Carrossel,Campanha Contínua | Leads
4404,2025 | Fevereiro,Quarta-Feira,Dia útil,Leads,2025-02-19,topfunnel_lal1_compradores_carrossel_v3,111.77,388,10287,12,LookALike_Compradores_1,Carrossel,2º Lançamento | Leads
4405,2025 | Março,Quarta-Feira,Dia útil,Leads,2025-03-19,topfunnel_interesses_dados_carrossel_v2,64.55,48,1562,12,Interesses_Dados,Carrossel,2º Lançamento | Leads
4406,2025 | Outubro,Sábado,Final de semana,Vendas,2025-10-25,midfunnel_engajamento_ig_estatico_v2,152.89,196,5994,23,Engajamento_Instagram,Estático,Campanha Contínua | Vendas
4407,2025 | Agosto,Sexta-Feira,Dia útil,Leads,2025-08-08,topfunnel_interesses_dados_estatico_v1,58.68,49,1325,1,Interesses_Dados,Estático,1º Lançamento | Leads
4408,2025 | Novembro,Terça-Feira,Dia útil,Leads,2025-11-18,midfunnel_visitantes_site_video_v1,78.49,325,9342,88,Visitantes_Site,Video,1º Lançamento | Leads
4409,2025 | Fevereiro,Terça-Feira,Dia útil,Leads,2025-02-25,topfunnel_lal2_leads_estatico_v2,145.13,214,9397,21,LookALike_Leads_2,Estático,2º Lançamento | Leads
4410,2025 | Maio,Sábado,Final de semana,Vendas,2025-05-03,topfunnel_cargos_dados_video_v2,46.13,33,1509,2,Cargos_Dados,Video,1º Lançamento | Vendas
4411,2025 | Abril,Quarta-Feira,Dia útil,Leads,2025-04-02,bottomfunnel_engajamento_ig_estatico_v1,33.66,16,2179,2,Engajamento_Instagram,Estático,2º Lançamento | Leads
4412,2025 | Junho,Segunda-Feira,Dia útil,Leads,2025-06-23,bottomfunnel_engajamento_ig_video_v2,60.34,62,2940,17,Engajamento_Instagram,Video,1º Lançamento | Leads
4413,2025 | Dezembro,Sexta-Feira,Dia útil,Leads,2025-12-12,topfunnel_lal2_leads_carrossel_v1,28.06,6,806,0,LookALike_Leads_2,Carrossel,2º Lançamento | Leads
4414,2025 | Dezembro,Quarta-Feira,Dia útil,Vendas,2025-12-17,topfunnel_lal2_leads_video_v2,105.28,229,5314,54,LookALike_Leads_2,Video,1º Lançamento | Vendas
4415,2025 | Fevereiro,Quarta-Feira,Dia útil,Vendas,2025-02-12,topfunnel_interesses_dados_estatico_v2,156.84,193,5200,56,Interesses_Dados,Estático,2º Lançamento | Vendas
4416,2025 | Abril,Segunda-Feira,Dia útil,Leads,2025-04-07,midfunnel_rmkt_30d_carrossel_v1,114.26,135,5262,30,Remarketing_30dias,Carrossel,Campanha Contínua | Leads
4417,2025 | Junho,Sexta-Feira,Dia útil,Vendas,2025-06-13,bottomfunnel_engajamento_ig_estatico_v1,161.61,64,5474,16,Engajamento_Instagram,Estático,Campanha Contínua | Vendas
4418,2025 | Setembro,Domingo,Final de semana,Leads,2025-09-28,topfunnel_cargos_dados_estatico_v1,72.78,142,4087,34,Cargos_Dados,Estático,Campanha Contínua | Leads
4419,2025 | Dezembro,Quarta-Feira,Dia útil,Leads,2025-12-17,topfunnel_interesses_dados_carrossel_v1,27.83,20,2999,4,Interesses_Dados,Carrossel,1º Lançamento | Leads
4420,2025 | Junho,Domingo,Final de semana,Vendas,2025-06-15,topfunnel_lal1_compradores_estatico_v1,11.36,10,701,2,LookALike_Compradores_1,Estático,Campanha Contínua | Vendas
4421,2025 | Maio,Quarta-Feira,Dia útil,Leads,2025-05-07,midfunnel_engajamento_ig_video_v1,-117.99,32,1710,3,Engajamento_Instagram,Video,2º Lançamento | Leads
4422,2025 | Dezembro,Quinta-Feira,Dia útil,Vendas,2025-12-25,topfunnel_lal1_compradores_carrossel_v3,162.2,465,13057,43,LookALike_Compradores_1,Carrossel,2º Lançamento | Vendas
4423,2025 | Agosto,Segunda-Feira,Dia útil,Leads,2025-08-18,topfunnel_cargos_dados_video_v2,4.4,1,100,0,Cargos_Dados,Video,1º Lançamento | Leads
4424,2025 | Junho,Terça-Feira,Dia útil,Vendas,2025-06-24,topfunnel_cargos_dados_carrossel_v3,150.65,117,9249,32,Cargos_Dados,Carrossel,Campanha Contínua | Vendas
4425,2025 | Agosto,Sexta-Feira,Dia útil,Leads,2025-08-29,midfunnel_visitantes_site_estatico_v2,69.7,15,2851,2,Visitantes_Site,Estático,2º Lançamento | Leads
4426,2025 | Maio,Sexta-Feira,Dia útil,Vendas,2025-05-02,midfunnel_rmkt_30d_video_v1,124.2,145,3581,26,Remarketing_30dias,Video,2º Lançamento | Vendas
4427,2025 | Novembro,Sexta-Feira,Dia útil,Vendas,2025-11-07,midfunnel_rmkt_30d_video_v2,107.02,46,2387,9,Remarketing_30dias,Video,1º Lançamento | Vendas
4428,2025 | Setembro,Terça-Feira,Dia útil,Leads,2025-09-23,bottomfunnel_rmkt_60d_carrossel_v1,70.96,76,2083,7,Remarketing_60dias,Carrossel,2º Lançamento | Leads
4429,2025 | Março,Terça-Feira,Dia útil,Vendas,2025-03-18,midfunnel_visitantes_site_carrossel_v2,85.41,102,2622,30,Visitantes_Site,Carrossel,2º Lançamento | Vendas
4430,2025 | Janeiro,Sábado,Final de semana,Leads,2025-01-04,midfunnel_engajamento_ig_video_v2,97.99,65,3064,13,Engajamento_Instagram,Video,Campanha Contínua | Leads
4431,2025 | Abril,Sexta-Feira,Dia útil,Leads,2025-04-04,topfunnel_cargos_dados_estatico_v1,137.42,118,3109,24,Cargos_Dados,Estático,Campanha Contínua | Leads
4432,2025 | Fevereiro,Segunda-Feira,Dia útil,Leads,2025-02-03,midfunnel_engajamento_ig_carrossel_v3,23.36,21,523,5,Engajamento_Instagram,Carrossel,2º Lançamento | Leads
4433,2025 | Janeiro,Quinta-Feira,Dia útil,Leads,2025-01-02,topfunnel_interesses_dados_carrossel_v2,152.37,502,18743,101,Interesses_Dados,Carrossel,1º Lançamento | Leads
4434,2025 | Janeiro,Domingo,Final de semana,Vendas,2025-01-26,topfunnel_cargos_dados_estatico_v3,74.6,26,5246,7,Cargos_Dados,Estático,Campanha Contínua | Vendas
4435,2025 | Dezembro,Segunda-Feira,Dia útil,Vendas,2025-12-08,topfunnel_lal2_leads_estatico_v2,153.58,30,4146,6,LookALike_Leads_2,Estático,2º Lançamento | Vendas
4436,2025 | Março,Segunda-Feira,Dia útil,Vendas,2025-03-10,topfunnel_cargos_dados_video_v1,102.46,133,4306,30,Cargos_Dados,Video,2º Lançamento | Vendas
4437,2025 | Junho,Sexta-Feira,Dia útil,Leads,2025-06-06,topfunnel_lal2_leads_estatico_v1,115.34,49,2646,10,LookALike_Leads_2,Estático,Campanha Contínua | Leads
4438,2025 | Dezembro,Quinta-Feira,Dia útil,Leads,2025-12-18,topfunnel_cargos_dados_video_v1,65.35,66,1711,19,Cargos_Dados,Video,2º Lançamento | Leads
4439,2025 | Julho,Sexta-Feira,Dia útil,Leads,2025-07-25,topfunnel_lal2_leads_estatico_v3,96.69,32,2948,1,LookALike_Leads_2,Estático,2º Lançamento | Leads
4440,2025 | Julho,Quarta-Feira,Dia útil,Leads,2025-07-02,topfunnel_lal2_leads_carrossel_v2,158.57,96,4565,14,LookALike_Leads_2,Carrossel,2º Lançamento | Leads
4441,2025 | Outubro,Domingo,Final de semana,Leads,2025-10-05,topfunnel_cargos_dados_carrossel_v1,89.49,84,3392,23,Cargos_Dados,Carrossel,2º Lançamento | Leads
4442,2025 | Setembro,Sábado,Final de semana,Leads,2025-09-13,bottomfunnel_rmkt_30d_estatico_v3,100.14,85,6259,10,Remarketing_30dias,Estático,Campanha Contínua | Leads
4443,2025 | Outubro,Quinta-Feira,Dia útil,Leads,2025-10-30,topfunnel_interesses_dados_video_v2,28.17,21,3017,1,Interesses_Dados,Video,Campanha Contínua | Leads
4444,2025 | Julho,Segunda-Feira,Dia útil,Vendas,2025-07-14,midfunnel_engajamento_ig_carrossel_v1,70.22,74,2683,13,Engajamento_Instagram,Carrossel,Campanha Contínua | Vendas
4445,2025 | Outubro,Quarta-Feira,Dia útil,Leads,2025-10-22,midfunnel_visitantes_site_video_v1,113.81,178,6664,31,Visitantes_Site,Video,1º Lançamento | Leads
4446,2025 | Junho,Sábado,Final de semana,Vendas,2025-06-14,topfunnel_cargos_dados_carrossel_v3,130.96,68,5102,7,Cargos_Dados,Carrossel,2º Lançamento | Vendas
4447,2025 | Abril,Quarta-Feira,Dia útil,Leads,2025-04-02,topfunnel_cargos_dados_video_v1,108.68,157,5958,24,Cargos_Dados,Video,2º Lançamento | Leads
4448,2025 | Setembro,Terça-Feira,Dia útil,Leads,2025-09-16,topfunnel_cargos_dados_carrossel_v1,74.07,52,1869,5,Cargos_Dados,Carrossel,2º Lançamento | Leads
4449,2025 | Março,Terça-Feira,Dia útil,Leads,2025-03-04,topfunnel_cargos_dados_video_v1,105.27,289,9518,47,Cargos_Dados,Video,2º Lançamento | Leads
4450,2025 | Janeiro,Domingo,Final de semana,Vendas,2025-01-05,bottomfunnel_rmkt_60d_carrossel_v2,150.98,29,4742,3,Remarketing_60dias,Carrossel,2º Lançamento | Vendas
4451,2025 | Dezembro,Domingo,Final de semana,Vendas,2025-12-21,topfunnel_lal2_leads_carrossel_v1,83.92,224,5399,46,LookALike_Leads_2,Carrossel,1º Lançamento | Vendas
4452,2025 | Junho,Quarta-Feira,Dia útil,Vendas,2025-06-04,midfunnel_rmkt_30d_estatico_v3,166.69,496,15391,78,Remarketing_30dias,Estático,1º Lançamento | Vendas
4453,2025 | Outubro,Terça-Feira,Dia útil,Leads,2025-10-28,topfunnel_lal2_leads_video_v1,112.35,141,4149,10,LookALike_Leads_2,Video,Campanha Contínua | Leads
4454,2025 | Dezembro,Sexta-Feira,Dia útil,Vendas,2025-12-26,topfunnel_lal2_leads_carrossel_v2,178.55,348,11984,26,LookALike_Leads_2,Carrossel,Campanha Contínua | Vendas
4455,2025 | Fevereiro,Sexta-Feira,Dia útil,Leads,2025-02-21,midfunnel_engajamento_ig_estatico_v3,97.84,99,4890,23,Engajamento_Instagram,Estático,1º Lançamento | Leads
4456,2025 | Outubro,Sexta-Feira,Dia útil,Vendas,2025-10-24,midfunnel_rmkt_60d_estatico_v1,141.99,220,13528,57,Remarketing_60dias,Estático,Campanha Contínua | Vendas
4457,2025 | Outubro,Sexta-Feira,Dia útil,Leads,2025-10-31,bottomfunnel_rmkt_30d_estatico_v3,29.17,2,693,0,Remarketing_30dias,Estático,1º Lançamento | Leads
4458,2025 | Setembro,Terça-Feira,Dia útil,Leads,2025-09-16,midfunnel_engajamento_ig_carrossel_v1,172.79,187,4770,34,Engajamento_Instagram,Carrossel,2º Lançamento | Leads
4459,2025 | Agosto,Segunda-Feira,Dia útil,Vendas,2025-08-18,bottomfunnel_visitantes_site_video_v3,160.07,112,14726,24,Visitantes_Site,Video,1º Lançamento | Vendas
4460,2025 | Abril,Segunda-Feira,Dia útil,Leads,2025-04-07,midfunnel_visitantes_site_estatico_v3,18.92,8,428,2,Visitantes_Site,Estático,Campanha Contínua | Leads
4461,2025 | Março,Segunda-Feira,Dia útil,Leads,2025-03-24,bottomfunnel_rmkt_60d_estatico_v2,76.38,225,5448,65,Remarketing_60dias,Estático,1º Lançamento | Leads
4462,2025 | Junho,Terça-Feira,Dia útil,Vendas,2025-06-24,midfunnel_engajamento_ig_carrossel_v1,120.29,17,4137,4,Engajamento_Instagram,Carrossel,1º Lançamento | Vendas
4463,2025 | Agosto,Sábado,Final de semana,Leads,2025-08-16,bottomfunnel_rmkt_60d_video_v2,70.49,294,6846,57,Remarketing_60dias,Video,2º Lançamento | Leads
4464,2025 | Maio,Terça-Feira,Dia útil,Leads,2025-05-13,topfunnel_lal1_compradores_carrossel_v3,11.49,42,1163,11,LookALike_Compradores_1,Carrossel,Campanha Contínua | Leads
4465,2025 | Fevereiro,Domingo,Final de semana,Leads,2025-02-09,bottomfunnel_visitantes_site_video_v1,62.37,173,5797,39,Visitantes_Site,Video,Campanha Contínua | Leads
4466,2025 | Abril,Terça-Feira,Dia útil,Leads,2025-04-01,topfunnel_cargos_dados_video_v2,114.88,89,4411,11,Cargos_Dados,Video,1º Lançamento | Leads
4467,2025 | Novembro,Sexta-Feira,Dia útil,Leads,2025-11-07,midfunnel_rmkt_60d_carrossel_v3,132.42,47,3185,3,Remarketing_60dias,Carrossel,Campanha Contínua | Leads
4468,2025 | Abril,Sexta-Feira,Dia útil,Leads,2025-04-11,midfunnel_visitantes_site_carrossel_v1,94.43,60,2132,16,Visitantes_Site,Carrossel,2º Lançamento | Leads
4469,2025 | Agosto,Sábado,Final de semana,Vendas,2025-08-09,midfunnel_visitantes_site_carrossel_v2,117.31,194,10061,29,Visitantes_Site,Carrossel,1º Lançamento | Vendas
4470,2025 | Outubro,Sexta-Feira,Dia útil,Leads,2025-10-17,bottomfunnel_visitantes_site_video_v3,34.14,85,3056,4,Visitantes_Site,Video,Campanha Contínua | Leads
4471,2025 | Fevereiro,Sábado,Final de semana,Vendas,2025-02-22,topfunnel_cargos_dados_carrossel_v3,164.11,78,9116,3,Cargos_Dados,Carrossel,1º Lançamento | Vendas
4472,2025 | Fevereiro,Quinta-Feira,Dia útil,Leads,2025-02-13,bottomfunnel_visitantes_site_carrossel_v3,105.64,56,3583,3,Visitantes_Site,Carrossel,2º Lançamento | Leads
4473,2025 | Março,Quinta-Feira,Dia útil,Leads,2025-03-20,topfunnel_interesses_dados_video_v3,7.92,12,321,0,Interesses_Dados,Video,Campanha Contínua | Leads
4474,2025 | Setembro,Quarta-Feira,Dia útil,Vendas,2025-09-17,bottomfunnel_rmkt_60d_estatico_v2,67.11,24,3532,4,Remarketing_60dias,Estático,2º Lançamento | Vendas
4475,2025 | Abril,Domingo,Final de semana,Vendas,2025-04-06,topfunnel_interesses_dados_video_v3,70.94,30,1738,5,Interesses_Dados,Video,1º Lançamento | Vendas
4476,2025 | Agosto,Sábado,Final de semana,Leads,2025-08-02,midfunnel_rmkt_60d_carrossel_v2,36.47,23,2694,4,Remarketing_60dias,Carrossel,1º Lançamento | Leads
4477,2025 | Fevereiro,Quinta-Feira,Dia útil,Leads,2025-02-20,midfunnel_visitantes_site_video_v1,66.28,44,1714,2,Visitantes_Site,Video,1º Lançamento | Leads
4478,2025 | Maio,Quinta-Feira,Dia útil,Leads,2025-05-29,midfunnel_rmkt_60d_carrossel_v3,24.76,24,609,6,Remarketing_60dias,Carrossel,2º Lançamento | Leads
4479,2025 | Março,Segunda-Feira,Dia útil,Vendas,2025-03-31,topfunnel_lal2_leads_video_v3,18350.59,93285,3949034,5007,LookALike_Leads_2,Video,1º Lançamento | Vendas
4480,2025 | Maio,Sábado,Final de semana,Leads,2025-05-10,midfunnel_engajamento_ig_estatico_v2,86.65,339,9525,65,Engajamento_Instagram,Estático,Campanha Contínua | Leads
4481,2025 | Abril,Sábado,Final de semana,Vendas,2025-04-12,topfunnel_lal2_leads_carrossel_v3,164.01,139,6895,21,LookALike_Leads_2,Carrossel,1º Lançamento | Vendas
4482,2025 | Outubro,Sábado,Final de semana,Vendas,2025-10-04,topfunnel_lal2_leads_estatico_v1,15.82,11,642,2,LookALike_Leads_2,Estático,Campanha Contínua | Vendas
4483,2025 | Janeiro,Segunda-Feira,Dia útil,Leads,2025-01-27,midfunnel_rmkt_30d_carrossel_v2,154.17,560,17739,137,Remarketing_30dias,Carrossel,Campanha Contínua | Leads
4484,2025 | Setembro,Quarta-Feira,Dia útil,Vendas,2025-09-10,topfunnel_cargos_dados_estatico_v2,145.27,170,11097,23,Cargos_Dados,Estático,2º Lançamento | Vendas
4485,2025 | Fevereiro,Segunda-Feira,Dia útil,Leads,2025-02-03,midfunnel_rmkt_30d_carrossel_v2,179.66,251,7463,57,Remarketing_30dias,Carrossel,Campanha Contínua | Leads
4486,2025 | Abril,Quarta-Feira,Dia útil,Leads,2025-04-30,midfunnel_visitantes_site_carrossel_v1,101.11,227,8550,55,Visitantes_Site,Carrossel,Campanha Contínua | Leads
4487,2025 | Outubro,Quinta-Feira,Dia útil,Leads,2025-10-23,midfunnel_engajamento_ig_carrossel_v3,113.71,70,3094,14,Engajamento_Instagram,Carrossel,Campanha Contínua | Leads
4488,2025 | Janeiro,Sábado,Final de semana,Leads,2025-01-11,topfunnel_lal1_compradores_estatico_v1,118.0,291,7111,43,LookALike_Compradores_1,Estático,Campanha Contínua | Leads
4489,2025 | Abril,Terça-Feira,Dia útil,Leads,2025-04-29,midfunnel_visitantes_site_carrossel_v1,148.16,135,4252,25,Visitantes_Site,Carrossel,Campanha Contínua | Leads
4490,2025 | Fevereiro,Terça-Feira,Dia útil,Vendas,2025-02-11,bottomfunnel_visitantes_site_video_v3,85.5,36,8456,5,Visitantes_Site,Video,Campanha Contínua | Vendas
4491,2025 | Janeiro,Quinta-Feira,Dia útil,Leads,2025-01-02,bottomfunnel_visitantes_site_video_v3,52.65,52,1791,14,Visitantes_Site,Video,1º Lançamento | Leads
4492,2025 | Junho,Sexta-Feira,Dia útil,Leads,2025-06-27,bottomfunnel_engajamento_ig_carrossel_v1,138.94,350,8273,86,Engajamento_Instagram,Carrossel,Campanha Contínua | Leads
4493,2025 | Julho,Quinta-Feira,Dia útil,Leads,2025-07-03,bottomfunnel_rmkt_60d_carrossel_v3,66.22,19,1855,2,Remarketing_60dias,Carrossel,2º Lançamento | Leads
4494,2025 | Junho,Domingo,Final de semana,Leads,2025-06-22,midfunnel_rmkt_30d_carrossel_v3,60.61,92,5777,16,Remarketing_30dias,Carrossel,1º Lançamento | Leads
4495,2025 | Dezembro,Quinta-Feira,Dia útil,Vendas,2025-12-04,topfunnel_interesses_dados_carrossel_v3,166.48,405,14251,64,Interesses_Dados,Carrossel,2º Lançamento | Vendas
4496,2025 | Fevereiro,Segunda-Feira,Dia útil,Vendas,2025-02-24,bottomfunnel_engajamento_ig_video_v2,132.81,619,15880,139,Engajamento_Instagram,Video,2º Lançamento | Vendas
4497,2025 | Fevereiro,Segunda-Feira,Dia útil,Leads,2025-02-03,topfunnel_lal2_leads_video_v1,44.61,135,3439,21,LookALike_Leads_2,Video,Campanha Contínua | Leads
4498,2025 | Agosto,Quarta-Feira,Dia útil,Vendas,2025-08-27,topfunnel_lal1_compradores_carrossel_v1,159.32,45,4131,8,LookALike_Compradores_1,Carrossel,Campanha Contínua | Vendas
4499,2025 | Fevereiro,Quinta-Feira,Dia útil,Leads,2025-02-27,topfunnel_interesses_dados_estatico_v1,159.91,148,3967,30,Interesses_Dados,Estático,Campanha Contínua | Leads
4500,2025 | Abril,Segunda-Feira,Dia útil,Leads,2025-04-28,bottomfunnel_rmkt_60d_carrossel_v3,123.55,138,3459,39,Remarketing_60dias,Carrossel,1º Lançamento | Leads
4501,2025 | Fevereiro,Quinta-Feira,Dia útil,Vendas,2025-02-06,topfunnel_lal2_leads_carrossel_v2,170.77,253,7219,40,LookALike_Leads_2,Carrossel,1º Lançamento | Vendas
4502,2025 | Fevereiro,Quinta-Feira,Dia útil,Leads,2025-02-06,midfunnel_rmkt_30d_video_v1,179.35,71,6731,6,Remarketing_30dias,Video,2º Lançamento | Leads
4503,2025 | Junho,Sábado,Final de semana,Vendas,2025-06-21,midfunnel_rmkt_60d_carrossel_v1,44.19,8,1043,1,Remarketing_60dias,Carrossel,1º Lançamento | Vendas
4504,2025 | Dezembro,Sábado,Final de semana,Leads,2025-12-27,midfunnel_visitantes_site_carrossel_v3,9.14,6,947,0,Visitantes_Site,Carrossel,1º Lançamento | Leads
4505,2025 | Dezembro,Domingo,Final de semana,Leads,2025-12-28,topfunnel_interesses_dados_estatico_v1,26.41,31,1493,4,Interesses_Dados,Estático,Campanha Contínua | Leads
4506,2025 | Agosto,Sexta-Feira,Dia útil,Leads,2025-08-29,midfunnel_rmkt_30d_video_v2,103.3,138,3533,35,Remarketing_30dias,Video,1º Lançamento | Leads
4507,2025 | Dezembro,Domingo,Final de semana,Leads,2025-12-07,topfunnel_lal1_compradores_estatico_v1,116.85,51,3586,11,LookALike_Compradores_1,Estático,2º Lançamento | Leads
4508,2025 | Junho,Sexta-Feira,Dia útil,Leads,2025-06-06,topfunnel_lal1_compradores_estatico_v2,14.28,7,1477,1,LookALike_Compradores_1,Estático,1º Lançamento | Leads
4509,2025 | Fevereiro,Segunda-Feira,Dia útil,Leads,2025-02-03,midfunnel_rmkt_60d_video_v1,44.11,88,2046,12,Remarketing_60dias,Video,2º Lançamento | Leads
4510,2025 | Março,Segunda-Feira,Dia útil,Leads,2025-03-10,topfunnel_lal2_leads_video_v3,123.37,106,3724,12,LookALike_Leads_2,Video,Campanha Contínua | Leads
4511,2025 | Agosto,Terça-Feira,Dia útil,Leads,2025-08-26,topfunnel_interesses_dados_estatico_v2,143.6,336,13247,78,Interesses_Dados,Estático,Campanha Contínua | Leads
4512,2025 | Outubro,Domingo,Final de semana,Leads,2025-10-26,topfunnel_lal2_leads_estatico_v2,87.01,69,3594,2,LookALike_Leads_2,Estático,Campanha Contínua | Leads
4513,2025 | Setembro,Quarta-Feira,Dia útil,Leads,2025-09-03,topfunnel_interesses_dados_video_v1,110.15,434,9915,35,Interesses_Dados,Video,2º Lançamento | Leads
4514,2025 | Novembro,Quarta-Feira,Dia útil,Vendas,2025-11-26,topfunnel_cargos_dados_video_v2,92.44,86,5664,4,Cargos_Dados,Video,2º Lançamento | Vendas
4515,2025 | Junho,Sexta-Feira,Dia útil,Leads,2025-06-13,midfunnel_engajamento_ig_carrossel_v3,133.24,180,5355,17,Engajamento_Instagram,Carrossel,Campanha Contínua | Leads
4516,2025 | Outubro,Domingo,Final de semana,Vendas,2025-10-12,topfunnel_lal1_compradores_estatico_v3,119.17,109,3236,3,LookALike_Compradores_1,Estático,Campanha Contínua | Vendas
4517,2025 | Novembro,Sexta-Feira,Dia útil,Vendas,2025-11-21,bottomfunnel_visitantes_site_estatico_v3,61.33,110,4053,25,Visitantes_Site,Estático,Campanha Contínua | Vendas
4518,2025 | Novembro,Domingo,Final de semana,Leads,2025-11-23,midfunnel_engajamento_ig_carrossel_v1,66.7,60,3640,4,Engajamento_Instagram,Carrossel,1º Lançamento | Leads
4519,2025 | Outubro,Domingo,Final de semana,Leads,2025-10-26,topfunnel_interesses_dados_carrossel_v3,58.63,133,6407,21,Interesses_Dados,Carrossel,2º Lançamento | Leads
4520,2025 | Agosto,Sexta-Feira,Dia útil,Leads,2025-08-22,topfunnel_lal1_compradores_carrossel_v2,173.53,299,16121,44,LookALike_Compradores_1,Carrossel,Campanha Contínua | Leads
4521,2025 | Maio,Sexta-Feira,Dia útil,Leads,2025-05-23,bottomfunnel_visitantes_site_estatico_v3,62.24,66,3864,6,Visitantes_Site,Estático,1º Lançamento | Leads
4522,2025 | Agosto,Terça-Feira,Dia útil,Vendas,2025-08-19,bottomfunnel_engajamento_ig_estatico_v3,174.26,112,4317,27,Engajamento_Instagram,Estático,1º Lançamento | Vendas
4523,2025 | Novembro,Quarta-Feira,Dia útil,Vendas,2025-11-26,topfunnel_cargos_dados_video_v1,133.9,52,5387,10,Cargos_Dados,Video,2º Lançamento | Vendas
4524,2025 | Janeiro,Domingo,Final de semana,Vendas,2025-01-12,midfunnel_rmkt_60d_estatico_v1,141.36,62,7472,8,Remarketing_60dias,Estático,Campanha Contínua | Vendas
4525,2025 | Setembro,Terça-Feira,Dia útil,Leads,2025-09-09,topfunnel_lal1_compradores_estatico_v1,169.81,622,19186,66,LookALike_Compradores_1,Estático,2º Lançamento | Leads
4526,2025 | Julho,Terça-Feira,Dia útil,Leads,2025-07-29,bottomfunnel_engajamento_ig_estatico_v1,172.89,218,13650,54,Engajamento_Instagram,Estático,2º Lançamento | Leads
4527,2025 | Janeiro,Sexta-Feira,Dia útil,Vendas,2025-01-31,midfunnel_engajamento_ig_estatico_v1,145.42,80,3286,12,Engajamento_Instagram,Estático,1º Lançamento | Vendas
4528,2025 | Abril,Terça-Feira,Dia útil,Leads,2025-04-29,midfunnel_visitantes_site_estatico_v3,53.13,101,2815,2,Visitantes_Site,Estático,1º Lançamento | Leads
4529,2025 | Março,Segunda-Feira,Dia útil,Leads,2025-03-10,bottomfunnel_engajamento_ig_carrossel_v3,103.02,79,3355,21,Engajamento_Instagram,Carrossel,Campanha Contínua | Leads
4530,2025 | Dezembro,Domingo,Final de semana,Leads,2025-12-14,midfunnel_rmkt_30d_carrossel_v2,144.16,388,8779,94,Remarketing_30dias,Carrossel,2º Lançamento | Leads
4531,2025 | Novembro,Domingo,Final de semana,Leads,2025-11-16,topfunnel_cargos_dados_estatico_v2,151.86,252,10885,24,Cargos_Dados,Estático,Campanha Contínua | Leads
4532,2025 | Março,Terça-Feira,Dia útil,Leads,2025-03-04,midfunnel_rmkt_30d_video_v3,78.12,24,1768,2,Remarketing_30dias,Video,2º Lançamento | Leads
4533,2025 | Julho,Quarta-Feira,Dia útil,Vendas,2025-07-02,midfunnel_visitantes_site_video_v1,84.81,115,2826,17,Visitantes_Site,Video,1º Lançamento | Vendas
4534,2025 | Maio,Terça-Feira,Dia útil,Leads,2025-05-06,topfunnel_lal2_leads_estatico_v1,131.87,388,9612,95,LookALike_Leads_2,Estático,2º Lançamento | Leads
4535,2025 | Junho,Domingo,Final de semana,Leads,2025-06-01,bottomfunnel_visitantes_site_video_v1,58.45,45,1447,3,Visitantes_Site,Video,1º Lançamento | Leads
4536,2025 | Junho,Domingo,Final de semana,Leads,2025-06-22,topfunnel_interesses_dados_video_v3,150.88,110,3650,3,Interesses_Dados,Video,1º Lançamento | Leads
4537,2025 | Setembro,Segunda-Feira,Dia útil,Leads,2025-09-08,midfunnel_engajamento_ig_carrossel_v1,141.67,61,6639,2,Engajamento_Instagram,Carrossel,Campanha Contínua | Leads
4538,2025 | Junho,Domingo,Final de semana,Leads,2025-06-08,midfunnel_engajamento_ig_estatico_v3,136.36,96,3569,19,Engajamento_Instagram,Estático,2º Lançamento | Leads
4539,2025 | Agosto,Quarta-Feira,Dia útil,Leads,2025-08-06,bottomfunnel_engajamento_ig_video_v3,138.19,137,4745,13,Engajamento_Instagram,Video,1º Lançamento | Leads
4540,2025 | Julho,Quinta-Feira,Dia útil,Vendas,2025-07-31,topfunnel_interesses_dados_carrossel_v2,153.56,95,7605,22,Interesses_Dados,Carrossel,2º Lançamento | Vendas
4541,2025 | Outubro,Quinta-Feira,Dia útil,Vendas,2025-10-02,midfunnel_engajamento_ig_carrossel_v3,116.31,139,5373,13,Engajamento_Instagram,Carrossel,Campanha Contínua | Vendas
4542,2025 | Outubro,Sábado,Final de semana,Vendas,2025-10-25,midfunnel_rmkt_60d_video_v1,26.21,24,1256,2,Remarketing_60dias,Video,2º Lançamento | Vendas
4543,2025 | Setembro,Sexta-Feira,Dia útil,Leads,2025-09-19,bottomfunnel_rmkt_30d_carrossel_v3,32.92,21,1212,5,Remarketing_30dias,Carrossel,2º Lançamento | Leads
4544,2025 | Junho,Quarta-Feira,Dia útil,Leads,2025-06-11,topfunnel_lal2_leads_carrossel_v3,92.76,125,3125,24,LookALike_Leads_2,Carrossel,2º Lançamento | Leads
4545,2025 | Abril,Sábado,Final de semana,Leads,2025-04-19,bottomfunnel_rmkt_60d_video_v1,52.29,37,1540,5,Remarketing_60dias,Video,2º Lançamento | Leads
4546,2025 | Maio,Quarta-Feira,Dia útil,Leads,2025-05-21,midfunnel_rmkt_60d_carrossel_v1,56.84,19,3081,2,Remarketing_60dias,Carrossel,2º Lançamento | Leads
4547,2025 | Outubro,Sábado,Final de semana,Leads,2025-10-18,topfunnel_cargos_dados_estatico_v2,99.47,270,7857,39,Cargos_Dados,Estático,2º Lançamento | Leads
4548,2025 | Abril,Quinta-Feira,Dia útil,Leads,2025-04-17,bottomfunnel_rmkt_30d_carrossel_v3,156.1,94,4852,17,Remarketing_30dias,Carrossel,1º Lançamento | Leads
4549,2025 | Março,Terça-Feira,Dia útil,Leads,2025-03-04,bottomfunnel_rmkt_60d_video_v1,155.1,393,8928,88,Remarketing_60dias,Video,Campanha Contínua | Leads
4550,2025 | Agosto,Segunda-Feira,Dia útil,Leads,2025-08-11,midfunnel_engajamento_ig_video_v1,152.03,99,4282,14,Engajamento_Instagram,Video,1º Lançamento | Leads
4551,2025 | Julho,Quarta-Feira,Dia útil,Vendas,2025-07-23,midfunnel_visitantes_site_carrossel_v3,87.15,181,5641,42,Visitantes_Site,Carrossel,1º Lançamento | Vendas
4552,2025 | Março,Domingo,Final de semana,Leads,2025-03-09,bottomfunnel_rmkt_30d_carrossel_v1,122.13,171,4056,15,Remarketing_30dias,Carrossel,2º Lançamento | Leads
4553,2025 | Março,Sexta-Feira,Dia útil,Leads,2025-03-21,midfunnel_visitantes_site_video_v2,18.62,13,471,1,Visitantes_Site,Video,2º Lançamento | Leads
4554,2025 | Maio,Quinta-Feira,Dia útil,Leads,2025-05-15,bottomfunnel_rmkt_60d_carrossel_v3,113.11,98,2886,25,Remarketing_60dias,Carrossel,1º Lançamento | Leads
4555,2025 | Agosto,Segunda-Feira,Dia útil,Vendas,2025-08-18,topfunnel_interesses_dados_estatico_v3,157.65,187,4748,45,Interesses_Dados,Estático,2º Lançamento | Vendas
4556,2025 | Fevereiro,Segunda-Feira,Dia útil,Leads,2025-02-24,topfunnel_cargos_dados_video_v3,52.18,74,5878,21,Cargos_Dados,Video,2º Lançamento | Leads
4557,2025 | Dezembro,Domingo,Final de semana,Vendas,2025-12-07,topfunnel_lal2_leads_estatico_v1,84.45,30,2012,0,LookALike_Leads_2,Estático,Campanha Contínua | Vendas
4558,2025 | Maio,Quinta-Feira,Dia útil,Vendas,2025-05-22,bottomfunnel_rmkt_60d_carrossel_v2,120.32,110,10306,13,Remarketing_60dias,Carrossel,Campanha Contínua | Vendas
4559,2025 | Fevereiro,Segunda-Feira,Dia útil,Vendas,2025-02-10,topfunnel_lal1_compradores_estatico_v1,168.95,182,4944,30,LookALike_Compradores_1,Estático,Campanha Contínua | Vendas
4560,2025 | Março,Segunda-Feira,Dia útil,Leads,2025-03-24,bottomfunnel_rmkt_60d_carrossel_v3,65.78,74,1761,21,Remarketing_60dias,Carrossel,1º Lançamento | Leads
4561,2025 | Agosto,Sexta-Feira,Dia útil,Vendas,2025-08-15,bottomfunnel_engajamento_ig_estatico_v2,34.9,19,1121,1,Engajamento_Instagram,Estático,1º Lançamento | Vendas
4562,2025 | Novembro,Segunda-Feira,Dia útil,Vendas,2025-11-24,topfunnel_lal2_leads_video_v3,142.29,104,4127,8,LookALike_Leads_2,Video,2º Lançamento | Vendas
4563,2025 | Outubro,Sexta-Feira,Dia útil,Leads,2025-10-24,midfunnel_visitantes_site_video_v1,26.99,73,3351,4,Visitantes_Site,Video,2º Lançamento | Leads
4564,2025 | Abril,Quinta-Feira,Dia útil,Vendas,2025-04-10,bottomfunnel_rmkt_60d_carrossel_v3,120.8,198,5451,50,Remarketing_60dias,Carrossel,1º Lançamento | Vendas
4565,2025 | Setembro,Sexta-Feira,Dia útil,Leads,2025-09-12,midfunnel_visitantes_site_estatico_v1,174.6,34,8245,6,Visitantes_Site,Estático,1º Lançamento | Leads
4566,2025 | Fevereiro,Segunda-Feira,Dia útil,Leads,2025-02-03,bottomfunnel_rmkt_30d_video_v1,87.04,74,5524,10,Remarketing_30dias,Video,1º Lançamento | Leads
4567,2025 | Fevereiro,Domingo,Final de semana,Vendas,2025-02-23,topfunnel_lal2_leads_video_v2,169.59,120,4782,4,LookALike_Leads_2,Video,1º Lançamento | Vendas
4568,2025 | Dezembro,Quarta-Feira,Dia útil,Vendas,2025-12-17,midfunnel_visitantes_site_carrossel_v3,29.01,4,1031,0,Visitantes_Site,Carrossel,2º Lançamento | Vendas
4569,2025 | Março,Quarta-Feira,Dia útil,Leads,2025-03-19,topfunnel_lal2_leads_video_v1,170.02,380,13617,87,LookALike_Leads_2,Video,2º Lançamento | Leads
4570,2025 | Junho,Sexta-Feira,Dia útil,Leads,2025-06-27,bottomfunnel_visitantes_site_carrossel_v1,25.82,61,1638,15,Visitantes_Site,Carrossel,Campanha Contínua | Leads
4571,2025 | Setembro,Segunda-Feira,Dia útil,Vendas,2025-09-22,bottomfunnel_visitantes_site_video_v2,81.57,31,2633,2,Visitantes_Site,Video,Campanha Contínua | Vendas
4572,2025 | Setembro,Sábado,Final de semana,Leads,2025-09-27,bottomfunnel_engajamento_ig_video_v1,85.01,434,10076,97,Engajamento_Instagram,Video,1º Lançamento | Leads
4573,2025 | Abril,Quinta-Feira,Dia útil,Vendas,2025-04-24,topfunnel_lal1_compradores_estatico_v3,113.49,146,4797,24,LookALike_Compradores_1,Estático,2º Lançamento | Vendas
4574,2025 | Junho,Segunda-Feira,Dia útil,Leads,2025-06-16,bottomfunnel_visitantes_site_video_v3,136.17,40,7079,7,Visitantes_Site,Video,2º Lançamento | Leads
4575,2025 | Abril,Terça-Feira,Dia útil,Vendas,2025-04-01,bottomfunnel_engajamento_ig_estatico_v3,72.32,72,2954,20,Engajamento_Instagram,Estático,1º Lançamento | Vendas
4576,2025 | Outubro,Sábado,Final de semana,Vendas,2025-10-04,midfunnel_rmkt_60d_carrossel_v1,57.25,17,1306,2,Remarketing_60dias,Carrossel,Campanha Contínua | Vendas
4577,2025 | Junho,Domingo,Final de semana,Vendas,2025-06-15,midfunnel_rmkt_60d_estatico_v1,88.94,124,3991,34,Remarketing_60dias,Estático,Campanha Contínua | Vendas
4578,2025 | Abril,Segunda-Feira,Dia útil,Vendas,2025-04-14,bottomfunnel_rmkt_60d_video_v3,136.01,89,6189,2,Remarketing_60dias,Video,Campanha Contínua | Vendas
4579,2025 | Dezembro,Domingo,Final de semana,Leads,2025-12-14,bottomfunnel_engajamento_ig_carrossel_v3,-82.27,22,3238,5,Engajamento_Instagram,Carrossel,1º Lançamento | Leads
4580,2025 | Julho,Terça-Feira,Dia útil,Vendas,2025-07-22,midfunnel_engajamento_ig_estatico_v2,53.92,105,4733,9,Engajamento_Instagram,Estático,Campanha Contínua | Vendas
4581,2025 | Agosto,Terça-Feira,Dia útil,Leads,2025-08-19,bottomfunnel_visitantes_site_video_v2,11.8,4,269,0,Visitantes_Site,Video,1º Lançamento | Leads
4582,2025 | Agosto,Sábado,Final de semana,Vendas,2025-08-09,midfunnel_visitantes_site_carrossel_v2,176.84,87,3973,2,Visitantes_Site,Carrossel,2º Lançamento | Vendas
4583,2025 | Janeiro,Quinta-Feira,Dia útil,Leads,2025-01-02,topfunnel_lal2_leads_carrossel_v3,38.16,67,1839,17,LookALike_Leads_2,Carrossel,2º Lançamento | Leads
4584,2025 | Julho,Segunda-Feira,Dia útil,Vendas,2025-07-21,topfunnel_cargos_dados_estatico_v3,162.74,74,12362,21,Cargos_Dados,Estático,1º Lançamento | Vendas
4585,2025 | Dezembro,Terça-Feira,Dia útil,Vendas,2025-12-09,topfunnel_cargos_dados_estatico_v1,173.59,41,4726,5,Cargos_Dados,Estático,2º Lançamento | Vendas
4586,2025 | Abril,Sábado,Final de semana,Vendas,2025-04-05,topfunnel_cargos_dados_video_v1,7.27,4,197,0,Cargos_Dados,Video,Campanha Contínua | Vendas
4587,2025 | Junho,Sábado,Final de semana,Vendas,2025-06-28,topfunnel_interesses_dados_estatico_v1,27.68,25,1435,3,Interesses_Dados,Estático,1º Lançamento | Vendas
4588,2025 | Janeiro,Sábado,Final de semana,Leads,2025-01-04,topfunnel_lal1_compradores_estatico_v2,146.49,284,9227,9,LookALike_Compradores_1,Estático,1º Lançamento | Leads
4589,2025 | Janeiro,Quinta-Feira,Dia útil,Leads,2025-01-16,midfunnel_rmkt_60d_video_v3,74.51,21,2313,3,Remarketing_60dias,Video,2º Lançamento | Leads
4590,2025 | Outubro,Quinta-Feira,Dia útil,Leads,2025-10-02,topfunnel_lal2_leads_carrossel_v2,147.41,399,16339,12,LookALike_Leads_2,Carrossel,1º Lançamento | Leads
4591,2025 | Janeiro,Segunda-Feira,Dia útil,Leads,2025-01-13,bottomfunnel_engajamento_ig_video_v1,46.43,84,1897,20,Engajamento_Instagram,Video,Campanha Contínua | Leads
4592,2025 | Outubro,Quinta-Feira,Dia útil,Leads,2025-10-30,topfunnel_lal2_leads_estatico_v2,37.46,9,1304,2,LookALike_Leads_2,Estático,2º Lançamento | Leads
4593,2025 | Maio,Sábado,Final de semana,Leads,2025-05-03,topfunnel_lal2_leads_estatico_v1,157.81,154,3798,33,LookALike_Leads_2,Estático,2º Lançamento | Leads
4594,2025 | Janeiro,Sábado,Final de semana,Vendas,2025-01-04,bottomfunnel_rmkt_60d_estatico_v2,24.14,62,1785,13,Remarketing_60dias,Estático,2º Lançamento | Vendas
4595,2025 | Fevereiro,Terça-Feira,Dia útil,Leads,2025-02-04,topfunnel_lal2_leads_carrossel_v2,159.12,72,5095,16,LookALike_Leads_2,Carrossel,Campanha Contínua | Leads
4596,2025 | Setembro,Segunda-Feira,Dia útil,Leads,2025-09-15,topfunnel_cargos_dados_estatico_v1,128.31,42,3843,8,Cargos_Dados,Estático,1º Lançamento | Leads
4597,2025 | Abril,Terça-Feira,Dia útil,Vendas,2025-04-15,topfunnel_cargos_dados_video_v2,102.47,264,11538,66,Cargos_Dados,Video,1º Lançamento | Vendas
4598,2025 | Março,Quarta-Feira,Dia útil,Vendas,2025-03-12,topfunnel_lal1_compradores_estatico_v3,50.98,79,1893,9,LookALike_Compradores_1,Estático,2º Lançamento | Vendas
4599,2025 | Setembro,Sexta-Feira,Dia útil,Leads,2025-09-05,bottomfunnel_rmkt_60d_video_v3,125.99,90,5611,12,Remarketing_60dias,Video,Campanha Contínua | Leads
4600,2025 | Abril,Terça-Feira,Dia útil,Leads,2025-04-29,topfunnel_interesses_dados_estatico_v3,147.84,167,7591,22,Interesses_Dados,Estático,Campanha Contínua | Leads
4601,2025 | Agosto,Terça-Feira,Dia útil,Vendas,2025-08-19,bottomfunnel_engajamento_ig_estatico_v3,79.36,49,3475,14,Engajamento_Instagram,Estático,1º Lançamento | Vendas
4602,2025 | Outubro,Quarta-Feira,Dia útil,Leads,2025-10-15,topfunnel_lal1_compradores_carrossel_v3,133.39,195,6458,35,LookALike_Compradores_1,Carrossel,2º Lançamento | Leads
4603,2025 | Junho,Quarta-Feira,Dia útil,Vendas,2025-06-18,topfunnel_cargos_dados_video_v2,67.07,106,3598,17,Cargos_Dados,Video,Campanha Contínua | Vendas
4604,2025 | Março,Segunda-Feira,Dia útil,Leads,2025-03-10,topfunnel_lal2_leads_video_v2,66.51,18,1879,0,LookALike_Leads_2,Video,1º Lançamento | Leads
4605,2025 | Dezembro,Quinta-Feira,Dia útil,Vendas,2025-12-18,midfunnel_visitantes_site_carrossel_v2,160.55,425,11230,64,Visitantes_Site,Carrossel,Campanha Contínua | Vendas
4606,2025 | Abril,Terça-Feira,Dia útil,Vendas,2025-04-29,bottomfunnel_engajamento_ig_carrossel_v1,13.45,3,357,0,Engajamento_Instagram,Carrossel,2º Lançamento | Vendas
4607,2025 | Abril,Segunda-Feira,Dia útil,Leads,2025-04-14,midfunnel_rmkt_30d_video_v2,46.37,80,3055,5,Remarketing_30dias,Video,Campanha Contínua | Leads
4608,2025 | Maio,Sábado,Final de semana,Leads,2025-05-03,topfunnel_lal1_compradores_video_v1,166.12,109,4413,22,LookALike_Compradores_1,Video,2º Lançamento | Leads
4609,2025 | Julho,Terça-Feira,Dia útil,Leads,2025-07-01,bottomfunnel_visitantes_site_estatico_v2,68.45,37,2026,6,Visitantes_Site,Estático,1º Lançamento | Leads
4610,2025 | Junho,Quarta-Feira,Dia útil,Leads,2025-06-25,bottomfunnel_rmkt_30d_estatico_v2,63.99,47,1872,5,Remarketing_30dias,Estático,2º Lançamento | Leads
4611,2025 | Outubro,Segunda-Feira,Dia útil,Vendas,2025-10-20,bottomfunnel_rmkt_30d_carrossel_v3,166.76,90,5163,26,Remarketing_30dias,Carrossel,2º Lançamento | Vendas
4612,2025 | Novembro,Quinta-Feira,Dia útil,Leads,2025-11-13,midfunnel_rmkt_30d_carrossel_v3,128.89,145,4401,33,Remarketing_30dias,Carrossel,2º Lançamento | Leads
4613,2025 | Dezembro,Domingo,Final de semana,Leads,2025-12-07,topfunnel_lal2_leads_carrossel_v3,166.41,264,8279,72,LookALike_Leads_2,Carrossel,Campanha Contínua | Leads
4614,2025 | Março,Terça-Feira,Dia útil,Leads,2025-03-04,topfunnel_interesses_dados_carrossel_v2,25.38,26,636,2,Interesses_Dados,Carrossel,2º Lançamento | Leads
4615,2025 | Agosto,Segunda-Feira,Dia útil,Vendas,2025-08-04,topfunnel_cargos_dados_carrossel_v1,72.32,75,1774,7,Cargos_Dados,Carrossel,2º Lançamento | Vendas
4616,2025 | Setembro,Sexta-Feira,Dia útil,Vendas,2025-09-26,topfunnel_interesses_dados_estatico_v3,83.72,94,3479,23,Interesses_Dados,Estático,1º Lançamento | Vendas
4617,2025 | Fevereiro,Domingo,Final de semana,Vendas,2025-02-16,topfunnel_lal1_compradores_video_v3,177.88,112,4654,4,LookALike_Compradores_1,Video,1º Lançamento | Vendas
4618,2025 | Dezembro,Domingo,Final de semana,Vendas,2025-12-14,midfunnel_visitantes_site_carrossel_v1,35.85,18,827,0,Visitantes_Site,Carrossel,1º Lançamento | Vendas
4619,2025 | Março,Quarta-Feira,Dia útil,Vendas,2025-03-05,midfunnel_visitantes_site_carrossel_v3,9.86,10,543,2,Visitantes_Site,Carrossel,1º Lançamento | Vendas
4620,2025 | Junho,Sexta-Feira,Dia útil,Vendas,2025-06-06,midfunnel_rmkt_60d_estatico_v1,8.83,8,393,0,Remarketing_60dias,Estático,1º Lançamento | Vendas
4621,2025 | Novembro,Quarta-Feira,Dia útil,Leads,2025-11-05,midfunnel_visitantes_site_video_v2,35.98,25,2796,2,Visitantes_Site,Video,Campanha Contínua | Leads
4622,2025 | Fevereiro,Domingo,Final de semana,Vendas,2025-02-16,topfunnel_lal1_compradores_video_v1,116.67,254,5948,47,LookALike_Compradores_1,Video,Campanha Contínua | Vendas
4623,2025 | Maio,Segunda-Feira,Dia útil,Leads,2025-05-26,midfunnel_rmkt_60d_video_v1,159.44,68,5780,19,Remarketing_60dias,Video,1º Lançamento | Leads
4624,2025 | Setembro,Domingo,Final de semana,Leads,2025-09-07,topfunnel_lal1_compradores_carrossel_v3,40.19,42,1002,6,LookALike_Compradores_1,Carrossel,Campanha Contínua | Leads
4625,2025 | Novembro,Segunda-Feira,Dia útil,Vendas,2025-11-24,topfunnel_lal2_leads_video_v1,49.54,255,6082,19,LookALike_Leads_2,Video,1º Lançamento | Vendas
4626,2025 | Novembro,Sexta-Feira,Dia útil,Leads,2025-11-14,topfunnel_lal2_leads_video_v3,101.41,105,6066,22,LookALike_Leads_2,Video,1º Lançamento | Leads
4627,2025 | Setembro,Segunda-Feira,Dia útil,Leads,2025-09-08,bottomfunnel_rmkt_30d_estatico_v2,63.41,17,2608,0,Remarketing_30dias,Estático,2º Lançamento | Leads
4628,2025 | Setembro,Segunda-Feira,Dia útil,Vendas,2025-09-01,bottomfunnel_visitantes_site_estatico_v3,167.0,379,8949,26,Visitantes_Site,Estático,2º Lançamento | Vendas
4629,2025 | Julho,Segunda-Feira,Dia útil,Leads,2025-07-28,midfunnel_visitantes_site_carrossel_v3,41.05,38,1122,2,Visitantes_Site,Carrossel,2º Lançamento | Leads
4630,2025 | Abril,Quarta-Feira,Dia útil,Leads,2025-04-02,topfunnel_lal1_compradores_video_v1,63.87,12,1501,3,LookALike_Compradores_1,Video,1º Lançamento | Leads
4631,2025 | Novembro,Sábado,Final de semana,Leads,2025-11-22,topfunnel_lal1_compradores_estatico_v1,86.38,56,2180,10,LookALike_Compradores_1,Estático,2º Lançamento | Leads
4632,2025 | Setembro,Terça-Feira,Dia útil,Leads,2025-09-16,bottomfunnel_rmkt_60d_estatico_v1,40.7,27,999,6,Remarketing_60dias,Estático,Campanha Contínua | Leads
4633,2025 | Novembro,Quinta-Feira,Dia útil,Vendas,2025-11-06,midfunnel_rmkt_30d_estatico_v3,109.09,178,8094,33,Remarketing_30dias,Estático,Campanha Contínua | Vendas
4634,2025 | Dezembro,Terça-Feira,Dia útil,Vendas,2025-12-23,midfunnel_visitantes_site_estatico_v2,144.86,447,13029,61,Visitantes_Site,Estático,Campanha Contínua | Vendas
4635,2025 | Abril,Domingo,Final de semana,Vendas,2025-04-06,topfunnel_lal1_compradores_carrossel_v2,154.51,77,4452,3,LookALike_Compradores_1,Carrossel,1º Lançamento | Vendas
4636,2025 | Maio,Quinta-Feira,Dia útil,Vendas,2025-05-22,bottomfunnel_rmkt_30d_estatico_v1,72.13,48,3850,3,Remarketing_30dias,Estático,Campanha Contínua | Vendas
4637,2025 | Agosto,Domingo,Final de semana,Leads,2025-08-03,midfunnel_rmkt_60d_video_v3,137.43,14,3259,0,Remarketing_60dias,Video,Campanha Contínua | Leads
4638,2025 | Março,Terça-Feira,Dia útil,Leads,2025-03-18,topfunnel_lal2_leads_estatico_v3,91.29,105,4608,3,LookALike_Leads_2,Estático,Campanha Contínua | Leads
4639,2025 | Setembro,Quarta-Feira,Dia útil,Vendas,2025-09-17,topfunnel_lal2_leads_carrossel_v2,121.19,290,10151,23,LookALike_Leads_2,Carrossel,Campanha Contínua | Vendas
4640,2025 | Julho,Quinta-Feira,Dia útil,Leads,2025-07-10,topfunnel_lal1_compradores_video_v3,10.2,21,998,4,LookALike_Compradores_1,Video,1º Lançamento | Leads
4641,2025 | Junho,Quarta-Feira,Dia útil,Leads,2025-06-25,bottomfunnel_engajamento_ig_carrossel_v2,159.54,165,8625,22,Engajamento_Instagram,Carrossel,2º Lançamento | Leads
4642,2025 | Março,Quarta-Feira,Dia útil,Leads,2025-03-26,midfunnel_rmkt_60d_estatico_v1,53.85,43,1427,3,Remarketing_60dias,Estático,Campanha Contínua | Leads
4643,2025 | Maio,Terça-Feira,Dia útil,Vendas,2025-05-27,bottomfunnel_visitantes_site_carrossel_v3,53.1,9,1381,0,Visitantes_Site,Carrossel,2º Lançamento | Vendas
4644,2025 | Abril,Domingo,Final de semana,Leads,2025-04-13,topfunnel_lal2_leads_estatico_v2,38.71,30,879,7,LookALike_Leads_2,Estático,Campanha Contínua | Leads
4645,2025 | Julho,Segunda-Feira,Dia útil,Leads,2025-07-07,topfunnel_lal2_leads_estatico_v3,122.24,215,5743,26,LookALike_Leads_2,Estático,Campanha Contínua | Leads
4646,2025 | Julho,Terça-Feira,Dia útil,Leads,2025-07-29,midfunnel_engajamento_ig_video_v3,166.07,52,3955,4,Engajamento_Instagram,Video,Campanha Contínua | Leads
4647,2025 | Junho,Quarta-Feira,Dia útil,Leads,2025-06-11,bottomfunnel_engajamento_ig_carrossel_v3,47.99,15,3644,0,Engajamento_Instagram,Carrossel,1º Lançamento | Leads
4648,2025 | Junho,Segunda-Feira,Dia útil,Leads,2025-06-16,bottomfunnel_rmkt_60d_estatico_v2,165.41,201,5258,15,Remarketing_60dias,Estático,Campanha Contínua | Leads
4649,2025 | Março,Sábado,Final de semana,Leads,2025-03-08,midfunnel_engajamento_ig_estatico_v2,14.94,24,1121,1,Engajamento_Instagram,Estático,1º Lançamento | Leads
4650,2025 | Novembro,Quinta-Feira,Dia útil,Vendas,2025-11-13,topfunnel_lal1_compradores_carrossel_v1,41.67,18,1602,3,LookALike_Compradores_1,Carrossel,1º Lançamento | Vendas
4651,2025 | Janeiro,Quinta-Feira,Dia útil,Leads,2025-01-09,midfunnel_rmkt_30d_estatico_v2,160.92,141,4901,9,Remarketing_30dias,Estático,Campanha Contínua | Leads
4652,2025 | Julho,Quarta-Feira,Dia útil,Leads,2025-07-09,bottomfunnel_rmkt_60d_carrossel_v1,101.37,419,11330,87,Remarketing_60dias,Carrossel,Campanha Contínua | Leads
4653,2025 | Outubro,Quinta-Feira,Dia útil,Vendas,2025-10-30,midfunnel_rmkt_30d_carrossel_v3,85.54,62,2010,12,Remarketing_30dias,Carrossel,2º Lançamento | Vendas
4654,2025 | Julho,Sábado,Final de semana,Leads,2025-07-26,topfunnel_lal1_compradores_video_v2,92.28,96,4733,28,LookALike_Compradores_1,Video,2º Lançamento | Leads
4655,2025 | Novembro,Sábado,Final de semana,Leads,2025-11-08,midfunnel_rmkt_30d_estatico_v3,174.28,69,5541,9,Remarketing_30dias,Estático,1º Lançamento | Leads
4656,2025 | Dezembro,Terça-Feira,Dia útil,Vendas,2025-12-16,topfunnel_lal1_compradores_carrossel_v2,62.03,153,4223,21,LookALike_Compradores_1,Carrossel,Campanha Contínua | Vendas
4657,2025 | Setembro,Terça-Feira,Dia útil,Vendas,2025-09-02,midfunnel_engajamento_ig_estatico_v1,145.78,69,3962,15,Engajamento_Instagram,Estático,1º Lançamento | Vendas
4658,2025 | Setembro,Domingo,Final de semana,Leads,2025-09-07,bottomfunnel_rmkt_60d_carrossel_v3,148.06,52,4868,15,Remarketing_60dias,Carrossel,Campanha Contínua | Leads
4659,2025 | Dezembro,Terça-Feira,Dia útil,Leads,2025-12-16,topfunnel_cargos_dados_video_v3,123.19,101,7091,26,Cargos_Dados,Video,2º Lançamento | Leads
4660,2025 | Agosto,Sábado,Final de semana,Leads,2025-08-02,topfunnel_lal1_compradores_estatico_v1,168.88,300,8871,38,LookALike_Compradores_1,Estático,Campanha Contínua | Leads
4661,2025 | Janeiro,Sábado,Final de semana,Vendas,2025-01-25,bottomfunnel_engajamento_ig_video_v3,134.95,172,4000,48,Engajamento_Instagram,Video,Campanha Contínua | Vendas
4662,2025 | Março,Sexta-Feira,Dia útil,Leads,2025-03-28,bottomfunnel_rmkt_60d_carrossel_v1,136.32,150,4110,30,Remarketing_60dias,Carrossel,Campanha Contínua | Leads
4663,2025 | Julho,Sexta-Feira,Dia útil,Leads,2025-07-04,bottomfunnel_engajamento_ig_carrossel_v2,144.5,142,8761,4,Engajamento_Instagram,Carrossel,Campanha Contínua | Leads
4664,2025 | Outubro,Sábado,Final de semana,Leads,2025-10-04,midfunnel_rmkt_30d_video_v3,7.41,11,327,1,Remarketing_30dias,Video,2º Lançamento | Leads
4665,2025 | Outubro,Segunda-Feira,Dia útil,Leads,2025-10-27,topfunnel_cargos_dados_carrossel_v1,90.18,150,3432,13,Cargos_Dados,Carrossel,Campanha Contínua | Leads
4666,2025 | Outubro,Sexta-Feira,Dia útil,Vendas,2025-10-10,topfunnel_interesses_dados_carrossel_v1,30.89,5,821,0,Interesses_Dados,Carrossel,Campanha Contínua | Vendas
4667,2025 | Julho,Segunda-Feira,Dia útil,Leads,2025-07-07,topfunnel_lal1_compradores_carrossel_v1,45.18,39,3868,1,LookALike_Compradores_1,Carrossel,1º Lançamento | Leads
4668,2025 | Maio,Segunda-Feira,Dia útil,Vendas,2025-05-05,midfunnel_engajamento_ig_carrossel_v3,14.32,11,393,0,Engajamento_Instagram,Carrossel,1º Lançamento | Vendas
4669,2025 | Setembro,Sábado,Final de semana,Leads,2025-09-06,bottomfunnel_rmkt_30d_video_v2,35.75,10,920,1,Remarketing_30dias,Video,1º Lançamento | Leads
4670,2025 | Maio,Terça-Feira,Dia útil,Leads,2025-05-06,topfunnel_lal2_leads_estatico_v3,59.34,46,1431,1,LookALike_Leads_2,Estático,Campanha Contínua | Leads
4671,2025 | Janeiro,Sexta-Feira,Dia útil,Vendas,2025-01-03,topfunnel_interesses_dados_estatico_v2,156.72,160,3999,39,Interesses_Dados,Estático,1º Lançamento | Vendas
4672,2025 | Maio,Sábado,Final de semana,Vendas,2025-05-31,midfunnel_rmkt_30d_estatico_v3,163.97,122,6356,4,Remarketing_30dias,Estático,2º Lançamento | Vendas
4673,2025 | Setembro,Quarta-Feira,Dia útil,Leads,2025-09-10,topfunnel_interesses_dados_video_v2,175.81,576,17291,100,Interesses_Dados,Video,1º Lançamento | Leads
4674,2025 | Março,Segunda-Feira,Dia útil,Leads,2025-03-10,topfunnel_cargos_dados_video_v2,11.95,11,384,2,Cargos_Dados,Video,Campanha Contínua | Leads
4675,2025 | Janeiro,Domingo,Final de semana,Vendas,2025-01-05,midfunnel_rmkt_30d_estatico_v1,151.13,208,10638,43,Remarketing_30dias,Estático,1º Lançamento | Vendas
4676,2025 | Julho,Sexta-Feira,Dia útil,Vendas,2025-07-11,bottomfunnel_rmkt_30d_video_v3,16.0,30,961,6,Remarketing_30dias,Video,1º Lançamento | Vendas
4677,2025 | Dezembro,Quarta-Feira,Dia útil,Leads,2025-12-31,topfunnel_cargos_dados_estatico_v1,118.86,132,12396,10,Cargos_Dados,Estático,1º Lançamento | Leads
4678,2025 | Agosto,Terça-Feira,Dia útil,Leads,2025-08-12,bottomfunnel_visitantes_site_carrossel_v1,96.42,29,2323,7,Visitantes_Site,Carrossel,2º Lançamento | Leads
4679,2025 | Dezembro,Domingo,Final de semana,Leads,2025-12-14,topfunnel_interesses_dados_estatico_v2,92.23,164,7573,45,Interesses_Dados,Estático,Campanha Contínua | Leads
4680,2025 | Outubro,Quinta-Feira,Dia útil,Leads,2025-10-02,topfunnel_cargos_dados_carrossel_v1,34.36,34,2975,4,Cargos_Dados,Carrossel,2º Lançamento | Leads
4681,2025 | Março,Sexta-Feira,Dia útil,Leads,2025-03-28,midfunnel_rmkt_30d_video_v1,9.74,2,333,0,Remarketing_30dias,Video,2º Lançamento | Leads
4682,2025 | Abril,Quinta-Feira,Dia útil,Vendas,2025-04-17,topfunnel_lal1_compradores_estatico_v3,4.62,0,123,0,LookALike_Compradores_1,Estático,1º Lançamento | Vendas
4683,2025 | Fevereiro,Sábado,Final de semana,Vendas,2025-02-01,topfunnel_lal1_compradores_estatico_v2,143.68,259,17744,28,LookALike_Compradores_1,Estático,Campanha Contínua | Vendas
4684,2025 | Maio,Sexta-Feira,Dia útil,Leads,2025-05-30,topfunnel_lal2_leads_estatico_v1,43.8,23,1660,3,LookALike_Leads_2,Estático,2º Lançamento | Leads
4685,2025 | Janeiro,Domingo,Final de semana,Vendas,2025-01-26,bottomfunnel_rmkt_30d_video_v2,50.89,15,2695,4,Remarketing_30dias,Video,1º Lançamento | Vendas
4686,2025 | Junho,Sábado,Final de semana,Leads,2025-06-14,topfunnel_lal1_compradores_video_v2,162.74,151,6683,28,LookALike_Compradores_1,Video,2º Lançamento | Leads
4687,2025 | Maio,Segunda-Feira,Dia útil,Vendas,2025-05-05,topfunnel_cargos_dados_carrossel_v1,102.74,268,8313,73,Cargos_Dados,Carrossel,1º Lançamento | Vendas
4688,2025 | Janeiro,Segunda-Feira,Dia útil,Leads,2025-01-06,topfunnel_interesses_dados_video_v1,149.19,183,8545,13,Interesses_Dados,Video,2º Lançamento | Leads
4689,2025 | Outubro,Quarta-Feira,Dia útil,Leads,2025-10-01,topfunnel_lal1_compradores_estatico_v1,34.23,60,3590,2,LookALike_Compradores_1,Estático,2º Lançamento | Leads
4690,2025 | Novembro,Domingo,Final de semana,Vendas,2025-11-23,midfunnel_rmkt_60d_estatico_v3,18.25,37,1859,6,Remarketing_60dias,Estático,2º Lançamento | Vendas
4691,2025 | Outubro,Sábado,Final de semana,Leads,2025-10-18,midfunnel_engajamento_ig_video_v1,161.23,62,4350,2,Engajamento_Instagram,Video,Campanha Contínua | Leads
4692,2025 | Dezembro,Sexta-Feira,Dia útil,Leads,2025-12-05,bottomfunnel_rmkt_60d_carrossel_v3,124.04,76,2899,15,Remarketing_60dias,Carrossel,1º Lançamento | Leads
4693,2025 | Outubro,Quinta-Feira,Dia útil,Leads,2025-10-23,topfunnel_interesses_dados_video_v2,148.22,150,7263,36,Interesses_Dados,Video,2º Lançamento | Leads
4694,2025 | Agosto,Terça-Feira,Dia útil,Leads,2025-08-26,topfunnel_interesses_dados_carrossel_v2,25.44,30,880,1,Interesses_Dados,Carrossel,1º Lançamento | Leads
4695,2025 | Outubro,Sábado,Final de semana,Leads,2025-10-18,topfunnel_interesses_dados_estatico_v2,56.89,215,5277,56,Interesses_Dados,Estático,2º Lançamento | Leads
4696,2025 | Janeiro,Terça-Feira,Dia útil,Leads,2025-01-21,topfunnel_cargos_dados_carrossel_v1,101.03,259,5836,74,Cargos_Dados,Carrossel,2º Lançamento | Leads
4697,2025 | Agosto,Quarta-Feira,Dia útil,Leads,2025-08-20,topfunnel_cargos_dados_estatico_v2,119.14,70,5976,4,Cargos_Dados,Estático,Campanha Contínua | Leads
4698,2025 | Junho,Segunda-Feira,Dia útil,Vendas,2025-06-30,topfunnel_cargos_dados_carrossel_v2,95.53,120,3345,14,Cargos_Dados,Carrossel,Campanha Contínua | Vendas
4699,2025 | Setembro,Sábado,Final de semana,Leads,2025-09-13,topfunnel_lal2_leads_video_v3,110.36,32,2558,7,LookALike_Leads_2,Video,Campanha Contínua | Leads
4700,2025 | Agosto,Sábado,Final de semana,Vendas,2025-08-30,topfunnel_lal1_compradores_video_v3,162.45,667,17831,58,LookALike_Compradores_1,Video,Campanha Contínua | Vendas
4701,2025 | Julho,Sexta-Feira,Dia útil,Vendas,2025-07-25,bottomfunnel_rmkt_30d_carrossel_v2,53.3,27,2868,3,Remarketing_30dias,Carrossel,Campanha Contínua | Vendas
4702,2025 | Outubro,Segunda-Feira,Dia útil,Leads,2025-10-13,bottomfunnel_engajamento_ig_carrossel_v1,128.55,113,4242,19,Engajamento_Instagram,Carrossel,Campanha Contínua | Leads
4703,2025 | Agosto,Quinta-Feira,Dia útil,Leads,2025-08-21,topfunnel_cargos_dados_estatico_v1,61.69,18,1393,1,Cargos_Dados,Estático,2º Lançamento | Leads
4704,2025 | Janeiro,Quinta-Feira,Dia útil,Vendas,2025-01-02,topfunnel_cargos_dados_video_v1,75.45,74,4965,2,Cargos_Dados,Video,2º Lançamento | Vendas
4705,2025 | Dezembro,Sábado,Final de semana,Vendas,2025-12-20,topfunnel_interesses_dados_estatico_v2,124.92,230,7158,26,Interesses_Dados,Estático,2º Lançamento | Vendas
4706,2025 | Abril,Sábado,Final de semana,Leads,2025-04-19,midfunnel_engajamento_ig_video_v1,67.19,111,7311,13,Engajamento_Instagram,Video,Campanha Contínua | Leads
4707,2025 | Março,Domingo,Final de semana,Vendas,2025-03-02,bottomfunnel_rmkt_60d_video_v2,168.29,125,15147,14,Remarketing_60dias,Video,Campanha Contínua | Vendas
4708,2025 | Maio,Sexta-Feira,Dia útil,Leads,2025-05-16,bottomfunnel_visitantes_site_estatico_v1,138.34,336,12577,74,Visitantes_Site,Estático,1º Lançamento | Leads
4709,2025 | Novembro,Segunda-Feira,Dia útil,Vendas,2025-11-17,midfunnel_engajamento_ig_video_v2,15.74,4,506,1,Engajamento_Instagram,Video,2º Lançamento | Vendas
4710,2025 | Setembro,Terça-Feira,Dia útil,Vendas,2025-09-09,topfunnel_cargos_dados_estatico_v3,71.26,138,4885,22,Cargos_Dados,Estático,2º Lançamento | Vendas
4711,2025 | Março,Domingo,Final de semana,Leads,2025-03-30,midfunnel_rmkt_30d_estatico_v3,163.57,212,5297,26,Remarketing_30dias,Estático,Campanha Contínua | Leads
4712,2025 | Outubro,Domingo,Final de semana,Vendas,2025-10-19,midfunnel_visitantes_site_video_v1,84.99,32,2239,9,Visitantes_Site,Video,Campanha Contínua | Vendas
4713,2025 | Fevereiro,Sábado,Final de semana,Vendas,2025-02-08,bottomfunnel_rmkt_30d_estatico_v3,33.99,13,1016,1,Remarketing_30dias,Estático,2º Lançamento | Vendas
4714,2025 | Outubro,Segunda-Feira,Dia útil,Leads,2025-10-13,midfunnel_visitantes_site_carrossel_v1,7.06,2,265,0,Visitantes_Site,Carrossel,2º Lançamento | Leads
4715,2025 | Maio,Sábado,Final de semana,Vendas,2025-05-03,bottomfunnel_engajamento_ig_video_v1,134.7,90,3023,25,Engajamento_Instagram,Video,Campanha Contínua | Vendas
4716,2025 | Agosto,Sexta-Feira,Dia útil,Leads,2025-08-01,bottomfunnel_engajamento_ig_carrossel_v1,131.26,235,5973,45,Engajamento_Instagram,Carrossel,1º Lançamento | Leads
4717,2025 | Agosto,Domingo,Final de semana,Vendas,2025-08-17,topfunnel_interesses_dados_video_v1,94.6,156,3614,30,Interesses_Dados,Video,2º Lançamento | Vendas
4718,2025 | Junho,Segunda-Feira,Dia útil,Leads,2025-06-23,topfunnel_interesses_dados_estatico_v2,17.33,4,587,1,Interesses_Dados,Estático,2º Lançamento | Leads
4719,2025 | Janeiro,Quinta-Feira,Dia útil,Leads,2025-01-02,bottomfunnel_rmkt_30d_video_v1,2.79,0,160,0,Remarketing_30dias,Video,2º Lançamento | Leads
4720,2025 | Março,Quarta-Feira,Dia útil,Leads,2025-03-26,midfunnel_engajamento_ig_carrossel_v3,26.23,4,620,0,Engajamento_Instagram,Carrossel,1º Lançamento | Leads
4721,2025 | Maio,Sexta-Feira,Dia útil,Vendas,2025-05-16,bottomfunnel_rmkt_60d_video_v1,153.46,175,4968,33,Remarketing_60dias,Video,Campanha Contínua | Vendas
4722,2025 | Agosto,Quarta-Feira,Dia útil,Leads,2025-08-20,midfunnel_rmkt_60d_video_v1,117.4,97,6318,9,Remarketing_60dias,Video,2º Lançamento | Leads
4723,2025 | Julho,Domingo,Final de semana,Leads,2025-07-20,topfunnel_lal2_leads_video_v2,32.6,24,955,3,LookALike_Leads_2,Video,Campanha Contínua | Leads
4724,2025 | Julho,Terça-Feira,Dia útil,Leads,2025-07-01,topfunnel_cargos_dados_carrossel_v3,166.97,239,8383,62,Cargos_Dados,Carrossel,2º Lançamento | Leads
4725,2025 | Agosto,Sexta-Feira,Dia útil,Vendas,2025-08-22,topfunnel_lal2_leads_carrossel_v2,40.37,27,1125,6,LookALike_Leads_2,Carrossel,Campanha Contínua | Vendas
4726,2025 | Março,Sábado,Final de semana,Leads,2025-03-29,topfunnel_lal1_compradores_estatico_v2,91.06,96,3111,18,LookALike_Compradores_1,Estático,Campanha Contínua | Leads
4727,2025 | Abril,Quinta-Feira,Dia útil,Leads,2025-04-17,bottomfunnel_engajamento_ig_video_v2,130.28,213,11145,17,Engajamento_Instagram,Video,2º Lançamento | Leads
4728,2025 | Dezembro,Quinta-Feira,Dia útil,Leads,2025-12-11,bottomfunnel_visitantes_site_video_v1,103.64,42,2350,10,Visitantes_Site,Video,Campanha Contínua | Leads
4729,2025 | Janeiro,Terça-Feira,Dia útil,Vendas,2025-01-14,bottomfunnel_visitantes_site_carrossel_v3,114.81,172,5177,44,Visitantes_Site,Carrossel,2º Lançamento | Vendas
4730,2025 | Abril,Sábado,Final de semana,Leads,2025-04-19,topfunnel_lal2_leads_estatico_v1,163.45,59,8137,4,LookALike_Leads_2,Estático,1º Lançamento | Leads
4731,2025 | Fevereiro,Sábado,Final de semana,Leads,2025-02-15,topfunnel_cargos_dados_estatico_v1,120.23,209,5452,20,Cargos_Dados,Estático,1º Lançamento | Leads
4732,2025 | Setembro,Sábado,Final de semana,Leads,2025-09-27,topfunnel_cargos_dados_estatico_v2,105.88,189,10326,45,Cargos_Dados,Estático,Campanha Contínua | Leads
4733,2025 | Abril,Quarta-Feira,Dia útil,Leads,2025-04-30,bottomfunnel_visitantes_site_video_v1,144.7,106,4562,15,Visitantes_Site,Video,Campanha Contínua | Leads
4734,2025 | Outubro,Quinta-Feira,Dia útil,Leads,2025-10-30,topfunnel_lal2_leads_carrossel_v2,166.0,140,3926,15,LookALike_Leads_2,Carrossel,1º Lançamento | Leads
4735,2025 | Setembro,Sábado,Final de semana,Vendas,2025-09-06,bottomfunnel_rmkt_60d_carrossel_v3,165.89,86,12087,5,Remarketing_60dias,Carrossel,2º Lançamento | Vendas
4736,2025 | Outubro,Sexta-Feira,Dia útil,Vendas,2025-10-10,midfunnel_engajamento_ig_estatico_v1,119.59,112,3163,28,Engajamento_Instagram,Estático,2º Lançamento | Vendas
4737,2025 | Outubro,Quarta-Feira,Dia útil,Vendas,2025-10-29,topfunnel_cargos_dados_carrossel_v2,102.36,126,2831,14,Cargos_Dados,Carrossel,1º Lançamento | Vendas
4738,2025 | Abril,Sexta-Feira,Dia útil,Vendas,2025-04-18,bottomfunnel_engajamento_ig_estatico_v3,157.53,98,3650,3,Engajamento_Instagram,Estático,1º Lançamento | Leads
4739,2025 | Abril,Sexta-Feira,Dia útil,Vendas,2025-04-25,midfunnel_visitantes_site_estatico_v2,2.66,3,92,0,Visitantes_Site,Estático,Campanha Contínua | Vendas
4740,2025 | Fevereiro,Quarta-Feira,Dia útil,Vendas,2025-02-12,bottomfunnel_rmkt_60d_video_v3,133.81,90,5271,22,Remarketing_60dias,Video,Campanha Contínua | Vendas
4741,2025 | Junho,Terça-Feira,Dia útil,Leads,2025-06-24,bottomfunnel_rmkt_30d_carrossel_v2,127.71,183,6276,25,Remarketing_30dias,Carrossel,2º Lançamento | Leads
4742,2025 | Março,Sábado,Final de semana,Vendas,2025-03-08,topfunnel_cargos_dados_video_v2,13.07,3,619,0,Cargos_Dados,Video,1º Lançamento | Vendas
4743,2025 | Maio,Quinta-Feira,Dia útil,Vendas,2025-05-15,topfunnel_interesses_dados_video_v3,108.79,46,3963,2,Interesses_Dados,Video,1º Lançamento | Vendas
4744,2025 | Novembro,Domingo,Final de semana,Leads,2025-11-30,midfunnel_visitantes_site_carrossel_v3,41.29,24,1541,5,Visitantes_Site,Carrossel,Campanha Contínua | Leads
4745,2025 | Fevereiro,Segunda-Feira,Dia útil,Leads,2025-02-03,midfunnel_engajamento_ig_video_v1,177.41,159,5025,5,Engajamento_Instagram,Video,2º Lançamento | Leads
4746,2025 | Maio,Sexta-Feira,Dia útil,Leads,2025-05-30,bottomfunnel_rmkt_60d_video_v3,145.27,189,6076,39,Remarketing_60dias,Video,Campanha Contínua | Leads
4747,2025 | Novembro,Quinta-Feira,Dia útil,Vendas,2025-11-06,topfunnel_interesses_dados_video_v2,164.13,199,5863,42,Interesses_Dados,Video,1º Lançamento | Vendas
4748,2025 | Janeiro,Sexta-Feira,Dia útil,Leads,2025-01-17,bottomfunnel_engajamento_ig_estatico_v2,169.27,103,4577,26,Engajamento_Instagram,Estático,2º Lançamento | Leads
4749,2025 | Agosto,Sexta-Feira,Dia útil,Leads,2025-08-22,bottomfunnel_visitantes_site_estatico_v2,112.1,157,11041,45,Visitantes_Site,Estático,1º Lançamento | Leads
4750,2025 | Novembro,Terça-Feira,Dia útil,Leads,2025-11-11,bottomfunnel_rmkt_60d_video_v3,130.64,66,10894,8,Remarketing_60dias,Video,1º Lançamento | Leads
4751,2025 | Outubro,Terça-Feira,Dia útil,Leads,2025-10-21,midfunnel_rmkt_30d_video_v3,112.24,37,3135,3,Remarketing_30dias,Video,Campanha Contínua | Leads
4752,2025 | Fevereiro,Quarta-Feira,Dia útil,Leads,2025-02-12,topfunnel_interesses_dados_estatico_v3,94.8,167,4636,25,Interesses_Dados,Estático,1º Lançamento | Leads
4753,2025 | Julho,Sábado,Final de semana,Leads,2025-07-12,bottomfunnel_engajamento_ig_video_v1,70.93,32,3852,6,Engajamento_Instagram,Video,1º Lançamento | Leads
4754,2025 | Junho,Segunda-Feira,Dia útil,Leads,2025-06-02,topfunnel_lal2_leads_estatico_v1,21.56,22,505,6,LookALike_Leads_2,Estático,Campanha Contínua | Leads
4755,2025 | Maio,Terça-Feira,Dia útil,Vendas,2025-05-06,midfunnel_rmkt_60d_carrossel_v2,126.26,89,3245,7,Remarketing_60dias,Carrossel,1º Lançamento | Vendas
4756,2025 | Outubro,Domingo,Final de semana,Leads,2025-10-26,bottomfunnel_engajamento_ig_carrossel_v2,165.49,249,7971,15,Engajamento_Instagram,Carrossel,Campanha Contínua | Leads
4757,2025 | Julho,Sexta-Feira,Dia útil,Leads,2025-07-04,bottomfunnel_rmkt_30d_estatico_v1,31.04,28,1100,4,Remarketing_30dias,Estático,Campanha Contínua | Leads
4758,2025 | Novembro,Quarta-Feira,Dia útil,Vendas,2025-11-05,bottomfunnel_rmkt_60d_carrossel_v1,70.68,60,2029,2,Remarketing_60dias,Carrossel,Campanha Contínua | Vendas
4759,2025 | Dezembro,Quinta-Feira,Dia útil,Leads,2025-12-25,bottomfunnel_visitantes_site_estatico_v2,79.28,21,2178,5,Visitantes_Site,Estático,1º Lançamento | Leads
4760,2025 | Janeiro,Quinta-Feira,Dia útil,Leads,2025-01-16,bottomfunnel_visitantes_site_video_v1,176.15,148,4347,18,Visitantes_Site,Video,Campanha Contínua | Leads
4761,2025 | Julho,Segunda-Feira,Dia útil,Leads,2025-07-07,topfunnel_lal2_leads_video_v1,91.62,86,3608,18,LookALike_Leads_2,Video,1º Lançamento | Leads
4762,2025 | Março,Quarta-Feira,Dia útil,Vendas,2025-03-05,bottomfunnel_rmkt_60d_estatico_v1,135.38,153,4396,21,Remarketing_60dias,Estático,1º Lançamento | Vendas
4763,2025 | Novembro,Terça-Feira,Dia útil,Vendas,2025-11-25,topfunnel_lal1_compradores_carrossel_v1,163.6,30,4838,6,LookALike_Compradores_1,Carrossel,Campanha Contínua | Vendas
4764,2025 | Fevereiro,Domingo,Final de semana,Leads,2025-02-09,topfunnel_lal1_compradores_carrossel_v2,45.33,28,1335,5,LookALike_Compradores_1,Carrossel,1º Lançamento | Leads
4765,2025 | Julho,Quinta-Feira,Dia útil,Leads,2025-07-31,bottomfunnel_rmkt_60d_video_v3,112.21,102,2978,13,Remarketing_60dias,Video,2º Lançamento | Leads
4766,2025 | Junho,Domingo,Final de semana,Leads,2025-06-29,topfunnel_cargos_dados_estatico_v2,53.72,90,3671,25,Cargos_Dados,Estático,1º Lançamento | Leads
4767,2025 | Março,Quinta-Feira,Dia útil,Vendas,2025-03-06,bottomfunnel_engajamento_ig_estatico_v1,172.81,111,5211,29,Engajamento_Instagram,Estático,Campanha Contínua | Vendas
4768,2025 | Setembro,Quinta-Feira,Dia útil,Leads,2025-09-18,bottomfunnel_visitantes_site_carrossel_v1,125.43,122,5834,16,Visitantes_Site,Carrossel,2º Lançamento | Leads
4769,2025 | Agosto,Sexta-Feira,Dia útil,Leads,2025-08-01,midfunnel_rmkt_60d_video_v2,168.32,142,9993,28,Remarketing_60dias,Video,2º Lançamento | Leads
4770,2025 | Outubro,Domingo,Final de semana,Vendas,2025-10-19,bottomfunnel_visitantes_site_video_v1,155.79,182,14621,20,Visitantes_Site,Video,1º Lançamento | Vendas
4771,2025 | Abril,Domingo,Final de semana,Leads,2025-04-06,midfunnel_visitantes_site_video_v2,72.6,89,3163,3,Visitantes_Site,Video,1º Lançamento | Leads
4772,2025 | Novembro,Terça-Feira,Dia útil,Vendas,2025-11-25,topfunnel_lal2_leads_carrossel_v2,101.55,112,2812,20,LookALike_Leads_2,Carrossel,Campanha Contínua | Vendas
4773,2025 | Junho,Quinta-Feira,Dia útil,Leads,2025-06-05,midfunnel_engajamento_ig_carrossel_v1,103.97,15,2452,0,Engajamento_Instagram,Carrossel,Campanha Contínua | Leads
4774,2025 | Janeiro,Segunda-Feira,Dia útil,Leads,2025-01-27,midfunnel_rmkt_30d_estatico_v1,137.74,122,3614,16,Remarketing_30dias,Estático,1º Lançamento | Leads
4775,2025 | Maio,Quinta-Feira,Dia útil,Leads,2025-05-01,topfunnel_interesses_dados_video_v2,52.48,59,1767,1,Interesses_Dados,Video,2º Lançamento | Leads
4776,2025 | Julho,Sábado,Final de semana,Leads,2025-07-19,topfunnel_interesses_dados_carrossel_v1,103.79,83,3903,12,Interesses_Dados,Carrossel,Campanha Contínua | Leads
4777,2025 | Novembro,Domingo,Final de semana,Leads,2025-11-30,bottomfunnel_visitantes_site_carrossel_v1,146.68,652,17966,44,Visitantes_Site,Carrossel,1º Lançamento | Leads
4778,2025 | Julho,Quinta-Feira,Dia útil,Leads,2025-07-31,midfunnel_engajamento_ig_estatico_v3,133.3,98,5099,18,Engajamento_Instagram,Estático,2º Lançamento | Leads
4779,2025 | Março,Quinta-Feira,Dia útil,Vendas,2025-03-27,midfunnel_rmkt_60d_video_v2,158.68,134,4067,10,Remarketing_60dias,Video,Campanha Contínua | Vendas
4780,2025 | Março,Domingo,Final de semana,Leads,2025-03-23,topfunnel_lal1_compradores_video_v1,57.27,69,2091,7,LookALike_Compradores_1,Video,Campanha Contínua | Leads
4781,2025 | Julho,Terça-Feira,Dia útil,Leads,2025-07-15,midfunnel_visitantes_site_video_v2,151.43,369,13776,78,Visitantes_Site,Video,1º Lançamento | Leads
4782,2025 | Janeiro,Terça-Feira,Dia útil,Vendas,2025-01-07,topfunnel_lal1_compradores_carrossel_v2,154.61,157,4701,17,LookALike_Compradores_1,Carrossel,Campanha Contínua | Vendas
4783,2025 | Julho,Quinta-Feira,Dia útil,Vendas,2025-07-31,topfunnel_interesses_dados_carrossel_v2,37.98,37,1185,1,Interesses_Dados,Carrossel,1º Lançamento | Vendas
4784,2025 | Fevereiro,Terça-Feira,Dia útil,Vendas,2025-02-18,topfunnel_cargos_dados_carrossel_v1,85.33,11,2280,3,Cargos_Dados,Carrossel,Campanha Contínua | Vendas
4785,2025 | Julho,Domingo,Final de semana,Leads,2025-07-20,bottomfunnel_engajamento_ig_video_v3,130.31,100,4228,16,Engajamento_Instagram,Video,Campanha Contínua | Leads
4786,2025 | Maio,Quarta-Feira,Dia útil,Leads,2025-05-07,bottomfunnel_visitantes_site_carrossel_v2,4.31,8,279,1,Visitantes_Site,Carrossel,Campanha Contínua | Leads
4787,2025 | Março,Domingo,Final de semana,Vendas,2025-03-30,midfunnel_rmkt_60d_video_v2,66.62,103,3208,21,Remarketing_60dias,Video,1º Lançamento | Vendas
4788,2025 | Dezembro,Quinta-Feira,Dia útil,Leads,2025-12-04,bottomfunnel_rmkt_60d_carrossel_v1,152.56,200,6205,27,Remarketing_60dias,Carrossel,1º Lançamento | Leads
4789,2025 | Outubro,Domingo,Final de semana,Vendas,2025-10-26,topfunnel_lal1_compradores_carrossel_v1,12.18,12,531,0,LookALike_Compradores_1,Carrossel,1º Lançamento | Vendas
4790,2025 | Março,Quinta-Feira,Dia útil,Vendas,2025-03-06,midfunnel_engajamento_ig_estatico_v2,153.24,180,4937,34,Engajamento_Instagram,Estático,Campanha Contínua | Vendas
4791,2025 | Julho,Quarta-Feira,Dia útil,Leads,2025-07-02,midfunnel_rmkt_30d_carrossel_v1,163.48,136,15232,25,Remarketing_30dias,Carrossel,2º Lançamento | Leads
4792,2025 | Setembro,Sexta-Feira,Dia útil,Leads,2025-09-12,topfunnel_interesses_dados_video_v2,131.34,104,5684,14,Interesses_Dados,Video,2º Lançamento | Leads
4793,2025 | Março,Quarta-Feira,Dia útil,Leads,2025-03-12,topfunnel_cargos_dados_video_v3,170.54,40,4766,7,Cargos_Dados,Video,2º Lançamento | Leads
4794,2025 | Dezembro,Quarta-Feira,Dia útil,Leads,2025-12-03,topfunnel_lal1_compradores_video_v3,56.62,39,1427,4,LookALike_Compradores_1,Video,Campanha Contínua | Leads
4795,2025 | Maio,Segunda-Feira,Dia útil,Vendas,2025-05-12,bottomfunnel_visitantes_site_estatico_v2,155.76,576,14365,159,Visitantes_Site,Estático,Campanha Contínua | Vendas
4796,2025 | Agosto,Terça-Feira,Dia útil,Leads,2025-08-12,midfunnel_visitantes_site_video_v3,161.33,133,4086,24,Visitantes_Site,Video,Campanha Contínua | Leads
4797,2025 | Julho,Quinta-Feira,Dia útil,Vendas,2025-07-24,midfunnel_rmkt_30d_video_v3,126.21,103,2868,12,Remarketing_30dias,Video,Campanha Contínua | Vendas
4798,2025 | Abril,Segunda-Feira,Dia útil,Leads,2025-04-07,topfunnel_lal1_compradores_video_v3,140.99,378,12568,10,LookALike_Compradores_1,Video,2º Lançamento | Leads
4799,2025 | Fevereiro,Segunda-Feira,Dia útil,Leads,2025-02-24,midfunnel_visitantes_site_carrossel_v2,8.59,8,310,2,Visitantes_Site,Carrossel,2º Lançamento | Leads
4800,2025 | Março,Terça-Feira,Dia útil,Leads,2025-03-11,topfunnel_cargos_dados_video_v1,166.94,129,4861,146,Cargos_Dados,Video,1º Lançamento | Leads
4801,2025 | Março,Sábado,Final de semana,Leads,2025-03-22,bottomfunnel_engajamento_ig_estatico_v2,176.18,308,7224,23,Engajamento_Instagram,Estático,2º Lançamento | Leads
4802,2025 | Abril,Sexta-Feira,Dia útil,Leads,2025-04-25,midfunnel_rmkt_60d_carrossel_v2,66.68,58,2577,2,Remarketing_60dias,Carrossel,Campanha Contínua | Leads
4803,2025 | Dezembro,Terça-Feira,Dia útil,Leads,2025-12-23,bottomfunnel_engajamento_ig_carrossel_v2,145.48,144,3726,26,Engajamento_Instagram,Carrossel,2º Lançamento | Leads
4804,2025 | Setembro,Terça-Feira,Dia útil,Leads,2025-09-02,bottomfunnel_rmkt_60d_estatico_v1,109.18,144,10101,26,Remarketing_60dias,Estático,Campanha Contínua | Leads
4805,2025 | Junho,Terça-Feira,Dia útil,Leads,2025-06-24,bottomfunnel_engajamento_ig_carrossel_v3,174.13,30,5033,3,Engajamento_Instagram,Carrossel,Campanha Contínua | Leads
4806,2025 | Agosto,Sexta-Feira,Dia útil,Leads,2025-08-08,topfunnel_lal1_compradores_video_v2,40.19,152,3495,37,LookALike_Compradores_1,Video,2º Lançamento | Leads
4807,2025 | Agosto,Domingo,Final de semana,Leads,2025-08-03,midfunnel_rmkt_60d_estatico_v3,8.3,2,412,0,Remarketing_60dias,Estático,1º Lançamento | Leads
4808,2025 | Maio,Sábado,Final de semana,Leads,2025-05-31,bottomfunnel_visitantes_site_carrossel_v3,4.81,22,537,4,Visitantes_Site,Carrossel,1º Lançamento | Leads
4809,2025 | Agosto,Terça-Feira,Dia útil,Leads,2025-08-19,bottomfunnel_visitantes_site_estatico_v2,165.39,144,4830,32,Visitantes_Site,Estático,2º Lançamento | Leads
4810,2025 | Maio,Segunda-Feira,Dia útil,Vendas,2025-05-05,midfunnel_rmkt_30d_carrossel_v3,109.78,77,9247,12,Remarketing_30dias,Carrossel,Campanha Contínua | Vendas
4811,2025 | Julho,Domingo,Final de semana,Leads,2025-07-13,midfunnel_rmkt_30d_video_v1,172.73,75,8242,15,Remarketing_30dias,Video,Campanha Contínua | Leads
4812,2025 | Maio,Sábado,Final de semana,Vendas,2025-05-10,topfunnel_cargos_dados_estatico_v3,14.53,53,1296,10,Cargos_Dados,Estático,1º Lançamento | Vendas
4813,2025 | Junho,Segunda-Feira,Dia útil,Leads,2025-06-30,topfunnel_lal1_compradores_carrossel_v2,31.97,7,1088,0,LookALike_Compradores_1,Carrossel,Campanha Contínua | Leads
4814,2025 | Agosto,Segunda-Feira,Dia útil,Vendas,2025-08-18,topfunnel_lal1_compradores_carrossel_v3,43.02,16,1177,2,LookALike_Compradores_1,Carrossel,2º Lançamento | Vendas
4815,2025 | Dezembro,Domingo,Final de semana,Leads,2025-12-14,topfunnel_lal2_leads_estatico_v2,8.94,10,284,2,LookALike_Leads_2,Estático,Campanha Contínua | Leads
4816,2025 | Outubro,Quinta-Feira,Dia útil,Vendas,2025-10-23,topfunnel_interesses_dados_video_v2,5.46,10,344,2,Interesses_Dados,Video,Campanha Contínua | Vendas
4817,2025 | Abril,Terça-Feira,Dia útil,Leads,2025-04-22,midfunnel_rmkt_60d_estatico_v1,96.23,74,3578,4,Remarketing_60dias,Estático,Campanha Contínua | Leads
4818,2025 | Dezembro,Domingo,Final de semana,Leads,2025-12-07,topfunnel_lal2_leads_carrossel_v1,34.51,13,963,0,LookALike_Leads_2,Carrossel,1º Lançamento | Leads
4819,2025 | Agosto,Sábado,Final de semana,Leads,2025-08-30,midfunnel_rmkt_60d_carrossel_v3,60.31,140,3715,6,Remarketing_60dias,Carrossel,2º Lançamento | Leads
4820,2025 | Setembro,Quinta-Feira,Dia útil,Leads,2025-09-18,bottomfunnel_visitantes_site_estatico_v2,151.99,163,5789,48,Visitantes_Site,Estático,Campanha Contínua | Leads
4821,2025 | Outubro,Terça-Feira,Dia útil,Leads,2025-10-14,topfunnel_cargos_dados_video_v1,12.99,41,943,12,Cargos_Dados,Video,2º Lançamento | Leads
4822,2025 | Agosto,Quarta-Feira,Dia útil,Leads,2025-08-13,midfunnel_visitantes_site_carrossel_v1,123.12,306,14521,38,Visitantes_Site,Carrossel,2º Lançamento | Leads
4823,2025 | Setembro,Segunda-Feira,Dia útil,Leads,2025-09-29,topfunnel_cargos_dados_estatico_v3,86.31,39,2037,4,Cargos_Dados,Estático,2º Lançamento | Leads
4824,2025 | Fevereiro,Domingo,Final de semana,Leads,2025-02-02,bottomfunnel_engajamento_ig_estatico_v2,170.77,39,5048,8,Engajamento_Instagram,Estático,2º Lançamento | Leads
4825,2025 | Abril,Segunda-Feira,Dia útil,Leads,2025-04-28,topfunnel_cargos_dados_estatico_v2,130.15,47,2958,11,Cargos_Dados,Estático,Campanha Contínua | Leads
4826,2025 | Setembro,Terça-Feira,Dia útil,Leads,2025-09-30,bottomfunnel_visitantes_site_video_v3,152.24,219,5019,47,Visitantes_Site,Video,Campanha Contínua | Leads
4827,2025 | Julho,Segunda-Feira,Dia útil,Vendas,2025-07-07,topfunnel_interesses_dados_video_v2,133.11,73,5194,6,Interesses_Dados,Video,2º Lançamento | Vendas
4828,2025 | Fevereiro,Sábado,Final de semana,Leads,2025-02-08,bottomfunnel_engajamento_ig_estatico_v2,178.79,36,5584,4,Engajamento_Instagram,Estático,Campanha Contínua | Leads
4829,2025 | Janeiro,Domingo,Final de semana,Vendas,2025-01-05,midfunnel_rmkt_30d_carrossel_v1,155.06,207,9534,44,Remarketing_30dias,Carrossel,1º Lançamento | Vendas
4830,2025 | Setembro,Sábado,Final de semana,Leads,2025-09-06,midfunnel_engajamento_ig_video_v3,55.61,28,1562,2,Engajamento_Instagram,Video,1º Lançamento | Leads
4831,2025 | Abril,Quarta-Feira,Dia útil,Vendas,2025-04-16,topfunnel_cargos_dados_video_v2,113.2,26,2776,6,Cargos_Dados,Video,2º Lançamento | Vendas
4832,2025 | Janeiro,Terça-Feira,Dia útil,Leads,2025-01-28,bottomfunnel_visitantes_site_estatico_v3,169.1,109,5350,18,Visitantes_Site,Estático,1º Lançamento | Leads
4833,2025 | Novembro,Segunda-Feira,Dia útil,Leads,2025-11-24,topfunnel_cargos_dados_estatico_v3,133.67,73,3213,9,Cargos_Dados,Estático,Campanha Contínua | Leads
4834,2025 | Setembro,Sexta-Feira,Dia útil,Vendas,2025-09-26,bottomfunnel_engajamento_ig_video_v3,168.56,55,3877,7,Engajamento_Instagram,Video,1º Lançamento | Vendas
4835,2025 | Abril,Segunda-Feira,Dia útil,Vendas,2025-04-21,topfunnel_lal1_compradores_video_v3,101.28,48,3154,8,LookALike_Compradores_1,Video,2º Lançamento | Vendas
4836,2025 | Dezembro,Segunda-Feira,Dia útil,Leads,2025-12-22,topfunnel_interesses_dados_carrossel_v1,165.45,45,4415,10,Interesses_Dados,Carrossel,2º Lançamento | Leads
4837,2025 | Fevereiro,Domingo,Final de semana,Vendas,2025-02-16,topfunnel_cargos_dados_carrossel_v1,27.26,3,759,0,Cargos_Dados,Carrossel,2º Lançamento | Vendas
4838,2025 | Abril,Sábado,Final de semana,Leads,2025-04-05,midfunnel_rmkt_60d_carrossel_v3,66.49,49,3220,12,Remarketing_60dias,Carrossel,Campanha Contínua | Leads
4839,2025 | Março,Quarta-Feira,Dia útil,Leads,2025-03-26,bottomfunnel_rmkt_30d_video_v1,11.58,14,697,0,Remarketing_30dias,Video,1º Lançamento | Leads
4840,2025 | Setembro,Terça-Feira,Dia útil,Leads,2025-09-16,topfunnel_lal2_leads_video_v2,121.02,13,3008,3,LookALike_Leads_2,Video,Campanha Contínua | Leads
4841,2025 | Outubro,Terça-Feira,Dia útil,Vendas,2025-10-07,midfunnel_visitantes_site_estatico_v2,149.53,186,5613,37,Visitantes_Site,Estático,1º Lançamento | Vendas
4842,2025 | Abril,Quinta-Feira,Dia útil,Leads,2025-04-10,bottomfunnel_visitantes_site_video_v1,153.45,172,6646,22,Visitantes_Site,Video,Campanha Contínua | Leads
4843,2025 | Abril,Sexta-Feira,Dia útil,Leads,2025-04-18,midfunnel_engajamento_ig_video_v1,6.1,8,426,1,Engajamento_Instagram,Video,Campanha Contínua | Leads
4844,2025 | Novembro,Segunda-Feira,Dia útil,Vendas,2025-11-03,bottomfunnel_rmkt_60d_estatico_v3,40.39,51,2565,4,Remarketing_60dias,Estático,Campanha Contínua | Vendas
4845,2025 | Maio,Sábado,Final de semana,Leads,2025-05-31,topfunnel_interesses_dados_estatico_v1,134.6,31,3073,7,Interesses_Dados,Estático,1º Lançamento | Leads
4846,2025 | Abril,Quinta-Feira,Dia útil,Vendas,2025-04-17,midfunnel_engajamento_ig_estatico_v3,149.0,324,8050,51,Engajamento_Instagram,Estático,Campanha Contínua | Vendas
4847,2025 | Fevereiro,Terça-Feira,Dia útil,Vendas,2025-02-11,bottomfunnel_engajamento_ig_video_v3,128.06,102,3220,8,Engajamento_Instagram,Video,1º Lançamento | Vendas
4848,2025 | Fevereiro,Sábado,Final de semana,Vendas,2025-02-01,topfunnel_interesses_dados_estatico_v2,44.19,22,2018,5,Interesses_Dados,Estático,1º Lançamento | Vendas
4849,2025 | Setembro,Sexta-Feira,Dia útil,Leads,2025-09-26,midfunnel_visitantes_site_estatico_v2,135.65,85,4890,16,Visitantes_Site,Estático,2º Lançamento | Leads
4850,2025 | Março,Quarta-Feira,Dia útil,Leads,2025-03-19,midfunnel_visitantes_site_video_v3,2.83,3,144,0,Visitantes_Site,Video,Campanha Contínua | Leads
4851,2025 | Agosto,Sexta-Feira,Dia útil,Vendas,2025-08-01,topfunnel_lal1_compradores_video_v2,160.65,239,8473,47,LookALike_Compradores_1,Video,2º Lançamento | Vendas
4852,2025 | Maio,Quinta-Feira,Dia útil,Leads,2025-05-15,midfunnel_visitantes_site_video_v3,69.9,74,1822,7,Visitantes_Site,Video,1º Lançamento | Leads
4853,2025 | Agosto,Sábado,Final de semana,Leads,2025-08-02,topfunnel_lal2_leads_carrossel_v3,53.6,47,1204,3,LookALike_Leads_2,Carrossel,1º Lançamento | Leads
4854,2025 | Fevereiro,Sábado,Final de semana,Leads,2025-02-08,topfunnel_lal1_compradores_video_v3,51.1,44,1240,7,LookALike_Compradores_1,Video,2º Lançamento | Leads
4855,2025 | Maio,Sábado,Final de semana,Vendas,2025-05-17,topfunnel_lal1_compradores_estatico_v1,144.54,21,4550,3,LookALike_Compradores_1,Estático,1º Lançamento | Vendas
4856,2025 | Novembro,Quarta-Feira,Dia útil,Leads,2025-11-12,topfunnel_lal1_compradores_video_v1,119.87,243,13401,68,LookALike_Compradores_1,Video,1º Lançamento | Leads
4857,2025 | Agosto,Quarta-Feira,Dia útil,Leads,2025-08-06,topfunnel_interesses_dados_estatico_v3,62.82,45,1481,10,Interesses_Dados,Estático,2º Lançamento | Leads
4858,2025 | Fevereiro,Terça-Feira,Dia útil,Leads,2025-02-11,bottomfunnel_visitantes_site_estatico_v3,146.34,426,10222,111,Visitantes_Site,Estático,Campanha Contínua | Leads
4859,2025 | Março,Quarta-Feira,Dia útil,Leads,2025-03-26,topfunnel_cargos_dados_video_v1,148.17,437,10109,118,Cargos_Dados,Video,1º Lançamento | Leads
4860,2025 | Julho,Quarta-Feira,Dia útil,Vendas,2025-07-02,topfunnel_cargos_dados_video_v3,106.61,43,2370,2,Cargos_Dados,Video,2º Lançamento | Vendas
4861,2025 | Julho,Domingo,Final de semana,Leads,2025-07-20,topfunnel_interesses_dados_video_v2,110.29,339,7793,87,Interesses_Dados,Video,1º Lançamento | Leads
4862,2025 | Setembro,Terça-Feira,Dia útil,Vendas,2025-09-02,topfunnel_cargos_dados_estatico_v3,165.45,645,15994,66,Cargos_Dados,Estático,1º Lançamento | Vendas
4863,2025 | Maio,Quarta-Feira,Dia útil,Vendas,2025-05-07,topfunnel_cargos_dados_estatico_v1,134.18,134,9429,17,Cargos_Dados,Estático,1º Lançamento | Vendas
4864,2025 | Maio,Sábado,Final de semana,Leads,2025-05-03,midfunnel_rmkt_60d_estatico_v3,151.56,118,5868,10,Remarketing_60dias,Estático,Campanha Contínua | Leads
4865,2025 | Outubro,Segunda-Feira,Dia útil,Leads,2025-10-27,topfunnel_cargos_dados_carrossel_v3,136.96,18,3881,1,Cargos_Dados,Carrossel,1º Lançamento | Leads
4866,2025 | Setembro,Quinta-Feira,Dia útil,Leads,2025-09-25,bottomfunnel_rmkt_60d_video_v3,75.53,40,4418,8,Remarketing_60dias,Video,Campanha Contínua | Leads
4867,2025 | Junho,Sexta-Feira,Dia útil,Vendas,2025-06-13,bottomfunnel_visitantes_site_video_v3,93.23,29,3539,5,Visitantes_Site,Video,2º Lançamento | Vendas
4868,2025 | Março,Domingo,Final de semana,Leads,2025-03-02,bottomfunnel_rmkt_30d_estatico_v1,21.1,16,686,1,Remarketing_30dias,Estático,2º Lançamento | Leads
4869,2025 | Outubro,Terça-Feira,Dia útil,Vendas,2025-10-21,topfunnel_interesses_dados_carrossel_v1,86.22,47,3325,10,Interesses_Dados,Carrossel,1º Lançamento | Vendas
4870,2025 | Abril,Domingo,Final de semana,Vendas,2025-04-13,bottomfunnel_visitantes_site_estatico_v3,72.81,52,2209,4,Visitantes_Site,Estático,2º Lançamento | Vendas
4871,2025 | Maio,Sexta-Feira,Dia útil,Leads,2025-05-23,midfunnel_engajamento_ig_estatico_v2,26.48,39,1173,9,Engajamento_Instagram,Estático,2º Lançamento | Leads
4872,2025 | Maio,Quinta-Feira,Dia útil,Leads,2025-05-15,topfunnel_lal1_compradores_carrossel_v1,98.92,164,6533,12,LookALike_Compradores_1,Carrossel,Campanha Contínua | Leads
4873,2025 | Março,Quinta-Feira,Dia útil,Leads,2025-03-20,topfunnel_cargos_dados_carrossel_v3,170.08,22,5463,1,Cargos_Dados,Carrossel,1º Lançamento | Leads
4874,2025 | Julho,Domingo,Final de semana,Leads,2025-07-06,topfunnel_lal1_compradores_video_v2,110.37,76,3225,10,LookALike_Compradores_1,Video,1º Lançamento | Leads
4875,2025 | Dezembro,Sábado,Final de semana,Vendas,2025-12-20,bottomfunnel_engajamento_ig_carrossel_v3,168.52,361,10512,50,Engajamento_Instagram,Carrossel,2º Lançamento | Vendas
4876,2025 | Agosto,Sexta-Feira,Dia útil,Leads,2025-08-29,topfunnel_lal2_leads_estatico_v1,48.94,10,1531,1,LookALike_Leads_2,Estático,2º Lançamento | Leads
4877,2025 | Julho,Quinta-Feira,Dia útil,Vendas,2025-07-17,topfunnel_cargos_dados_carrossel_v3,43.33,6,1411,1,Cargos_Dados,Carrossel,2º Lançamento | Vendas
4878,2025 | Maio,Domingo,Final de semana,Leads,2025-05-04,topfunnel_cargos_dados_carrossel_v3,159.14,178,7012,30,Cargos_Dados,Carrossel,2º Lançamento | Leads
4879,2025 | Abril,Segunda-Feira,Dia útil,Leads,2025-04-07,topfunnel_lal2_leads_video_v2,127.6,104,13995,20,LookALike_Leads_2,Video,Campanha Contínua | Leads
4880,2025 | Setembro,Segunda-Feira,Dia útil,Vendas,2025-09-08,bottomfunnel_rmkt_60d_estatico_v2,131.63,337,8512,49,Remarketing_60dias,Estático,2º Lançamento | Vendas
4881,2025 | Janeiro,Domingo,Final de semana,Leads,2025-01-19,topfunnel_lal1_compradores_carrossel_v2,83.94,133,7986,33,LookALike_Compradores_1,Carrossel,2º Lançamento | Leads
4882,2025 | Junho,Domingo,Final de semana,Leads,2025-06-22,topfunnel_lal2_leads_video_v3,70.83,10,1921,0,LookALike_Leads_2,Video,Campanha Contínua | Leads
4883,2025 | Maio,Sexta-Feira,Dia útil,Leads,2025-05-09,topfunnel_lal2_leads_video_v2,98.6,69,2501,19,LookALike_Leads_2,Video,Campanha Contínua | Leads
4884,2025 | Janeiro,Sábado,Final de semana,Leads,2025-01-11,topfunnel_interesses_dados_carrossel_v3,90.7,48,2228,9,Interesses_Dados,Carrossel,1º Lançamento | Leads
4885,2025 | Janeiro,Sexta-Feira,Dia útil,Leads,2025-01-17,topfunnel_cargos_dados_video_v3,91.76,55,2457,8,Cargos_Dados,Video,1º Lançamento | Leads
4886,2025 | Dezembro,Sábado,Final de semana,Vendas,2025-12-13,topfunnel_interesses_dados_estatico_v2,92.37,130,6284,13,Interesses_Dados,Estático,1º Lançamento | Vendas
4887,2025 | Março,Domingo,Final de semana,Leads,2025-03-02,bottomfunnel_visitantes_site_estatico_v2,168.12,138,13912,15,Visitantes_Site,Estático,2º Lançamento | Leads
4888,2025 | Dezembro,Segunda-Feira,Dia útil,Leads,2025-12-22,topfunnel_interesses_dados_carrossel_v1,151.78,45,5108,11,Interesses_Dados,Carrossel,Campanha Contínua | Leads
4889,2025 | Novembro,Domingo,Final de semana,Vendas,2025-11-16,midfunnel_visitantes_site_carrossel_v2,105.0,21,3188,5,Visitantes_Site,Carrossel,1º Lançamento | Vendas
4890,2025 | Novembro,Domingo,Final de semana,Leads,2025-11-23,topfunnel_interesses_dados_carrossel_v3,64.21,51,1427,13,Interesses_Dados,Carrossel,1º Lançamento | Leads
4891,2025 | Agosto,Quarta-Feira,Dia útil,Vendas,2025-08-27,topfunnel_lal1_compradores_carrossel_v2,40.57,12,983,2,LookALike_Compradores_1,Carrossel,2º Lançamento | Vendas
4892,2025 | Outubro,Sexta-Feira,Dia útil,Leads,2025-10-17,topfunnel_lal2_leads_video_v2,148.33,181,6154,16,LookALike_Leads_2,Video,Campanha Contínua | Leads
4893,2025 | Dezembro,Terça-Feira,Dia útil,Vendas,2025-12-30,topfunnel_interesses_dados_estatico_v3,56.71,239,6935,22,Interesses_Dados,Estático,2º Lançamento | Vendas
4894,2025 | Julho,Quarta-Feira,Dia útil,Leads,2025-07-09,topfunnel_cargos_dados_video_v1,11.54,21,488,0,Cargos_Dados,Video,Campanha Contínua | Leads
4895,2025 | Setembro,Sábado,Final de semana,Leads,2025-09-06,midfunnel_engajamento_ig_carrossel_v1,132.6,203,4980,46,Engajamento_Instagram,Carrossel,2º Lançamento | Leads
4896,2025 | Março,Quinta-Feira,Dia útil,Leads,2025-03-20,bottomfunnel_rmkt_30d_carrossel_v2,179.09,144,5219,32,Remarketing_30dias,Carrossel,1º Lançamento | Leads
4897,2025 | Julho,Sexta-Feira,Dia útil,Leads,2025-07-11,topfunnel_lal2_leads_carrossel_v1,146.71,240,6353,26,LookALike_Leads_2,Carrossel,2º Lançamento | Leads
4898,2025 | Agosto,Domingo,Final de semana,Vendas,2025-08-17,bottomfunnel_visitantes_site_carrossel_v3,127.15,129,2972,11,Visitantes_Site,Carrossel,Campanha Contínua | Vendas
4899,2025 | Setembro,Sexta-Feira,Dia útil,Vendas,2025-09-05,topfunnel_lal1_compradores_carrossel_v2,35.78,39,1203,4,LookALike_Compradores_1,Carrossel,Campanha Contínua | Vendas
4900,2025 | Outubro,Quinta-Feira,Dia útil,Leads,2025-10-30,bottomfunnel_engajamento_ig_carrossel_v2,23.87,39,1194,0,Engajamento_Instagram,Carrossel,Campanha Contínua | Leads
4901,2025 | Fevereiro,Segunda-Feira,Dia útil,Leads,2025-02-24,midfunnel_rmkt_30d_carrossel_v2,13.37,5,316,1,Remarketing_30dias,Carrossel,1º Lançamento | Leads
4902,2025 | Janeiro,Sexta-Feira,Dia útil,Leads,2025-01-24,bottomfunnel_rmkt_30d_video_v3,72.94,51,2774,7,Remarketing_30dias,Video,1º Lançamento | Leads
4903,2025 | Agosto,Quarta-Feira,Dia útil,Leads,2025-08-13,topfunnel_cargos_dados_estatico_v3,178.74,117,5078,16,Cargos_Dados,Estático,1º Lançamento | Leads
4904,2025 | Junho,Segunda-Feira,Dia útil,Leads,2025-06-16,bottomfunnel_rmkt_60d_video_v1,103.58,16,3398,1,Remarketing_60dias,Video,Campanha Contínua | Leads
4905,2025 | Outubro,Quarta-Feira,Dia útil,Vendas,2025-10-08,topfunnel_lal2_leads_carrossel_v2,84.48,256,6491,65,LookALike_Leads_2,Carrossel,2º Lançamento | Vendas
4906,2025 | Janeiro,Sábado,Final de semana,Leads,2025-01-18,midfunnel_visitantes_site_estatico_v1,72.84,22,1640,0,Visitantes_Site,Estático,Campanha Contínua | Leads
4907,2025 | Junho,Domingo,Final de semana,Vendas,2025-06-08,midfunnel_rmkt_60d_estatico_v2,76.79,39,1991,5,Remarketing_60dias,Estático,Campanha Contínua | Vendas
4908,2025 | Março,Sábado,Final de semana,Vendas,2025-03-22,topfunnel_lal1_compradores_carrossel_v1,79.86,294,9081,14,LookALike_Compradores_1,Carrossel,Campanha Contínua | Vendas
4909,2025 | Dezembro,Sexta-Feira,Dia útil,Leads,2025-12-26,topfunnel_cargos_dados_estatico_v1,44.67,145,4913,43,Cargos_Dados,Estático,1º Lançamento | Leads
4910,2025 | Fevereiro,Segunda-Feira,Dia útil,Vendas,2025-02-17,topfunnel_cargos_dados_carrossel_v1,147.26,84,4286,11,Cargos_Dados,Carrossel,2º Lançamento | Vendas
4911,2025 | Maio,Terça-Feira,Dia útil,Vendas,2025-05-27,midfunnel_visitantes_site_video_v2,30.33,5,690,1,Visitantes_Site,Video,Campanha Contínua | Vendas
4912,2025 | Maio,Sexta-Feira,Dia útil,Leads,2025-05-23,midfunnel_rmkt_30d_carrossel_v3,134.81,74,3225,15,Remarketing_30dias,Carrossel,2º Lançamento | Leads
4913,2025 | Outubro,Sábado,Final de semana,Vendas,2025-10-11,midfunnel_rmkt_30d_carrossel_v2,82.92,73,5560,17,Remarketing_30dias,Carrossel,2º Lançamento | Vendas
4914,2025 | Outubro,Segunda-Feira,Dia útil,Vendas,2025-10-13,bottomfunnel_engajamento_ig_estatico_v2,150.21,98,11612,5,Engajamento_Instagram,Estático,2º Lançamento | Vendas
4915,2025 | Janeiro,Segunda-Feira,Dia útil,Vendas,2025-01-06,bottomfunnel_visitantes_site_carrossel_v2,3.99,0,91,0,Visitantes_Site,Carrossel,1º Lançamento | Vendas
4916,2025 | Outubro,Quarta-Feira,Dia útil,Leads,2025-10-15,topfunnel_lal2_leads_estatico_v2,18.94,9,517,1,LookALike_Leads_2,Estático,Campanha Contínua | Leads
4917,2025 | Dezembro,Quarta-Feira,Dia útil,Leads,2025-12-24,midfunnel_engajamento_ig_carrossel_v2,102.13,135,3395,12,Engajamento_Instagram,Carrossel,2º Lançamento | Leads
4918,2025 | Janeiro,Segunda-Feira,Dia útil,Leads,2025-01-13,topfunnel_cargos_dados_estatico_v3,63.89,70,2964,16,Cargos_Dados,Estático,Campanha Contínua | Leads
4919,2025 | Agosto,Domingo,Final de semana,Vendas,2025-08-17,midfunnel_visitantes_site_video_v2,158.26,162,9165,6,Visitantes_Site,Video,1º Lançamento | Vendas
4920,2025 | Agosto,Quinta-Feira,Dia útil,Vendas,2025-08-21,bottomfunnel_rmkt_60d_estatico_v3,117.23,105,3579,16,Remarketing_60dias,Estático,Campanha Contínua | Vendas
4921,2025 | Março,Domingo,Final de semana,Leads,2025-03-23,midfunnel_rmkt_60d_estatico_v2,51.71,40,2357,11,Remarketing_60dias,Estático,2º Lançamento | Leads
4922,2025 | Junho,Sábado,Final de semana,Leads,2025-06-21,topfunnel_cargos_dados_video_v3,142.88,123,3450,3,Cargos_Dados,Video,Campanha Contínua | Leads
4923,2025 | Setembro,Sexta-Feira,Dia útil,Leads,2025-09-19,topfunnel_lal1_compradores_video_v2,96.22,223,8017,32,LookALike_Compradores_1,Video,Campanha Contínua | Leads
4924,2025 | Outubro,Segunda-Feira,Dia útil,Leads,2025-10-13,topfunnel_lal1_compradores_carrossel_v3,158.65,69,4903,16,LookALike_Compradores_1,Carrossel,2º Lançamento | Leads
4925,2025 | Outubro,Sábado,Final de semana,Vendas,2025-10-11,topfunnel_interesses_dados_video_v2,93.97,151,3608,13,Interesses_Dados,Video,Campanha Contínua | Vendas
4926,2025 | Janeiro,Quarta-Feira,Dia útil,Leads,2025-01-08,topfunnel_lal1_compradores_estatico_v3,98.68,131,3296,14,LookALike_Compradores_1,Estático,Campanha Contínua | Leads
4927,2025 | Setembro,Quinta-Feira,Dia útil,Leads,2025-09-18,topfunnel_interesses_dados_estatico_v1,36.68,76,1987,8,Interesses_Dados,Estático,1º Lançamento | Leads
4928,2025 | Outubro,Sábado,Final de semana,Vendas,2025-10-11,topfunnel_interesses_dados_carrossel_v3,161.04,346,7837,75,Interesses_Dados,Carrossel,2º Lançamento | Vendas
4929,2025 | Novembro,Terça-Feira,Dia útil,Leads,2025-11-25,midfunnel_engajamento_ig_carrossel_v3,35.23,40,2958,1,Engajamento_Instagram,Carrossel,2º Lançamento | Leads
4930,2025 | Dezembro,Sexta-Feira,Dia útil,Leads,2025-12-26,midfunnel_rmkt_60d_estatico_v1,173.04,664,16054,176,Remarketing_60dias,Estático,2º Lançamento | Leads
4931,2025 | Agosto,Segunda-Feira,Dia útil,Vendas,2025-08-18,midfunnel_rmkt_60d_video_v1,127.75,66,3671,10,Remarketing_60dias,Video,1º Lançamento | Vendas
4932,2025 | Julho,Quarta-Feira,Dia útil,Vendas,2025-07-23,topfunnel_lal1_compradores_estatico_v2,112.89,105,2934,9,LookALike_Compradores_1,Estático,Campanha Contínua | Vendas
4933,2025 | Junho,Sábado,Final de semana,Leads,2025-06-14,topfunnel_cargos_dados_estatico_v1,155.5,161,11518,6,Cargos_Dados,Estático,2º Lançamento | Leads
4934,2025 | Agosto,Domingo,Final de semana,Leads,2025-08-10,midfunnel_visitantes_site_estatico_v2,71.86,107,2746,17,Visitantes_Site,Estático,1º Lançamento | Leads
4935,2025 | Abril,Sábado,Final de semana,Leads,2025-04-19,bottomfunnel_visitantes_site_video_v1,167.06,200,5744,20,Visitantes_Site,Video,1º Lançamento | Leads
4936,2025 | Julho,Quarta-Feira,Dia útil,Leads,2025-07-23,topfunnel_lal1_compradores_carrossel_v2,28.09,34,807,9,LookALike_Compradores_1,Carrossel,1º Lançamento | Leads
4937,2025 | Março,Sábado,Final de semana,Vendas,2025-03-08,bottomfunnel_rmkt_30d_video_v1,178.8,192,4355,33,Remarketing_30dias,Video,2º Lançamento | Vendas
4938,2025 | Julho,Quinta-Feira,Dia útil,Leads,2025-07-17,topfunnel_cargos_dados_estatico_v1,160.94,134,4910,33,Cargos_Dados,Estático,2º Lançamento | Leads
4939,2025 | Setembro,Segunda-Feira,Dia útil,Leads,2025-09-08,midfunnel_engajamento_ig_video_v3,59.82,62,2244,6,Engajamento_Instagram,Video,1º Lançamento | Leads
4940,2025 | Setembro,Terça-Feira,Dia útil,Leads,2025-09-23,bottomfunnel_rmkt_60d_carrossel_v1,122.37,123,4792,21,Remarketing_60dias,Carrossel,Campanha Contínua | Leads
4941,2025 | Março,Quarta-Feira,Dia útil,Leads,2025-03-05,topfunnel_lal1_compradores_estatico_v3,70.5,38,3191,4,LookALike_Compradores_1,Estático,Campanha Contínua | Leads
4942,2025 | Agosto,Sexta-Feira,Dia útil,Vendas,2025-08-01,topfunnel_lal2_leads_estatico_v3,31.47,48,1864,2,LookALike_Leads_2,Estático,1º Lançamento | Vendas
4943,2025 | Agosto,Sexta-Feira,Dia útil,Leads,2025-08-29,midfunnel_rmkt_60d_video_v3,133.77,176,3930,51,Remarketing_60dias,Video,Campanha Contínua | Leads
4944,2025 | Agosto,Sexta-Feira,Dia útil,Vendas,2025-08-29,topfunnel_lal1_compradores_video_v1,161.19,731,18620,116,LookALike_Compradores_1,Video,Campanha Contínua | Vendas
4945,2025 | Janeiro,Terça-Feira,Dia útil,Leads,2025-01-14,midfunnel_rmkt_60d_estatico_v1,135.43,114,4174,10,Remarketing_60dias,Estático,1º Lançamento | Leads
4946,2025 | Julho,Domingo,Final de semana,Vendas,2025-07-06,bottomfunnel_rmkt_60d_video_v3,46.29,148,4322,10,Remarketing_60dias,Video,1º Lançamento | Vendas
4947,2025 | Dezembro,Quinta-Feira,Dia útil,Leads,2025-12-25,bottomfunnel_engajamento_ig_carrossel_v2,154.57,197,4895,27,Engajamento_Instagram,Carrossel,2º Lançamento | Leads
4948,2025 | Maio,Segunda-Feira,Dia útil,Leads,2025-05-12,topfunnel_cargos_dados_video_v3,166.99,607,15263,62,Cargos_Dados,Video,Campanha Contínua | Leads
4949,2025 | Abril,Segunda-Feira,Dia útil,Leads,2025-04-28,bottomfunnel_rmkt_30d_carrossel_v3,33.28,28,3842,4,Remarketing_30dias,Carrossel,2º Lançamento | Leads
4950,2025 | Dezembro,Quarta-Feira,Dia útil,Leads,2025-12-31,midfunnel_visitantes_site_carrossel_v1,156.3,68,4385,3,Visitantes_Site,Carrossel,1º Lançamento | Leads
4951,2025 | Outubro,Quinta-Feira,Dia útil,Leads,2025-10-30,topfunnel_cargos_dados_video_v2,25.25,14,619,2,Cargos_Dados,Video,1º Lançamento | Leads
4952,2025 | Agosto,Sexta-Feira,Dia útil,Leads,2025-08-22,bottomfunnel_visitantes_site_estatico_v1,31.76,98,2658,16,Visitantes_Site,Estático,2º Lançamento | Leads
4953,2025 | Abril,Domingo,Final de semana,Leads,2025-04-06,bottomfunnel_rmkt_60d_carrossel_v2,179.16,213,10918,35,Remarketing_60dias,Carrossel,Campanha Contínua | Leads
4954,2025 | Julho,Terça-Feira,Dia útil,Vendas,2025-07-22,topfunnel_lal2_leads_carrossel_v3,157.49,391,10842,90,LookALike_Leads_2,Carrossel,Campanha Contínua | Vendas
4955,2025 | Maio,Terça-Feira,Dia útil,Leads,2025-05-27,bottomfunnel_rmkt_30d_estatico_v2,136.12,266,13515,57,Remarketing_30dias,Estático,Campanha Contínua | Leads
4956,2025 | Maio,Terça-Feira,Dia útil,Vendas,2025-05-06,topfunnel_cargos_dados_carrossel_v2,45.34,8,1422,2,Cargos_Dados,Carrossel,2º Lançamento | Vendas
4957,2025 | Junho,Domingo,Final de semana,Leads,2025-06-08,bottomfunnel_engajamento_ig_carrossel_v3,171.17,327,7369,65,Engajamento_Instagram,Carrossel,Campanha Contínua | Leads
4958,2025 | Dezembro,Domingo,Final de semana,Vendas,2025-12-07,bottomfunnel_engajamento_ig_video_v3,165.71,163,4111,18,Engajamento_Instagram,Video,Campanha Contínua | Vendas
4959,2025 | Maio,Quinta-Feira,Dia útil,Vendas,2025-05-29,midfunnel_visitantes_site_carrossel_v3,175.09,385,14297,88,Visitantes_Site,Carrossel,1º Lançamento | Vendas
4960,2025 | Abril,Segunda-Feira,Dia útil,Vendas,2025-04-28,midfunnel_visitantes_site_carrossel_v1,112.33,108,4485,19,Visitantes_Site,Carrossel,1º Lançamento | Vendas
4961,2025 | Julho,Sexta-Feira,Dia útil,Vendas,2025-07-25,bottomfunnel_engajamento_ig_estatico_v3,170.0,133,4199,23,Engajamento_Instagram,Estático,Campanha Contínua | Vendas
4962,2025 | Setembro,Quarta-Feira,Dia útil,Leads,2025-09-03,topfunnel_cargos_dados_video_v1,10.31,2,298,0,Cargos_Dados,Video,1º Lançamento | Leads
4963,2025 | Maio,Domingo,Final de semana,Leads,2025-05-11,bottomfunnel_engajamento_ig_carrossel_v3,12.74,6,864,0,Engajamento_Instagram,Carrossel,Campanha Contínua | Leads
4964,2025 | Junho,Terça-Feira,Dia útil,Leads,2025-06-24,topfunnel_lal1_compradores_carrossel_v3,73.06,204,6281,42,LookALike_Compradores_1,Carrossel,1º Lançamento | Leads
4965,2025 | Dezembro,Sábado,Final de semana,Leads,2025-12-06,topfunnel_lal1_compradores_carrossel_v2,114.53,176,5437,47,LookALike_Compradores_1,Carrossel,2º Lançamento | Leads
4966,2025 | Março,Sábado,Final de semana,Vendas,2025-03-22,topfunnel_lal2_leads_carrossel_v3,54.51,39,1235,11,LookALike_Leads_2,Carrossel,2º Lançamento | Vendas
4967,2025 | Junho,Sábado,Final de semana,Vendas,2025-06-28,topfunnel_cargos_dados_carrossel_v2,147.36,56,9606,16,Cargos_Dados,Carrossel,1º Lançamento | Vendas
4968,2025 | Agosto,Sexta-Feira,Dia útil,Leads,2025-08-22,topfunnel_lal2_leads_video_v3,61.41,54,4188,14,LookALike_Leads_2,Video,1º Lançamento | Leads
4969,2025 | Maio,Quinta-Feira,Dia útil,Leads,2025-05-01,bottomfunnel_engajamento_ig_estatico_v3,81.93,70,3162,6,Engajamento_Instagram,Estático,Campanha Contínua | Leads
4970,2025 | Março,Sábado,Final de semana,Leads,2025-03-08,bottomfunnel_visitantes_site_carrossel_v2,11.04,1,338,0,Visitantes_Site,Carrossel,Campanha Contínua | Leads
4971,2025 | Agosto,Quarta-Feira,Dia útil,Leads,2025-08-13,bottomfunnel_rmkt_60d_video_v2,15.81,11,384,2,Remarketing_60dias,Video,1º Lançamento | Leads
4972,2025 | Julho,Quinta-Feira,Dia útil,Leads,2025-07-31,topfunnel_lal1_compradores_estatico_v2,179.37,262,7957,35,LookALike_Compradores_1,Estático,2º Lançamento | Leads
4973,2025 | Dezembro,Terça-Feira,Dia útil,Leads,2025-12-09,topfunnel_cargos_dados_carrossel_v1,84.05,25,2349,5,Cargos_Dados,Carrossel,2º Lançamento | Leads
4974,2025 | Julho,Sábado,Final de semana,Leads,2025-07-19,midfunnel_rmkt_30d_carrossel_v1,29.77,16,826,4,Remarketing_30dias,Carrossel,Campanha Contínua | Leads
4975,2025 | Julho,Quinta-Feira,Dia útil,Vendas,2025-07-10,bottomfunnel_visitantes_site_estatico_v3,133.13,75,6037,16,Visitantes_Site,Estático,2º Lançamento | Vendas
4976,2025 | Outubro,Terça-Feira,Dia útil,Vendas,2025-10-14,topfunnel_lal1_compradores_carrossel_v2,33.71,30,1006,3,LookALike_Compradores_1,Carrossel,2º Lançamento | Vendas
4977,2025 | Julho,Quinta-Feira,Dia útil,Leads,2025-07-17,midfunnel_engajamento_ig_carrossel_v1,123.18,317,10937,63,Engajamento_Instagram,Carrossel,Campanha Contínua | Leads
4978,2025 | Abril,Terça-Feira,Dia útil,Vendas,2025-04-15,bottomfunnel_rmkt_30d_video_v1,155.26,65,3704,14,Remarketing_30dias,Video,2º Lançamento | Vendas
4979,2025 | Abril,Sexta-Feira,Dia útil,Leads,2025-04-25,topfunnel_lal1_compradores_carrossel_v2,13.79,8,453,2,LookALike_Compradores_1,Carrossel,2º Lançamento | Leads
4980,2025 | Abril,Terça-Feira,Dia útil,Vendas,2025-04-22,topfunnel_lal1_compradores_carrossel_v2,38.15,119,2853,28,LookALike_Compradores_1,Carrossel,1º Lançamento | Vendas
4981,2025 | Julho,Quinta-Feira,Dia útil,Vendas,2025-07-03,midfunnel_engajamento_ig_estatico_v2,93.1,100,2316,24,Engajamento_Instagram,Estático,Campanha Contínua | Vendas
4982,2025 | Janeiro,Quarta-Feira,Dia útil,Vendas,2025-01-29,topfunnel_interesses_dados_video_v1,134.01,6323,6242,56,Interesses_Dados,Video,Campanha Contínua | Vendas
4983,2025 | Setembro,Segunda-Feira,Dia útil,Vendas,2025-09-01,bottomfunnel_rmkt_30d_carrossel_v2,167.75,193,6486,12,Remarketing_30dias,Carrossel,Campanha Contínua | Vendas
4984,2025 | Junho,Quinta-Feira,Dia útil,Leads,2025-06-12,bottomfunnel_engajamento_ig_estatico_v2,126.21,100,6192,18,Engajamento_Instagram,Estático,Campanha Contínua | Leads
4985,2025 | Janeiro,Domingo,Final de semana,Leads,2025-01-19,topfunnel_cargos_dados_carrossel_v3,165.79,264,7463,74,Cargos_Dados,Carrossel,2º Lançamento | Leads
4986,2025 | Maio,Sexta-Feira,Dia útil,Vendas,2025-05-30,topfunnel_cargos_dados_estatico_v1,11.31,12,889,2,Cargos_Dados,Estático,1º Lançamento | Vendas
4987,2025 | Abril,Sábado,Final de semana,Vendas,2025-04-19,midfunnel_engajamento_ig_carrossel_v2,147.23,65,6247,5,Engajamento_Instagram,Carrossel,Campanha Contínua | Vendas
4988,2025 | Outubro,Quinta-Feira,Dia útil,Leads,2025-10-02,bottomfunnel_visitantes_site_estatico_v1,125.54,158,3541,26,Visitantes_Site,Estático,1º Lançamento | Leads
4989,2025 | Dezembro,Quinta-Feira,Dia útil,Vendas,2025-12-25,bottomfunnel_visitantes_site_video_v2,136.14,167,5339,45,Visitantes_Site,Video,2º Lançamento | Vendas
4990,2025 | Outubro,Segunda-Feira,Dia útil,Leads,2025-10-13,topfunnel_cargos_dados_video_v3,67.93,53,1670,5,Cargos_Dados,Video,2º Lançamento | Leads
4991,2025 | Dezembro,Terça-Feira,Dia útil,Leads,2025-12-09,midfunnel_engajamento_ig_video_v3,29.37,78,2180,17,Engajamento_Instagram,Video,Campanha Contínua | Leads
4992,2025 | Abril,Sexta-Feira,Dia útil,Vendas,2025-04-25,bottomfunnel_visitantes_site_video_v3,111.21,317,9390,23,Visitantes_Site,Video,Campanha Contínua | Vendas
4993,2025 | Novembro,Sábado,Final de semana,Leads,2025-11-29,topfunnel_lal2_leads_video_v2,95.91,168,4927,15,LookALike_Leads_2,Video,2º Lançamento | Leads
4994,2025 | Dezembro,Sábado,Final de semana,Leads,2025-12-13,topfunnel_lal1_compradores_estatico_v3,29.28,8,1075,0,LookALike_Compradores_1,Estático,1º Lançamento | Leads
4995,2025 | Outubro,Quinta-Feira,Dia útil,Vendas,2025-10-09,topfunnel_lal1_compradores_carrossel_v3,11.22,6,401,1,LookALike_Compradores_1,Carrossel,2º Lançamento | Vendas
4996,2025 | Janeiro,Terça-Feira,Dia útil,Vendas,2025-01-14,midfunnel_visitantes_site_carrossel_v3,4.63,1,167,0,Visitantes_Site,Carrossel,Campanha Contínua | Vendas
4997,2025 | Outubro,Domingo,Final de semana,Vendas,2025-10-12,bottomfunnel_engajamento_ig_estatico_v2,47.52,55,1971,7,Engajamento_Instagram,Estático,Campanha Contínua | Vendas
4998,2025 | Outubro,Quarta-Feira,Dia útil,Vendas,2025-10-08,bottomfunnel_engajamento_ig_video_v3,54.98,21,1517,1,Engajamento_Instagram,Video,2º Lançamento | Vendas
4999,2025 | Agosto,Sábado,Final de semana,Leads,2025-08-16,midfunnel_engajamento_ig_video_v2,104.95,27,2634,7,Engajamento_Instagram,Video,Campanha Contínua | Leads
5000,2025 | Agosto,Sábado,Final de semana,Vendas,2025-08-09,topfunnel_cargos_dados_carrossel_v1,111.86,41,10407,3,Cargos_Dados,Carrossel,2º Lançamento | Vendas
5001,2025 | Abril,Quarta-Feira,Dia útil,Leads,2025-04-16,topfunnel_lal2_leads_video_v2,177.68,783,18019,40,LookALike_Leads_2,Video,2º Lançamento | Leads
5002,2025 | Janeiro,Domingo,Final de semana,Leads,2025-01-05,topfunnel_lal1_compradores_estatico_v2,25.68,32,1096,8,LookALike_Compradores_1,Estático,Campanha Contínua | Leads
5003,2025 | Outubro,Quinta-Feira,Dia útil,Leads,2025-10-16,topfunnel_interesses_dados_estatico_v2,171.03,89,6575,25,Interesses_Dados,Estático,2º Lançamento | Leads
5004,2025 | Janeiro,Quinta-Feira,Dia útil,Leads,2025-01-09,midfunnel_visitantes_site_carrossel_v3,101.31,67,4178,19,Visitantes_Site,Carrossel,1º Lançamento | Leads
5005,2025 | Julho,Sábado,Final de semana,Leads,2025-07-19,bottomfunnel_rmkt_30d_carrossel_v3,96.35,103,4598,10,Remarketing_30dias,Carrossel,Campanha Contínua | Leads
5006,2025 | Novembro,Sábado,Final de semana,Vendas,2025-11-01,bottomfunnel_visitantes_site_carrossel_v2,23.17,56,1900,9,Visitantes_Site,Carrossel,2º Lançamento | Vendas
5007,2025 | Maio,Sexta-Feira,Dia útil,Vendas,2025-05-16,bottomfunnel_engajamento_ig_video_v1,152.36,137,7677,12,Engajamento_Instagram,Video,2º Lançamento | Vendas
5008,2025 | Setembro,Sexta-Feira,Dia útil,Leads,2025-09-05,topfunnel_lal2_leads_carrossel_v1,16.59,15,1022,2,LookALike_Leads_2,Carrossel,2º Lançamento | Leads
5009,2025 | Julho,Quarta-Feira,Dia útil,Vendas,2025-07-16,topfunnel_interesses_dados_carrossel_v1,167.18,177,4647,26,Interesses_Dados,Carrossel,2º Lançamento | Vendas
5010,2025 | Setembro,Quarta-Feira,Dia útil,Leads,2025-09-10,midfunnel_rmkt_30d_video_v3,9.69,10,263,1,Remarketing_30dias,Video,1º Lançamento | Leads
5011,2025 | Junho,Sexta-Feira,Dia útil,Leads,2025-06-13,topfunnel_interesses_dados_estatico_v1,69.91,38,2464,4,Interesses_Dados,Estático,Campanha Contínua | Leads
5012,2025 | Fevereiro,Terça-Feira,Dia útil,Leads,2025-02-04,midfunnel_rmkt_60d_estatico_v2,75.05,64,1885,9,Remarketing_60dias,Estático,1º Lançamento | Leads
5013,2025 | Abril,Segunda-Feira,Dia útil,Leads,2025-04-07,bottomfunnel_rmkt_30d_video_v2,44.52,74,2046,19,Remarketing_30dias,Video,2º Lançamento | Leads
5014,2025 | Novembro,Segunda-Feira,Dia útil,Vendas,2025-11-10,midfunnel_visitantes_site_carrossel_v3,72.78,47,1915,10,Visitantes_Site,Carrossel,1º Lançamento | Vendas
5015,2025 | Novembro,Sábado,Final de semana,Leads,2025-11-01,topfunnel_lal1_compradores_carrossel_v2,101.92,48,2810,7,LookALike_Compradores_1,Carrossel,Campanha Contínua | Leads
5016,2025 | Outubro,Sexta-Feira,Dia útil,Leads,2025-10-10,topfunnel_lal2_leads_video_v2,153.72,38,6480,10,LookALike_Leads_2,Video,2º Lançamento | Leads
5017,2025 | Abril,Quarta-Feira,Dia útil,Leads,2025-04-23,bottomfunnel_rmkt_30d_estatico_v2,7.33,7,276,1,Remarketing_30dias,Estático,2º Lançamento | Leads
5018,2025 | Junho,Sábado,Final de semana,Vendas,2025-06-21,topfunnel_lal1_compradores_carrossel_v3,54.39,37,1212,5,LookALike_Compradores_1,Carrossel,1º Lançamento | Vendas
5019,2025 | Novembro,Terça-Feira,Dia útil,Leads,2025-11-04,topfunnel_lal1_compradores_carrossel_v1,5.56,3,228,0,LookALike_Compradores_1,Carrossel,1º Lançamento | Leads
5020,2025 | Julho,Domingo,Final de semana,Leads,2025-07-27,topfunnel_lal2_leads_carrossel_v1,63.85,13,2866,2,LookALike_Leads_2,Carrossel,Campanha Contínua | Leads
5021,2025 | Fevereiro,Segunda-Feira,Dia útil,Vendas,2025-02-10,midfunnel_engajamento_ig_estatico_v1,83.94,118,4234,30,Engajamento_Instagram,Estático,Campanha Contínua | Vendas
5022,2025 | Agosto,Sexta-Feira,Dia útil,Leads,2025-08-15,midfunnel_visitantes_site_carrossel_v3,158.57,165,4273,24,Visitantes_Site,Carrossel,1º Lançamento | Leads
5023,2025 | Setembro,Quarta-Feira,Dia útil,Vendas,2025-09-17,bottomfunnel_rmkt_60d_video_v2,128.85,114,3549,28,Remarketing_60dias,Video,2º Lançamento | Vendas
5024,2025 | Abril,Sexta-Feira,Dia útil,Vendas,2025-04-11,bottomfunnel_visitantes_site_carrossel_v1,80.13,146,4999,18,Visitantes_Site,Carrossel,2º Lançamento | Vendas
5025,2025 | Dezembro,Quarta-Feira,Dia útil,Vendas,2025-12-24,midfunnel_visitantes_site_video_v1,75.05,36,3211,8,Visitantes_Site,Video,Campanha Contínua | Vendas
5026,2025 | Fevereiro,Segunda-Feira,Dia útil,Leads,2025-02-24,bottomfunnel_rmkt_30d_carrossel_v1,149.46,399,10114,66,Remarketing_30dias,Carrossel,2º Lançamento | Leads
5027,2025 | Abril,Sexta-Feira,Dia útil,Leads,2025-04-25,topfunnel_cargos_dados_video_v2,176.19,55,5059,2,Cargos_Dados,Video,2º Lançamento | Leads
5028,2025 | Fevereiro,Sábado,Final de semana,Leads,2025-02-22,topfunnel_lal1_compradores_estatico_v3,36.62,170,3934,21,LookALike_Compradores_1,Estático,1º Lançamento | Leads
5029,2025 | Janeiro,Sábado,Final de semana,Leads,2025-01-18,midfunnel_rmkt_60d_carrossel_v2,140.66,163,3882,22,Remarketing_60dias,Carrossel,1º Lançamento | Leads
5030,2025 | Abril,Sábado,Final de semana,Leads,2025-04-12,bottomfunnel_engajamento_ig_estatico_v1,168.34,126,6584,35,Engajamento_Instagram,Estático,Campanha Contínua | Leads
5031,2025 | Julho,Quarta-Feira,Dia útil,Leads,2025-07-02,bottomfunnel_rmkt_30d_carrossel_v2,20.34,107,2507,24,Remarketing_30dias,Carrossel,Campanha Contínua | Leads
5032,2025 | Agosto,Sexta-Feira,Dia útil,Leads,2025-08-15,topfunnel_cargos_dados_estatico_v1,54.63,120,3737,29,Cargos_Dados,Estático,Campanha Contínua | Leads
5033,2025 | Novembro,Domingo,Final de semana,Leads,2025-11-30,topfunnel_interesses_dados_video_v3,98.45,85,4960,12,Interesses_Dados,Video,1º Lançamento | Leads
5034,2025 | Junho,Quarta-Feira,Dia útil,Leads,2025-06-25,bottomfunnel_rmkt_60d_estatico_v3,28.94,10,1053,2,Remarketing_60dias,Estático,1º Lançamento | Leads
5035,2025 | Maio,Terça-Feira,Dia útil,Leads,2025-05-27,topfunnel_lal1_compradores_estatico_v3,171.12,131,4724,6,LookALike_Compradores_1,Estático,2º Lançamento | Leads
5036,2025 | Janeiro,Quarta-Feira,Dia útil,Leads,2025-01-08,topfunnel_interesses_dados_estatico_v3,148.43,398,13274,78,Interesses_Dados,Estático,2º Lançamento | Leads
5037,2025 | Fevereiro,Sábado,Final de semana,Leads,2025-02-15,bottomfunnel_rmkt_60d_video_v2,120.28,32,5678,8,Remarketing_60dias,Video,2º Lançamento | Leads
5038,2025 | Junho,Sábado,Final de semana,Leads,2025-06-21,topfunnel_lal1_compradores_carrossel_v3,106.72,196,8328,26,LookALike_Compradores_1,Carrossel,Campanha Contínua | Leads
5039,2025 | Novembro,Sábado,Final de semana,Vendas,2025-11-15,bottomfunnel_engajamento_ig_estatico_v3,45.45,34,1880,7,Engajamento_Instagram,Estático,Campanha Contínua | Vendas
5040,2025 | Setembro,Quarta-Feira,Dia útil,Vendas,2025-09-17,bottomfunnel_rmkt_30d_carrossel_v1,102.33,107,4463,28,Remarketing_30dias,Carrossel,2º Lançamento | Vendas
5041,2025 | Julho,Sábado,Final de semana,Leads,2025-07-05,topfunnel_interesses_dados_estatico_v1,95.51,108,5904,25,Interesses_Dados,Estático,2º Lançamento | Leads
5042,2025 | Novembro,Quarta-Feira,Dia útil,Vendas,2025-11-26,bottomfunnel_rmkt_60d_estatico_v2,127.17,21,3873,0,Remarketing_60dias,Estático,1º Lançamento | Vendas
5043,2025 | Maio,Quarta-Feira,Dia útil,Leads,2025-05-14,topfunnel_lal1_compradores_estatico_v3,175.19,112,4233,26,LookALike_Compradores_1,Estático,Campanha Contínua | Leads
5044,2025 | Agosto,Sábado,Final de semana,Leads,2025-08-02,topfunnel_cargos_dados_estatico_v1,56.03,32,1675,7,Cargos_Dados,Estático,1º Lançamento | Leads
5045,2025 | Outubro,Sexta-Feira,Dia útil,Leads,2025-10-17,topfunnel_lal2_leads_video_v1,90.86,300,10670,87,LookALike_Leads_2,Video,2º Lançamento | Leads
5046,2025 | Julho,Segunda-Feira,Dia útil,Vendas,2025-07-28,topfunnel_interesses_dados_video_v1,43.29,22,1388,4,Interesses_Dados,Video,Campanha Contínua | Vendas
5047,2025 | Abril,Quinta-Feira,Dia útil,Leads,2025-04-03,midfunnel_visitantes_site_video_v2,47.3,55,2678,16,Visitantes_Site,Video,2º Lançamento | Leads
5048,2025 | Agosto,Quarta-Feira,Dia útil,Leads,2025-08-13,topfunnel_cargos_dados_estatico_v1,77.35,124,6086,19,Cargos_Dados,Estático,2º Lançamento | Leads
5049,2025 | Março,Domingo,Final de semana,Vendas,2025-03-30,topfunnel_cargos_dados_carrossel_v2,167.2,135,4483,38,Cargos_Dados,Carrossel,2º Lançamento | Vendas
5050,2025 | Maio,Sábado,Final de semana,Leads,2025-05-24,topfunnel_lal1_compradores_carrossel_v3,117.44,85,3809,12,LookALike_Compradores_1,Carrossel,1º Lançamento | Leads
5051,2025 | Novembro,Domingo,Final de semana,Leads,2025-11-30,midfunnel_visitantes_site_estatico_v2,9.04,9,494,2,Visitantes_Site,Estático,1º Lançamento | Leads
5052,2025 | Maio,Sexta-Feira,Dia útil,Vendas,2025-05-16,midfunnel_rmkt_60d_estatico_v2,61.6,23,1564,1,Remarketing_60dias,Estático,1º Lançamento | Vendas
5053,2025 | Agosto,Sábado,Final de semana,Leads,2025-08-09,midfunnel_visitantes_site_carrossel_v3,162.77,198,6979,44,Visitantes_Site,Carrossel,2º Lançamento | Leads
5054,2025 | Maio,Segunda-Feira,Dia útil,Leads,2025-05-12,topfunnel_interesses_dados_video_v3,147.66,74,5156,11,Interesses_Dados,Video,2º Lançamento | Leads
5055,2025 | Março,Terça-Feira,Dia útil,Leads,2025-03-11,midfunnel_rmkt_30d_carrossel_v2,46.26,35,2055,2,Remarketing_30dias,Carrossel,1º Lançamento | Leads
5056,2025 | Setembro,Segunda-Feira,Dia útil,Vendas,2025-09-01,topfunnel_lal1_compradores_carrossel_v2,52.43,26,1588,2,LookALike_Compradores_1,Carrossel,2º Lançamento | Vendas
5057,2025 | Janeiro,Quinta-Feira,Dia útil,Vendas,2025-01-02,midfunnel_engajamento_ig_carrossel_v1,65.03,61,3524,7,Engajamento_Instagram,Carrossel,1º Lançamento | Vendas
5058,2025 | Outubro,Segunda-Feira,Dia útil,Leads,2025-10-13,midfunnel_engajamento_ig_carrossel_v1,39.39,20,2255,4,Engajamento_Instagram,Carrossel,2º Lançamento | Leads
5059,2025 | Fevereiro,Sexta-Feira,Dia útil,Vendas,2025-02-07,midfunnel_visitantes_site_estatico_v3,66.76,119,5045,2,Visitantes_Site,Estático,2º Lançamento | Vendas
5060,2025 | Outubro,Domingo,Final de semana,Leads,2025-10-05,topfunnel_lal1_compradores_carrossel_v2,117.38,47,4276,1,LookALike_Compradores_1,Carrossel,1º Lançamento | Leads
5061,2025 | Agosto,Sábado,Final de semana,Leads,2025-08-30,midfunnel_engajamento_ig_video_v2,8.29,7,254,0,Engajamento_Instagram,Video,Campanha Contínua | Leads
5062,2025 | Fevereiro,Domingo,Final de semana,Vendas,2025-02-23,bottomfunnel_rmkt_30d_video_v2,30.61,18,1784,2,Remarketing_30dias,Video,2º Lançamento | Vendas
5063,2025 | Agosto,Domingo,Final de semana,Vendas,2025-08-17,bottomfunnel_engajamento_ig_estatico_v2,159.07,192,7788,31,Engajamento_Instagram,Estático,1º Lançamento | Vendas
5064,2025 | Outubro,Sábado,Final de semana,Vendas,2025-10-25,bottomfunnel_rmkt_60d_estatico_v3,127.88,99,3567,6,Remarketing_60dias,Estático,Campanha Contínua | Vendas
5065,2025 | Maio,Quinta-Feira,Dia útil,Leads,2025-05-29,midfunnel_rmkt_30d_video_v2,89.29,68,2827,20,Remarketing_30dias,Video,Campanha Contínua | Leads
5066,2025 | Julho,Sábado,Final de semana,Leads,2025-07-26,midfunnel_rmkt_60d_carrossel_v3,61.13,56,2662,8,Remarketing_60dias,Carrossel,Campanha Contínua | Leads
5067,2025 | Abril,Sexta-Feira,Dia útil,Vendas,2025-04-18,topfunnel_lal1_compradores_video_v1,72.94,58,1763,4,LookALike_Compradores_1,Video,1º Lançamento | Vendas
5068,2025 | Setembro,Sexta-Feira,Dia útil,Leads,2025-09-05,topfunnel_lal1_compradores_estatico_v1,56.18,1431,1342,5,LookALike_Compradores_1,Estático,1º Lançamento | Leads
5069,2025 | Abril,Domingo,Final de semana,Leads,2025-04-13,midfunnel_visitantes_site_carrossel_v3,5.29,3,232,0,Visitantes_Site,Carrossel,1º Lançamento | Leads
5070,2025 | Maio,Quinta-Feira,Dia útil,Leads,2025-05-08,topfunnel_lal1_compradores_video_v3,41.92,49,1521,13,LookALike_Compradores_1,Video,Campanha Contínua | Leads
5071,2025 | Julho,Segunda-Feira,Dia útil,Vendas,2025-07-07,topfunnel_interesses_dados_video_v2,51.5,51,1263,9,Interesses_Dados,Video,Campanha Contínua | Vendas
5072,2025 | Fevereiro,Terça-Feira,Dia útil,Leads,2025-02-18,midfunnel_rmkt_30d_estatico_v2,105.41,299,9475,70,Remarketing_30dias,Estático,1º Lançamento | Leads
5073,2025 | Setembro,Domingo,Final de semana,Leads,2025-09-14,topfunnel_cargos_dados_video_v3,69.96,139,6855,39,Cargos_Dados,Video,2º Lançamento | Leads
5074,2025 | Dezembro,Segunda-Feira,Dia útil,Leads,2025-12-01,topfunnel_cargos_dados_estatico_v2,100.51,32,3307,8,Cargos_Dados,Estático,2º Lançamento | Leads
5075,2025 | Fevereiro,Domingo,Final de semana,Vendas,2025-02-23,topfunnel_cargos_dados_estatico_v3,20.13,7,539,0,Cargos_Dados,Estático,2º Lançamento | Vendas
5076,2025 | Março,Quinta-Feira,Dia útil,Leads,2025-03-06,midfunnel_rmkt_60d_video_v2,156.29,161,3982,25,Remarketing_60dias,Video,Campanha Contínua | Leads
5077,2025 | Janeiro,Sexta-Feira,Dia útil,Leads,2025-01-10,topfunnel_interesses_dados_video_v3,-127.36,129,7003,33,Interesses_Dados,Video,2º Lançamento | Leads
5078,2025 | Setembro,Segunda-Feira,Dia útil,Leads,2025-09-29,midfunnel_visitantes_site_video_v2,100.54,74,2775,18,Visitantes_Site,Video,1º Lançamento | Leads
5079,2025 | Fevereiro,Sexta-Feira,Dia útil,Leads,2025-02-28,topfunnel_lal2_leads_video_v2,177.45,570,17754,83,LookALike_Leads_2,Video,2º Lançamento | Leads
5080,2025 | Abril,Sábado,Final de semana,Leads,2025-04-12,midfunnel_rmkt_30d_carrossel_v3,161.12,486,11728,56,Remarketing_30dias,Carrossel,Campanha Contínua | Leads
5081,2025 | Dezembro,Domingo,Final de semana,Leads,2025-12-07,bottomfunnel_engajamento_ig_video_v1,114.77,109,2582,17,Engajamento_Instagram,Video,Campanha Contínua | Leads
5082,2025 | Junho,Terça-Feira,Dia útil,Vendas,2025-06-17,topfunnel_lal2_leads_carrossel_v3,129.64,96,3307,3,LookALike_Leads_2,Carrossel,1º Lançamento | Vendas
5083,2025 | Agosto,Segunda-Feira,Dia útil,Leads,2025-08-25,topfunnel_interesses_dados_estatico_v1,29.6,9,799,0,Interesses_Dados,Estático,2º Lançamento | Leads
5084,2025 | Dezembro,Quarta-Feira,Dia útil,Vendas,2025-12-10,midfunnel_visitantes_site_estatico_v1,55.17,53,1681,9,Visitantes_Site,Estático,2º Lançamento | Vendas
5085,2025 | Setembro,Segunda-Feira,Dia útil,Vendas,2025-09-08,midfunnel_visitantes_site_estatico_v3,17.64,22,632,2,Visitantes_Site,Estático,2º Lançamento | Vendas
5086,2025 | Agosto,Quinta-Feira,Dia útil,Leads,2025-08-21,topfunnel_lal1_compradores_estatico_v3,150.03,175,5131,16,LookALike_Compradores_1,Estático,2º Lançamento | Leads
5087,2025 | Abril,Segunda-Feira,Dia útil,Leads,2025-04-21,bottomfunnel_rmkt_30d_estatico_v2,176.11,168,5497,16,Remarketing_30dias,Estático,2º Lançamento | Leads
5088,2025 | Outubro,Segunda-Feira,Dia útil,Leads,2025-10-06,topfunnel_lal2_leads_estatico_v1,4.92,4,138,1,LookALike_Leads_2,Estático,Campanha Contínua | Leads
5089,2025 | Outubro,Sábado,Final de semana,Leads,2025-10-25,bottomfunnel_rmkt_30d_video_v1,19.36,17,477,3,Remarketing_30dias,Video,Campanha Contínua | Leads
5090,2025 | Dezembro,Domingo,Final de semana,Leads,2025-12-28,midfunnel_rmkt_60d_video_v1,22.02,19,611,3,Remarketing_60dias,Video,2º Lançamento | Leads
5091,2025 | Janeiro,Sexta-Feira,Dia útil,Leads,2025-01-10,topfunnel_interesses_dados_estatico_v2,8.0,6,196,1,Interesses_Dados,Estático,1º Lançamento | Leads
5092,2025 | Junho,Terça-Feira,Dia útil,Leads,2025-06-17,midfunnel_engajamento_ig_video_v2,12.18,3,420,0,Engajamento_Instagram,Vídeo,2º Lançamento | Leads
5093,2025 | Março,Sábado,Final de semana,Vendas,2025-03-08,midfunnel_engajamento_ig_video_v1,69.8,152,3705,43,Engajamento_Instagram,Video,1º Lançamento | Vendas
5094,2025 | Fevereiro,Domingo,Final de semana,Leads,2025-02-23,topfunnel_lal2_leads_video_v3,82.18,75,2714,8,LookALike_Leads_2,Video,Campanha Contínua | Leads
5095,2025 | Maio,Sexta-Feira,Dia útil,Leads,2025-05-09,topfunnel_interesses_dados_carrossel_v3,115.54,144,5400,26,Interesses_Dados,Carrossel,Campanha Contínua | Leads
5096,2025 | Janeiro,Segunda-Feira,Dia útil,Leads,2025-01-06,bottomfunnel_visitantes_site_estatico_v1,115.69,176,8371,14,Visitantes_Site,Estático,Campanha Contínua | Leads
5097,2025 | Julho,Terça-Feira,Dia útil,Leads,2025-07-08,bottomfunnel_engajamento_ig_video_v1,49.31,124,2922,7,Engajamento_Instagram,Video,1º Lançamento | Leads
5098,2025 | Setembro,Sábado,Final de semana,Vendas,2025-09-27,midfunnel_engajamento_ig_estatico_v1,72.94,77,3632,5,Engajamento_Instagram,Estático,Campanha Contínua | Vendas
5099,2025 | Março,Quinta-Feira,Dia útil,Vendas,2025-03-27,bottomfunnel_visitantes_site_estatico_v2,53.54,45,1643,5,Visitantes_Site,Estático,1º Lançamento | Vendas
5100,2025 | Setembro,Sábado,Final de semana,Leads,2025-09-13,topfunnel_cargos_dados_video_v3,90.54,114,2723,29,Cargos_Dados,Video,2º Lançamento | Leads
5101,2025 | Dezembro,Segunda-Feira,Dia útil,Vendas,2025-12-22,bottomfunnel_visitantes_site_video_v1,58.57,96,2325,18,Visitantes_Site,Video,Campanha Contínua | Vendas
5102,2025 | Novembro,Sábado,Final de semana,Vendas,2025-11-01,topfunnel_interesses_dados_estatico_v3,100.81,137,5853,6,Interesses_Dados,Estático,1º Lançamento | Vendas
5103,2025 | Fevereiro,Segunda-Feira,Dia útil,Leads,2025-02-17,topfunnel_cargos_dados_carrossel_v2,23.09,45,1226,4,Cargos_Dados,Carrossel,2º Lançamento | Leads
5104,2025 | Junho,Sexta-Feira,Dia útil,Vendas,2025-06-06,topfunnel_lal2_leads_video_v1,164.97,85,3872,23,LookALike_Leads_2,Video,2º Lançamento | Vendas
5105,2025 | Maio,Sexta-Feira,Dia útil,Leads,2025-05-16,topfunnel_lal1_compradores_carrossel_v2,73.91,152,3717,16,LookALike_Compradores_1,Carrossel,1º Lançamento | Leads
5106,2025 | Outubro,Domingo,Final de semana,Leads,2025-10-05,topfunnel_lal1_compradores_video_v2,3.82,13,305,0,LookALike_Compradores_1,Video,2º Lançamento | Leads
5107,2025 | Julho,Sábado,Final de semana,Vendas,2025-07-26,topfunnel_interesses_dados_estatico_v1,71.18,181,4553,9,Interesses_Dados,Estático,Campanha Contínua | Vendas
5108,2025 | Março,Quinta-Feira,Dia útil,Leads,2025-03-06,midfunnel_rmkt_30d_video_v2,31.31,31,733,4,Remarketing_30dias,Video,2º Lançamento | Leads
5109,2025 | Julho,Quinta-Feira,Dia útil,Vendas,2025-07-03,midfunnel_engajamento_ig_estatico_v1,13.8,47,1331,9,Engajamento_Instagram,Estático,Campanha Contínua | Vendas
5110,2025 | Junho,Quinta-Feira,Dia útil,Leads,2025-06-12,topfunnel_cargos_dados_estatico_v3,12.66,6,308,1,Cargos_Dados,Estático,1º Lançamento | Leads
5111,2025 | Maio,Quinta-Feira,Dia útil,Leads,2025-05-29,midfunnel_engajamento_ig_estatico_v2,137.81,415,9581,90,Engajamento_Instagram,Estático,1º Lançamento | Leads
5112,2025 | Março,Terça-Feira,Dia útil,Leads,2025-03-04,topfunnel_lal2_leads_estatico_v2,119.45,27,2785,7,LookALike_Leads_2,Estático,Campanha Contínua | Leads
5113,2025 | Março,Domingo,Final de semana,Leads,2025-03-16,topfunnel_lal1_compradores_carrossel_v2,161.28,36,3967,1,LookALike_Compradores_1,Carrossel,1º Lançamento | Leads
5114,2025 | Agosto,Terça-Feira,Dia útil,Vendas,2025-08-05,midfunnel_rmkt_60d_estatico_v1,94.54,62,2192,7,Remarketing_60dias,Estático,Campanha Contínua | Vendas
5115,2025 | Dezembro,Sexta-Feira,Dia útil,Leads,2025-12-26,topfunnel_cargos_dados_video_v2,165.68,119,7009,4,Cargos_Dados,Video,2º Lançamento | Leads
5116,2025 | Maio,Terça-Feira,Dia útil,Leads,2025-05-27,midfunnel_visitantes_site_video_v1,170.51,71,4759,17,Visitantes_Site,Video,1º Lançamento | Leads
5117,2025 | Agosto,Sábado,Final de semana,Leads,2025-08-09,bottomfunnel_visitantes_site_carrossel_v1,19.56,11,481,3,Visitantes_Site,Carrossel,Campanha Contínua | Leads
5118,2025 | Fevereiro,Domingo,Final de semana,Vendas,2025-02-23,bottomfunnel_rmkt_60d_carrossel_v3,159.55,78,9408,16,Remarketing_60dias,Carrossel,2º Lançamento | Vendas
5119,2025 | Outubro,Segunda-Feira,Dia útil,Leads,2025-10-06,topfunnel_lal1_compradores_carrossel_v2,97.56,106,3325,11,LookALike_Compradores_1,Carrossel,Campanha Contínua | Leads
5120,2025 | Julho,Sábado,Final de semana,Leads,2025-07-12,bottomfunnel_rmkt_30d_video_v1,125.95,247,6316,24,Remarketing_30dias,Video,2º Lançamento | Leads
5121,2025 | Setembro,Segunda-Feira,Final de semana,Leads,2025-09-08,topfunnel_lal2_leads_video_v1,49.97,136,3075,34,LookALike_Leads_2,Video,Campanha Contínua | Leads
5122,2025 | Agosto,Sexta-Feira,Dia útil,Leads,2025-08-29,topfunnel_lal2_leads_video_v1,120.51,85,4535,21,LookALike_Leads_2,Video,2º Lançamento | Leads
5123,2025 | Maio,Domingo,Final de semana,Leads,2025-05-04,topfunnel_lal2_leads_estatico_v1,47.61,158,5840,24,LookALike_Leads_2,Estático,1º Lançamento | Leads
5124,2025 | Março,Sábado,Final de semana,Leads,2025-03-01,bottomfunnel_engajamento_ig_carrossel_v2,116.86,61,3310,10,Engajamento_Instagram,Carrossel,2º Lançamento | Leads
5125,2025 | Dezembro,Quarta-Feira,Dia útil,Vendas,2025-12-03,topfunnel_lal1_compradores_carrossel_v2,88.25,74,3031,12,LookALike_Compradores_1,Carrossel,2º Lançamento | Vendas
5126,2025 | Março,Quinta-Feira,Dia útil,Leads,2025-03-20,topfunnel_lal1_compradores_estatico_v1,134.03,132,4403,8,LookALike_Compradores_1,Estático,1º Lançamento | Leads
5127,2025 | Agosto,Quinta-Feira,Dia útil,Vendas,2025-08-07,topfunnel_interesses_dados_video_v3,63.97,132,3560,29,Interesses_Dados,Video,Campanha Contínua | Vendas
5128,2025 | Julho,Terça-Feira,Dia útil,Leads,2025-07-15,topfunnel_lal2_leads_carrossel_v3,160.82,130,5251,21,LookALike_Leads_2,Carrossel,Campanha Contínua | Leads
5129,2025 | Dezembro,Terça-Feira,Dia útil,Leads,2025-12-02,midfunnel_rmkt_30d_video_v1,172.9,102,4502,18,Remarketing_30dias,Video,Campanha Contínua | Leads
5130,2025 | Março,Quinta-Feira,Dia útil,Vendas,2025-03-13,topfunnel_cargos_dados_video_v1,45.35,72,4119,11,Cargos_Dados,Video,1º Lançamento | Vendas
5131,2025 | Junho,Sexta-Feira,Dia útil,Leads,2025-06-27,bottomfunnel_rmkt_30d_carrossel_v2,24.38,38,1684,1,Remarketing_30dias,Carrossel,2º Lançamento | Leads
5132,2025 | Fevereiro,Segunda-Feira,Dia útil,Leads,2025-02-17,topfunnel_cargos_dados_estatico_v3,128.24,104,8561,21,Cargos_Dados,Estático,1º Lançamento | Leads
5133,2025 | Dezembro,Quinta-Feira,Dia útil,Leads,2025-12-25,midfunnel_rmkt_60d_video_v3,161.52,20,4650,1,Remarketing_60dias,Video,1º Lançamento | Leads
5134,2025 | Agosto,Quarta-Feira,Dia útil,Leads,2025-08-13,topfunnel_lal2_leads_estatico_v1,68.11,16,2541,3,LookALike_Leads_2,Estático,2º Lançamento | Leads
5135,2025 | Março,Sábado,Final de semana,Leads,2025-03-15,midfunnel_visitantes_site_carrossel_v3,172.77,61,4624,16,Visitantes_Site,Carrossel,Campanha Contínua | Leads
5136,2025 | Janeiro,Quinta-Feira,Dia útil,Vendas,2025-01-02,bottomfunnel_visitantes_site_estatico_v2,110.38,72,2519,9,Visitantes_Site,Estático,Campanha Contínua | Vendas
5137,2025 | Abril,Sexta-Feira,Dia útil,Leads,2025-04-04,topfunnel_lal2_leads_carrossel_v2,83.06,171,5116,8,LookALike_Leads_2,Carrossel,Campanha Contínua | Leads
5138,2025 | Fevereiro,Quinta-Feira,Dia útil,Leads,2025-02-06,topfunnel_cargos_dados_video_v1,59.41,203,5046,8,Cargos_Dados,Video,Campanha Contínua | Leads
5139,2025 | Abril,Quinta-Feira,Dia útil,Leads,2025-04-17,topfunnel_lal1_compradores_estatico_v2,35.82,26,833,1,LookALike_Compradores_1,Estático,2º Lançamento | Leads
5140,2025 | Julho,Domingo,Final de semana,Vendas,2025-07-27,bottomfunnel_rmkt_60d_carrossel_v3,132.38,141,11187,35,Remarketing_60dias,Carrossel,1º Lançamento | Vendas
5141,2025 | Abril,Quinta-Feira,Dia útil,Leads,2025-04-03,topfunnel_cargos_dados_video_v3,88.43,178,5134,47,Cargos_Dados,Video,2º Lançamento | Leads
5142,2025 | Janeiro,Sexta-Feira,Dia útil,Vendas,2025-01-31,midfunnel_rmkt_60d_video_v1,87.71,86,1975,15,Remarketing_60dias,Video,2º Lançamento | Vendas
5143,2025 | Setembro,Terça-Feira,Dia útil,Leads,2025-09-23,topfunnel_cargos_dados_video_v1,171.1,528,14106,120,Cargos_Dados,Video,1º Lançamento | Leads
5144,2025 | Março,Quinta-Feira,Dia útil,Leads,2025-03-13,topfunnel_lal1_compradores_carrossel_v1,112.07,37,2952,1,LookALike_Compradores_1,Carrossel,1º Lançamento | Leads
5145,2025 | Novembro,Domingo,Final de semana,Leads,2025-11-16,topfunnel_lal2_leads_carrossel_v2,50.42,45,1672,10,LookALike_Leads_2,Carrossel,1º Lançamento | Leads
5146,2025 | Outubro,Sábado,Final de semana,Leads,2025-10-04,topfunnel_lal2_leads_carrossel_v2,177.27,251,7327,21,LookALike_Leads_2,Carrossel,1º Lançamento | Leads
5147,2025 | Fevereiro,Quarta-Feira,Dia útil,Leads,2025-02-19,midfunnel_rmkt_30d_estatico_v3,46.91,28,2626,7,Remarketing_30dias,Estático,2º Lançamento | Leads
5148,2025 | Junho,Sábado,Final de semana,Leads,2025-06-07,topfunnel_lal2_leads_video_v1,59.45,66,3579,13,LookALike_Leads_2,Video,Campanha Contínua | Leads
5149,2025 | Setembro,Terça-Feira,Dia útil,Leads,2025-09-23,midfunnel_rmkt_30d_estatico_v3,24.57,28,912,6,Remarketing_30dias,Estático,Campanha Contínua | Leads
5150,2025 | Novembro,Domingo,Final de semana,Vendas,2025-11-30,midfunnel_visitantes_site_video_v3,164.15,212,8934,62,Visitantes_Site,Video,1º Lançamento | Vendas
5151,2025 | Junho,Terça-Feira,Dia útil,Leads,2025-06-24,bottomfunnel_visitantes_site_video_v1,178.6,120,7514,13,Visitantes_Site,Video,1º Lançamento | Leads
5152,2025 | Abril,Segunda-Feira,Dia útil,Vendas,2025-04-21,topfunnel_lal2_leads_video_v2,75.45,55,2272,11,LookALike_Leads_2,Video,Campanha Contínua | Vendas
5153,2025 | Dezembro,Quarta-Feira,Dia útil,Leads,2025-12-24,midfunnel_rmkt_30d_video_v3,142.51,292,13500,13,Remarketing_30dias,Video,1º Lançamento | Leads
5154,2025 | Outubro,Quinta-Feira,Dia útil,Leads,2025-10-30,midfunnel_rmkt_30d_video_v2,38.99,37,3190,7,Remarketing_30dias,Video,1º Lançamento | Leads
5155,2025 | Setembro,Domingo,Final de semana,Leads,2025-09-07,topfunnel_interesses_dados_estatico_v1,139.88,240,8769,48,Interesses_Dados,Estático,1º Lançamento | Leads
5156,2025 | Agosto,Sexta-Feira,Dia útil,Leads,2025-08-01,topfunnel_cargos_dados_video_v1,53.41,32,1270,1,Cargos_Dados,Video,1º Lançamento | Leads
5157,2025 | Fevereiro,Quarta-Feira,Dia útil,Leads,2025-02-19,bottomfunnel_rmkt_60d_estatico_v1,55.49,81,1934,7,Remarketing_60dias,Estático,2º Lançamento | Leads
5158,2025 | Junho,Sábado,Final de semana,Leads,2025-06-14,midfunnel_engajamento_ig_estatico_v3,119.75,449,13468,36,Engajamento_Instagram,Estático,2º Lançamento | Leads
5159,2025 | Novembro,Domingo,Final de semana,Vendas,2025-11-16,topfunnel_cargos_dados_video_v2,177.62,148,4275,4,Cargos_Dados,Video,2º Lançamento | Vendas
5160,2025 | Setembro,Terça-Feira,Dia útil,Leads,2025-09-02,topfunnel_lal1_compradores_video_v2,125.92,16,3707,4,LookALike_Compradores_1,Video,1º Lançamento | Leads
5161,2025 | Outubro,Domingo,Final de semana,Leads,2025-10-19,bottomfunnel_engajamento_ig_carrossel_v2,59.63,97,2968,29,Engajamento_Instagram,Carrossel,Campanha Contínua | Leads
5162,2025 | Dezembro,Terça-Feira,Dia útil,Vendas,2025-12-23,topfunnel_interesses_dados_carrossel_v2,49.28,5,1098,0,Interesses_Dados,Carrossel,1º Lançamento | Vendas
5163,2025 | Novembro,Sábado,Final de semana,Leads,2025-11-22,topfunnel_interesses_dados_estatico_v3,120.71,188,5129,18,Interesses_Dados,Estático,Campanha Contínua | Leads
5164,2025 | Março,Segunda-Feira,Dia útil,Leads,2025-03-31,bottomfunnel_engajamento_ig_carrossel_v2,109.25,50,3631,13,Engajamento_Instagram,Carrossel,1º Lançamento | Leads
5165,2025 | Fevereiro,Quinta-Feira,Dia útil,Leads,2025-02-06,midfunnel_rmkt_60d_carrossel_v2,157.48,224,7528,7,Remarketing_60dias,Carrossel,Campanha Contínua | Leads
5166,2025 | Setembro,Quarta-Feira,Dia útil,Leads,2025-09-03,topfunnel_interesses_dados_estatico_v2,171.73,203,8063,4,Interesses_Dados,Estático,1º Lançamento | Leads
5167,2025 | Janeiro,Terça-Feira,Dia útil,Leads,2025-01-07,midfunnel_rmkt_60d_video_v2,129.09,138,7406,26,Remarketing_60dias,Video,2º Lançamento | Leads
5168,2025 | Setembro,Domingo,Final de semana,Vendas,2025-09-28,bottomfunnel_rmkt_60d_carrossel_v2,32.75,22,1421,5,Remarketing_60dias,Carrossel,Campanha Contínua | Vendas
5169,2025 | Novembro,Quinta-Feira,Dia útil,Leads,2025-11-06,bottomfunnel_rmkt_60d_estatico_v1,58.64,18,2483,1,Remarketing_60dias,Estático,1º Lançamento | Leads
5170,2025 | Dezembro,Terça-Feira,Dia útil,Leads,2025-12-23,midfunnel_visitantes_site_carrossel_v1,177.82,459,14637,22,Visitantes_Site,Carrossel,2º Lançamento | Leads
5171,2025 | Junho,Segunda-Feira,Dia útil,Leads,2025-06-30,midfunnel_visitantes_site_video_v2,102.99,56,3403,2,Visitantes_Site,Video,1º Lançamento | Leads
5172,2025 | Agosto,Quarta-Feira,Dia útil,Vendas,2025-08-13,topfunnel_interesses_dados_estatico_v2,15.13,9,630,2,Interesses_Dados,Estático,2º Lançamento | Vendas
5173,2025 | Dezembro,Sexta-Feira,Dia útil,Leads,2025-12-05,midfunnel_rmkt_30d_video_v3,173.33,397,10529,85,Remarketing_30dias,Video,1º Lançamento | Leads
5174,2025 | Outubro,Domingo,Final de semana,Leads,2025-10-26,topfunnel_lal2_leads_video_v1,66.79,12,1530,1,LookALike_Leads_2,Video,2º Lançamento | Leads
5175,2025 | Maio,Sexta-Feira,Dia útil,Leads,2025-05-23,bottomfunnel_engajamento_ig_estatico_v3,92.15,25,2226,5,Engajamento_Instagram,Estático,1º Lançamento | Leads
5176,2025 | Dezembro,Domingo,Final de semana,Leads,2025-12-07,topfunnel_cargos_dados_carrossel_v1,156.36,144,3940,37,Cargos_Dados,Carrossel,Campanha Contínua | Leads
5177,2025 | Março,Sexta-Feira,Dia útil,Leads,2025-03-07,midfunnel_rmkt_60d_estatico_v3,83.72,107,2424,4,Remarketing_60dias,Estático,2º Lançamento | Leads
5178,2025 | Junho,Terça-Feira,Dia útil,Vendas,2025-06-03,midfunnel_rmkt_60d_video_v3,119.75,209,5387,54,Remarketing_60dias,Video,2º Lançamento | Vendas
5179,2025 | Julho,Domingo,Final de semana,Leads,2025-07-27,topfunnel_cargos_dados_carrossel_v3,53.83,55,1519,8,Cargos_Dados,Carrossel,1º Lançamento | Leads
5180,2025 | Novembro,Quarta-Feira,Dia útil,Vendas,2025-11-26,bottomfunnel_rmkt_30d_estatico_v3,115.85,64,3064,5,Remarketing_30dias,Estático,Campanha Contínua | Vendas
5181,2025 | Agosto,Sexta-Feira,Dia útil,Vendas,2025-08-29,topfunnel_lal2_leads_carrossel_v1,59.59,33,3284,1,LookALike_Leads_2,Carrossel,1º Lançamento | Vendas
5182,2025 | Outubro,Sexta-Feira,Dia útil,Leads,2025-10-03,bottomfunnel_engajamento_ig_video_v2,80.87,46,2136,9,Engajamento_Instagram,Video,2º Lançamento | Leads
5183,2025 | Janeiro,Quinta-Feira,Dia útil,Vendas,2025-01-30,topfunnel_interesses_dados_carrossel_v1,109.25,28,2659,7,Interesses_Dados,Carrossel,1º Lançamento | Vendas
5184,2025 | Junho,Quarta-Feira,Dia útil,Leads,2025-06-25,bottomfunnel_rmkt_30d_video_v2,155.98,248,5917,6,Remarketing_30dias,Video,2º Lançamento | Leads
5185,2025 | Agosto,Segunda-Feira,Dia útil,Vendas,2025-08-04,topfunnel_lal2_leads_estatico_v3,23.23,28,743,3,LookALike_Leads_2,Estático,1º Lançamento | Vendas
5186,2025 | Outubro,Quinta-Feira,Dia útil,Vendas,2025-10-30,midfunnel_engajamento_ig_estatico_v3,56.28,68,3081,19,Engajamento_Instagram,Estático,1º Lançamento | Vendas
5187,2025 | Maio,Terça-Feira,Dia útil,Leads,2025-05-20,topfunnel_lal2_leads_estatico_v1,26.42,52,1228,1,LookALike_Leads_2,Estático,1º Lançamento | Leads
5188,2025 | Julho,Sexta-Feira,Dia útil,Leads,2025-07-04,bottomfunnel_rmkt_60d_estatico_v1,116.08,101,3135,26,Remarketing_60dias,Estático,2º Lançamento | Leads
5189,2025 | Agosto,Sábado,Final de semana,Vendas,2025-08-23,topfunnel_cargos_dados_estatico_v2,178.82,162,11169,44,Cargos_Dados,Estático,Campanha Contínua | Vendas
5190,2025 | Outubro,Quinta-Feira,Dia útil,Leads,2025-10-09,bottomfunnel_visitantes_site_carrossel_v3,121.27,202,4752,57,Visitantes_Site,Carrossel,Campanha Contínua | Leads
5191,2025 | Julho,Terça-Feira,Dia útil,Leads,2025-07-29,bottomfunnel_visitantes_site_carrossel_v1,3.07,1,74,0,Visitantes_Site,Carrossel,2º Lançamento | Leads
5192,2025 | Abril,Segunda-Feira,Dia útil,Vendas,2025-04-21,topfunnel_lal2_leads_video_v2,167.32,168,6588,36,LookALike_Leads_2,Video,1º Lançamento | Vendas
5193,2025 | Setembro,Segunda-Feira,Dia útil,Leads,2025-09-01,bottomfunnel_visitantes_site_carrossel_v1,170.55,266,5974,67,Visitantes_Site,Carrossel,1º Lançamento | Leads
5194,2025 | Novembro,Quinta-Feira,Dia útil,Vendas,2025-11-27,midfunnel_engajamento_ig_video_v2,166.71,114,4386,27,Engajamento_Instagram,Video,1º Lançamento | Vendas
5195,2025 | Agosto,Terça-Feira,Dia útil,Leads,2025-08-26,midfunnel_rmkt_60d_estatico_v3,163.04,203,5398,60,Remarketing_60dias,Estático,1º Lançamento | Leads
5196,2025 | Dezembro,Domingo,Final de semana,Leads,2025-12-21,topfunnel_lal1_compradores_estatico_v3,150.01,86,3981,7,LookALike_Compradores_1,Estático,2º Lançamento | Leads
5197,2025 | Agosto,Quinta-Feira,Dia útil,Vendas,2025-08-28,bottomfunnel_rmkt_60d_video_v2,21.35,12,476,0,Remarketing_60dias,Video,1º Lançamento | Vendas
5198,2025 | Julho,Sábado,Final de semana,Leads,2025-07-19,bottomfunnel_engajamento_ig_carrossel_v1,154.18,170,4615,19,Engajamento_Instagram,Carrossel,1º Lançamento | Leads
5199,2025 | Junho,Quinta-Feira,Dia útil,Leads,2025-06-26,midfunnel_engajamento_ig_carrossel_v2,78.31,19,3055,3,Engajamento_Instagram,Carrossel,1º Lançamento | Leads
5200,2025 | Abril,Quinta-Feira,Dia útil,Leads,2025-04-17,topfunnel_lal1_compradores_video_v3,13.74,33,859,3,LookALike_Compradores_1,Video,Campanha Contínua | Leads
5201,2025 | Outubro,Sexta-Feira,Dia útil,Leads,2025-10-24,bottomfunnel_rmkt_30d_estatico_v1,34.07,21,765,4,Remarketing_30dias,Estático,2º Lançamento | Leads
5202,2025 | Novembro,Domingo,Final de semana,Leads,2025-11-16,topfunnel_lal1_compradores_video_v3,69.83,43,2378,8,LookALike_Compradores_1,Video,1º Lançamento | Leads
5203,2025 | Março,Domingo,Final de semana,Vendas,2025-03-02,topfunnel_cargos_dados_carrossel_v2,77.14,61,4352,18,Cargos_Dados,Carrossel,Campanha Contínua | Vendas
5204,2025 | Março,Sexta-Feira,Dia útil,Leads,2025-03-21,topfunnel_interesses_dados_estatico_v2,164.88,43,5526,1,Interesses_Dados,Estático,1º Lançamento | Leads
5205,2025 | Janeiro,Quarta-Feira,Dia útil,Vendas,2025-01-15,midfunnel_rmkt_30d_carrossel_v2,109.49,106,4923,14,Remarketing_30dias,Carrossel,Campanha Contínua | Vendas
5206,2025 | Maio,Sábado,Final de semana,Leads,2025-05-10,midfunnel_rmkt_60d_video_v3,88.0,68,2168,18,Remarketing_60dias,Video,2º Lançamento | Leads
5207,2025 | Março,Domingo,Final de semana,Leads,2025-03-23,midfunnel_rmkt_60d_estatico_v2,130.21,228,7691,44,Remarketing_60dias,Estático,2º Lançamento | Leads
5208,2025 | Janeiro,Terça-Feira,Dia útil,Vendas,2025-01-28,topfunnel_lal1_compradores_carrossel_v1,157.67,59,6165,14,LookALike_Compradores_1,Carrossel,2º Lançamento | Vendas
5209,2025 | Outubro,Quarta-Feira,Dia útil,Leads,2025-10-22,topfunnel_interesses_dados_estatico_v1,66.0,26,1531,1,Interesses_Dados,Estático,2º Lançamento | Leads
5210,2025 | Agosto,Sábado,Final de semana,Leads,2025-08-16,topfunnel_cargos_dados_estatico_v3,114.98,114,3484,10,Cargos_Dados,Estático,2º Lançamento | Leads
5211,2025 | Março,Sábado,Final de semana,Leads,2025-03-15,topfunnel_lal2_leads_carrossel_v2,107.08,157,6335,32,LookALike_Leads_2,Carrossel,Campanha Contínua | Leads
5212,2025 | Maio,Domingo,Final de semana,Vendas,2025-05-18,topfunnel_interesses_dados_video_v3,174.24,177,7149,27,Interesses_Dados,Video,2º Lançamento | Vendas
5213,2025 | Outubro,Sexta-Feira,Dia útil,Leads,2025-10-03,topfunnel_interesses_dados_video_v2,5.7,10,258,2,Interesses_Dados,Video,Campanha Contínua | Leads
5214,2025 | Julho,Domingo,Final de semana,Vendas,2025-07-13,midfunnel_engajamento_ig_estatico_v3,52.5,35,1478,1,Engajamento_Instagram,Estático,Campanha Contínua | Vendas
5215,2025 | Janeiro,Domingo,Final de semana,Leads,2025-01-26,bottomfunnel_rmkt_60d_video_v1,127.52,569,15374,101,Remarketing_60dias,Video,1º Lançamento | Leads
5216,2025 | Novembro,Sábado,Final de semana,Vendas,2025-11-01,midfunnel_rmkt_60d_video_v2,12.48,6,295,0,Remarketing_60dias,Video,1º Lançamento | Vendas
5217,2025 | Maio,Sexta-Feira,Dia útil,Vendas,2025-05-30,bottomfunnel_rmkt_30d_estatico_v1,16.51,13,1048,0,Remarketing_30dias,Estático,1º Lançamento | Vendas
5218,2025 | Janeiro,Quinta-Feira,Dia útil,Vendas,2025-01-16,bottomfunnel_visitantes_site_carrossel_v2,72.73,80,1855,3,Visitantes_Site,Carrossel,1º Lançamento | Vendas
5219,2025 | Setembro,Terça-Feira,Dia útil,Leads,2025-09-02,topfunnel_lal1_compradores_carrossel_v3,129.56,94,2909,9,LookALike_Compradores_1,Carrossel,1º Lançamento | Leads
5220,2025 | Fevereiro,Segunda-Feira,Dia útil,Vendas,2025-02-17,topfunnel_lal2_leads_estatico_v2,171.4,204,4549,4,LookALike_Leads_2,Estático,1º Lançamento | Vendas
5221,2025 | Dezembro,Domingo,Final de semana,Vendas,2025-12-28,topfunnel_lal2_leads_video_v2,40.32,24,1037,4,LookALike_Leads_2,Video,1º Lançamento | Vendas
5222,2025 | Fevereiro,Quarta-Feira,Dia útil,Vendas,2025-02-12,topfunnel_lal1_compradores_video_v3,158.9,93,8493,5,LookALike_Compradores_1,Video,Campanha Contínua | Vendas
5223,2025 | Novembro,Quarta-Feira,Dia útil,Vendas,2025-11-12,topfunnel_cargos_dados_carrossel_v3,161.62,75,18847,3,Cargos_Dados,Carrossel,Campanha Contínua | Vendas
5224,2025 | Julho,Terça-Feira,Dia útil,Leads,2025-07-15,midfunnel_engajamento_ig_estatico_v1,165.01,63,8425,18,Engajamento_Instagram,Estático,1º Lançamento | Leads
5225,2025 | Junho,Terça-Feira,Dia útil,Leads,2025-06-24,topfunnel_lal1_compradores_estatico_v2,17.31,14,447,0,LookALike_Compradores_1,Estático,1º Lançamento | Leads
5226,2025 | Junho,Quinta-Feira,Dia útil,Leads,2025-06-05,topfunnel_interesses_dados_estatico_v3,45.53,37,4298,10,Interesses_Dados,Estático,Campanha Contínua | Leads
5227,2025 | Novembro,Terça-Feira,Dia útil,Leads,2025-11-18,topfunnel_cargos_dados_estatico_v2,109.08,293,7247,76,Cargos_Dados,Estático,2º Lançamento | Leads
5228,2025 | Setembro,Sábado,Final de semana,Leads,2025-09-06,bottomfunnel_engajamento_ig_video_v2,164.52,74,4199,4,Engajamento_Instagram,Video,2º Lançamento | Leads
5229,2025 | Junho,Domingo,Final de semana,Leads,2025-06-29,midfunnel_rmkt_60d_video_v2,73.63,26,4170,4,Remarketing_60dias,Video,2º Lançamento | Leads
5230,2025 | Dezembro,Sábado,Final de semana,Vendas,2025-12-06,bottomfunnel_engajamento_ig_video_v2,153.86,130,3794,8,Engajamento_Instagram,Video,2º Lançamento | Vendas
5231,2025 | Fevereiro,Terça-Feira,Dia útil,Vendas,2025-02-25,midfunnel_rmkt_60d_carrossel_v2,12.35,1,282,0,Remarketing_60dias,Carrossel,2º Lançamento | Vendas
5232,2025 | Dezembro,Quarta-Feira,Dia útil,Vendas,2025-12-10,bottomfunnel_visitantes_site_estatico_v1,101.31,151,4432,19,Visitantes_Site,Estático,2º Lançamento | Vendas
5233,2025 | Janeiro,Sexta-Feira,Dia útil,Leads,2025-01-24,bottomfunnel_rmkt_60d_video_v2,135.02,181,4342,42,Remarketing_60dias,Video,Campanha Contínua | Leads
5234,2025 | Julho,Domingo,Final de semana,Leads,2025-07-27,topfunnel_lal1_compradores_carrossel_v3,13.25,3,636,0,LookALike_Compradores_1,Carrossel,1º Lançamento | Leads
5235,2025 | Abril,Domingo,Final de semana,Leads,2025-04-27,bottomfunnel_engajamento_ig_video_v3,47.24,68,1531,2,Engajamento_Instagram,Video,1º Lançamento | Leads
5236,2025 | Maio,Domingo,Final de semana,Leads,2025-05-11,topfunnel_interesses_dados_estatico_v1,157.65,82,3727,10,Interesses_Dados,Estático,Campanha Contínua | Leads
5237,2025 | Fevereiro,Segunda-Feira,Dia útil,Leads,2025-02-10,topfunnel_lal1_compradores_video_v2,97.44,30,2355,3,LookALike_Compradores_1,Video,2º Lançamento | Leads
5238,2025 | Março,Quinta-Feira,Dia útil,Vendas,2025-03-20,bottomfunnel_rmkt_30d_carrossel_v2,75.47,37,6354,3,Remarketing_30dias,Carrossel,2º Lançamento | Vendas
5239,2025 | Fevereiro,Quarta-Feira,Dia útil,Leads,2025-02-12,topfunnel_lal1_compradores_estatico_v2,4.97,5,148,0,LookALike_Compradores_1,Estático,1º Lançamento | Leads
5240,2025 | Dezembro,Terça-Feira,Dia útil,Vendas,2025-12-30,topfunnel_lal1_compradores_video_v2,164.48,65,5774,6,LookALike_Compradores_1,Video,2º Lançamento | Vendas
5241,2025 | Julho,Sábado,Final de semana,Leads,2025-07-05,topfunnel_interesses_dados_carrossel_v3,78.45,111,3031,15,Interesses_Dados,Carrossel,2º Lançamento | Leads
5242,2025 | Março,Domingo,Final de semana,Vendas,2025-03-09,topfunnel_cargos_dados_video_v3,137.35,283,7199,26,Cargos_Dados,Video,1º Lançamento | Vendas
5243,2025 | Novembro,Sábado,Final de semana,Leads,2025-11-22,topfunnel_cargos_dados_video_v2,30.62,24,708,4,Cargos_Dados,Video,Campanha Contínua | Leads
5244,2025 | Abril,Quinta-Feira,Dia útil,Leads,2025-04-24,topfunnel_lal2_leads_estatico_v3,12.15,12,443,0,LookALike_Leads_2,Estático,1º Lançamento | Leads
5245,2025 | Junho,Quinta-Feira,Dia útil,Leads,2025-06-26,bottomfunnel_rmkt_60d_estatico_v3,158.39,240,7048,40,Remarketing_60dias,Estático,Campanha Contínua | Leads
5246,2025 | Janeiro,Quarta-Feira,Dia útil,Leads,2025-01-15,topfunnel_cargos_dados_estatico_v2,144.07,180,14054,8,Cargos_Dados,Estático,1º Lançamento | Leads
5247,2025 | Outubro,Terça-Feira,Dia útil,Leads,2025-10-14,topfunnel_cargos_dados_estatico_v2,148.72,108,15781,14,Cargos_Dados,Estático,Campanha Contínua | Leads
5248,2025 | Março,Sexta-Feira,Dia útil,Vendas,2025-03-28,midfunnel_engajamento_ig_carrossel_v2,13.55,13,327,2,Engajamento_Instagram,Carrossel,Campanha Contínua | Vendas
5249,2025 | Fevereiro,Segunda-Feira,Dia útil,Leads,2025-02-24,bottomfunnel_engajamento_ig_estatico_v1,79.82,151,3426,20,Engajamento_Instagram,Estático,2º Lançamento | Leads
5250,2025 | Outubro,Domingo,Final de semana,Vendas,2025-10-05,midfunnel_rmkt_30d_estatico_v1,141.05,326,8292,53,Remarketing_30dias,Estático,1º Lançamento | Vendas
5251,2025 | Março,Sábado,Final de semana,Vendas,2025-03-15,topfunnel_cargos_dados_video_v2,157.47,273,7391,81,Cargos_Dados,Video,1º Lançamento | Vendas
5252,2025 | Julho,Sexta-Feira,Dia útil,Leads,2025-07-18,topfunnel_lal1_compradores_carrossel_v2,101.75,90,2396,22,LookALike_Compradores_1,Carrossel,Campanha Contínua | Leads
5253,2025 | Outubro,Terça-Feira,Dia útil,Leads,2025-10-14,topfunnel_interesses_dados_carrossel_v1,115.39,54,6191,1,Interesses_Dados,Carrossel,1º Lançamento | Leads
5254,2025 | Novembro,Segunda-Feira,Dia útil,Leads,2025-11-24,bottomfunnel_engajamento_ig_estatico_v3,53.48,53,1228,13,Engajamento_Instagram,Estático,Campanha Contínua | Leads
5255,2025 | Abril,Terça-Feira,Dia útil,Vendas,2025-04-29,topfunnel_lal1_compradores_estatico_v2,13.5,6,397,1,LookALike_Compradores_1,Estático,2º Lançamento | Vendas
5256,2025 | Janeiro,Quarta-Feira,Dia útil,Vendas,2025-01-01,topfunnel_lal2_leads_video_v2,51.48,41,1290,6,LookALike_Leads_2,Video,Campanha Contínua | Vendas
5257,2025 | Janeiro,Sexta-Feira,Dia útil,Leads,2025-01-03,topfunnel_lal2_leads_carrossel_v1,115.29,92,2678,23,LookALike_Leads_2,Carrossel,1º Lançamento | Leads
5258,2025 | Maio,Quinta-Feira,Dia útil,Leads,2025-05-15,topfunnel_cargos_dados_estatico_v3,96.53,422,10878,58,Cargos_Dados,Estático,2º Lançamento | Leads
5259,2025 | Fevereiro,Sexta-Feira,Dia útil,Vendas,2025-02-28,topfunnel_lal1_compradores_carrossel_v1,59.41,11,1896,2,LookALike_Compradores_1,Carrossel,Campanha Contínua | Vendas
5260,2025 | Outubro,Terça-Feira,Dia útil,Vendas,2025-10-07,bottomfunnel_visitantes_site_estatico_v2,88.09,52,2127,1,Visitantes_Site,Estático,2º Lançamento | Vendas
5261,2025 | Abril,Quinta-Feira,Dia útil,Leads,2025-04-03,topfunnel_lal1_compradores_estatico_v1,93.12,126,3507,18,LookALike_Compradores_1,Estático,2º Lançamento | Leads
5262,2025 | Junho,Quarta-Feira,Dia útil,Leads,2025-06-11,topfunnel_lal1_compradores_estatico_v3,27.36,6,982,1,LookALike_Compradores_1,Estático,1º Lançamento | Leads
5263,2025 | Março,Sábado,Final de semana,Leads,2025-03-01,topfunnel_cargos_dados_estatico_v2,16.81,11,446,1,Cargos_Dados,Estático,2º Lançamento | Leads
5264,2025 | Janeiro,Terça-Feira,Dia útil,Vendas,2025-01-07,topfunnel_interesses_dados_video_v3,134.95,279,10836,26,Interesses_Dados,Video,Campanha Contínua | Vendas
5265,2025 | Janeiro,Segunda-Feira,Dia útil,Leads,2025-01-13,topfunnel_interesses_dados_estatico_v1,25.07,24,572,0,Interesses_Dados,Estático,2º Lançamento | Leads
5266,2025 | Novembro,Quinta-Feira,Dia útil,Vendas,2025-11-20,bottomfunnel_rmkt_60d_carrossel_v1,61.29,86,2079,6,Remarketing_60dias,Carrossel,1º Lançamento | Vendas
5267,2025 | Agosto,Domingo,Final de semana,Leads,2025-08-31,topfunnel_cargos_dados_estatico_v3,103.98,36,2479,2,Cargos_Dados,Estático,2º Lançamento | Leads
5268,2025 | Novembro,Segunda-Feira,Dia útil,Leads,2025-11-10,topfunnel_cargos_dados_carrossel_v2,34.12,13,2196,3,Cargos_Dados,Carrossel,2º Lançamento | Leads
5269,2025 | Julho,Quinta-Feira,Dia útil,Leads,2025-07-31,topfunnel_lal1_compradores_estatico_v1,28.9,28,746,2,LookALike_Compradores_1,Estático,1º Lançamento | Leads
5270,2025 | Novembro,Domingo,Final de semana,Vendas,2025-11-09,topfunnel_interesses_dados_video_v3,58.05,8,1302,0,Interesses_Dados,Video,2º Lançamento | Vendas
5271,2025 | Julho,Sábado,Final de semana,Leads,2025-07-19,bottomfunnel_rmkt_30d_estatico_v1,174.31,269,8321,11,Remarketing_30dias,Estático,2º Lançamento | Leads
5272,2025 | Junho,Quarta-Feira,Dia útil,Vendas,2025-06-11,bottomfunnel_rmkt_60d_estatico_v3,137.51,222,6359,40,Remarketing_60dias,Estático,1º Lançamento | Vendas
5273,2025 | Maio,Sábado,Final de semana,Leads,2025-05-31,midfunnel_rmkt_30d_carrossel_v3,81.97,68,2889,9,Remarketing_30dias,Carrossel,1º Lançamento | Leads
5274,2025 | Maio,Sábado,Final de semana,Vendas,2025-05-03,topfunnel_lal1_compradores_video_v1,3.89,10,282,0,LookALike_Compradores_1,Video,1º Lançamento | Vendas
5275,2025 | Dezembro,Domingo,Final de semana,Leads,2025-12-21,bottomfunnel_rmkt_30d_video_v1,138.91,201,6944,44,Remarketing_30dias,Video,1º Lançamento | Leads
5276,2025 | Setembro,Quinta-Feira,Dia útil,Leads,2025-09-11,topfunnel_lal1_compradores_video_v2,46.02,49,1183,13,LookALike_Compradores_1,Video,2º Lançamento | Leads
5277,2025 | Setembro,Domingo,Final de semana,Leads,2025-09-21,topfunnel_lal1_compradores_estatico_v3,29.63,32,3091,3,LookALike_Compradores_1,Estático,Campanha Contínua | Leads
5278,2025 | Setembro,Quarta-Feira,Dia útil,Leads,2025-09-17,bottomfunnel_engajamento_ig_video_v3,7.64,21,490,1,Engajamento_Instagram,Video,1º Lançamento | Leads
5279,2025 | Outubro,Domingo,Final de semana,Vendas,2025-10-12,topfunnel_cargos_dados_video_v1,159.22,379,16590,17,Cargos_Dados,Video,Campanha Contínua | Vendas
5280,2025 | Outubro,Domingo,Final de semana,Leads,2025-10-05,topfunnel_lal2_leads_estatico_v1,114.49,36,4530,7,LookALike_Leads_2,Estático,2º Lançamento | Leads
5281,2025 | Março,Quarta-Feira,Dia útil,Leads,2025-03-12,bottomfunnel_engajamento_ig_video_v2,96.11,24,2162,4,Engajamento_Instagram,Video,1º Lançamento | Leads
5282,2025 | Agosto,Terça-Feira,Dia útil,Leads,2025-08-05,midfunnel_engajamento_ig_video_v2,140.07,132,3395,21,Engajamento_Instagram,Video,Campanha Contínua | Leads
5283,2025 | Fevereiro,Domingo,Final de semana,Vendas,2025-02-02,topfunnel_cargos_dados_estatico_v3,10.83,3,310,0,Cargos_Dados,Estático,Campanha Contínua | Vendas
5284,2025 | Maio,Sábado,Final de semana,Leads,2025-05-17,topfunnel_lal1_compradores_estatico_v3,140.28,120,4241,7,LookALike_Compradores_1,Estático,2º Lançamento | Leads
5285,2025 | Fevereiro,Sexta-Feira,Dia útil,Vendas,2025-02-21,topfunnel_lal2_leads_carrossel_v2,3.99,8,317,1,LookALike_Leads_2,Carrossel,2º Lançamento | Vendas
5286,2025 | Outubro,Terça-Feira,Dia útil,Vendas,2025-10-14,bottomfunnel_visitantes_site_carrossel_v2,163.73,97,3680,3,Visitantes_Site,Carrossel,2º Lançamento | Vendas
5287,2025 | Outubro,Quarta-Feira,Dia útil,Leads,2025-10-01,bottomfunnel_rmkt_60d_estatico_v3,69.44,85,2066,16,Remarketing_60dias,Estático,2º Lançamento | Leads
5288,2025 | Janeiro,Sexta-Feira,Dia útil,Leads,2025-01-31,midfunnel_rmkt_30d_video_v2,127.32,75,3569,2,Remarketing_30dias,Video,Campanha Contínua | Leads
5289,2025 | Novembro,Sexta-Feira,Dia útil,Vendas,2025-11-07,topfunnel_lal2_leads_carrossel_v3,56.41,45,1779,10,LookALike_Leads_2,Carrossel,1º Lançamento | Vendas
5290,2025 | Dezembro,Sexta-Feira,Dia útil,Leads,2025-12-26,topfunnel_cargos_dados_carrossel_v2,127.82,71,3267,3,Cargos_Dados,Carrossel,Campanha Contínua | Leads
5291,2025 | Setembro,Sábado,Final de semana,Leads,2025-09-27,topfunnel_lal1_compradores_estatico_v1,61.72,34,1424,9,LookALike_Compradores_1,Estático,1º Lançamento | Leads
5292,2025 | Maio,Quinta-Feira,Dia útil,Vendas,2025-05-01,topfunnel_lal2_leads_video_v3,16.31,18,426,0,LookALike_Leads_2,Video,2º Lançamento | Vendas
5293,2025 | Dezembro,Terça-Feira,Dia útil,Leads,2025-12-09,topfunnel_cargos_dados_estatico_v2,107.97,199,5934,17,Cargos_Dados,Estático,1º Lançamento | Leads
5294,2025 | Setembro,Sexta-Feira,Dia útil,Vendas,2025-09-12,topfunnel_cargos_dados_estatico_v1,130.73,423,13843,81,Cargos_Dados,Estático,2º Lançamento | Vendas
5295,2025 | Agosto,Segunda-Feira,Dia útil,Leads,2025-08-11,bottomfunnel_rmkt_60d_video_v3,51.18,17,1222,0,Remarketing_60dias,Video,1º Lançamento | Leads
5296,2025 | Junho,Sexta-Feira,Dia útil,Leads,2025-06-20,bottomfunnel_rmkt_60d_estatico_v1,23.24,18,756,3,Remarketing_60dias,Estático,2º Lançamento | Leads
5297,2025 | Junho,Quarta-Feira,Dia útil,Vendas,2025-06-25,bottomfunnel_visitantes_site_estatico_v1,49.19,36,1707,5,Visitantes_Site,Estático,Campanha Contínua | Vendas
5298,2025 | Abril,Quarta-Feira,Dia útil,Leads,2025-04-02,topfunnel_lal1_compradores_estatico_v1,26.51,17,766,1,LookALike_Compradores_1,Estático,2º Lançamento | Leads
5299,2025 | Dezembro,Segunda-Feira,Dia útil,Leads,2025-12-08,midfunnel_visitantes_site_estatico_v1,94.23,162,3891,13,Visitantes_Site,Estático,2º Lançamento | Leads
5300,2025 | Dezembro,Quarta-Feira,Dia útil,Leads,2025-12-10,midfunnel_rmkt_30d_video_v1,150.59,132,4611,17,Remarketing_30dias,Video,1º Lançamento | Leads
5301,2025 | Julho,Quinta-Feira,Dia útil,Vendas,2025-07-03,bottomfunnel_rmkt_60d_estatico_v1,102.43,110,2494,4,Remarketing_60dias,Estático,2º Lançamento | Vendas
5302,2025 | Julho,Sexta-Feira,Dia útil,Leads,2025-07-25,midfunnel_rmkt_60d_carrossel_v3,164.72,328,10676,13,Remarketing_60dias,Carrossel,2º Lançamento | Leads
5303,2025 | Outubro,Sexta-Feira,Dia útil,Leads,2025-10-24,topfunnel_cargos_dados_estatico_v1,113.77,284,13958,9,Cargos_Dados,Estático,1º Lançamento | Leads
5304,2025 | Março,Terça-Feira,Dia útil,Vendas,2025-03-18,bottomfunnel_engajamento_ig_estatico_v3,149.46,109,5038,10,Engajamento_Instagram,Estático,1º Lançamento | Vendas
5305,2025 | Outubro,Sábado,Final de semana,Vendas,2025-10-18,topfunnel_interesses_dados_video_v1,108.52,84,4540,17,Interesses_Dados,Video,2º Lançamento | Vendas
5306,2025 | Junho,Domingo,Final de semana,Leads,2025-06-08,midfunnel_rmkt_60d_carrossel_v1,12.21,12,477,1,Remarketing_60dias,Carrossel,2º Lançamento | Leads
5307,2025 | Março,Sábado,Final de semana,Vendas,2025-03-08,topfunnel_lal2_leads_carrossel_v2,155.54,50,4848,12,LookALike_Leads_2,Carrossel,Campanha Contínua | Vendas
5308,2025 | Junho,Quarta-Feira,Dia útil,Leads,2025-06-11,topfunnel_cargos_dados_estatico_v3,122.27,177,4199,26,Cargos_Dados,Estático,1º Lançamento | Leads
5309,2025 | Janeiro,Quarta-Feira,Dia útil,Leads,2025-01-29,midfunnel_rmkt_30d_video_v2,178.55,292,8182,38,Remarketing_30dias,Video,1º Lançamento | Leads
5310,2025 | Janeiro,Sexta-Feira,Dia útil,Vendas,2025-01-24,topfunnel_lal1_compradores_carrossel_v3,122.98,220,5358,57,LookALike_Compradores_1,Carrossel,2º Lançamento | Vendas
5311,2025 | Fevereiro,Segunda-Feira,Dia útil,Leads,2025-02-17,midfunnel_rmkt_60d_video_v2,8.45,14,956,0,Remarketing_60dias,Video,2º Lançamento | Leads
5312,2025 | Agosto,Segunda-Feira,Dia útil,Vendas,2025-08-04,bottomfunnel_rmkt_60d_video_v3,117.23,67,3236,3,Remarketing_60dias,Video,2º Lançamento | Vendas
5313,2025 | Dezembro,Quinta-Feira,Dia útil,Vendas,2025-12-11,bottomfunnel_visitantes_site_video_v1,52.99,40,1296,3,Visitantes_Site,Video,1º Lançamento | Vendas
5314,2025 | Julho,Quarta-Feira,Dia útil,Leads,2025-07-30,bottomfunnel_visitantes_site_carrossel_v1,129.78,126,2926,21,Visitantes_Site,Carrossel,2º Lançamento | Leads
5315,2025 | Junho,Quarta-Feira,Dia útil,Leads,2025-06-25,topfunnel_lal2_leads_estatico_v3,167.93,165,11247,6,LookALike_Leads_2,Estático,2º Lançamento | Leads
5316,2025 | Junho,Domingo,Final de semana,Leads,2025-06-15,topfunnel_cargos_dados_video_v1,145.53,522,12479,50,Cargos_Dados,Video,1º Lançamento | Leads
5317,2025 | Janeiro,Sábado,Final de semana,Vendas,2025-01-11,midfunnel_rmkt_30d_carrossel_v3,172.82,107,6927,21,Remarketing_30dias,Carrossel,2º Lançamento | Vendas
5318,2025 | Abril,Domingo,Final de semana,Leads,2025-04-27,topfunnel_cargos_dados_carrossel_v3,57.36,44,1731,12,Cargos_Dados,Carrossel,2º Lançamento | Leads
5319,2025 | Dezembro,Domingo,Final de semana,Vendas,2025-12-21,midfunnel_rmkt_60d_carrossel_v2,179.49,185,4353,10,Remarketing_60dias,Carrossel,Campanha Contínua | Vendas
5320,2025 | Novembro,Sábado,Final de semana,Vendas,2025-11-22,bottomfunnel_rmkt_60d_carrossel_v1,142.21,141,3822,11,Remarketing_60dias,Carrossel,2º Lançamento | Vendas
5321,2025 | Fevereiro,Sábado,Final de semana,Leads,2025-02-22,topfunnel_lal1_compradores_estatico_v2,113.94,121,3053,3,LookALike_Compradores_1,Estático,Campanha Contínua | Leads
5322,2025 | Outubro,Terça-Feira,Dia útil,Leads,2025-10-21,midfunnel_rmkt_60d_estatico_v3,92.65,44,3149,5,Remarketing_60dias,Estático,2º Lançamento | Leads
5323,2025 | Março,Domingo,Final de semana,Leads,2025-03-09,topfunnel_cargos_dados_estatico_v2,92.3,49,2120,11,Cargos_Dados,Estático,1º Lançamento | Leads
5324,2025 | Maio,Segunda-Feira,Dia útil,Leads,2025-05-26,topfunnel_interesses_dados_video_v2,116.68,126,4598,5,Interesses_Dados,Video,Campanha Contínua | Leads
5325,2025 | Maio,Quarta-Feira,Dia útil,Leads,2025-05-14,bottomfunnel_visitantes_site_estatico_v1,117.99,34,2635,2,Visitantes_Site,Estático,2º Lançamento | Leads
5326,2025 | Maio,Quarta-Feira,Dia útil,Leads,2025-05-21,topfunnel_lal2_leads_carrossel_v1,93.75,417,10721,33,LookALike_Leads_2,Carrossel,Campanha Contínua | Leads
5327,2025 | Maio,Sábado,Final de semana,Leads,2025-05-03,bottomfunnel_rmkt_60d_video_v2,98.33,110,2658,28,Remarketing_60dias,Video,Campanha Contínua | Leads
5328,2025 | Janeiro,Sábado,Final de semana,Vendas,2025-01-11,midfunnel_rmkt_30d_carrossel_v1,95.34,72,8899,2,Remarketing_30dias,Carrossel,2º Lançamento | Vendas
5329,2025 | Junho,Sábado,Final de semana,Vendas,2025-06-07,topfunnel_interesses_dados_carrossel_v3,16.47,33,942,9,Interesses_Dados,Carrossel,Campanha Contínua | Vendas
5330,2025 | Outubro,Domingo,Final de semana,Leads,2025-10-26,topfunnel_lal2_leads_carrossel_v2,11.7,45,1152,6,LookALike_Leads_2,Carrossel,Campanha Contínua | Leads
5331,2025 | Julho,Quarta-Feira,Dia útil,Vendas,2025-07-09,topfunnel_lal1_compradores_carrossel_v2,168.04,97,7556,13,LookALike_Compradores_1,Carrossel,1º Lançamento | Vendas
5332,2025 | Maio,Domingo,Final de semana,Vendas,2025-05-11,bottomfunnel_rmkt_30d_video_v2,82.91,362,10207,68,Remarketing_30dias,Video,1º Lançamento | Vendas
5333,2025 | Maio,Domingo,Final de semana,Vendas,2025-05-11,topfunnel_lal1_compradores_estatico_v3,112.82,117,3026,10,LookALike_Compradores_1,Estático,Campanha Contínua | Vendas
5334,2025 | Setembro,Segunda-Feira,Dia útil,Leads,2025-09-22,midfunnel_visitantes_site_video_v3,107.03,169,4444,21,Visitantes_Site,Video,1º Lançamento | Leads
5335,2025 | Setembro,Terça-Feira,Dia útil,Leads,2025-09-23,midfunnel_rmkt_60d_estatico_v3,145.65,68,5168,11,Remarketing_60dias,Estático,2º Lançamento | Leads
5336,2025 | Agosto,Quarta-Feira,Dia útil,Vendas,2025-08-20,topfunnel_cargos_dados_carrossel_v1,73.46,157,5469,7,Cargos_Dados,Carrossel,2º Lançamento | Vendas
5337,2025 | Fevereiro,Domingo,Final de semana,Leads,2025-02-23,bottomfunnel_visitantes_site_video_v2,81.72,82,2171,24,Visitantes_Site,Video,1º Lançamento | Leads
5338,2025 | Julho,Sexta-Feira,Dia útil,Vendas,2025-07-04,midfunnel_rmkt_30d_video_v1,175.74,305,7172,25,Remarketing_30dias,Video,Campanha Contínua | Vendas
5339,2025 | Abril,Domingo,Final de semana,Vendas,2025-04-20,topfunnel_lal2_leads_estatico_v2,158.67,109,5151,5,LookALike_Leads_2,Estático,2º Lançamento | Vendas
5340,2025 | Julho,Segunda-Feira,Dia útil,Leads,2025-07-14,topfunnel_lal1_compradores_video_v1,144.97,139,3848,9,LookALike_Compradores_1,Video,Campanha Contínua | Leads
5341,2025 | Agosto,Quarta-Feira,Dia útil,Leads,2025-08-06,bottomfunnel_visitantes_site_carrossel_v1,138.9,199,6617,56,Visitantes_Site,Carrossel,1º Lançamento | Leads
5342,2025 | Setembro,Sábado,Final de semana,Vendas,2025-09-20,topfunnel_lal1_compradores_carrossel_v2,36.81,4,1198,1,LookALike_Compradores_1,Carrossel,2º Lançamento | Vendas
5343,2025 | Julho,Quarta-Feira,Dia útil,Vendas,2025-07-16,bottomfunnel_rmkt_30d_video_v3,104.66,29,2708,7,Remarketing_30dias,Video,2º Lançamento | Vendas
5344,2025 | Maio,Terça-Feira,Dia útil,Vendas,2025-05-27,midfunnel_engajamento_ig_video_v2,164.17,116,4971,8,Engajamento_Instagram,Video,1º Lançamento | Vendas
5345,2025 | Junho,Sábado,Final de semana,Leads,2025-06-28,bottomfunnel_rmkt_60d_video_v1,155.02,299,17276,56,Remarketing_60dias,Video,Campanha Contínua | Leads
5346,2025 | Fevereiro,Quarta-Feira,Dia útil,Leads,2025-02-19,bottomfunnel_rmkt_60d_estatico_v1,107.88,115,3734,12,Remarketing_60dias,Estático,Campanha Contínua | Leads
5347,2025 | Outubro,Quarta-Feira,Dia útil,Vendas,2025-10-22,bottomfunnel_engajamento_ig_video_v3,38.45,91,2102,25,Engajamento_Instagram,Video,Campanha Contínua | Vendas
5348,2025 | Março,Sexta-Feira,Dia útil,Vendas,2025-03-14,topfunnel_lal2_leads_carrossel_v1,152.27,258,6172,53,LookALike_Leads_2,Carrossel,2º Lançamento | Vendas
5349,2025 | Setembro,Domingo,Final de semana,Leads,2025-09-28,topfunnel_lal2_leads_video_v2,122.12,30,2968,1,LookALike_Leads_2,Video,1º Lançamento | Leads
5350,2025 | Janeiro,Quinta-Feira,Dia útil,Vendas,2025-01-16,topfunnel_interesses_dados_carrossel_v3,79.63,29,6205,3,Interesses_Dados,Carrossel,1º Lançamento | Vendas
5351,2025 | Maio,Quarta-Feira,Dia útil,Leads,2025-05-21,bottomfunnel_visitantes_site_estatico_v1,112.42,100,2972,21,Visitantes_Site,Estático,1º Lançamento | Leads
5352,2025 | Fevereiro,Segunda-Feira,Dia útil,Vendas,2025-02-17,topfunnel_lal1_compradores_carrossel_v2,44.14,34,985,0,LookALike_Compradores_1,Carrossel,1º Lançamento | Vendas
5353,2025 | Julho,Domingo,Final de semana,Vendas,2025-07-20,bottomfunnel_visitantes_site_estatico_v3,56.48,100,2603,25,Visitantes_Site,Estático,2º Lançamento | Vendas
5354,2025 | Julho,Sábado,Final de semana,Vendas,2025-07-05,midfunnel_rmkt_30d_carrossel_v3,116.61,73,4528,17,Remarketing_30dias,Carrossel,2º Lançamento | Vendas
5355,2025 | Janeiro,Quinta-Feira,Dia útil,Leads,2025-01-02,midfunnel_visitantes_site_carrossel_v3,29.46,50,1731,5,Visitantes_Site,Carrossel,2º Lançamento | Leads
5356,2025 | Dezembro,Sexta-Feira,Dia útil,Leads,2025-12-26,bottomfunnel_rmkt_60d_carrossel_v3,6.66,2,283,0,Remarketing_60dias,Carrossel,2º Lançamento | Leads
5357,2025 | Abril,Quarta-Feira,Dia útil,Vendas,2025-04-23,topfunnel_lal2_leads_video_v1,59.65,64,1624,4,LookALike_Leads_2,Video,Campanha Contínua | Vendas
5358,2025 | Janeiro,Quarta-Feira,Dia útil,Vendas,2025-01-01,topfunnel_interesses_dados_carrossel_v2,28.94,79,1868,19,Interesses_Dados,Carrossel,2º Lançamento | Vendas
5359,2025 | Fevereiro,Quinta-Feira,Dia útil,Leads,2025-02-27,topfunnel_lal1_compradores_estatico_v1,154.9,318,15697,41,LookALike_Compradores_1,Estático,1º Lançamento | Leads
5360,2025 | Abril,Quarta-Feira,Dia útil,Leads,2025-04-23,topfunnel_lal2_leads_video_v2,104.77,51,5833,10,LookALike_Leads_2,Video,Campanha Contínua | Leads
5361,2025 | Novembro,Segunda-Feira,Dia útil,Vendas,2025-11-24,topfunnel_lal2_leads_estatico_v3,78.96,144,5093,42,LookALike_Leads_2,Estático,2º Lançamento | Vendas
5362,2025 | Agosto,Sexta-Feira,Dia útil,Leads,2025-08-15,midfunnel_engajamento_ig_carrossel_v3,84.36,103,2740,26,Engajamento_Instagram,Carrossel,1º Lançamento | Leads
5363,2025 | Novembro,Quinta-Feira,Dia útil,Vendas,2025-11-06,bottomfunnel_rmkt_30d_video_v3,94.28,61,2744,10,Remarketing_30dias,Video,Campanha Contínua | Vendas
5364,2025 | Setembro,Terça-Feira,Dia útil,Leads,2025-09-16,bottomfunnel_rmkt_30d_estatico_v3,74.08,53,2679,11,Remarketing_30dias,Estático,1º Lançamento | Leads
5365,2025 | Agosto,Domingo,Final de semana,Vendas,2025-08-17,topfunnel_cargos_dados_carrossel_v1,4.67,0,126,0,Cargos_Dados,Carrossel,1º Lançamento | Vendas
5366,2025 | Junho,Segunda-Feira,Dia útil,Leads,2025-06-16,bottomfunnel_visitantes_site_carrossel_v1,23.03,20,514,4,Visitantes_Site,Carrossel,1º Lançamento | Leads
5367,2025 | Julho,Quarta-Feira,Dia útil,Leads,2025-07-16,topfunnel_cargos_dados_carrossel_v3,18.09,9,464,2,Cargos_Dados,Carrossel,Campanha Contínua | Leads
5368,2025 | Fevereiro,Segunda-Feira,Dia útil,Leads,2025-02-03,topfunnel_cargos_dados_carrossel_v1,170.67,98,4762,27,Cargos_Dados,Carrossel,Campanha Contínua | Leads
5369,2025 | Março,Domingo,Final de semana,Vendas,2025-03-02,topfunnel_lal2_leads_video_v2,143.1,219,14211,43,LookALike_Leads_2,Video,Campanha Contínua | Vendas
5370,2025 | Abril,Segunda-Feira,Dia útil,Vendas,2025-04-21,bottomfunnel_visitantes_site_carrossel_v3,44.36,7,999,0,Visitantes_Site,Carrossel,Campanha Contínua | Vendas
5371,2025 | Novembro,Domingo,Final de semana,Leads,2025-11-09,topfunnel_interesses_dados_carrossel_v3,15.73,34,929,8,Interesses_Dados,Carrossel,1º Lançamento | Leads
5372,2025 | Maio,Quinta-Feira,Dia útil,Vendas,2025-05-22,topfunnel_lal1_compradores_estatico_v2,132.72,106,7208,24,LookALike_Compradores_1,Estático,Campanha Contínua | Vendas
5373,2025 | Outubro,Terça-Feira,Dia útil,Leads,2025-10-07,topfunnel_interesses_dados_carrossel_v1,111.88,65,2690,11,Interesses_Dados,Carrossel,1º Lançamento | Leads
5374,2025 | Dezembro,Sábado,Final de semana,Vendas,2025-12-27,topfunnel_interesses_dados_carrossel_v3,30.99,21,832,0,Interesses_Dados,Carrossel,Campanha Contínua | Vendas
5375,2025 | Setembro,Domingo,Final de semana,Vendas,2025-09-14,midfunnel_engajamento_ig_carrossel_v3,77.54,12,1840,3,Engajamento_Instagram,Carrossel,2º Lançamento | Vendas
5376,2025 | Junho,Sábado,Final de semana,Vendas,2025-06-07,bottomfunnel_engajamento_ig_carrossel_v3,71.5,212,6056,44,Engajamento_Instagram,Carrossel,Campanha Contínua | Vendas
5377,2025 | Maio,Sexta-Feira,Dia útil,Leads,2025-05-23,topfunnel_lal1_compradores_estatico_v2,11.4,4,259,0,LookALike_Compradores_1,Estático,2º Lançamento | Leads
5378,2025 | Outubro,Sábado,Final de semana,Leads,2025-10-11,topfunnel_lal1_compradores_estatico_v3,117.44,145,4529,42,LookALike_Compradores_1,Estático,2º Lançamento | Leads
5379,2025 | Dezembro,Sexta-Feira,Dia útil,Leads,2025-12-26,midfunnel_rmkt_60d_video_v1,12.92,7,1165,1,Remarketing_60dias,Video,2º Lançamento | Leads
5380,2025 | Fevereiro,Segunda-Feira,Dia útil,Leads,2025-02-17,midfunnel_engajamento_ig_video_v3,57.55,125,2991,17,Engajamento_Instagram,Video,Campanha Contínua | Leads
5381,2025 | Fevereiro,Sexta-Feira,Dia útil,Leads,2025-02-21,midfunnel_visitantes_site_carrossel_v1,179.18,456,16613,19,Visitantes_Site,Carrossel,1º Lançamento | Leads
5382,2025 | Julho,Sábado,Final de semana,Leads,2025-07-26,midfunnel_rmkt_60d_carrossel_v1,81.14,73,2265,11,Remarketing_60dias,Carrossel,Campanha Contínua | Leads
5383,2025 | Junho,Terça-Feira,Dia útil,Leads,2025-06-17,topfunnel_cargos_dados_estatico_v3,33.08,37,1073,8,Cargos_Dados,Estático,2º Lançamento | Leads
5384,2025 | Abril,Sábado,Final de semana,Vendas,2025-04-12,midfunnel_rmkt_60d_carrossel_v1,45.28,12,1440,1,Remarketing_60dias,Carrossel,2º Lançamento | Vendas
5385,2025 | Setembro,Terça-Feira,Dia útil,Leads,2025-09-02,bottomfunnel_rmkt_60d_video_v1,39.9,57,1415,16,Remarketing_60dias,Video,1º Lançamento | Leads
5386,2025 | Março,Sábado,Final de semana,Vendas,2025-03-22,bottomfunnel_rmkt_30d_estatico_v1,92.0,139,5756,7,Remarketing_30dias,Estático,2º Lançamento | Vendas
5387,2025 | Março,Quinta-Feira,Dia útil,Vendas,2025-03-27,topfunnel_cargos_dados_carrossel_v3,41.61,32,2272,1,Cargos_Dados,Carrossel,Campanha Contínua | Vendas
5388,2025 | Abril,Terça-Feira,Dia útil,Leads,2025-04-15,topfunnel_lal2_leads_carrossel_v2,60.35,66,2496,10,LookALike_Leads_2,Carrossel,1º Lançamento | Leads
5389,2025 | Julho,Sexta-Feira,Dia útil,Leads,2025-07-11,bottomfunnel_engajamento_ig_carrossel_v3,60.31,76,3005,22,Engajamento_Instagram,Carrossel,2º Lançamento | Leads
5390,2025 | Setembro,Terça-Feira,Dia útil,Leads,2025-09-23,bottomfunnel_rmkt_60d_video_v3,98.54,42,3620,9,Remarketing_60dias,Video,Campanha Contínua | Leads
5391,2025 | Agosto,Quinta-Feira,Dia útil,Vendas,2025-08-14,bottomfunnel_rmkt_30d_carrossel_v1,138.49,35,3424,6,Remarketing_30dias,Carrossel,Campanha Contínua | Vendas
5392,2025 | Agosto,Terça-Feira,Dia útil,Vendas,2025-08-26,midfunnel_engajamento_ig_video_v2,64.99,159,5030,21,Engajamento_Instagram,Video,1º Lançamento | Vendas
5393,2025 | Dezembro,Domingo,Final de semana,Vendas,2025-12-28,bottomfunnel_engajamento_ig_estatico_v1,13.77,24,634,4,Engajamento_Instagram,Estático,2º Lançamento | Vendas
5394,2025 | Janeiro,Segunda-Feira,Dia útil,Vendas,2025-01-13,midfunnel_rmkt_30d_estatico_v2,168.86,289,6914,67,Remarketing_30dias,Estático,Campanha Contínua | Vendas
5395,2025 | Outubro,Segunda-Feira,Dia útil,Leads,2025-10-06,bottomfunnel_engajamento_ig_video_v1,44.46,51,1832,8,Engajamento_Instagram,Video,1º Lançamento | Leads
5396,2025 | Setembro,Sexta-Feira,Dia útil,Leads,2025-09-26,midfunnel_visitantes_site_video_v3,168.47,266,5936,64,Visitantes_Site,Video,Campanha Contínua | Leads
5397,2025 | Março,Terça-Feira,Dia útil,Vendas,2025-03-18,bottomfunnel_rmkt_30d_carrossel_v2,82.89,89,2324,20,Remarketing_30dias,Carrossel,2º Lançamento | Vendas
5398,2025 | Julho,Sábado,Final de semana,Leads,2025-07-19,midfunnel_rmkt_60d_estatico_v1,113.66,27,2687,1,Remarketing_60dias,Estático,1º Lançamento | Leads
5399,2025 | Outubro,Domingo,Final de semana,Vendas,2025-10-05,bottomfunnel_rmkt_30d_estatico_v2,122.6,30,3260,5,Remarketing_30dias,Estático,Campanha Contínua | Vendas
5400,2025 | Julho,Quinta-Feira,Dia útil,Leads,2025-07-17,topfunnel_lal1_compradores_estatico_v1,101.72,48,2502,13,LookALike_Compradores_1,Estático,2º Lançamento | Leads
5401,2025 | Outubro,Domingo,Final de semana,Leads,2025-10-19,bottomfunnel_rmkt_30d_carrossel_v2,15.68,11,363,1,Remarketing_30dias,Carrossel,Campanha Contínua | Leads
5402,2025 | Março,Quarta-Feira,Dia útil,Leads,2025-03-19,topfunnel_interesses_dados_estatico_v1,175.45,219,6473,5,Interesses_Dados,Estático,Campanha Contínua | Leads
5403,2025 | Abril,Sábado,Final de semana,Leads,2025-04-05,bottomfunnel_visitantes_site_carrossel_v1,135.66,243,7941,47,Visitantes_Site,Carrossel,2º Lançamento | Leads
5404,2025 | Julho,Sábado,Final de semana,Leads,2025-07-12,bottomfunnel_engajamento_ig_video_v3,8.63,8,292,0,Engajamento_Instagram,Video,1º Lançamento | Leads
5405,2025 | Junho,Sexta-Feira,Dia útil,Leads,2025-06-13,topfunnel_lal1_compradores_carrossel_v3,160.4,112,4442,14,LookALike_Compradores_1,Carrossel,1º Lançamento | Leads
5406,2025 | Setembro,Sexta-Feira,Dia útil,Leads,2025-09-26,topfunnel_lal1_compradores_estatico_v1,52.62,61,1480,4,LookALike_Compradores_1,Estático,2º Lançamento | Leads
5407,2025 | Janeiro,Terça-Feira,Dia útil,Leads,2025-01-14,midfunnel_engajamento_ig_carrossel_v3,117.9,82,2660,8,Engajamento_Instagram,Carrossel,2º Lançamento | Leads
5408,2025 | Abril,Sexta-Feira,Dia útil,Vendas,2025-04-18,topfunnel_lal2_leads_video_v1,151.67,412,10510,90,LookALike_Leads_2,Video,2º Lançamento | Vendas
5409,2025 | Setembro,Quinta-Feira,Dia útil,Vendas,2025-09-11,midfunnel_rmkt_30d_carrossel_v1,129.43,500,11974,17,Remarketing_30dias,Carrossel,2º Lançamento | Vendas
5410,2025 | Abril,Quarta-Feira,Dia útil,Leads,2025-04-30,midfunnel_rmkt_60d_carrossel_v1,139.38,85,3140,13,Remarketing_60dias,Carrossel,2º Lançamento | Leads
5411,2025 | Setembro,Sábado,Final de semana,Vendas,2025-09-20,midfunnel_rmkt_60d_video_v3,24.07,3,666,0,Remarketing_60dias,Video,Campanha Contínua | Vendas
5412,2025 | Agosto,Sábado,Final de semana,Leads,2025-08-30,topfunnel_cargos_dados_carrossel_v1,129.13,51,3840,2,Cargos_Dados,Carrossel,2º Lançamento | Leads
5413,2025 | Julho,Quarta-Feira,Dia útil,Leads,2025-07-02,topfunnel_lal2_leads_estatico_v2,3.81,12,376,0,LookALike_Leads_2,Estático,1º Lançamento | Leads
5414,2025 | Setembro,Segunda-Feira,Dia útil,Leads,2025-09-08,topfunnel_lal2_leads_video_v2,34.05,19,1997,4,LookALike_Leads_2,Video,Campanha Contínua | Leads
5415,2025 | Outubro,Segunda-Feira,Dia útil,Leads,2025-10-06,topfunnel_interesses_dados_carrossel_v2,110.96,164,7830,4,Interesses_Dados,Carrossel,2º Lançamento | Leads
5416,2025 | Março,Sábado,Final de semana,Leads,2025-03-01,topfunnel_cargos_dados_estatico_v1,158.14,565,13983,27,Cargos_Dados,Estático,Campanha Contínua | Leads
5417,2025 | Junho,Quinta-Feira,Dia útil,Leads,2025-06-26,topfunnel_lal1_compradores_video_v1,84.09,29,2597,3,LookALike_Compradores_1,Video,1º Lançamento | Leads
5418,2025 | Julho,Quarta-Feira,Dia útil,Vendas,2025-07-23,topfunnel_cargos_dados_video_v1,98.92,146,11414,21,Cargos_Dados,Video,1º Lançamento | Vendas
5419,2025 | Abril,Terça-Feira,Dia útil,Leads,2025-04-01,topfunnel_interesses_dados_carrossel_v2,3.37,2,84,0,Interesses_Dados,Carrossel,2º Lançamento | Leads
5420,2025 | Fevereiro,Quarta-Feira,Dia útil,Vendas,2025-02-12,midfunnel_rmkt_30d_estatico_v2,90.42,22,2200,4,Remarketing_30dias,Estático,2º Lançamento | Vendas
5421,2025 | Julho,Domingo,Final de semana,Leads,2025-07-06,topfunnel_lal1_compradores_estatico_v3,152.04,313,9762,83,LookALike_Compradores_1,Estático,1º Lançamento | Leads
5422,2025 | Maio,Domingo,Final de semana,Vendas,2025-05-04,midfunnel_visitantes_site_video_v2,128.57,94,5451,3,Visitantes_Site,Video,2º Lançamento | Vendas
5423,2025 | Outubro,Quinta-Feira,Dia útil,Leads,2025-10-23,topfunnel_interesses_dados_estatico_v1,8.8,6,214,1,Interesses_Dados,Estático,2º Lançamento | Leads
5424,2025 | Fevereiro,Sexta-Feira,Dia útil,Leads,2025-02-21,topfunnel_cargos_dados_video_v3,72.76,185,4690,52,Cargos_Dados,Video,1º Lançamento | Leads
5425,2025 | Maio,Sábado,Final de semana,Vendas,2025-05-31,topfunnel_lal2_leads_estatico_v1,115.7,203,7485,42,LookALike_Leads_2,Estático,2º Lançamento | Vendas
5426,2025 | Junho,Domingo,Final de semana,Leads,2025-06-22,topfunnel_lal1_compradores_video_v2,42.49,41,959,4,LookALike_Compradores_1,Video,2º Lançamento | Leads
5427,2025 | Abril,Domingo,Final de semana,Leads,2025-04-13,topfunnel_interesses_dados_carrossel_v2,157.56,80,18070,19,Interesses_Dados,Carrossel,2º Lançamento | Leads
5428,2025 | Fevereiro,Sábado,Final de semana,Leads,2025-02-22,bottomfunnel_engajamento_ig_estatico_v1,18.92,24,971,4,Engajamento_Instagram,Estático,2º Lançamento | Leads
5429,2025 | Julho,Domingo,Final de semana,Leads,2025-07-20,topfunnel_lal1_compradores_video_v3,47.88,67,1523,17,LookALike_Compradores_1,Video,2º Lançamento | Leads
5430,2025 | Setembro,Sexta-Feira,Dia útil,Vendas,2025-09-19,bottomfunnel_rmkt_60d_estatico_v3,31.14,22,2681,4,Remarketing_60dias,Estático,Campanha Contínua | Vendas
5431,2025 | Janeiro,Sábado,Final de semana,Leads,2025-01-11,topfunnel_cargos_dados_video_v1,69.12,94,3310,16,Cargos_Dados,Video,Campanha Contínua | Leads
5432,2025 | Janeiro,Sábado,Final de semana,Leads,2025-01-04,topfunnel_lal1_compradores_carrossel_v1,153.67,22,4230,6,LookALike_Compradores_1,Carrossel,1º Lançamento | Leads
5433,2025 | Outubro,Sexta-Feira,Dia útil,Vendas,2025-10-24,bottomfunnel_engajamento_ig_estatico_v3,65.39,152,7453,40,Engajamento_Instagram,Estático,Campanha Contínua | Vendas
5434,2025 | Março,Domingo,Final de semana,Vendas,2025-03-23,bottomfunnel_rmkt_60d_video_v2,77.93,76,1921,13,Remarketing_60dias,Video,Campanha Contínua | Vendas
5435,2025 | Setembro,Sábado,Final de semana,Vendas,2025-09-13,topfunnel_cargos_dados_video_v1,160.17,400,9146,70,Cargos_Dados,Video,2º Lançamento | Vendas
5436,2025 | Fevereiro,Terça-Feira,Dia útil,Vendas,2025-02-11,bottomfunnel_rmkt_30d_estatico_v1,52.96,38,2414,3,Remarketing_30dias,Estático,1º Lançamento | Vendas
5437,2025 | Dezembro,Terça-Feira,Dia útil,Vendas,2025-12-30,topfunnel_lal2_leads_video_v3,163.47,162,3835,18,LookALike_Leads_2,Video,1º Lançamento | Vendas
5438,2025 | Junho,Domingo,Final de semana,Leads,2025-06-01,midfunnel_visitantes_site_estatico_v3,173.07,523,17587,141,Visitantes_Site,Estático,2º Lançamento | Leads
5439,2025 | Outubro,Domingo,Final de semana,Leads,2025-10-26,topfunnel_lal2_leads_video_v2,77.89,17,1857,2,LookALike_Leads_2,Video,1º Lançamento | Leads
5440,2025 | Outubro,Sexta-Feira,Dia útil,Leads,2025-10-31,midfunnel_engajamento_ig_carrossel_v1,171.82,152,5619,43,Engajamento_Instagram,Carrossel,2º Lançamento | Leads
5441,2025 | Junho,Domingo,Final de semana,Leads,2025-06-15,topfunnel_interesses_dados_estatico_v3,78.93,23,4155,5,Interesses_Dados,Estático,2º Lançamento | Leads
5442,2025 | Janeiro,Sábado,Final de semana,Leads,2025-01-04,topfunnel_interesses_dados_estatico_v1,141.72,185,16728,12,Interesses_Dados,Estático,2º Lançamento | Leads
5443,2025 | Abril,Segunda-Feira,Dia útil,Vendas,2025-04-14,topfunnel_interesses_dados_video_v2,134.38,63,5450,4,Interesses_Dados,Video,1º Lançamento | Vendas
5444,2025 | Outubro,Quarta-Feira,Dia útil,Leads,2025-10-22,topfunnel_interesses_dados_estatico_v2,49.7,107,5420,31,Interesses_Dados,Estático,2º Lançamento | Leads
5445,2025 | Novembro,Terça-Feira,Dia útil,Leads,2025-11-11,midfunnel_rmkt_60d_carrossel_v3,22.67,18,1516,4,Remarketing_60dias,Carrossel,Campanha Contínua | Leads
5446,2025 | Julho,Domingo,Final de semana,Leads,2025-07-27,topfunnel_interesses_dados_video_v3,31.55,32,1064,9,Interesses_Dados,Video,2º Lançamento | Leads
5447,2025 | Fevereiro,Terça-Feira,Dia útil,Leads,2025-02-25,topfunnel_lal1_compradores_estatico_v2,71.1,78,2050,23,LookALike_Compradores_1,Estático,2º Lançamento | Leads
5448,2025 | Maio,Terça-Feira,Dia útil,Leads,2025-05-13,midfunnel_visitantes_site_estatico_v2,162.07,237,5679,8,Visitantes_Site,Estático,Campanha Contínua | Leads
5449,2025 | Fevereiro,Domingo,Final de semana,Vendas,2025-02-09,midfunnel_rmkt_60d_video_v2,85.66,277,9986,74,Remarketing_60dias,Video,Campanha Contínua | Vendas
5450,2025 | Agosto,Domingo,Final de semana,Leads,2025-08-10,topfunnel_cargos_dados_carrossel_v2,114.08,26,3143,2,Cargos_Dados,Carrossel,Campanha Contínua | Leads
5451,2025 | Março,Quinta-Feira,Dia útil,Leads,2025-03-20,midfunnel_visitantes_site_video_v1,35.45,33,839,5,Visitantes_Site,Video,2º Lançamento | Leads
5452,2025 | Junho,Domingo,Final de semana,Vendas,2025-06-22,topfunnel_interesses_dados_carrossel_v1,155.35,210,5389,6,Interesses_Dados,Carrossel,2º Lançamento | Vendas
5453,2025 | Abril,Domingo,Final de semana,Leads,2025-04-06,midfunnel_rmkt_30d_carrossel_v2,37.07,20,844,5,Remarketing_30dias,Carrossel,Campanha Contínua | Leads
5454,2025 | Dezembro,Quarta-Feira,Dia útil,Leads,2025-12-10,topfunnel_lal1_compradores_video_v3,162.47,71,8682,9,LookALike_Compradores_1,Video,2º Lançamento | Leads
5455,2025 | Agosto,Terça-Feira,Dia útil,Vendas,2025-08-26,topfunnel_cargos_dados_carrossel_v3,157.1,162,5321,36,Cargos_Dados,Carrossel,2º Lançamento | Vendas
5456,2025 | Janeiro,Terça-Feira,Dia útil,Vendas,2025-01-07,topfunnel_interesses_dados_carrossel_v2,8.71,9,412,2,Interesses_Dados,Carrossel,2º Lançamento | Vendas
5457,2025 | Junho,Sábado,Final de semana,Vendas,2025-06-28,bottomfunnel_rmkt_60d_video_v3,170.01,153,3795,13,Remarketing_60dias,Video,2º Lançamento | Vendas
5458,2025 | Agosto,Segunda-Feira,Dia útil,Leads,2025-08-11,midfunnel_rmkt_60d_video_v3,166.82,311,8448,42,Remarketing_60dias,Video,2º Lançamento | Leads
5459,2025 | Novembro,Sábado,Final de semana,Leads,2025-11-08,topfunnel_lal2_leads_carrossel_v1,102.47,145,6988,9,LookALike_Leads_2,Carrossel,2º Lançamento | Leads
5460,2025 | Abril,Terça-Feira,Dia útil,Leads,2025-04-22,bottomfunnel_rmkt_60d_video_v1,36.34,26,911,4,Remarketing_60dias,Video,1º Lançamento | Leads
5461,2025 | Junho,Terça-Feira,Dia útil,Leads,2025-06-17,midfunnel_visitantes_site_carrossel_v2,13.66,9,820,2,Visitantes_Site,Carrossel,2º Lançamento | Leads
5462,2025 | Setembro,Terça-Feira,Dia útil,Vendas,2025-09-23,bottomfunnel_rmkt_30d_video_v2,146.39,156,5181,35,Remarketing_30dias,Video,1º Lançamento | Vendas
5463,2025 | Julho,Terça-Feira,Dia útil,Vendas,2025-07-01,topfunnel_interesses_dados_carrossel_v1,86.07,331,10401,23,Interesses_Dados,Carrossel,1º Lançamento | Vendas
5464,2025 | Agosto,Sexta-Feira,Dia útil,Vendas,2025-08-08,topfunnel_lal2_leads_estatico_v3,119.93,123,4775,4,LookALike_Leads_2,Estático,1º Lançamento | Vendas
5465,2025 | Setembro,Sábado,Final de semana,Vendas,2025-09-27,midfunnel_rmkt_30d_estatico_v1,63.64,64,1932,15,Remarketing_30dias,Estático,Campanha Contínua | Vendas
5466,2025 | Outubro,Quarta-Feira,Dia útil,Leads,2025-10-15,topfunnel_interesses_dados_video_v1,133.93,141,7193,38,Interesses_Dados,Video,1º Lançamento | Leads
5467,2025 | Agosto,Sábado,Final de semana,Leads,2025-08-16,topfunnel_lal2_leads_carrossel_v2,159.73,152,4467,16,LookALike_Leads_2,Carrossel,2º Lançamento | Leads
5468,2025 | Junho,Domingo,Final de semana,Vendas,2025-06-15,bottomfunnel_engajamento_ig_estatico_v1,13.9,24,1196,4,Engajamento_Instagram,Estático,Campanha Contínua | Vendas
5469,2025 | Abril,Terça-Feira,Dia útil,Leads,2025-04-01,midfunnel_rmkt_30d_estatico_v1,99.32,125,3109,11,Remarketing_30dias,Estático,Campanha Contínua | Leads
5470,2025 | Abril,Quinta-Feira,Dia útil,Leads,2025-04-10,bottomfunnel_rmkt_60d_carrossel_v2,92.51,17,2063,2,Remarketing_60dias,Carrossel,2º Lançamento | Leads
5471,2025 | Janeiro,Segunda-Feira,Dia útil,Leads,2025-01-06,topfunnel_lal1_compradores_carrossel_v2,161.73,177,6033,40,LookALike_Compradores_1,Carrossel,Campanha Contínua | Leads
5472,2025 | Março,Sábado,Final de semana,Leads,2025-03-08,midfunnel_engajamento_ig_carrossel_v3,96.02,44,6711,3,Engajamento_Instagram,Carrossel,Campanha Contínua | Leads
5473,2025 | Julho,Domingo,Final de semana,Leads,2025-07-13,topfunnel_lal2_leads_video_v2,150.62,375,13827,79,LookALike_Leads_2,Video,Campanha Contínua | Leads
5474,2025 | Fevereiro,Quinta-Feira,Dia útil,Leads,2025-02-13,topfunnel_cargos_dados_video_v3,133.52,219,4900,23,Cargos_Dados,Video,1º Lançamento | Leads
5475,2025 | Novembro,Sábado,Final de semana,Leads,2025-11-29,midfunnel_rmkt_30d_estatico_v3,16.86,18,906,3,Remarketing_30dias,Estático,Campanha Contínua | Leads
5476,2025 | Setembro,Terça-Feira,Dia útil,Leads,2025-09-02,midfunnel_engajamento_ig_carrossel_v1,158.31,87,3746,4,Engajamento_Instagram,Carrossel,Campanha Contínua | Leads
5477,2025 | Março,Segunda-Feira,Dia útil,Vendas,2025-03-24,topfunnel_interesses_dados_carrossel_v1,67.07,50,1626,3,Interesses_Dados,Carrossel,Campanha Contínua | Vendas
5478,2025 | Setembro,Segunda-Feira,Dia útil,Leads,2025-09-15,topfunnel_lal1_compradores_video_v1,38.02,30,1461,6,LookALike_Compradores_1,Video,1º Lançamento | Leads
5479,2025 | Setembro,Segunda-Feira,Dia útil,Leads,2025-09-15,topfunnel_lal2_leads_carrossel_v2,74.15,130,5405,24,LookALike_Leads_2,Carrossel,1º Lançamento | Leads
5480,2025 | Agosto,Sábado,Final de semana,Leads,2025-08-30,midfunnel_rmkt_60d_carrossel_v1,62.58,192,6861,26,Remarketing_60dias,Carrossel,Campanha Contínua | Leads
5481,2025 | Fevereiro,Sábado,Final de semana,Leads,2025-02-08,midfunnel_rmkt_30d_estatico_v3,117.54,174,5827,14,Remarketing_30dias,Estático,1º Lançamento | Leads
5482,2025 | Outubro,Domingo,Final de semana,Vendas,2025-10-12,topfunnel_cargos_dados_estatico_v3,172.01,319,14870,37,Cargos_Dados,Estático,Campanha Contínua | Vendas
5483,2025 | Junho,Quinta-Feira,Dia útil,Leads,2025-06-12,midfunnel_engajamento_ig_carrossel_v1,170.49,26,4642,1,Engajamento_Instagram,Carrossel,2º Lançamento | Leads
5484,2025 | Setembro,Sexta-Feira,Dia útil,Leads,2025-09-19,topfunnel_interesses_dados_estatico_v2,144.46,159,4395,36,Interesses_Dados,Estático,1º Lançamento | Leads
5485,2025 | Janeiro,Segunda-Feira,Dia útil,Vendas,2025-01-27,midfunnel_engajamento_ig_estatico_v1,123.05,161,6709,48,Engajamento_Instagram,Estático,2º Lançamento | Vendas
5486,2025 | Dezembro,Sábado,Final de semana,Vendas,2025-12-27,topfunnel_cargos_dados_carrossel_v1,47.82,88,1976,23,Cargos_Dados,Carrossel,1º Lançamento | Vendas
5487,2025 | Janeiro,Segunda-Feira,Dia útil,Vendas,2025-01-20,midfunnel_rmkt_30d_estatico_v2,99.86,90,5152,6,Remarketing_30dias,Estático,2º Lançamento | Vendas
5488,2025 | Outubro,Segunda-Feira,Dia útil,Vendas,2025-10-06,midfunnel_engajamento_ig_carrossel_v2,166.98,41,4427,6,Engajamento_Instagram,Carrossel,2º Lançamento | Vendas
5489,2025 | Janeiro,Segunda-Feira,Dia útil,Vendas,2025-01-13,bottomfunnel_rmkt_30d_carrossel_v3,14.26,22,844,5,Remarketing_30dias,Carrossel,1º Lançamento | Vendas
5490,2025 | Agosto,Quinta-Feira,Dia útil,Leads,2025-08-07,topfunnel_lal2_leads_estatico_v1,126.4,60,4218,4,LookALike_Leads_2,Estático,2º Lançamento | Leads
5491,2025 | Julho,Domingo,Final de semana,Vendas,2025-07-27,midfunnel_rmkt_30d_carrossel_v2,134.09,72,3454,3,Remarketing_30dias,Carrossel,Campanha Contínua | Vendas
5492,2025 | Maio,Terça-Feira,Dia útil,Leads,2025-05-20,bottomfunnel_visitantes_site_estatico_v2,129.32,59,3161,3,Visitantes_Site,Estático,Campanha Contínua | Leads
5493,2025 | Maio,Quinta-Feira,Dia útil,Vendas,2025-05-22,midfunnel_rmkt_30d_estatico_v3,175.2,103,4135,22,Remarketing_30dias,Estático,2º Lançamento | Vendas
5494,2025 | Maio,Sexta-Feira,Dia útil,Leads,2025-05-30,topfunnel_cargos_dados_video_v3,159.89,113,7280,10,Cargos_Dados,Video,2º Lançamento | Leads
5495,2025 | Janeiro,Sexta-Feira,Dia útil,Leads,2025-01-03,midfunnel_engajamento_ig_estatico_v1,23.9,23,928,4,Engajamento_Instagram,Estático,Campanha Contínua | Leads
5496,2025 | Outubro,Domingo,Final de semana,Leads,2025-10-12,topfunnel_interesses_dados_estatico_v1,130.88,65,3000,8,Interesses_Dados,Estático,1º Lançamento | Leads
5497,2025 | Outubro,Quarta-Feira,Dia útil,Leads,2025-10-29,midfunnel_rmkt_30d_carrossel_v2,40.46,68,2318,9,Remarketing_30dias,Carrossel,Campanha Contínua | Leads
5498,2025 | Janeiro,Domingo,Final de semana,Leads,2025-01-05,bottomfunnel_engajamento_ig_estatico_v1,5.19,8,222,1,Engajamento_Instagram,Estático,Campanha Contínua | Leads
5499,2025 | Agosto,Segunda-Feira,Dia útil,Vendas,2025-08-25,topfunnel_lal1_compradores_estatico_v3,134.97,313,8619,65,LookALike_Compradores_1,Estático,1º Lançamento | Vendas
5500,2025 | Março,Sexta-Feira,Dia útil,Vendas,2025-03-07,topfunnel_lal1_compradores_video_v3,86.09,63,3988,7,LookALike_Compradores_1,Video,1º Lançamento | Vendas
5501,2025 | Fevereiro,Segunda-Feira,Dia útil,Vendas,2025-02-03,bottomfunnel_engajamento_ig_estatico_v2,67.27,66,2631,5,Engajamento_Instagram,Estático,1º Lançamento | Vendas
5502,2025 | Outubro,Domingo,Final de semana,Leads,2025-10-12,topfunnel_lal1_compradores_carrossel_v3,90.44,10,2534,1,LookALike_Compradores_1,Carrossel,1º Lançamento | Leads
5503,2025 | Junho,Domingo,Final de semana,Vendas,2025-06-22,topfunnel_lal2_leads_video_v3,129.78,137,3581,7,LookALike_Leads_2,Video,Campanha Contínua | Vendas
5504,2025 | Julho,Domingo,Final de semana,Leads,2025-07-27,topfunnel_lal1_compradores_carrossel_v2,167.24,89,4328,26,LookALike_Compradores_1,Carrossel,Campanha Contínua | Leads
5505,2025 | Fevereiro,Terça-Feira,Dia útil,Vendas,2025-02-04,bottomfunnel_rmkt_30d_video_v2,74.54,21,1973,2,Remarketing_30dias,Video,2º Lançamento | Vendas
5506,2025 | Julho,Sábado,Final de semana,Leads,2025-07-12,topfunnel_interesses_dados_carrossel_v1,54.57,106,3304,28,Interesses_Dados,Carrossel,2º Lançamento | Leads
5507,2025 | Novembro,Sexta-Feira,Dia útil,Vendas,2025-11-14,bottomfunnel_visitantes_site_estatico_v2,49.16,26,1326,1,Visitantes_Site,Estático,1º Lançamento | Vendas
5508,2025 | Agosto,Sábado,Final de semana,Leads,2025-08-02,midfunnel_rmkt_30d_video_v3,57.58,72,1690,13,Remarketing_30dias,Video,2º Lançamento | Leads
5509,2025 | Janeiro,Domingo,Final de semana,Leads,2025-01-26,topfunnel_interesses_dados_carrossel_v2,137.01,27,5046,1,Interesses_Dados,Carrossel,Campanha Contínua | Leads
5510,2025 | Janeiro,Sábado,Final de semana,Leads,2025-01-11,bottomfunnel_rmkt_30d_estatico_v2,61.72,162,4707,8,Remarketing_30dias,Estático,Campanha Contínua | Leads
5511,2025 | Maio,Domingo,Final de semana,Vendas,2025-05-04,topfunnel_lal1_compradores_video_v1,118.75,36,2891,0,LookALike_Compradores_1,Video,Campanha Contínua | Vendas
5512,2025 | Dezembro,Sexta-Feira,Dia útil,Leads,2025-12-19,midfunnel_rmkt_30d_video_v1,142.92,305,7868,33,Remarketing_30dias,Video,2º Lançamento | Leads
5513,2025 | Novembro,Sexta-Feira,Dia útil,Leads,2025-11-07,topfunnel_lal1_compradores_video_v2,35.43,55,1551,14,LookALike_Compradores_1,Video,Campanha Contínua | Leads
5514,2025 | Setembro,Sábado,Final de semana,Leads,2025-09-06,bottomfunnel_rmkt_30d_video_v3,39.73,37,1690,6,Remarketing_30dias,Video,1º Lançamento | Leads
5515,2025 | Agosto,Sexta-Feira,Dia útil,Vendas,2025-08-15,midfunnel_visitantes_site_video_v2,20.08,19,882,5,Visitantes_Site,Video,2º Lançamento | Vendas
5516,2025 | Novembro,Sexta-Feira,Dia útil,Leads,2025-11-07,midfunnel_rmkt_30d_carrossel_v3,171.51,272,9508,41,Remarketing_30dias,Carrossel,2º Lançamento | Leads
5517,2025 | Fevereiro,Segunda-Feira,Dia útil,Leads,2025-02-10,topfunnel_lal2_leads_estatico_v2,140.85,42,4765,2,LookALike_Leads_2,Estático,Campanha Contínua | Leads
5518,2025 | Junho,Sexta-Feira,Dia útil,Leads,2025-06-06,topfunnel_lal1_compradores_video_v3,127.61,48,3136,4,LookALike_Compradores_1,Video,Campanha Contínua | Leads
5519,2025 | Setembro,Domingo,Final de semana,Leads,2025-09-28,topfunnel_lal2_leads_estatico_v3,51.99,131,4165,16,LookALike_Leads_2,Estático,2º Lançamento | Leads
5520,2025 | Outubro,Terça-Feira,Dia útil,Leads,2025-10-07,midfunnel_engajamento_ig_carrossel_v3,138.47,68,5095,18,Engajamento_Instagram,Carrossel,2º Lançamento | Leads
5521,2025 | Março,Terça-Feira,Dia útil,Leads,2025-03-04,midfunnel_rmkt_30d_estatico_v3,131.16,122,4222,25,Remarketing_30dias,Estático,2º Lançamento | Leads
5522,2025 | Maio,Quarta-Feira,Dia útil,Leads,2025-05-14,topfunnel_cargos_dados_estatico_v1,82.86,58,3871,12,Cargos_Dados,Estático,2º Lançamento | Leads
5523,2025 | Outubro,Quarta-Feira,Dia útil,Leads,2025-10-15,topfunnel_lal1_compradores_carrossel_v2,47.33,13,1225,1,LookALike_Compradores_1,Carrossel,1º Lançamento | Leads
5524,2025 | Agosto,Sexta-Feira,Dia útil,Leads,2025-08-22,topfunnel_interesses_dados_carrossel_v1,110.94,51,2612,1,Interesses_Dados,Carrossel,2º Lançamento | Leads
5525,2025 | Outubro,Terça-Feira,Dia útil,Leads,2025-10-07,topfunnel_lal1_compradores_video_v2,75.97,51,1761,2,LookALike_Compradores_1,Video,1º Lançamento | Leads
5526,2025 | Outubro,Terça-Feira,Dia útil,Vendas,2025-10-14,bottomfunnel_visitantes_site_carrossel_v2,83.98,47,2050,1,Visitantes_Site,Carrossel,1º Lançamento | Vendas
5527,2025 | Outubro,Quarta-Feira,Dia útil,Vendas,2025-10-22,midfunnel_rmkt_30d_carrossel_v2,72.38,64,1679,17,Remarketing_30dias,Carrossel,2º Lançamento | Vendas
5528,2025 | Dezembro,Domingo,Final de semana,Vendas,2025-12-21,midfunnel_engajamento_ig_video_v2,140.54,275,13409,36,Engajamento_Instagram,Video,Campanha Contínua | Vendas
5529,2025 | Agosto,Quinta-Feira,Dia útil,Vendas,2025-08-14,bottomfunnel_engajamento_ig_video_v1,143.71,79,3955,19,Engajamento_Instagram,Video,1º Lançamento | Vendas
5530,2025 | Maio,Domingo,Final de semana,Leads,2025-05-04,bottomfunnel_rmkt_30d_video_v1,56.29,36,1469,3,Remarketing_30dias,Video,Campanha Contínua | Leads
5531,2025 | Maio,Sábado,Final de semana,Leads,2025-05-10,bottomfunnel_visitantes_site_estatico_v2,7.88,8,402,0,Visitantes_Site,Estático,1º Lançamento | Leads
5532,2025 | Maio,Segunda-Feira,Dia útil,Vendas,2025-05-12,midfunnel_visitantes_site_estatico_v1,21.84,9,866,2,Visitantes_Site,Estático,Campanha Contínua | Vendas
5533,2025 | Janeiro,Sexta-Feira,Dia útil,Vendas,2025-01-17,topfunnel_cargos_dados_carrossel_v3,46.79,66,2685,11,Cargos_Dados,Carrossel,1º Lançamento | Vendas
5534,2025 | Dezembro,Sexta-Feira,Dia útil,Leads,2025-12-12,topfunnel_lal1_compradores_estatico_v1,154.88,123,7786,14,LookALike_Compradores_1,Estático,Campanha Contínua | Leads
5535,2025 | Agosto,Quinta-Feira,Dia útil,Leads,2025-08-07,topfunnel_lal1_compradores_video_v1,109.2,31,2700,7,LookALike_Compradores_1,Video,2º Lançamento | Leads
5536,2025 | Março,Segunda-Feira,Dia útil,Vendas,2025-03-10,topfunnel_lal1_compradores_estatico_v1,167.19,92,5294,19,LookALike_Compradores_1,Estático,Campanha Contínua | Vendas
5537,2025 | Março,Domingo,Final de semana,Leads,2025-03-16,midfunnel_engajamento_ig_video_v2,82.21,84,1960,15,Engajamento_Instagram,Video,1º Lançamento | Leads
5538,2025 | Maio,Domingo,Final de semana,Leads,2025-05-04,bottomfunnel_visitantes_site_estatico_v1,6.04,3,212,0,Visitantes_Site,Estático,2º Lançamento | Leads
5539,2025 | Julho,Domingo,Final de semana,Leads,2025-07-13,topfunnel_cargos_dados_carrossel_v3,139.41,293,13993,11,Cargos_Dados,Carrossel,1º Lançamento | Leads
5540,2025 | Fevereiro,Domingo,Final de semana,Leads,2025-02-09,topfunnel_interesses_dados_carrossel_v3,168.97,152,3781,31,Interesses_Dados,Carrossel,Campanha Contínua | Leads
5541,2025 | Julho,Segunda-Feira,Dia útil,Leads,2025-07-28,topfunnel_cargos_dados_video_v2,115.13,158,4829,42,Cargos_Dados,Video,2º Lançamento | Leads
5542,2025 | Agosto,Sexta-Feira,Dia útil,Vendas,2025-08-08,topfunnel_cargos_dados_carrossel_v1,41.62,17,1153,4,Cargos_Dados,Carrossel,2º Lançamento | Vendas
5543,2025 | Dezembro,Sexta-Feira,Dia útil,Leads,2025-12-12,midfunnel_rmkt_60d_estatico_v1,157.4,128,3668,24,Remarketing_60dias,Estático,Campanha Contínua | Leads
5544,2025 | Setembro,Sexta-Feira,Dia útil,Vendas,2025-09-19,topfunnel_interesses_dados_estatico_v3,39.8,24,1955,6,Interesses_Dados,Estático,Campanha Contínua | Vendas
5545,2025 | Maio,Quinta-Feira,Dia útil,Vendas,2025-05-15,bottomfunnel_visitantes_site_carrossel_v1,149.72,212,5401,52,Visitantes_Site,Carrossel,Campanha Contínua | Vendas
5546,2025 | Janeiro,Quinta-Feira,Dia útil,Leads,2025-01-02,topfunnel_interesses_dados_video_v3,52.86,56,1539,14,Interesses_Dados,Video,1º Lançamento | Leads
5547,2025 | Maio,Segunda-Feira,Dia útil,Vendas,2025-05-12,topfunnel_lal2_leads_carrossel_v2,112.27,144,4218,3,LookALike_Leads_2,Carrossel,Campanha Contínua | Vendas
5548,2025 | Outubro,Quinta-Feira,Dia útil,Vendas,2025-10-02,topfunnel_cargos_dados_carrossel_v2,11.69,23,562,5,Cargos_Dados,Carrossel,2º Lançamento | Vendas
5549,2025 | Dezembro,Quarta-Feira,Dia útil,Leads,2025-12-31,topfunnel_cargos_dados_video_v2,111.99,104,3446,5,Cargos_Dados,Video,Campanha Contínua | Leads
5550,2025 | Junho,Sábado,Final de semana,Vendas,2025-06-28,topfunnel_lal2_leads_video_v3,80.53,145,3997,12,LookALike_Leads_2,Video,2º Lançamento | Vendas
5551,2025 | Outubro,Quarta-Feira,Dia útil,Leads,2025-10-01,bottomfunnel_rmkt_60d_video_v2,160.84,117,4460,24,Remarketing_60dias,Video,2º Lançamento | Leads
5552,2025 | Dezembro,Quinta-Feira,Dia útil,Leads,2025-12-11,topfunnel_cargos_dados_carrossel_v1,21.58,42,1021,12,Cargos_Dados,Carrossel,Campanha Contínua | Leads
5553,2025 | Setembro,Sexta-Feira,Dia útil,Leads,2025-09-12,midfunnel_visitantes_site_carrossel_v3,7.29,27,775,5,Visitantes_Site,Carrossel,Campanha Contínua | Leads
5554,2025 | Abril,Sexta-Feira,Dia útil,Vendas,2025-04-18,topfunnel_cargos_dados_estatico_v1,6.96,6,343,1,Cargos_Dados,Estático,Campanha Contínua | Vendas
5555,2025 | Junho,Sexta-Feira,Dia útil,Vendas,2025-06-27,bottomfunnel_engajamento_ig_video_v3,90.86,74,4087,20,Engajamento_Instagram,Video,Campanha Contínua | Vendas
5556,2025 | Dezembro,Domingo,Final de semana,Leads,2025-12-21,midfunnel_rmkt_30d_carrossel_v3,105.53,39,5642,7,Remarketing_30dias,Carrossel,2º Lançamento | Leads
5557,2025 | Fevereiro,Segunda-Feira,Dia útil,Vendas,2025-02-10,bottomfunnel_visitantes_site_estatico_v3,166.0,115,4480,29,Visitantes_Site,Estático,Campanha Contínua | Vendas
5558,2025 | Outubro,Sexta-Feira,Dia útil,Leads,2025-10-17,topfunnel_cargos_dados_carrossel_v3,45.5,22,1857,4,Cargos_Dados,Carrossel,1º Lançamento | Leads
5559,2025 | Outubro,Quarta-Feira,Dia útil,Leads,2025-10-15,bottomfunnel_engajamento_ig_estatico_v2,136.67,147,4339,37,Engajamento_Instagram,Estático,2º Lançamento | Leads
5560,2025 | Junho,Terça-Feira,Dia útil,Vendas,2025-06-24,topfunnel_cargos_dados_carrossel_v2,123.01,129,5602,34,Cargos_Dados,Carrossel,1º Lançamento | Vendas
5561,2025 | Agosto,Segunda-Feira,Dia útil,Leads,2025-08-18,topfunnel_lal2_leads_estatico_v3,82.73,150,4106,26,LookALike_Leads_2,Estático,1º Lançamento | Leads
5562,2025 | Dezembro,Domingo,Final de semana,Leads,2025-12-07,topfunnel_lal2_leads_estatico_v3,163.36,344,16860,93,LookALike_Leads_2,Estático,1º Lançamento | Leads
5563,2025 | Agosto,Segunda-Feira,Dia útil,Vendas,2025-08-25,midfunnel_rmkt_30d_carrossel_v3,73.3,107,4162,16,Remarketing_30dias,Carrossel,2º Lançamento | Vendas
5564,2025 | Abril,Terça-Feira,Dia útil,Leads,2025-04-08,topfunnel_lal1_compradores_video_v2,114.17,266,6542,25,LookALike_Compradores_1,Video,Campanha Contínua | Leads
5565,2025 | Setembro,Terça-Feira,Dia útil,Leads,2025-09-02,topfunnel_interesses_dados_carrossel_v2,16.83,17,600,3,Interesses_Dados,Carrossel,1º Lançamento | Leads
5566,2025 | Fevereiro,Terça-Feira,Dia útil,Leads,2025-02-04,bottomfunnel_rmkt_30d_estatico_v1,110.85,17,2524,2,Remarketing_30dias,Estático,Campanha Contínua | Leads
5567,2025 | Maio,Sábado,Final de semana,Vendas,2025-05-10,bottomfunnel_engajamento_ig_video_v2,120.06,44,6611,1,Engajamento_Instagram,Video,Campanha Contínua | Vendas
5568,2025 | Outubro,Terça-Feira,Dia útil,Leads,2025-10-21,topfunnel_cargos_dados_estatico_v2,77.1,194,5930,5,Cargos_Dados,Estático,1º Lançamento | Leads
5569,2025 | Fevereiro,Segunda-Feira,Dia útil,Vendas,2025-02-24,midfunnel_rmkt_30d_video_v1,133.23,480,12153,39,Remarketing_30dias,Video,1º Lançamento | Vendas
5570,2025 | Junho,Quinta-Feira,Dia útil,Leads,2025-06-19,topfunnel_lal1_compradores_video_v2,54.9,28,1449,3,LookALike_Compradores_1,Video,Campanha Contínua | Leads
5571,2025 | Maio,Domingo,Final de semana,Leads,2025-05-18,topfunnel_lal1_compradores_carrossel_v2,6.8,9,358,1,LookALike_Compradores_1,Carrossel,1º Lançamento | Leads
5572,2025 | Julho,Quarta-Feira,Dia útil,Leads,2025-07-23,bottomfunnel_rmkt_30d_video_v2,151.03,135,8715,7,Remarketing_30dias,Video,2º Lançamento | Leads
5573,2025 | Janeiro,Sábado,Final de semana,Vendas,2025-01-25,topfunnel_lal1_compradores_estatico_v2,172.79,424,10306,71,LookALike_Compradores_1,Estático,Campanha Contínua | Vendas
5574,2025 | Março,Quarta-Feira,Dia útil,Leads,2025-03-26,topfunnel_interesses_dados_carrossel_v1,9.49,14,379,0,Interesses_Dados,Carrossel,Campanha Contínua | Leads
5575,2025 | Maio,Segunda-Feira,Dia útil,Leads,2025-05-12,topfunnel_lal1_compradores_carrossel_v1,118.82,162,4776,38,LookALike_Compradores_1,Carrossel,2º Lançamento | Leads
5576,2025 | Agosto,Quarta-Feira,Dia útil,Vendas,2025-08-27,bottomfunnel_engajamento_ig_carrossel_v3,114.29,87,4605,16,Engajamento_Instagram,Carrossel,1º Lançamento | Vendas
5577,2025 | Abril,Sábado,Final de semana,Leads,2025-04-26,topfunnel_lal2_leads_carrossel_v2,114.9,134,3212,31,LookALike_Leads_2,Carrossel,Campanha Contínua | Leads
5578,2025 | Fevereiro,Quarta-Feira,Dia útil,Vendas,2025-02-12,topfunnel_lal1_compradores_carrossel_v3,129.61,129,4377,29,LookALike_Compradores_1,Carrossel,2º Lançamento | Vendas
5579,2025 | Setembro,Domingo,Final de semana,Leads,2025-09-28,midfunnel_engajamento_ig_estatico_v1,139.34,79,4992,20,Engajamento_Instagram,Estático,1º Lançamento | Leads
5580,2025 | Maio,Sexta-Feira,Dia útil,Vendas,2025-05-16,topfunnel_lal1_compradores_estatico_v3,147.66,371,10224,95,LookALike_Compradores_1,Estático,1º Lançamento | Vendas
5581,2025 | Janeiro,Segunda-Feira,Dia útil,Leads,2025-01-13,topfunnel_lal2_leads_estatico_v2,48.99,87,2349,20,LookALike_Leads_2,Estático,2º Lançamento | Leads
5582,2025 | Maio,Quinta-Feira,Dia útil,Vendas,2025-05-29,topfunnel_interesses_dados_estatico_v1,96.4,38,4671,9,Interesses_Dados,Estático,1º Lançamento | Vendas
5583,2025 | Novembro,Sexta-Feira,Dia útil,Leads,2025-11-21,midfunnel_rmkt_30d_estatico_v1,86.76,88,1997,25,Remarketing_30dias,Estático,Campanha Contínua | Leads
5584,2025 | Maio,Quinta-Feira,Dia útil,Vendas,2025-05-08,topfunnel_lal1_compradores_carrossel_v2,100.73,85,2288,25,LookALike_Compradores_1,Carrossel,1º Lançamento | Vendas
5585,2025 | Outubro,Quinta-Feira,Dia útil,Vendas,2025-10-02,midfunnel_engajamento_ig_carrossel_v1,32.01,7,1482,0,Engajamento_Instagram,Carrossel,1º Lançamento | Vendas
5586,2025 | Janeiro,Sexta-Feira,Dia útil,Leads,2025-01-31,bottomfunnel_visitantes_site_carrossel_v2,25.02,47,2138,10,Visitantes_Site,Carrossel,Campanha Contínua | Leads
5587,2025 | Fevereiro,Segunda-Feira,Dia útil,Leads,2025-02-24,topfunnel_interesses_dados_carrossel_v2,179.87,191,4354,52,Interesses_Dados,Carrossel,1º Lançamento | Leads
5588,2025 | Fevereiro,Quinta-Feira,Dia útil,Leads,2025-02-13,midfunnel_engajamento_ig_estatico_v3,82.66,174,7732,3,Engajamento_Instagram,Estático,2º Lançamento | Leads
5589,2025 | Outubro,Quarta-Feira,Dia útil,Leads,2025-10-01,bottomfunnel_engajamento_ig_estatico_v3,150.09,299,12793,25,Engajamento_Instagram,Estático,Campanha Contínua | Leads
5590,2025 | Junho,Segunda-Feira,Dia útil,Leads,2025-06-09,bottomfunnel_visitantes_site_video_v2,175.92,144,8505,20,Visitantes_Site,Video,2º Lançamento | Leads
5591,2025 | Outubro,Sexta-Feira,Dia útil,Leads,2025-10-03,topfunnel_lal2_leads_carrossel_v2,146.5,344,9053,42,LookALike_Leads_2,Carrossel,2º Lançamento | Leads
5592,2025 | Novembro,Segunda-Feira,Dia útil,Vendas,2025-11-17,topfunnel_lal1_compradores_video_v3,31.09,13,950,2,LookALike_Compradores_1,Video,1º Lançamento | Vendas
5593,2025 | Fevereiro,Sexta-Feira,Dia útil,Leads,2025-02-21,topfunnel_lal1_compradores_carrossel_v2,128.97,3038,2947,22,LookALike_Compradores_1,Carrossel,1º Lançamento | Leads
5594,2025 | Junho,Domingo,Final de semana,Vendas,2025-06-29,topfunnel_interesses_dados_carrossel_v3,170.41,145,4875,11,Interesses_Dados,Carrossel,1º Lançamento | Vendas
5595,2025 | Janeiro,Quinta-Feira,Dia útil,Vendas,2025-01-30,topfunnel_lal2_leads_estatico_v1,62.28,14,2085,0,LookALike_Leads_2,Estático,Campanha Contínua | Vendas
5596,2025 | Novembro,Terça-Feira,Dia útil,Leads,2025-11-25,midfunnel_visitantes_site_carrossel_v1,145.27,86,5442,11,Visitantes_Site,Carrossel,Campanha Contínua | Leads
5597,2025 | Outubro,Sexta-Feira,Dia útil,Vendas,2025-10-24,topfunnel_lal1_compradores_estatico_v1,99.69,20,2748,4,LookALike_Compradores_1,Estático,Campanha Contínua | Vendas
5598,2025 | Julho,Terça-Feira,Dia útil,Leads,2025-07-29,midfunnel_rmkt_30d_video_v2,169.64,68,5361,19,Remarketing_30dias,Video,2º Lançamento | Leads
5599,2025 | Outubro,Sábado,Final de semana,Leads,2025-10-18,bottomfunnel_rmkt_30d_estatico_v3,13.37,7,298,1,Remarketing_30dias,Estático,Campanha Contínua | Leads
5600,2025 | Maio,Quinta-Feira,Dia útil,Leads,2025-05-08,topfunnel_cargos_dados_estatico_v3,48.75,32,1432,1,Cargos_Dados,Estático,Campanha Contínua | Leads
5601,2025 | Setembro,Terça-Feira,Dia útil,Vendas,2025-09-09,bottomfunnel_rmkt_30d_video_v2,91.21,215,7110,12,Remarketing_30dias,Video,Campanha Contínua | Vendas
5602,2025 | Maio,Quinta-Feira,Dia útil,Vendas,2025-05-01,topfunnel_lal2_leads_video_v3,130.16,114,4116,12,LookALike_Leads_2,Video,2º Lançamento | Vendas
5603,2025 | Dezembro,Quinta-Feira,Dia útil,Leads,2025-12-11,topfunnel_lal1_compradores_carrossel_v2,64.35,24,2342,1,LookALike_Compradores_1,Carrossel,2º Lançamento | Leads
5604,2025 | Abril,Quarta-Feira,Dia útil,Leads,2025-04-16,topfunnel_cargos_dados_estatico_v3,19.57,25,596,4,Cargos_Dados,Estático,2º Lançamento | Leads
5605,2025 | Julho,Segunda-Feira,Dia útil,Vendas,2025-07-21,midfunnel_rmkt_30d_estatico_v2,144.05,203,4639,46,Remarketing_30dias,Estático,2º Lançamento | Vendas
5606,2025 | Agosto,Quinta-Feira,Dia útil,Leads,2025-08-28,topfunnel_cargos_dados_video_v2,73.67,60,2407,6,Cargos_Dados,Video,1º Lançamento | Leads
5607,2025 | Julho,Quinta-Feira,Dia útil,Leads,2025-07-31,topfunnel_interesses_dados_estatico_v2,15.31,24,1290,4,Interesses_Dados,Estático,Campanha Contínua | Leads
5608,2025 | Outubro,Sábado,Final de semana,Leads,2025-10-11,bottomfunnel_rmkt_60d_carrossel_v1,128.83,14,3315,0,Remarketing_60dias,Carrossel,2º Lançamento | Leads
5609,2025 | Maio,Quarta-Feira,Dia útil,Vendas,2025-05-14,topfunnel_lal1_compradores_estatico_v2,76.96,69,2770,3,LookALike_Compradores_1,Estático,Campanha Contínua | Vendas
5610,2025 | Dezembro,Segunda-Feira,Dia útil,Leads,2025-12-08,topfunnel_cargos_dados_estatico_v2,10.75,5,386,0,Cargos_Dados,Estático,2º Lançamento | Leads
5611,2025 | Outubro,Sábado,Final de semana,Leads,2025-10-04,topfunnel_cargos_dados_estatico_v2,25.01,23,648,3,Cargos_Dados,Estático,1º Lançamento | Leads
5612,2025 | Julho,Sexta-Feira,Dia útil,Vendas,2025-07-18,midfunnel_rmkt_30d_estatico_v2,21.65,34,914,3,Remarketing_30dias,Estático,1º Lançamento | Vendas
5613,2025 | Maio,Quinta-Feira,Dia útil,Leads,2025-05-15,topfunnel_interesses_dados_video_v3,20.22,14,614,1,Interesses_Dados,Video,Campanha Contínua | Leads
5614,2025 | Dezembro,Sexta-Feira,Dia útil,Vendas,2025-12-05,topfunnel_interesses_dados_carrossel_v1,149.53,171,5592,48,Interesses_Dados,Carrossel,2º Lançamento | Vendas
5615,2025 | Setembro,Quarta-Feira,Dia útil,Leads,2025-09-24,topfunnel_lal1_compradores_carrossel_v1,26.4,9,1032,1,LookALike_Compradores_1,Carrossel,2º Lançamento | Leads
5616,2025 | Dezembro,Quarta-Feira,Dia útil,Leads,2025-12-24,bottomfunnel_visitantes_site_estatico_v1,149.4,188,4937,8,Visitantes_Site,Estático,2º Lançamento | Leads
5617,2025 | Maio,Domingo,Final de semana,Leads,2025-05-25,midfunnel_rmkt_60d_video_v3,36.63,42,980,9,Remarketing_60dias,Video,Campanha Contínua | Leads
5618,2025 | Março,Domingo,Final de semana,Leads,2025-03-23,topfunnel_lal1_compradores_estatico_v2,149.49,173,4919,19,LookALike_Compradores_1,Estático,Campanha Contínua | Leads
5619,2025 | Junho,Domingo,Final de semana,Leads,2025-06-01,bottomfunnel_rmkt_30d_estatico_v2,59.65,46,1553,8,Remarketing_30dias,Estático,1º Lançamento | Leads
5620,2025 | Setembro,Sexta-Feira,Dia útil,Leads,2025-09-26,topfunnel_cargos_dados_video_v3,158.45,90,7982,12,Cargos_Dados,Video,1º Lançamento | Leads
5621,2025 | Outubro,Sábado,Final de semana,Leads,2025-10-11,topfunnel_lal1_compradores_carrossel_v1,155.68,106,4273,2,LookALike_Compradores_1,Carrossel,1º Lançamento | Leads
5622,2025 | Janeiro,Quarta-Feira,Dia útil,Leads,2025-01-01,midfunnel_rmkt_30d_estatico_v3,175.04,149,4374,29,Remarketing_30dias,Estático,Campanha Contínua | Leads
5623,2025 | Dezembro,Terça-Feira,Dia útil,Vendas,2025-12-02,topfunnel_cargos_dados_video_v1,4.29,17,404,2,Cargos_Dados,Video,2º Lançamento | Vendas
5624,2025 | Outubro,Segunda-Feira,Dia útil,Vendas,2025-10-20,topfunnel_cargos_dados_video_v3,107.28,148,4875,9,Cargos_Dados,Video,2º Lançamento | Vendas
5625,2025 | Maio,Domingo,Final de semana,Leads,2025-05-18,topfunnel_interesses_dados_carrossel_v3,13.06,57,1613,15,Interesses_Dados,Carrossel,2º Lançamento | Leads
5626,2025 | Março,Segunda-Feira,Dia útil,Leads,2025-03-10,topfunnel_cargos_dados_carrossel_v3,57.22,15,1490,2,Cargos_Dados,Carrossel,1º Lançamento | Leads
5627,2025 | Junho,Sexta-Feira,Dia útil,Leads,2025-06-20,midfunnel_rmkt_30d_estatico_v3,159.06,287,10322,77,Remarketing_30dias,Estático,Campanha Contínua | Leads
5628,2025 | Setembro,Domingo,Final de semana,Vendas,2025-09-07,bottomfunnel_rmkt_60d_carrossel_v2,110.6,108,11102,25,Remarketing_60dias,Carrossel,1º Lançamento | Vendas
5629,2025 | Maio,Sábado,Final de semana,Leads,2025-05-03,midfunnel_visitantes_site_estatico_v3,117.78,205,6648,41,Visitantes_Site,Estático,Campanha Contínua | Leads
5630,2025 | Fevereiro,Quarta-Feira,Dia útil,Vendas,2025-02-19,topfunnel_interesses_dados_carrossel_v3,7.25,15,364,2,Interesses_Dados,Carrossel,1º Lançamento | Vendas
5631,2025 | Janeiro,Sexta-Feira,Dia útil,Vendas,2025-01-10,topfunnel_cargos_dados_carrossel_v2,17.82,14,514,3,Cargos_Dados,Carrossel,Campanha Contínua | Vendas
5632,2025 | Novembro,Domingo,Final de semana,Leads,2025-11-09,bottomfunnel_engajamento_ig_estatico_v3,119.41,43,3716,8,Engajamento_Instagram,Estático,Campanha Contínua | Leads
5633,2025 | Novembro,Terça-Feira,Dia útil,Vendas,2025-11-11,topfunnel_interesses_dados_estatico_v2,153.52,26,3644,1,Interesses_Dados,Estático,Campanha Contínua | Vendas
5634,2025 | Março,Segunda-Feira,Dia útil,Leads,2025-03-03,topfunnel_cargos_dados_carrossel_v2,62.35,59,2301,9,Cargos_Dados,Carrossel,Campanha Contínua | Leads
5635,2025 | Maio,Segunda-Feira,Dia útil,Leads,2025-05-12,topfunnel_lal1_compradores_carrossel_v1,77.21,97,2714,28,LookALike_Compradores_1,Carrossel,2º Lançamento | Leads
5636,2025 | Outubro,Sábado,Final de semana,Vendas,2025-10-04,topfunnel_lal2_leads_carrossel_v1,177.74,123,4599,25,LookALike_Leads_2,Carrossel,2º Lançamento | Vendas
5637,2025 | Agosto,Sexta-Feira,Dia útil,Vendas,2025-08-22,topfunnel_interesses_dados_carrossel_v2,53.13,118,3366,24,Interesses_Dados,Carrossel,2º Lançamento | Vendas
5638,2025 | Agosto,Domingo,Final de semana,Leads,2025-08-17,topfunnel_cargos_dados_carrossel_v3,25.37,46,1224,9,Cargos_Dados,Carrossel,2º Lançamento | Leads
5639,2025 | Novembro,Sábado,Final de semana,Leads,2025-11-22,topfunnel_lal1_compradores_carrossel_v3,99.64,120,4204,2,LookALike_Compradores_1,Carrossel,1º Lançamento | Leads
5640,2025 | Junho,Segunda-Feira,Dia útil,Vendas,2025-06-23,topfunnel_interesses_dados_video_v1,69.98,168,5131,17,Interesses_Dados,Video,Campanha Contínua | Vendas
5641,2025 | Dezembro,Terça-Feira,Dia útil,Leads,2025-12-16,topfunnel_lal2_leads_carrossel_v1,3.33,1,75,0,LookALike_Leads_2,Carrossel,1º Lançamento | Leads
5642,2025 | Julho,Segunda-Feira,Dia útil,Vendas,2025-07-21,topfunnel_lal2_leads_video_v2,125.76,20,3408,5,LookALike_Leads_2,Video,2º Lançamento | Vendas
5643,2025 | Dezembro,Sexta-Feira,Dia útil,Leads,2025-12-19,topfunnel_cargos_dados_estatico_v3,87.56,92,4685,26,Cargos_Dados,Estático,1º Lançamento | Leads
5644,2025 | Dezembro,Quinta-Feira,Dia útil,Leads,2025-12-18,midfunnel_visitantes_site_estatico_v3,97.75,315,10746,82,Visitantes_Site,Estático,Campanha Contínua | Leads
5645,2025 | Janeiro,Quinta-Feira,Dia útil,Leads,2025-01-30,bottomfunnel_engajamento_ig_video_v3,84.19,85,2696,13,Engajamento_Instagram,Video,2º Lançamento | Leads
5646,2025 | Março,Segunda-Feira,Dia útil,Leads,2025-03-10,topfunnel_cargos_dados_video_v1,5.24,3,142,0,Cargos_Dados,Video,2º Lançamento | Leads
5647,2025 | Maio,Quinta-Feira,Dia útil,Leads,2025-05-08,midfunnel_engajamento_ig_carrossel_v3,153.19,301,6965,36,Engajamento_Instagram,Carrossel,2º Lançamento | Leads
5648,2025 | Junho,Sexta-Feira,Dia útil,Leads,2025-06-27,bottomfunnel_engajamento_ig_carrossel_v2,158.13,249,7415,34,Engajamento_Instagram,Carrossel,2º Lançamento | Leads
5649,2025 | Maio,Sábado,Final de semana,Vendas,2025-05-17,topfunnel_lal2_leads_carrossel_v1,119.27,268,6127,40,LookALike_Leads_2,Carrossel,1º Lançamento | Vendas
5650,2025 | Janeiro,Sexta-Feira,Dia útil,Leads,2025-01-24,topfunnel_cargos_dados_estatico_v2,48.86,27,1540,2,Cargos_Dados,Estático,2º Lançamento | Leads
5651,2025 | Agosto,Sábado,Final de semana,Vendas,2025-08-16,bottomfunnel_visitantes_site_video_v3,113.74,66,4240,1,Visitantes_Site,Video,1º Lançamento | Vendas
5652,2025 | Dezembro,Sexta-Feira,Dia útil,Vendas,2025-12-19,bottomfunnel_visitantes_site_video_v3,134.77,102,8505,3,Visitantes_Site,Video,Campanha Contínua | Vendas
5653,2025 | Junho,Sábado,Final de semana,Vendas,2025-06-21,topfunnel_interesses_dados_carrossel_v1,107.32,40,3354,8,Interesses_Dados,Carrossel,2º Lançamento | Vendas
5654,2025 | Dezembro,Terça-Feira,Dia útil,Leads,2025-12-02,bottomfunnel_visitantes_site_carrossel_v1,34.12,10,1244,0,Visitantes_Site,Carrossel,Campanha Contínua | Leads
5655,2025 | Março,Quarta-Feira,Dia útil,Leads,2025-03-19,topfunnel_lal2_leads_estatico_v3,17.96,25,659,5,LookALike_Leads_2,Estático,2º Lançamento | Leads
5656,2025 | Agosto,Sexta-Feira,Dia útil,Vendas,2025-08-15,topfunnel_lal2_leads_estatico_v1,69.78,47,1802,13,LookALike_Leads_2,Estático,Campanha Contínua | Vendas
5657,2025 | Setembro,Quarta-Feira,Dia útil,Leads,2025-09-24,topfunnel_cargos_dados_estatico_v1,179.07,231,11010,54,Cargos_Dados,Estático,2º Lançamento | Leads
5658,2025 | Maio,Sábado,Final de semana,Vendas,2025-05-10,bottomfunnel_rmkt_30d_carrossel_v2,71.8,43,1666,3,Remarketing_30dias,Carrossel,Campanha Contínua | Vendas
5659,2025 | Agosto,Sábado,Final de semana,Leads,2025-08-02,topfunnel_interesses_dados_carrossel_v3,120.59,62,3190,18,Interesses_Dados,Carrossel,2º Lançamento | Leads
5660,2025 | Setembro,Sexta-Feira,Dia útil,Vendas,2025-09-26,midfunnel_rmkt_60d_video_v3,76.03,129,3846,35,Remarketing_60dias,Video,2º Lançamento | Vendas
5661,2025 | Outubro,Quinta-Feira,Dia útil,Vendas,2025-10-16,topfunnel_lal1_compradores_estatico_v1,120.23,196,9274,24,LookALike_Compradores_1,Estático,Campanha Contínua | Vendas
5662,2025 | Setembro,Segunda-Feira,Dia útil,Leads,2025-09-08,topfunnel_cargos_dados_carrossel_v3,136.07,126,7096,15,Cargos_Dados,Carrossel,2º Lançamento | Leads
5663,2025 | Agosto,Terça-Feira,Dia útil,Leads,2025-08-05,midfunnel_visitantes_site_carrossel_v3,32.78,16,1210,2,Visitantes_Site,Carrossel,1º Lançamento | Leads
5664,2025 | Agosto,Terça-Feira,Dia útil,Vendas,2025-08-19,topfunnel_interesses_dados_carrossel_v3,124.94,249,5978,12,Interesses_Dados,Carrossel,Campanha Contínua | Vendas
5665,2025 | Maio,Quinta-Feira,Dia útil,Vendas,2025-05-01,midfunnel_rmkt_60d_estatico_v1,33.82,39,1559,11,Remarketing_60dias,Estático,1º Lançamento | Vendas
5666,2025 | Maio,Quarta-Feira,Dia útil,Leads,2025-05-28,topfunnel_lal2_leads_video_v1,138.44,115,3092,17,LookALike_Leads_2,Video,1º Lançamento | Leads
5667,2025 | Junho,Sexta-Feira,Dia útil,Leads,2025-06-20,midfunnel_rmkt_60d_carrossel_v3,148.34,233,9605,8,Remarketing_60dias,Carrossel,1º Lançamento | Leads
5668,2025 | Fevereiro,Sexta-Feira,Dia útil,Leads,2025-02-21,topfunnel_lal1_compradores_video_v3,134.49,273,13943,65,LookALike_Compradores_1,Video,2º Lançamento | Leads
5669,2025 | Julho,Sexta-Feira,Dia útil,Leads,2025-07-18,midfunnel_rmkt_60d_estatico_v1,52.17,25,2233,7,Remarketing_60dias,Estático,Campanha Contínua | Leads
5670,2025 | Julho,Sábado,Final de semana,Vendas,2025-07-12,bottomfunnel_rmkt_30d_video_v2,51.8,45,1510,8,Remarketing_30dias,Video,Campanha Contínua | Vendas
5671,2025 | Dezembro,Sábado,Final de semana,Vendas,2025-12-06,topfunnel_lal1_compradores_video_v2,29.26,46,1372,2,LookALike_Compradores_1,Video,Campanha Contínua | Vendas
5672,2025 | Novembro,Segunda-Feira,Dia útil,Vendas,2025-11-24,midfunnel_rmkt_30d_estatico_v2,25.7,32,1676,5,Remarketing_30dias,Estático,1º Lançamento | Vendas
5673,2025 | Maio,Quinta-Feira,Dia útil,Vendas,2025-05-15,bottomfunnel_rmkt_60d_carrossel_v1,71.45,79,2272,19,Remarketing_60dias,Carrossel,1º Lançamento | Vendas
5674,2025 | Junho,Sexta-Feira,Dia útil,Leads,2025-06-20,topfunnel_lal2_leads_video_v1,48.02,49,1171,13,LookALike_Leads_2,Video,1º Lançamento | Leads
5675,2025 | Janeiro,Sexta-Feira,Dia útil,Vendas,2025-01-24,topfunnel_interesses_dados_video_v1,111.27,258,13639,43,Interesses_Dados,Video,Campanha Contínua | Vendas
5676,2025 | Março,Terça-Feira,Dia útil,Leads,2025-03-11,topfunnel_cargos_dados_video_v2,11.64,15,444,2,Cargos_Dados,Video,Campanha Contínua | Leads
5677,2025 | Abril,Sábado,Final de semana,Leads,2025-04-26,bottomfunnel_visitantes_site_estatico_v1,92.87,20,3113,4,Visitantes_Site,Estático,Campanha Contínua | Leads
5678,2025 | Maio,Quarta-Feira,Dia útil,Vendas,2025-05-14,topfunnel_lal2_leads_estatico_v3,142.76,27,4846,7,LookALike_Leads_2,Estático,Campanha Contínua | Vendas
5679,2025 | Julho,Sexta-Feira,Dia útil,Leads,2025-07-04,midfunnel_rmkt_30d_video_v2,113.22,29,3219,5,Remarketing_30dias,Video,1º Lançamento | Leads
5680,2025 | Outubro,Quinta-Feira,Dia útil,Vendas,2025-10-23,topfunnel_lal1_compradores_estatico_v2,83.43,10,2003,1,LookALike_Compradores_1,Estático,2º Lançamento | Vendas
5681,2025 | Janeiro,Quarta-Feira,Dia útil,Leads,2025-01-08,bottomfunnel_engajamento_ig_estatico_v3,108.16,153,3529,4,Engajamento_Instagram,Estático,2º Lançamento | Leads
5682,2025 | Junho,Domingo,Final de semana,Leads,2025-06-15,bottomfunnel_engajamento_ig_carrossel_v3,128.84,122,9969,12,Engajamento_Instagram,Carrossel,1º Lançamento | Leads
5683,2025 | Maio,Sábado,Final de semana,Leads,2025-05-10,topfunnel_lal1_compradores_estatico_v1,125.01,169,4274,42,LookALike_Compradores_1,Estático,Campanha Contínua | Leads
5684,2025 | Agosto,Sexta-Feira,Dia útil,Vendas,2025-08-29,topfunnel_interesses_dados_carrossel_v1,70.27,117,4143,27,Interesses_Dados,Carrossel,1º Lançamento | Vendas
5685,2025 | Junho,Quarta-Feira,Dia útil,Vendas,2025-06-04,topfunnel_cargos_dados_video_v1,99.7,310,8290,24,Cargos_Dados,Video,Campanha Contínua | Vendas
5686,2025 | Julho,Quarta-Feira,Dia útil,Vendas,2025-07-30,topfunnel_interesses_dados_estatico_v1,129.55,158,10066,17,Interesses_Dados,Estático,1º Lançamento | Vendas
5687,2025 | Março,Domingo,Final de semana,Leads,2025-03-16,topfunnel_cargos_dados_video_v2,45.07,107,3338,25,Cargos_Dados,Video,1º Lançamento | Leads
5688,2025 | Janeiro,Quarta-Feira,Dia útil,Leads,2025-01-08,bottomfunnel_rmkt_30d_video_v3,169.04,365,11789,23,Remarketing_30dias,Video,Campanha Contínua | Leads
5689,2025 | Maio,Quinta-Feira,Dia útil,Leads,2025-05-01,topfunnel_lal2_leads_carrossel_v1,129.26,104,7771,6,LookALike_Leads_2,Carrossel,2º Lançamento | Leads
5690,2025 | Julho,Segunda-Feira,Dia útil,Leads,2025-07-14,topfunnel_lal2_leads_estatico_v1,106.94,84,2602,8,LookALike_Leads_2,Estático,Campanha Contínua | Leads
5691,2025 | Setembro,Domingo,Final de semana,Vendas,2025-09-07,bottomfunnel_rmkt_60d_video_v2,105.45,95,4921,25,Remarketing_60dias,Video,1º Lançamento | Vendas
5692,2025 | Outubro,Sexta-Feira,Dia útil,Leads,2025-10-10,topfunnel_lal2_leads_video_v3,12.04,29,704,3,LookALike_Leads_2,Video,1º Lançamento | Leads
5693,2025 | Setembro,Sábado,Final de semana,Vendas,2025-09-06,topfunnel_interesses_dados_carrossel_v2,77.6,21,1986,0,Interesses_Dados,Carrossel,Campanha Contínua | Vendas
5694,2025 | Abril,Sábado,Final de semana,Leads,2025-04-12,topfunnel_cargos_dados_estatico_v2,146.57,122,4477,26,Cargos_Dados,Estático,2º Lançamento | Leads
5695,2025 | Abril,Sexta-Feira,Dia útil,Leads,2025-04-11,topfunnel_cargos_dados_carrossel_v2,36.98,9,1390,1,Cargos_Dados,Carrossel,Campanha Contínua | Leads
5696,2025 | Março,Domingo,Final de semana,Leads,2025-03-23,topfunnel_cargos_dados_carrossel_v1,37.43,7,1079,1,Cargos_Dados,Carrossel,2º Lançamento | Leads
5697,2025 | Abril,Terça-Feira,Dia útil,Vendas,2025-04-01,midfunnel_rmkt_30d_estatico_v2,28.16,30,847,7,Remarketing_30dias,Estático,2º Lançamento | Vendas
5698,2025 | Janeiro,Quarta-Feira,Dia útil,Vendas,2025-01-22,topfunnel_interesses_dados_estatico_v2,15.71,33,804,2,Interesses_Dados,Estático,1º Lançamento | Vendas
5699,2025 | Maio,Sexta-Feira,Dia útil,Vendas,2025-05-09,midfunnel_engajamento_ig_estatico_v3,120.6,49,3784,10,Engajamento_Instagram,Estático,Campanha Contínua | Vendas
5700,2025 | Novembro,Quarta-Feira,Dia útil,Leads,2025-11-26,midfunnel_rmkt_60d_estatico_v3,173.86,62,5176,17,Remarketing_60dias,Estático,2º Lançamento | Leads
5701,2025 | Fevereiro,Quinta-Feira,Dia útil,Leads,2025-02-27,midfunnel_rmkt_30d_estatico_v1,129.53,160,5280,29,Remarketing_30dias,Estático,Campanha Contínua | Leads
5702,2025 | Fevereiro,Segunda-Feira,Dia útil,Vendas,2025-02-10,topfunnel_lal1_compradores_estatico_v1,137.83,161,4682,18,LookALike_Compradores_1,Estático,2º Lançamento | Vendas
5703,2025 | Julho,Sábado,Final de semana,Leads,2025-07-05,topfunnel_lal1_compradores_carrossel_v3,178.46,354,8588,19,LookALike_Compradores_1,Carrossel,1º Lançamento | Leads
5704,2025 | Dezembro,Quarta-Feira,Dia útil,Vendas,2025-12-24,topfunnel_lal1_compradores_video_v2,3.29,5,139,0,LookALike_Compradores_1,Video,Campanha Contínua | Vendas
5705,2025 | Junho,Quinta-Feira,Dia útil,Leads,2025-06-05,bottomfunnel_rmkt_60d_estatico_v2,85.28,49,2723,11,Remarketing_60dias,Estático,1º Lançamento | Leads
5706,2025 | Maio,Domingo,Final de semana,Leads,2025-05-18,bottomfunnel_visitantes_site_carrossel_v2,9.84,6,311,0,Visitantes_Site,Carrossel,1º Lançamento | Leads
5707,2025 | Agosto,Sábado,Final de semana,Vendas,2025-08-23,topfunnel_lal1_compradores_carrossel_v1,61.6,153,4806,37,LookALike_Compradores_1,Carrossel,Campanha Contínua | Vendas
5708,2025 | Dezembro,Terça-Feira,Dia útil,Vendas,2025-12-09,topfunnel_interesses_dados_video_v3,121.06,117,2951,13,Interesses_Dados,Video,2º Lançamento | Vendas
5709,2025 | Abril,Quarta-Feira,Dia útil,Vendas,2025-04-02,topfunnel_interesses_dados_video_v2,119.6,198,4883,32,Interesses_Dados,Video,Campanha Contínua | Vendas
5710,2025 | Outubro,Domingo,Final de semana,Vendas,2025-10-19,topfunnel_lal1_compradores_carrossel_v2,103.4,29,5390,2,LookALike_Compradores_1,Carrossel,2º Lançamento | Vendas
5711,2025 | Março,Sábado,Final de semana,Vendas,2025-03-29,midfunnel_visitantes_site_video_v1,78.86,147,4377,12,Visitantes_Site,Video,2º Lançamento | Vendas
5712,2025 | Novembro,Sexta-Feira,Dia útil,Leads,2025-11-21,midfunnel_rmkt_30d_estatico_v3,120.67,103,2935,26,Remarketing_30dias,Estático,2º Lançamento | Leads
5713,2025 | Fevereiro,Quinta-Feira,Dia útil,Leads,2025-02-06,midfunnel_rmkt_60d_video_v1,110.54,209,5418,28,Remarketing_60dias,Video,1º Lançamento | Leads
5714,2025 | Novembro,Domingo,Final de semana,Vendas,2025-11-30,midfunnel_visitantes_site_video_v3,177.79,239,12653,54,Visitantes_Site,Video,2º Lançamento | Vendas
5715,2025 | Maio,Quinta-Feira,Dia útil,Leads,2025-05-22,bottomfunnel_rmkt_60d_estatico_v1,79.69,77,2484,7,Remarketing_60dias,Estático,1º Lançamento | Leads
5716,2025 | Setembro,Quarta-Feira,Dia útil,Leads,2025-09-17,bottomfunnel_rmkt_30d_video_v3,133.33,38,5327,1,Remarketing_30dias,Video,1º Lançamento | Leads
5717,2025 | Janeiro,Domingo,Final de semana,Leads,2025-01-19,midfunnel_rmkt_60d_estatico_v2,72.03,96,2273,4,Remarketing_60dias,Estático,Campanha Contínua | Leads
5718,2025 | Setembro,Quinta-Feira,Dia útil,Leads,2025-09-18,topfunnel_lal1_compradores_video_v2,47.97,28,4536,8,LookALike_Compradores_1,Video,Campanha Contínua | Leads
5719,2025 | Fevereiro,Sábado,Final de semana,Leads,2025-02-01,midfunnel_rmkt_30d_carrossel_v3,151.59,220,8038,65,Remarketing_30dias,Carrossel,2º Lançamento | Leads
5720,2025 | Outubro,Domingo,Final de semana,Leads,2025-10-19,topfunnel_lal1_compradores_carrossel_v2,53.83,9,1317,0,LookALike_Compradores_1,Carrossel,2º Lançamento | Leads
5721,2025 | Janeiro,Terça-Feira,Dia útil,Vendas,2025-01-21,midfunnel_rmkt_60d_carrossel_v1,7.69,13,368,1,Remarketing_60dias,Carrossel,2º Lançamento | Vendas
5722,2025 | Setembro,Quinta-Feira,Dia útil,Leads,2025-09-25,bottomfunnel_visitantes_site_video_v2,5.24,9,218,1,Visitantes_Site,Video,1º Lançamento | Leads
5723,2025 | Maio,Sábado,Final de semana,Leads,2025-05-17,midfunnel_rmkt_30d_estatico_v2,74.06,22,2556,4,Remarketing_30dias,Estático,2º Lançamento | Leads
5724,2025 | Agosto,Domingo,Final de semana,Leads,2025-08-31,topfunnel_cargos_dados_video_v2,140.67,43,5028,12,Cargos_Dados,Video,1º Lançamento | Leads
5725,2025 | Março,Domingo,Final de semana,Leads,2025-03-02,bottomfunnel_engajamento_ig_video_v1,47.95,39,1339,3,Engajamento_Instagram,Video,1º Lançamento | Leads
5726,2025 | Julho,Segunda-Feira,Dia útil,Leads,2025-07-21,midfunnel_engajamento_ig_estatico_v3,47.72,34,1411,9,Engajamento_Instagram,Estático,2º Lançamento | Leads
5727,2025 | Abril,Segunda-Feira,Dia útil,Leads,2025-04-21,topfunnel_lal1_compradores_estatico_v1,91.12,84,8474,11,LookALike_Compradores_1,Estático,2º Lançamento | Leads
5728,2025 | Janeiro,Sexta-Feira,Dia útil,Leads,2025-01-17,midfunnel_rmkt_60d_estatico_v2,166.94,129,5897,31,Remarketing_60dias,Estático,Campanha Contínua | Leads
5729,2025 | Novembro,Domingo,Final de semana,Leads,2025-11-09,topfunnel_cargos_dados_estatico_v1,146.73,51,6358,1,Cargos_Dados,Estático,Campanha Contínua | Leads
5730,2025 | Dezembro,Terça-Feira,Dia útil,Leads,2025-12-02,midfunnel_rmkt_30d_video_v3,151.13,20,4130,3,Remarketing_30dias,Video,Campanha Contínua | Leads
5731,2025 | Setembro,Terça-Feira,Dia útil,Leads,2025-09-16,topfunnel_lal2_leads_carrossel_v1,178.92,187,6018,48,LookALike_Leads_2,Carrossel,Campanha Contínua | Leads
5732,2025 | Abril,Sábado,Final de semana,Leads,2025-04-05,topfunnel_lal2_leads_estatico_v3,16.15,18,471,1,LookALike_Leads_2,Estático,1º Lançamento | Leads
5733,2025 | Julho,Quarta-Feira,Dia útil,Leads,2025-07-02,bottomfunnel_rmkt_30d_estatico_v1,28.89,36,1215,5,Remarketing_30dias,Estático,Campanha Contínua | Leads
5734,2025 | Dezembro,Terça-Feira,Dia útil,Leads,2025-12-30,bottomfunnel_engajamento_ig_estatico_v3,13.6,21,1228,6,Engajamento_Instagram,Estático,1º Lançamento | Leads
5735,2025 | Outubro,Sexta-Feira,Dia útil,Vendas,2025-10-17,topfunnel_cargos_dados_carrossel_v2,28.84,7,1599,0,Cargos_Dados,Carrossel,2º Lançamento | Vendas
5736,2025 | Setembro,Sexta-Feira,Dia útil,Leads,2025-09-12,bottomfunnel_rmkt_30d_carrossel_v2,83.93,194,8019,31,Remarketing_30dias,Carrossel,1º Lançamento | Leads
5737,2025 | Maio,Sexta-Feira,Dia útil,Vendas,2025-05-09,bottomfunnel_rmkt_30d_carrossel_v1,129.56,42,3249,9,Remarketing_30dias,Carrossel,1º Lançamento | Vendas
5738,2025 | Julho,Terça-Feira,Dia útil,Leads,2025-07-01,topfunnel_cargos_dados_video_v3,34.5,43,2004,1,Cargos_Dados,Video,Campanha Contínua | Leads
5739,2025 | Julho,Sexta-Feira,Dia útil,Vendas,2025-07-18,topfunnel_lal1_compradores_video_v2,149.16,100,3557,29,LookALike_Compradores_1,Video,Campanha Contínua | Vendas
5740,2025 | Março,Sábado,Final de semana,Vendas,2025-03-01,bottomfunnel_engajamento_ig_carrossel_v1,158.99,217,5519,62,Engajamento_Instagram,Carrossel,2º Lançamento | Vendas
5741,2025 | Fevereiro,Quarta-Feira,Dia útil,Vendas,2025-02-26,topfunnel_lal1_compradores_carrossel_v2,2.79,0,165,0,LookALike_Compradores_1,Carrossel,Campanha Contínua | Vendas
5742,2025 | Dezembro,Terça-Feira,Dia útil,Vendas,2025-12-02,topfunnel_lal2_leads_estatico_v2,40.9,62,1759,8,LookALike_Leads_2,Estático,1º Lançamento | Vendas
5743,2025 | Abril,Terça-Feira,Dia útil,Vendas,2025-04-22,bottomfunnel_visitantes_site_video_v2,127.14,96,4000,2,Visitantes_Site,Video,Campanha Contínua | Vendas
5744,2025 | Junho,Terça-Feira,Dia útil,Leads,2025-06-24,topfunnel_lal1_compradores_carrossel_v1,62.81,47,1492,1,LookALike_Compradores_1,Carrossel,1º Lançamento | Leads
5745,2025 | Janeiro,Quinta-Feira,Dia útil,Leads,2025-01-23,topfunnel_cargos_dados_estatico_v1,125.3,103,4197,3,Cargos_Dados,Estático,2º Lançamento | Leads
5746,2025 | Agosto,Sábado,Final de semana,Vendas,2025-08-09,bottomfunnel_rmkt_60d_video_v1,152.35,182,8623,23,Remarketing_60dias,Video,2º Lançamento | Vendas
5747,2025 | Janeiro,Terça-Feira,Dia útil,Vendas,2025-01-07,topfunnel_lal1_compradores_estatico_v2,18.87,45,1527,2,LookALike_Compradores_1,Estático,2º Lançamento | Vendas
5748,2025 | Novembro,Domingo,Final de semana,Vendas,2025-11-09,bottomfunnel_rmkt_30d_estatico_v3,49.28,54,5776,15,Remarketing_30dias,Estático,2º Lançamento | Vendas
5749,2025 | Agosto,Sexta-Feira,Dia útil,Leads,2025-08-15,topfunnel_interesses_dados_video_v2,79.79,19,3927,4,Interesses_Dados,Video,Campanha Contínua | Leads
5750,2025 | Janeiro,Terça-Feira,Dia útil,Leads,2025-01-21,topfunnel_lal2_leads_estatico_v3,157.07,36,4449,8,LookALike_Leads_2,Estático,2º Lançamento | Leads
5751,2025 | Novembro,Quinta-Feira,Dia útil,Vendas,2025-11-27,topfunnel_cargos_dados_video_v3,59.7,24,1730,4,Cargos_Dados,Video,1º Lançamento | Vendas
5752,2025 | Abril,Sábado,Final de semana,Vendas,2025-04-12,topfunnel_lal1_compradores_video_v2,90.49,70,3170,8,LookALike_Compradores_1,Video,2º Lançamento | Vendas
5753,2025 | Agosto,Sábado,Final de semana,Vendas,2025-08-30,midfunnel_rmkt_30d_estatico_v2,46.58,63,1434,9,Remarketing_30dias,Estático,1º Lançamento | Vendas
5754,2025 | Novembro,Segunda-Feira,Dia útil,Vendas,2025-11-03,topfunnel_lal2_leads_video_v3,21.08,55,2087,12,LookALike_Leads_2,Video,Campanha Contínua | Vendas
5755,2025 | Janeiro,Terça-Feira,Dia útil,Leads,2025-01-14,topfunnel_interesses_dados_video_v1,3.04,3,96,0,Interesses_Dados,Video,1º Lançamento | Leads
5756,2025 | Maio,Sábado,Final de semana,Leads,2025-05-03,topfunnel_interesses_dados_estatico_v1,108.52,97,3530,11,Interesses_Dados,Estático,Campanha Contínua | Leads
5757,2025 | Setembro,Quarta-Feira,Dia útil,Leads,2025-09-24,bottomfunnel_visitantes_site_video_v2,17.48,80,2012,7,Visitantes_Site,Video,2º Lançamento | Leads
5758,2025 | Novembro,Segunda-Feira,Dia útil,Leads,2025-11-03,bottomfunnel_rmkt_30d_carrossel_v3,121.67,60,2967,2,Remarketing_30dias,Carrossel,Campanha Contínua | Leads
5759,2025 | Março,Sexta-Feira,Dia útil,Leads,2025-03-14,topfunnel_cargos_dados_estatico_v3,151.61,134,6207,3,Cargos_Dados,Estático,2º Lançamento | Leads
5760,2025 | Janeiro,Sexta-Feira,Dia útil,Vendas,2025-11-28,topfunnel_lal1_compradores_video_v3,70.23,22,1973,4,LookALike_Compradores_1,Video,2º Lançamento | Vendas
5761,2025 | Julho,Quarta-Feira,Dia útil,Vendas,2025-07-02,topfunnel_cargos_dados_video_v3,96.65,128,4898,31,Cargos_Dados,Video,2º Lançamento | Vendas
5762,2025 | Novembro,Domingo,Final de semana,Leads,2025-11-16,bottomfunnel_rmkt_30d_video_v2,65.03,69,1607,11,Remarketing_30dias,Video,1º Lançamento | Leads
5763,2025 | Abril,Quarta-Feira,Dia útil,Leads,2025-04-30,topfunnel_lal2_leads_estatico_v1,141.82,106,7371,23,LookALike_Leads_2,Estático,1º Lançamento | Leads
5764,2025 | Dezembro,Terça-Feira,Dia útil,Vendas,2025-12-09,topfunnel_lal2_leads_video_v2,139.38,128,4369,32,LookALike_Leads_2,Video,Campanha Contínua | Vendas
5765,2025 | Junho,Quarta-Feira,Dia útil,Leads,2025-06-18,bottomfunnel_rmkt_30d_carrossel_v3,56.81,32,2523,5,Remarketing_30dias,Carrossel,1º Lançamento | Leads
5766,2025 | Dezembro,Segunda-Feira,Dia útil,Leads,2025-12-01,topfunnel_lal1_compradores_video_v1,53.18,53,1774,9,LookALike_Compradores_1,Video,2º Lançamento | Leads
5767,2025 | Março,Sábado,Final de semana,Vendas,2025-03-22,midfunnel_rmkt_60d_estatico_v2,14.82,14,335,0,Remarketing_60dias,Estático,2º Lançamento | Vendas
5768,2025 | Setembro,Terça-Feira,Dia útil,Leads,2025-09-09,topfunnel_lal1_compradores_carrossel_v3,75.08,129,6656,34,LookALike_Compradores_1,Carrossel,2º Lançamento | Leads
5769,2025 | Setembro,Terça-Feira,Dia útil,Vendas,2025-09-16,topfunnel_lal2_leads_carrossel_v3,30.91,54,1586,13,LookALike_Leads_2,Carrossel,2º Lançamento | Vendas
5770,2025 | Outubro,Sexta-Feira,Dia útil,Leads,2025-10-10,bottomfunnel_rmkt_30d_carrossel_v2,127.18,90,3034,9,Remarketing_30dias,Carrossel,2º Lançamento | Leads
5771,2025 | Novembro,Segunda-Feira,Dia útil,Leads,2025-11-17,bottomfunnel_rmkt_30d_carrossel_v1,96.04,80,2314,10,Remarketing_30dias,Carrossel,2º Lançamento | Leads
5772,2025 | Novembro,Quarta-Feira,Dia útil,Vendas,2025-11-05,topfunnel_interesses_dados_estatico_v2,110.27,28,4905,5,Interesses_Dados,Estático,2º Lançamento | Vendas
5773,2025 | Junho,Quinta-Feira,Dia útil,Vendas,2025-06-19,topfunnel_cargos_dados_carrossel_v3,128.47,56,7906,11,Cargos_Dados,Carrossel,1º Lançamento | Vendas
5774,2025 | Janeiro,Domingo,Final de semana,Leads,2025-01-12,topfunnel_lal2_leads_carrossel_v1,112.19,98,2995,21,LookALike_Leads_2,Carrossel,Campanha Contínua | Leads
5775,2025 | Agosto,Quarta-Feira,Dia útil,Vendas,2025-08-06,topfunnel_interesses_dados_estatico_v1,94.02,95,2589,26,Interesses_Dados,Estático,1º Lançamento | Vendas
5776,2025 | Maio,Quinta-Feira,Dia útil,Vendas,2025-05-22,topfunnel_interesses_dados_video_v3,96.19,96,3173,8,Interesses_Dados,Video,2º Lançamento | Vendas
5777,2025 | Fevereiro,Sexta-Feira,Dia útil,Leads,2025-02-14,midfunnel_rmkt_30d_estatico_v2,117.98,108,3290,6,Remarketing_30dias,Estático,2º Lançamento | Leads
5778,2025 | Janeiro,Segunda-Feira,Dia útil,Leads,2025-01-13,midfunnel_rmkt_60d_video_v1,148.19,186,4938,6,Remarketing_60dias,Video,Campanha Contínua | Leads
5779,2025 | Janeiro,Quarta-Feira,Dia útil,Leads,2025-01-29,bottomfunnel_engajamento_ig_estatico_v2,61.79,114,6659,33,Engajamento_Instagram,Estático,2º Lançamento | Leads
5780,2025 | Setembro,Sexta-Feira,Dia útil,Vendas,2025-09-05,midfunnel_engajamento_ig_carrossel_v3,-45.61,13,1044,3,Engajamento_Instagram,Carrossel,1º Lançamento | Vendas
5781,2025 | Maio,Domingo,Final de semana,Leads,2025-05-18,bottomfunnel_rmkt_60d_estatico_v1,179.13,38,4936,5,Remarketing_60dias,Estático,1º Lançamento | Leads
5782,2025 | Março,Terça-Feira,Dia útil,Leads,2025-03-18,midfunnel_engajamento_ig_estatico_v3,51.36,46,1265,9,Engajamento_Instagram,Estático,Campanha Contínua | Leads
5783,2025 | Maio,Sexta-Feira,Dia útil,Vendas,2025-05-16,bottomfunnel_engajamento_ig_estatico_v1,81.24,130,5805,15,Engajamento_Instagram,Estático,2º Lançamento | Vendas
5784,2025 | Agosto,Domingo,Final de semana,Leads,2025-08-31,bottomfunnel_engajamento_ig_video_v2,7.73,4,294,0,Engajamento_Instagram,Video,2º Lançamento | Leads
5785,2025 | Junho,Sexta-Feira,Dia útil,Leads,2025-06-06,topfunnel_lal1_compradores_video_v3,106.9,168,5314,40,LookALike_Compradores_1,Video,Campanha Contínua | Leads
5786,2025 | Junho,Quarta-Feira,Dia útil,Vendas,2025-06-18,bottomfunnel_engajamento_ig_video_v3,46.77,33,1235,5,Engajamento_Instagram,Video,2º Lançamento | Vendas
5787,2025 | Junho,Quarta-Feira,Dia útil,Leads,2025-06-18,topfunnel_cargos_dados_video_v2,169.15,59,6651,6,Cargos_Dados,Video,1º Lançamento | Leads
5788,2025 | Agosto,Quarta-Feira,Dia útil,Leads,2025-08-20,topfunnel_lal1_compradores_video_v3,117.43,313,8360,76,LookALike_Compradores_1,Video,Campanha Contínua | Leads
5789,2025 | Agosto,Sábado,Final de semana,Vendas,2025-08-09,topfunnel_cargos_dados_carrossel_v1,164.57,141,7505,9,Cargos_Dados,Carrossel,2º Lançamento | Vendas
5790,2025 | Maio,Sexta-Feira,Dia útil,Leads,2025-05-09,midfunnel_rmkt_60d_video_v2,106.19,84,2422,24,Remarketing_60dias,Video,1º Lançamento | Leads
5791,2025 | Novembro,Quinta-Feira,Dia útil,Leads,2025-11-06,midfunnel_visitantes_site_estatico_v2,119.06,41,3809,8,Visitantes_Site,Estático,Campanha Contínua | Leads
5792,2025 | Maio,Quinta-Feira,Dia útil,Leads,2025-05-15,bottomfunnel_visitantes_site_estatico_v2,156.14,293,7348,63,Visitantes_Site,Estático,Campanha Contínua | Leads
5793,2025 | Dezembro,Sexta-Feira,Dia útil,Vendas,2025-12-05,topfunnel_lal1_compradores_video_v3,131.82,185,5203,48,LookALike_Compradores_1,Video,1º Lançamento | Vendas
5794,2025 | Agosto,Domingo,Final de semana,Leads,2025-08-17,bottomfunnel_rmkt_30d_carrossel_v3,28.55,15,709,3,Remarketing_30dias,Carrossel,2º Lançamento | Leads
5795,2025 | Dezembro,Sábado,Final de semana,Leads,2025-12-20,bottomfunnel_rmkt_60d_carrossel_v1,6.88,5,178,1,Remarketing_60dias,Carrossel,Campanha Contínua | Leads
5796,2025 | Maio,Sábado,Final de semana,Leads,2025-05-03,midfunnel_rmkt_60d_estatico_v2,13.27,19,431,1,Remarketing_60dias,Estático,Campanha Contínua | Leads
5797,2025 | Janeiro,Sábado,Final de semana,Leads,2025-01-04,bottomfunnel_engajamento_ig_carrossel_v3,131.01,139,4195,24,Engajamento_Instagram,Carrossel,Campanha Contínua | Leads
5798,2025 | Janeiro,Sexta-Feira,Dia útil,Leads,2025-01-24,topfunnel_lal2_leads_estatico_v1,160.19,173,4096,11,LookALike_Leads_2,Estático,1º Lançamento | Leads
5799,2025 | Junho,Domingo,Final de semana,Leads,2025-06-07,topfunnel_lal2_leads_video_v1,64.79,27,2285,6,LookALike_Leads_2,Video,Campanha Contínua | Leads
5800,2025 | Fevereiro,Quinta-Feira,Dia útil,Leads,2025-02-13,bottomfunnel_engajamento_ig_video_v1,14.03,10,537,1,Engajamento_Instagram,Video,1º Lançamento | Leads
5801,2025 | Maio,Quinta-Feira,Dia útil,Vendas,2025-05-01,topfunnel_lal2_leads_video_v1,54.29,70,1603,19,LookALike_Leads_2,Video,Campanha Contínua | Vendas
5802,2025 | Dezembro,Sábado,Final de semana,Vendas,2025-12-20,bottomfunnel_engajamento_ig_estatico_v3,23.85,57,1670,11,Engajamento_Instagram,Estático,Campanha Contínua | Vendas
5803,2025 | Outubro,Terça-Feira,Dia útil,Leads,2025-10-07,bottomfunnel_engajamento_ig_estatico_v1,168.59,150,15593,16,Engajamento_Instagram,Estático,Campanha Contínua | Leads
5804,2025 | Novembro,Quarta-Feira,Dia útil,Vendas,2025-11-19,topfunnel_cargos_dados_estatico_v2,74.36,70,1686,9,Cargos_Dados,Estático,1º Lançamento | Vendas
5805,2025 | Dezembro,Quinta-Feira,Dia útil,Leads,2025-12-18,midfunnel_engajamento_ig_estatico_v3,50.01,28,1532,5,Engajamento_Instagram,Estático,2º Lançamento | Leads
5806,2025 | Agosto,Sexta-Feira,Dia útil,Leads,2025-08-22,topfunnel_cargos_dados_video_v2,179.39,37,5957,11,Cargos_Dados,Video,Campanha Contínua | Leads
5807,2025 | Abril,Segunda-Feira,Dia útil,Leads,2025-04-07,topfunnel_interesses_dados_video_v2,44.95,20,2179,2,Interesses_Dados,Video,1º Lançamento | Leads
5808,2025 | Fevereiro,Segunda-Feira,Dia útil,Leads,2025-02-03,midfunnel_visitantes_site_carrossel_v1,170.88,226,5970,25,Visitantes_Site,Carrossel,2º Lançamento | Leads
5809,2025 | Fevereiro,Segunda-Feira,Dia útil,Vendas,2025-02-17,topfunnel_lal1_compradores_estatico_v1,79.67,67,3128,13,LookALike_Compradores_1,Estático,1º Lançamento | Vendas
5810,2025 | Março,Sábado,Final de semana,Leads,2025-03-01,bottomfunnel_engajamento_ig_estatico_v1,100.75,269,6651,17,Engajamento_Instagram,Estático,2º Lançamento | Leads
5811,2025 | Janeiro,Domingo,Final de semana,Vendas,2025-01-05,midfunnel_visitantes_site_video_v3,165.49,202,4641,50,Visitantes_Site,Video,1º Lançamento | Vendas
5812,2025 | Janeiro,Sexta-Feira,Dia útil,Leads,2025-01-17,bottomfunnel_visitantes_site_estatico_v2,60.63,10,1528,1,Visitantes_Site,Estático,Campanha Contínua | Leads
5813,2025 | Novembro,Quinta-Feira,Dia útil,Leads,2025-11-06,topfunnel_lal2_leads_estatico_v1,43.76,30,1286,3,LookALike_Leads_2,Estático,Campanha Contínua | Leads
5814,2025 | Dezembro,Quarta-Feira,Dia útil,Vendas,2025-12-03,midfunnel_visitantes_site_carrossel_v1,9.8,8,237,0,Visitantes_Site,Carrossel,2º Lançamento | Vendas
5815,2025 | Julho,Quarta-Feira,Dia útil,Leads,2025-07-09,bottomfunnel_rmkt_30d_estatico_v3,93.08,123,2786,10,Remarketing_30dias,Estático,Campanha Contínua | Leads
5816,2025 | Agosto,Domingo,Final de semana,Leads,2025-08-10,bottomfunnel_rmkt_60d_carrossel_v3,57.42,77,1950,2,Remarketing_60dias,Carrossel,2º Lançamento | Leads
5817,2025 | Abril,Quinta-Feira,Dia útil,Vendas,2025-04-10,midfunnel_engajamento_ig_estatico_v3,27.28,114,3029,27,Engajamento_Instagram,Estático,2º Lançamento | Vendas
5818,2025 | Março,Quinta-Feira,Dia útil,Vendas,2025-03-13,midfunnel_rmkt_60d_video_v1,18.4,7,475,0,Remarketing_60dias,Video,1º Lançamento | Vendas
5819,2025 | Novembro,Terça-Feira,Dia útil,Vendas,2025-11-25,bottomfunnel_visitantes_site_video_v3,120.31,46,4291,8,Visitantes_Site,Video,Campanha Contínua | Vendas
5820,2025 | Abril,Quinta-Feira,Dia útil,Leads,2025-04-17,topfunnel_cargos_dados_video_v1,27.07,77,3116,17,Cargos_Dados,Video,Campanha Contínua | Leads
5821,2025 | Setembro,Terça-Feira,Dia útil,Leads,2025-09-16,topfunnel_lal1_compradores_video_v2,160.26,186,4343,39,LookALike_Compradores_1,Video,2º Lançamento | Leads
5822,2025 | Novembro,Sábado,Final de semana,Leads,2025-11-15,bottomfunnel_rmkt_60d_estatico_v1,79.64,11,1787,2,Remarketing_60dias,Estático,2º Lançamento | Leads
5823,2025 | Setembro,Sábado,Final de semana,Leads,2025-09-20,bottomfunnel_rmkt_30d_video_v3,174.13,751,19051,83,Remarketing_30dias,Video,Campanha Contínua | Leads
5824,2025 | Maio,Segunda-Feira,Dia útil,Vendas,2025-05-19,topfunnel_lal1_compradores_video_v3,138.96,444,11220,42,LookALike_Compradores_1,Video,1º Lançamento | Vendas
5825,2025 | Agosto,Sábado,Final de semana,Leads,2025-08-02,bottomfunnel_visitantes_site_estatico_v1,35.47,8,1007,2,Visitantes_Site,Estático,2º Lançamento | Leads
5826,2025 | Maio,Sábado,Final de semana,Leads,2025-05-17,topfunnel_cargos_dados_carrossel_v1,137.15,183,5370,9,Cargos_Dados,Carrossel,2º Lançamento | Leads
5827,2025 | Novembro,Sábado,Final de semana,Vendas,2025-11-15,topfunnel_lal1_compradores_carrossel_v1,44.2,56,2346,7,LookALike_Compradores_1,Carrossel,Campanha Contínua | Vendas
5828,2025 | Outubro,Domingo,Final de semana,Leads,2025-10-19,bottomfunnel_visitantes_site_carrossel_v3,115.12,15,3103,2,Visitantes_Site,Carrossel,1º Lançamento | Leads
5829,2025 | Fevereiro,Sábado,Final de semana,Leads,2025-02-08,topfunnel_lal1_compradores_video_v1,62.91,44,1418,13,LookALike_Compradores_1,Video,2º Lançamento | Leads
5830,2025 | Janeiro,Sexta-Feira,Dia útil,Vendas,2025-01-10,bottomfunnel_rmkt_60d_video_v2,114.62,79,2583,21,Remarketing_60dias,Video,2º Lançamento | Vendas
5831,2025 | Abril,Quinta-Feira,Dia útil,Leads,2025-04-17,topfunnel_lal1_compradores_carrossel_v2,8.42,8,683,0,LookALike_Compradores_1,Carrossel,Campanha Contínua | Leads
5832,2025 | Janeiro,Quarta-Feira,Dia útil,Leads,2025-01-15,topfunnel_cargos_dados_estatico_v2,134.74,101,3185,30,Cargos_Dados,Estático,Campanha Contínua | Leads
5833,2025 | Outubro,Quarta-Feira,Dia útil,Vendas,2025-10-15,topfunnel_lal1_compradores_estatico_v3,90.44,77,5082,20,LookALike_Compradores_1,Estático,2º Lançamento | Vendas
5834,2025 | Junho,Domingo,Final de semana,Leads,2025-06-15,topfunnel_interesses_dados_carrossel_v2,103.71,219,6571,6,Interesses_Dados,Carrossel,2º Lançamento | Leads
5835,2025 | Novembro,Domingo,Final de semana,Vendas,2025-11-23,midfunnel_rmkt_60d_video_v3,102.92,129,4748,25,Remarketing_60dias,Video,1º Lançamento | Vendas
5836,2025 | Setembro,Sábado,Final de semana,Vendas,2025-09-20,topfunnel_interesses_dados_carrossel_v2,147.04,142,6445,3,Interesses_Dados,Carrossel,Campanha Contínua | Vendas
5837,2025 | Julho,Sexta-Feira,Dia útil,Leads,2025-07-04,bottomfunnel_visitantes_site_carrossel_v3,157.87,535,16470,39,Visitantes_Site,Carrossel,2º Lançamento | Leads
5838,2025 | Março,Sábado,Final de semana,Leads,2025-03-15,topfunnel_lal1_compradores_carrossel_v3,119.71,39,4028,9,LookALike_Compradores_1,Carrossel,Campanha Contínua | Leads
5839,2025 | Novembro,Sexta-Feira,Dia útil,Leads,2025-11-21,midfunnel_rmkt_30d_carrossel_v1,87.39,127,5485,29,Remarketing_30dias,Carrossel,1º Lançamento | Leads
5840,2025 | Janeiro,Segunda-Feira,Dia útil,Leads,2025-01-27,bottomfunnel_engajamento_ig_carrossel_v3,65.47,44,1948,7,Engajamento_Instagram,Carrossel,Campanha Contínua | Leads
5841,2025 | Fevereiro,Domingo,Final de semana,Vendas,2025-02-09,bottomfunnel_rmkt_60d_video_v3,118.55,12,2809,0,Remarketing_60dias,Video,1º Lançamento | Vendas
5842,2025 | Outubro,Sábado,Final de semana,Leads,2025-10-11,bottomfunnel_engajamento_ig_video_v1,2.92,1,66,0,Engajamento_Instagram,Video,Campanha Contínua | Leads
5843,2025 | Dezembro,Quarta-Feira,Dia útil,Leads,2025-12-03,topfunnel_cargos_dados_carrossel_v1,120.62,37,4511,9,Cargos_Dados,Carrossel,Campanha Contínua | Leads
5844,2025 | Maio,Segunda-Feira,Dia útil,Vendas,2025-05-26,topfunnel_cargos_dados_estatico_v2,159.43,93,4704,10,Cargos_Dados,Estático,2º Lançamento | Vendas
5845,2025 | Agosto,Sábado,Final de semana,Leads,2025-08-09,midfunnel_rmkt_60d_video_v3,173.07,171,4776,50,Remarketing_60dias,Video,Campanha Contínua | Leads
5846,2025 | Agosto,Domingo,Final de semana,Leads,2025-08-17,topfunnel_lal1_compradores_carrossel_v1,119.89,95,9604,8,LookALike_Compradores_1,Carrossel,2º Lançamento | Leads
5847,2025 | Agosto,Sábado,Final de semana,Leads,2025-08-09,topfunnel_interesses_dados_estatico_v3,174.59,438,12624,13,Interesses_Dados,Estático,2º Lançamento | Leads
5848,2025 | Junho,Quarta-Feira,Dia útil,Vendas,2025-06-25,topfunnel_cargos_dados_carrossel_v2,146.87,227,11408,54,Cargos_Dados,Carrossel,Campanha Contínua | Vendas
5849,2025 | Outubro,Quinta-Feira,Dia útil,Leads,2025-10-16,topfunnel_interesses_dados_carrossel_v3,13.21,13,1217,1,Interesses_Dados,Carrossel,Campanha Contínua | Leads
5850,2025 | Janeiro,Domingo,Final de semana,Leads,2025-01-12,topfunnel_lal2_leads_carrossel_v2,62.36,128,2881,25,LookALike_Leads_2,Carrossel,1º Lançamento | Leads
5851,2025 | Abril,Domingo,Final de semana,Leads,2025-04-06,bottomfunnel_rmkt_30d_estatico_v1,54.58,56,2817,3,Remarketing_30dias,Estático,Campanha Contínua | Leads
5852,2025 | Janeiro,Domingo,Final de semana,Vendas,2025-01-12,midfunnel_rmkt_60d_carrossel_v2,176.7,293,6554,65,Remarketing_60dias,Carrossel,Campanha Contínua | Vendas
5853,2025 | Janeiro,Terça-Feira,Dia útil,Leads,2025-01-07,bottomfunnel_visitantes_site_video_v1,95.64,238,9072,31,Visitantes_Site,Video,2º Lançamento | Leads
5854,2025 | Agosto,Domingo,Final de semana,Leads,2025-08-17,topfunnel_interesses_dados_video_v3,91.59,97,6169,27,Interesses_Dados,Video,1º Lançamento | Leads
5855,2025 | Julho,Quinta-Feira,Dia útil,Leads,2025-07-10,bottomfunnel_visitantes_site_carrossel_v3,92.84,94,2381,11,Visitantes_Site,Carrossel,2º Lançamento | Leads
5856,2025 | Fevereiro,Domingo,Final de semana,Leads,2025-02-16,bottomfunnel_visitantes_site_carrossel_v1,113.03,192,6469,11,Visitantes_Site,Carrossel,1º Lançamento | Leads
5857,2025 | Setembro,Sexta-Feira,Dia útil,Leads,2025-09-05,bottomfunnel_rmkt_60d_video_v3,87.62,30,2755,5,Remarketing_60dias,Video,Campanha Contínua | Leads
5858,2025 | Março,Segunda-Feira,Dia útil,Leads,2025-03-24,topfunnel_cargos_dados_carrossel_v1,116.73,51,4672,5,Cargos_Dados,Carrossel,1º Lançamento | Leads
5859,2025 | Dezembro,Segunda-Feira,Dia útil,Vendas,2025-12-01,midfunnel_rmkt_60d_video_v2,113.46,72,2900,3,Remarketing_60dias,Video,1º Lançamento | Vendas
5860,2025 | Fevereiro,Segunda-Feira,Dia útil,Leads,2025-02-24,bottomfunnel_engajamento_ig_video_v1,13.25,12,1294,3,Engajamento_Instagram,Video,1º Lançamento | Leads
5861,2025 | Janeiro,Quinta-Feira,Dia útil,Leads,2025-01-09,topfunnel_interesses_dados_video_v1,52.5,45,2736,1,Interesses_Dados,Video,1º Lançamento | Leads
5862,2025 | Agosto,Quarta-Feira,Dia útil,Vendas,2025-08-27,topfunnel_lal1_compradores_estatico_v2,120.32,133,3902,35,LookALike_Compradores_1,Estático,2º Lançamento | Vendas
5863,2025 | Janeiro,Segunda-Feira,Dia útil,Vendas,2025-01-13,topfunnel_cargos_dados_estatico_v1,133.94,94,4643,26,Cargos_Dados,Estático,2º Lançamento | Vendas
5864,2025 | Novembro,Segunda-Feira,Dia útil,Leads,2025-11-10,topfunnel_lal2_leads_carrossel_v1,64.9,43,1975,10,LookALike_Leads_2,Carrossel,1º Lançamento | Leads
5865,2025 | Fevereiro,Domingo,Final de semana,Leads,2025-02-02,topfunnel_lal1_compradores_estatico_v3,79.62,125,4251,18,LookALike_Compradores_1,Estático,Campanha Contínua | Leads
5866,2025 | Agosto,Domingo,Final de semana,Vendas,2025-08-17,bottomfunnel_rmkt_30d_video_v3,7.17,6,756,0,Remarketing_30dias,Video,2º Lançamento | Vendas
5867,2025 | Setembro,Sábado,Final de semana,Leads,2025-09-13,midfunnel_visitantes_site_carrossel_v1,10.57,40,1012,9,Visitantes_Site,Carrossel,2º Lançamento | Leads
5868,2025 | Janeiro,Domingo,Final de semana,Vendas,2025-01-05,topfunnel_cargos_dados_video_v3,68.06,30,2339,6,Cargos_Dados,Video,1º Lançamento | Vendas
5869,2025 | Abril,Sexta-Feira,Dia útil,Vendas,2025-04-18,topfunnel_interesses_dados_estatico_v1,40.16,76,1743,3,Interesses_Dados,Estático,2º Lançamento | Vendas
5870,2025 | Novembro,Sábado,Final de semana,Vendas,2025-11-15,topfunnel_lal2_leads_estatico_v3,57.06,39,1409,1,LookALike_Leads_2,Estático,1º Lançamento | Vendas
5871,2025 | Fevereiro,Quinta-Feira,Dia útil,Leads,2025-02-27,midfunnel_visitantes_site_video_v1,68.19,54,2420,4,Visitantes_Site,Video,1º Lançamento | Leads
5872,2025 | Abril,Sexta-Feira,Dia útil,Leads,2025-04-11,bottomfunnel_visitantes_site_carrossel_v3,73.62,81,4999,6,Visitantes_Site,Carrossel,1º Lançamento | Leads
5873,2025 | Junho,Quarta-Feira,Dia útil,Leads,2025-06-04,bottomfunnel_rmkt_60d_carrossel_v3,105.58,46,6750,4,Remarketing_60dias,Carrossel,Campanha Contínua | Leads
5874,2025 | Outubro,Sexta-Feira,Dia útil,Leads,2025-10-10,topfunnel_lal1_compradores_carrossel_v3,6.59,4,206,0,LookALike_Compradores_1,Carrossel,2º Lançamento | Leads
5875,2025 | Setembro,Domingo,Final de semana,Leads,2025-09-28,midfunnel_rmkt_60d_estatico_v1,30.22,17,1160,2,Remarketing_60dias,Estático,2º Lançamento | Leads
5876,2025 | Março,Sábado,Final de semana,Leads,2025-03-29,midfunnel_rmkt_30d_estatico_v2,71.68,26,1651,4,Remarketing_30dias,Estático,2º Lançamento | Leads
5877,2025 | Agosto,Sábado,Final de semana,Leads,2025-08-23,topfunnel_interesses_dados_estatico_v1,95.88,90,2710,18,Interesses_Dados,Estático,2º Lançamento | Leads
5878,2025 | Agosto,Domingo,Final de semana,Leads,2025-08-17,bottomfunnel_engajamento_ig_estatico_v2,126.8,68,5046,20,Engajamento_Instagram,Estático,Campanha Contínua | Leads
5879,2025 | Novembro,Sexta-Feira,Dia útil,Vendas,2025-11-21,topfunnel_interesses_dados_estatico_v2,90.45,20,2282,1,Interesses_Dados,Estático,2º Lançamento | Vendas
5880,2025 | Maio,Quinta-Feira,Dia útil,Vendas,2025-05-22,bottomfunnel_visitantes_site_estatico_v3,83.58,74,2207,13,Visitantes_Site,Estático,Campanha Contínua | Vendas
5881,2025 | Fevereiro,Sábado,Final de semana,Leads,2025-02-01,topfunnel_lal2_leads_carrossel_v1,150.26,92,4793,26,LookALike_Leads_2,Carrossel,1º Lançamento | Leads
5882,2025 | Janeiro,Sábado,Final de semana,Leads,2025-01-11,bottomfunnel_rmkt_30d_video_v1,29.37,37,2044,2,Remarketing_30dias,Video,Campanha Contínua | Leads
5883,2025 | Abril,Sexta-Feira,Dia útil,Leads,2025-04-04,bottomfunnel_visitantes_site_estatico_v3,25.07,47,2523,11,Visitantes_Site,Estático,Campanha Contínua | Leads
5884,2025 | Março,Terça-Feira,Dia útil,Leads,2025-03-25,topfunnel_interesses_dados_estatico_v2,53.75,42,1942,2,Interesses_Dados,Estático,Campanha Contínua | Leads
5885,2025 | Julho,Sábado,Final de semana,Leads,2025-07-26,topfunnel_cargos_dados_carrossel_v2,40.84,52,2106,3,Cargos_Dados,Carrossel,1º Lançamento | Leads
5886,2025 | Janeiro,Segunda-Feira,Dia útil,Leads,2025-01-13,topfunnel_lal1_compradores_estatico_v1,3.13,4,166,0,LookALike_Compradores_1,Estático,1º Lançamento | Leads
5887,2025 | Julho,Sábado,Final de semana,Leads,2025-07-12,topfunnel_lal1_compradores_carrossel_v1,131.04,102,4853,19,LookALike_Compradores_1,Carrossel,2º Lançamento | Leads
5888,2025 | Abril,Terça-Feira,Dia útil,Leads,2025-04-29,midfunnel_visitantes_site_video_v3,44.86,28,3215,5,Visitantes_Site,Video,2º Lançamento | Leads
5889,2025 | Novembro,Sábado,Final de semana,Leads,2025-11-15,topfunnel_cargos_dados_video_v2,132.51,102,5607,13,Cargos_Dados,Video,Campanha Contínua | Leads
5890,2025 | Julho,Sexta-Feira,Dia útil,Vendas,2025-07-18,topfunnel_interesses_dados_carrossel_v3,138.83,177,6797,16,Interesses_Dados,Carrossel,Campanha Contínua | Vendas
5891,2025 | Junho,Domingo,Final de semana,Leads,2025-06-29,bottomfunnel_engajamento_ig_estatico_v1,20.87,21,588,5,Engajamento_Instagram,Estático,Campanha Contínua | Leads
5892,2025 | Março,Sábado,Final de semana,Leads,2025-03-29,bottomfunnel_engajamento_ig_estatico_v3,8.55,30,841,1,Engajamento_Instagram,Estático,1º Lançamento | Leads
5893,2025 | Fevereiro,Quarta-Feira,Dia útil,Vendas,2025-02-19,topfunnel_interesses_dados_carrossel_v2,58.42,45,1929,10,Interesses_Dados,Carrossel,Campanha Contínua | Vendas
5894,2025 | Julho,Segunda-Feira,Dia útil,Leads,2025-07-28,midfunnel_engajamento_ig_estatico_v1,171.0,65,5164,17,Engajamento_Instagram,Estático,1º Lançamento | Leads
5895,2025 | Janeiro,Sexta-Feira,Dia útil,Leads,2025-01-17,topfunnel_lal1_compradores_estatico_v1,16.46,20,493,2,LookALike_Compradores_1,Estático,1º Lançamento | Leads
5896,2025 | Março,Sábado,Final de semana,Leads,2025-03-15,bottomfunnel_rmkt_60d_carrossel_v3,103.04,70,2931,7,Remarketing_60dias,Carrossel,Campanha Contínua | Leads
5897,2025 | Julho,Quarta-Feira,Dia útil,Leads,2025-07-23,topfunnel_lal2_leads_estatico_v3,116.3,91,3556,26,LookALike_Leads_2,Estático,Campanha Contínua | Leads
5898,2025 | Setembro,Segunda-Feira,Dia útil,Leads,2025-09-22,topfunnel_interesses_dados_video_v1,8.37,12,399,2,Interesses_Dados,Video,1º Lançamento | Leads
5899,2025 | Setembro,Segunda-Feira,Dia útil,Leads,2025-09-29,topfunnel_cargos_dados_video_v1,85.12,62,4170,15,Cargos_Dados,Video,1º Lançamento | Leads
5900,2025 | Julho,Quarta-Feira,Dia útil,Vendas,2025-07-23,topfunnel_cargos_dados_estatico_v2,100.17,86,3278,11,Cargos_Dados,Estático,2º Lançamento | Vendas
5901,2025 | Fevereiro,Quarta-Feira,Dia útil,Vendas,2025-02-26,topfunnel_cargos_dados_estatico_v1,72.79,35,2049,3,Cargos_Dados,Estático,2º Lançamento | Vendas
5902,2025 | Outubro,Segunda-Feira,Dia útil,Leads,2025-10-27,topfunnel_lal2_leads_video_v1,23.94,18,588,0,LookALike_Leads_2,Video,2º Lançamento | Leads
5903,2025 | Novembro,Segunda-Feira,Dia útil,Vendas,2025-11-10,topfunnel_lal1_compradores_estatico_v2,121.32,114,11342,21,LookALike_Compradores_1,Estático,2º Lançamento | Vendas
5904,2025 | Dezembro,Sexta-Feira,Dia útil,Vendas,2025-12-05,bottomfunnel_visitantes_site_estatico_v1,106.69,405,11060,30,Visitantes_Site,Estático,2º Lançamento | Vendas
5905,2025 | Janeiro,Sexta-Feira,Dia útil,Leads,2025-01-17,midfunnel_engajamento_ig_estatico_v2,4.38,7,220,1,Engajamento_Instagram,Estático,1º Lançamento | Leads
5906,2025 | Agosto,Terça-Feira,Dia útil,Vendas,2025-08-19,bottomfunnel_rmkt_60d_estatico_v2,176.83,20,4663,3,Remarketing_60dias,Estático,2º Lançamento | Vendas
5907,2025 | Fevereiro,Sexta-Feira,Dia útil,Leads,2025-02-14,topfunnel_lal1_compradores_estatico_v2,136.11,43,3879,55,LookALike_Compradores_1,Estático,2º Lançamento | Leads
5908,2025 | Setembro,Sábado,Final de semana,Leads,2025-09-06,topfunnel_interesses_dados_video_v2,92.79,138,7593,30,Interesses_Dados,Video,Campanha Contínua | Leads
5909,2025 | Agosto,Quinta-Feira,Dia útil,Leads,2025-08-21,topfunnel_interesses_dados_estatico_v3,54.18,41,4115,10,Interesses_Dados,Estático,Campanha Contínua | Leads
5910,2025 | Março,Sexta-Feira,Dia útil,Vendas,2025-03-14,bottomfunnel_rmkt_30d_carrossel_v1,100.47,195,4968,56,Remarketing_30dias,Carrossel,2º Lançamento | Vendas
5911,2025 | Fevereiro,Sexta-Feira,Dia útil,Leads,2025-02-14,bottomfunnel_visitantes_site_carrossel_v1,30.88,72,1758,8,Visitantes_Site,Carrossel,Campanha Contínua | Leads
5912,2025 | Setembro,Quarta-Feira,Dia útil,Vendas,2025-09-24,bottomfunnel_rmkt_30d_estatico_v1,91.19,43,3176,8,Remarketing_30dias,Estático,1º Lançamento | Vendas
5913,2025 | Setembro,Domingo,Final de semana,Leads,2025-09-21,midfunnel_rmkt_30d_estatico_v2,153.43,481,12619,87,Remarketing_30dias,Estático,2º Lançamento | Leads
5914,2025 | Agosto,Sexta-Feira,Dia útil,Leads,2025-08-01,midfunnel_engajamento_ig_carrossel_v3,170.16,126,6592,14,Engajamento_Instagram,Carrossel,1º Lançamento | Leads
5915,2025 | Janeiro,Segunda-Feira,Dia útil,Leads,2025-01-13,topfunnel_cargos_dados_estatico_v2,4.9,6,316,1,Cargos_Dados,Estático,2º Lançamento | Leads
5916,2025 | Agosto,Sexta-Feira,Dia útil,Vendas,2025-08-29,topfunnel_cargos_dados_carrossel_v1,44.19,100,2724,9,Cargos_Dados,Carrossel,Campanha Contínua | Vendas
5917,2025 | Fevereiro,Quinta-Feira,Dia útil,Leads,2025-02-27,topfunnel_lal2_leads_estatico_v2,148.76,153,5622,27,LookALike_Leads_2,Estático,Campanha Contínua | Leads
5918,2025 | Março,Sábado,Final de semana,Vendas,2025-03-15,bottomfunnel_rmkt_60d_carrossel_v2,30.51,27,793,1,Remarketing_60dias,Carrossel,1º Lançamento | Vendas
5919,2025 | Maio,Quarta-Feira,Dia útil,Vendas,2025-05-07,bottomfunnel_rmkt_30d_video_v1,123.03,354,8524,15,Remarketing_30dias,Video,Campanha Contínua | Vendas
5920,2025 | Junho,Quinta-Feira,Dia útil,Leads,2025-06-26,topfunnel_interesses_dados_carrossel_v3,76.42,173,7084,32,Interesses_Dados,Carrossel,Campanha Contínua | Leads
5921,2025 | Janeiro,Quinta-Feira,Dia útil,Leads,2025-01-16,topfunnel_lal1_compradores_estatico_v1,113.43,230,6853,32,LookALike_Compradores_1,Estático,2º Lançamento | Leads
5922,2025 | Junho,Quarta-Feira,Dia útil,Leads,2025-06-04,topfunnel_cargos_dados_video_v2,66.29,75,3770,6,Cargos_Dados,Video,1º Lançamento | Leads
5923,2025 | Dezembro,Sábado,Final de semana,Vendas,2025-12-20,topfunnel_lal2_leads_video_v1,161.48,232,13718,27,LookALike_Leads_2,Video,1º Lançamento | Vendas
5924,2025 | Junho,Sexta-Feira,Dia útil,Leads,2025-06-13,topfunnel_interesses_dados_estatico_v3,156.05,415,10444,74,Interesses_Dados,Estático,2º Lançamento | Leads
5925,2025 | Maio,Sábado,Final de semana,Leads,2025-05-10,topfunnel_interesses_dados_carrossel_v3,72.55,84,1901,20,Interesses_Dados,Carrossel,2º Lançamento | Leads
5926,2025 | Janeiro,Sexta-Feira,Dia útil,Leads,2025-01-03,topfunnel_cargos_dados_estatico_v3,141.53,46,3493,8,Cargos_Dados,Estático,2º Lançamento | Leads
5927,2025 | Janeiro,Sexta-Feira,Dia útil,Vendas,2025-01-03,bottomfunnel_visitantes_site_estatico_v1,116.35,174,5053,47,Visitantes_Site,Estático,2º Lançamento | Vendas
5928,2025 | Fevereiro,Segunda-Feira,Dia útil,Vendas,2025-02-03,topfunnel_interesses_dados_carrossel_v1,40.16,30,975,4,Interesses_Dados,Carrossel,1º Lançamento | Vendas
5929,2025 | Outubro,Terça-Feira,Dia útil,Leads,2025-10-21,topfunnel_interesses_dados_carrossel_v2,175.27,164,8678,5,Interesses_Dados,Carrossel,2º Lançamento | Leads
5930,2025 | Abril,Terça-Feira,Dia útil,Leads,2025-04-22,bottomfunnel_visitantes_site_video_v2,159.1,121,3958,14,Visitantes_Site,Video,Campanha Contínua | Leads
5931,2025 | Novembro,Quinta-Feira,Dia útil,Vendas,2025-11-13,topfunnel_interesses_dados_carrossel_v2,179.68,171,7724,6,Interesses_Dados,Carrossel,1º Lançamento | Vendas
5932,2025 | Março,Quarta-Feira,Dia útil,Leads,2025-03-12,bottomfunnel_rmkt_60d_estatico_v3,20.99,25,1122,0,Remarketing_60dias,Estático,2º Lançamento | Leads
5933,2025 | Abril,Sexta-Feira,Dia útil,Vendas,2025-04-11,bottomfunnel_rmkt_60d_video_v3,20.89,19,890,1,Remarketing_60dias,Video,2º Lançamento | Vendas
5934,2025 | Agosto,Sexta-Feira,Dia útil,Vendas,2025-08-29,midfunnel_rmkt_60d_video_v1,20.03,22,1346,6,Remarketing_60dias,Video,1º Lançamento | Vendas
5935,2025 | Outubro,Quinta-Feira,Dia útil,Vendas,2025-10-30,midfunnel_rmkt_30d_carrossel_v3,132.53,97,3517,26,Remarketing_30dias,Carrossel,2º Lançamento | Vendas
5936,2025 | Agosto,Sábado,Final de semana,Leads,2025-08-16,topfunnel_lal2_leads_estatico_v1,8.05,23,553,3,LookALike_Leads_2,Estático,Campanha Contínua | Leads
5937,2025 | Outubro,Terça-Feira,Dia útil,Leads,2025-10-14,midfunnel_rmkt_30d_video_v2,20.45,13,1073,3,Remarketing_30dias,Video,1º Lançamento | Leads
5938,2025 | Abril,Terça-Feira,Dia útil,Leads,2025-04-22,midfunnel_engajamento_ig_carrossel_v3,128.34,19,2860,2,Engajamento_Instagram,Carrossel,1º Lançamento | Leads
5939,2025 | Novembro,Quinta-Feira,Dia útil,Vendas,2025-11-06,topfunnel_interesses_dados_estatico_v1,167.53,200,10994,28,Interesses_Dados,Estático,1º Lançamento | Vendas
5940,2025 | Dezembro,Sexta-Feira,Dia útil,Leads,2025-12-26,midfunnel_rmkt_60d_video_v3,114.99,28,2676,2,Remarketing_60dias,Video,2º Lançamento | Leads
5941,2025 | Julho,Quarta-Feira,Dia útil,Leads,2025-07-30,topfunnel_cargos_dados_carrossel_v3,28.61,32,1258,5,Cargos_Dados,Carrossel,Campanha Contínua | Leads
5942,2025 | Outubro,Sexta-Feira,Dia útil,Vendas,2025-10-31,midfunnel_rmkt_60d_estatico_v1,167.44,71,3944,3,Remarketing_60dias,Estático,Campanha Contínua | Vendas
5943,2025 | Agosto,Sábado,Final de semana,Leads,2025-08-02,topfunnel_interesses_dados_carrossel_v3,116.88,57,2658,3,Interesses_Dados,Carrossel,2º Lançamento | Leads
5944,2025 | Novembro,Domingo,Final de semana,Leads,2025-11-02,topfunnel_interesses_dados_estatico_v2,46.66,16,1987,1,Interesses_Dados,Estático,Campanha Contínua | Leads
5945,2025 | Agosto,Segunda-Feira,Dia útil,Leads,2025-08-11,bottomfunnel_rmkt_30d_estatico_v3,54.11,52,2428,7,Remarketing_30dias,Estático,1º Lançamento | Leads
5946,2025 | Junho,Sexta-Feira,Dia útil,Leads,2025-06-13,midfunnel_rmkt_30d_estatico_v2,136.04,138,3642,17,Remarketing_30dias,Estático,1º Lançamento | Leads
5947,2025 | Março,Sexta-Feira,Dia útil,Leads,2025-03-07,midfunnel_rmkt_60d_estatico_v2,109.97,50,2628,4,Remarketing_60dias,Estático,1º Lançamento | Leads
5948,2025 | Março,Segunda-Feira,Dia útil,Leads,2025-03-31,bottomfunnel_rmkt_60d_video_v3,139.11,298,10541,43,Remarketing_60dias,Video,1º Lançamento | Leads
5949,2025 | Janeiro,Segunda-Feira,Dia útil,Leads,2025-01-27,midfunnel_engajamento_ig_video_v1,111.82,77,2531,20,Engajamento_Instagram,Video,Campanha Contínua | Leads
5950,2025 | Novembro,Quinta-Feira,Dia útil,Leads,2025-11-20,bottomfunnel_engajamento_ig_carrossel_v2,173.71,732,20369,38,Engajamento_Instagram,Carrossel,1º Lançamento | Leads
5951,2025 | Novembro,Domingo,Final de semana,Leads,2025-11-23,bottomfunnel_rmkt_30d_video_v2,60.4,150,7507,7,Remarketing_30dias,Video,1º Lançamento | Leads
5952,2025 | Junho,Domingo,Final de semana,Vendas,2025-06-01,midfunnel_rmkt_60d_video_v3,157.47,243,12447,27,Remarketing_60dias,Video,2º Lançamento | Vendas
5953,2025 | Agosto,Quinta-Feira,Dia útil,Leads,2025-08-14,topfunnel_lal1_compradores_carrossel_v2,18.3,60,1430,13,LookALike_Compradores_1,Carrossel,Campanha Contínua | Leads
5954,2025 | Junho,Segunda-Feira,Dia útil,Leads,2025-06-30,midfunnel_engajamento_ig_carrossel_v1,92.93,30,2911,6,Engajamento_Instagram,Carrossel,1º Lançamento | Leads
5955,2025 | Abril,Terça-Feira,Dia útil,Leads,2025-04-08,bottomfunnel_rmkt_30d_video_v2,93.33,89,2271,6,Remarketing_30dias,Video,2º Lançamento | Leads
5956,2025 | Outubro,Quinta-Feira,Dia útil,Vendas,2025-10-02,midfunnel_visitantes_site_carrossel_v3,84.73,47,2309,7,Visitantes_Site,Carrossel,Campanha Contínua | Vendas
5957,2025 | Julho,Domingo,Final de semana,Vendas,2025-07-20,topfunnel_cargos_dados_video_v2,128.99,57,3814,8,Cargos_Dados,Video,2º Lançamento | Vendas
5958,2025 | Abril,Sexta-Feira,Dia útil,Leads,2025-04-11,topfunnel_cargos_dados_carrossel_v2,19.71,6,786,1,Cargos_Dados,Carrossel,2º Lançamento | Leads
5959,2025 | Abril,Sábado,Final de semana,Vendas,2025-04-19,bottomfunnel_visitantes_site_carrossel_v2,175.96,242,5787,59,Visitantes_Site,Carrossel,2º Lançamento | Vendas
5960,2025 | Dezembro,Domingo,Final de semana,Leads,2025-12-07,midfunnel_visitantes_site_carrossel_v3,49.3,76,2117,2,Visitantes_Site,Carrossel,Campanha Contínua | Leads
5961,2025 | Agosto,Segunda-Feira,Dia útil,Vendas,2025-08-25,bottomfunnel_visitantes_site_estatico_v1,81.78,200,5255,38,Visitantes_Site,Estático,1º Lançamento | Vendas
5962,2025 | Fevereiro,Quinta-Feira,Dia útil,Leads,2025-02-13,topfunnel_interesses_dados_estatico_v1,164.14,129,7749,34,Interesses_Dados,Estático,1º Lançamento | Leads
5963,2025 | Outubro,Sexta-Feira,Dia útil,Leads,2025-10-24,bottomfunnel_engajamento_ig_video_v1,100.17,56,2317,1,Engajamento_Instagram,Video,1º Lançamento | Leads
5964,2025 | Julho,Quarta-Feira,Dia útil,Leads,2025-07-09,topfunnel_lal2_leads_carrossel_v3,85.08,9,2008,1,LookALike_Leads_2,Carrossel,2º Lançamento | Leads
5965,2025 | Agosto,Sábado,Final de semana,Leads,2025-08-09,bottomfunnel_rmkt_30d_video_v3,158.97,157,5462,17,Remarketing_30dias,Video,Campanha Contínua | Leads
5966,2025 | Novembro,Quinta-Feira,Dia útil,Leads,2025-11-27,topfunnel_lal1_compradores_estatico_v3,118.87,142,3269,6,LookALike_Compradores_1,Estático,2º Lançamento | Leads
5967,2025 | Janeiro,Domingo,Final de semana,Leads,2025-01-12,bottomfunnel_rmkt_30d_estatico_v1,66.85,61,7003,13,Remarketing_30dias,Estático,2º Lançamento | Leads
5968,2025 | Janeiro,Domingo,Final de semana,Leads,2025-01-26,topfunnel_cargos_dados_video_v1,106.79,21,2777,4,Cargos_Dados,Video,Campanha Contínua | Leads
5969,2025 | Janeiro,Quarta-Feira,Dia útil,Leads,2025-01-15,midfunnel_visitantes_site_video_v3,19.13,32,786,8,Visitantes_Site,Video,2º Lançamento | Leads
5970,2025 | Abril,Terça-Feira,Dia útil,Leads,2025-04-01,topfunnel_lal1_compradores_carrossel_v2,179.86,125,9031,20,LookALike_Compradores_1,Carrossel,Campanha Contínua | Leads
5971,2025 | Novembro,Quinta-Feira,Dia útil,Leads,2025-11-13,topfunnel_lal2_leads_estatico_v2,127.15,131,6749,22,LookALike_Leads_2,Estático,2º Lançamento | Leads
5972,2025 | Março,Terça-Feira,Dia útil,Vendas,2025-03-11,midfunnel_rmkt_30d_video_v1,140.39,95,3555,25,Remarketing_30dias,Video,Campanha Contínua | Vendas
5973,2025 | Agosto,Sexta-Feira,Dia útil,Leads,2025-08-01,topfunnel_lal1_compradores_video_v3,54.14,21,3517,1,LookALike_Compradores_1,Video,1º Lançamento | Leads
5974,2025 | Abril,Quinta-Feira,Dia útil,Leads,2025-04-17,bottomfunnel_engajamento_ig_video_v3,139.34,313,7997,29,Engajamento_Instagram,Video,Campanha Contínua | Leads
5975,2025 | Janeiro,Quarta-Feira,Dia útil,Leads,2025-01-22,midfunnel_rmkt_30d_estatico_v2,123.71,103,3499,7,Remarketing_30dias,Estático,2º Lançamento | Leads
5976,2025 | Dezembro,Quinta-Feira,Dia útil,Vendas,2025-12-18,topfunnel_lal1_compradores_carrossel_v2,22.21,6,641,1,LookALike_Compradores_1,Carrossel,Campanha Contínua | Vendas
5977,2025 | Setembro,Terça-Feira,Dia útil,Leads,2025-09-30,midfunnel_engajamento_ig_carrossel_v2,120.56,180,4149,6,Engajamento_Instagram,Carrossel,2º Lançamento | Leads
5978,2025 | Agosto,Segunda-Feira,Dia útil,Vendas,2025-08-25,topfunnel_interesses_dados_carrossel_v1,119.9,81,3115,23,Interesses_Dados,Carrossel,1º Lançamento | Vendas
5979,2025 | Março,Quinta-Feira,Dia útil,Vendas,2025-03-20,midfunnel_rmkt_30d_carrossel_v2,179.51,223,5413,52,Remarketing_30dias,Carrossel,1º Lançamento | Vendas
5980,2025 | Dezembro,Quarta-Feira,Dia útil,Vendas,2025-12-10,topfunnel_lal2_leads_carrossel_v2,45.06,35,2121,7,LookALike_Leads_2,Carrossel,1º Lançamento | Vendas
5981,2025 | Novembro,Sexta-Feira,Dia útil,Vendas,2025-11-07,bottomfunnel_rmkt_30d_estatico_v2,125.68,65,4592,19,Remarketing_30dias,Estático,Campanha Contínua | Vendas
5982,2025 | Julho,Domingo,Final de semana,Leads,2025-07-20,topfunnel_lal1_compradores_carrossel_v1,43.6,55,1282,3,LookALike_Compradores_1,Carrossel,1º Lançamento | Leads
5983,2025 | Fevereiro,Quinta-Feira,Dia útil,Leads,2025-02-06,midfunnel_visitantes_site_carrossel_v2,59.44,55,1950,1,Visitantes_Site,Carrossel,1º Lançamento | Leads
5984,2025 | Novembro,Sábado,Final de semana,Vendas,2025-11-15,topfunnel_lal2_leads_video_v3,161.36,153,5242,13,LookALike_Leads_2,Video,Campanha Contínua | Vendas
5985,2025 | Fevereiro,Sábado,Final de semana,Leads,2025-02-15,topfunnel_lal2_leads_video_v1,40.32,32,1480,9,LookALike_Leads_2,Video,2º Lançamento | Leads
5986,2025 | Abril,Segunda-Feira,Dia útil,Vendas,2025-04-21,midfunnel_rmkt_60d_carrossel_v1,125.37,85,4274,16,Remarketing_60dias,Carrossel,Campanha Contínua | Vendas
5987,2025 | Março,Sábado,Final de semana,Leads,2025-03-29,bottomfunnel_visitantes_site_carrossel_v3,61.29,29,4155,6,Visitantes_Site,Carrossel,1º Lançamento | Leads
5988,2025 | Novembro,Sexta-Feira,Dia útil,Vendas,2025-11-21,bottomfunnel_visitantes_site_carrossel_v2,139.85,82,4929,15,Visitantes_Site,Carrossel,1º Lançamento | Vendas
5989,2025 | Agosto,Domingo,Final de semana,Leads,2025-08-17,bottomfunnel_visitantes_site_video_v1,175.3,58,5295,12,Visitantes_Site,Video,2º Lançamento | Leads
5990,2025 | Agosto,Sexta-Feira,Dia útil,Leads,2025-08-22,topfunnel_lal1_compradores_video_v2,140.48,116,3936,32,LookALike_Compradores_1,Video,Campanha Contínua | Leads
5991,2025 | Maio,Domingo,Final de semana,Leads,2025-05-04,topfunnel_lal1_compradores_video_v1,3.61,6,198,0,LookALike_Compradores_1,Video,2º Lançamento | Leads
5992,2025 | Março,Domingo,Final de semana,Leads,2025-03-09,topfunnel_interesses_dados_video_v1,163.87,91,4035,16,Interesses_Dados,Video,2º Lançamento | Leads
5993,2025 | Junho,Terça-Feira,Dia útil,Vendas,2025-06-17,topfunnel_interesses_dados_video_v2,40.59,25,4032,5,Interesses_Dados,Video,2º Lançamento | Vendas
5994,2025 | Dezembro,Terça-Feira,Dia útil,Vendas,2025-12-02,midfunnel_rmkt_30d_carrossel_v1,30.61,51,2587,7,Remarketing_30dias,Carrossel,Campanha Contínua | Vendas
5995,2025 | Novembro,Sábado,Final de semana,Leads,2025-11-15,topfunnel_interesses_dados_video_v2,53.21,148,3818,11,Interesses_Dados,Video,2º Lançamento | Leads
5996,2025 | Outubro,Quinta-Feira,Dia útil,Vendas,2025-10-23,midfunnel_visitantes_site_carrossel_v3,113.0,106,5231,12,Visitantes_Site,Carrossel,1º Lançamento | Vendas
5997,2025 | Fevereiro,Domingo,Final de semana,Leads,2025-02-02,topfunnel_cargos_dados_carrossel_v3,60.39,55,2003,12,Cargos_Dados,Carrossel,2º Lançamento | Leads
5998,2025 | Junho,Segunda-Feira,Dia útil,Leads,2025-06-02,bottomfunnel_rmkt_60d_estatico_v1,137.58,69,5775,10,Remarketing_60dias,Estático,Campanha Contínua | Leads
5999,2025 | Dezembro,Terça-Feira,Dia útil,Vendas,2025-12-30,topfunnel_cargos_dados_estatico_v2,168.5,85,4619,11,Cargos_Dados,Estático,2º Lançamento | Vendas
