Organizador,Ano_Mes,Dia_da_Semana,Tipo_Dia,Objetivo,Date,AdSet_name,Amount_spent,Link_clicks,Impressions,Conversions,Segmentação,Tipo_de_Anúncio,Fase
1299,2025 | Janeiro,Quarta-Feira,Dia útil,Leads,2025-01-01,midfunnel_rmkt_60d_estatico_v1,28.25,22,1654,6,Remarketing_60dias,Estático,1º Lançamento | Leads
1669,2025 | Janeiro,Quarta-Feira,Dia útil,Leads,2025-01-01,topfunnel_cargos_tech_video_v1,6.30,7,409,1,Cargos_Tecnologia,Video,1º Lançamento | Leads
1785,2025 | Janeiro,Quarta-Feira,Dia útil,Leads,2025-01-01,midfunnel_rmkt_60d_estatico_v2,64.14,48,4739,13,Remarketing_60dias,Estático,1º Lançamento | Vendas
1791,2025 | Janeiro,Quarta-Feira,Dia útil,Leads,2025-01-01,midfunnel_rmkt_60d_estatico_v2,10.35,15,611,3,Remarketing_60dias,Estático,1º Lançamento | Leads
2641,2025 | Janeiro,Quarta-Feira,Dia útil,Leads,2025-01-01,topfunnel_lal1_clientes_estatico_v2,88.99,85,6075,14,LookALike_Clientes_1,Estático,1º Lançamento | Leads
3331,2025 | Janeiro,Quarta-Feira,Dia útil,Leads,2025-01-01,topfunnel_broad_tech_video_v1,11.86,20,934,2,Broad_Tecnologia,Video,1º Lançamento | Leads
3426,2025 | Janeiro,Quarta-Feira,Dia útil,Leads,2025-01-01,topfunnel_cargos_tech_video_v2,76.50,64,5227,11,Cargos_Tecnologia,Video,1º Lançamento | Leads
3642,2025 | Janeiro,Quarta-Feira,Dia útil,Leads,2025-01-01,topfunnel_interesses_cloud_video_v2,114.39,116,6331,10,Interesses_Cloud,Video,1º Lançamento | Leads
3747,2025 | Janeiro,Quarta-Feira,Dia útil,Leads,2025-01-01,topfunnel_broad_tech_estatico_v2,31.56,15,1706,1,Broad_Tecnologia,Estático,1º Lançamento | Leads
4781,2025 | Janeiro,Quarta-Feira,Dia útil,Awareness,2025-01-01,topfunnel_interesses_cloud_video_v1,34.29,11,1763,,Interesses_Cloud,Video,1º Lançamento | Live
5898,2025 | Janeiro,Quarta-Feira,Dia útil,Leads,2025-01-01,topfunnel_broad_tech_estatico_v2,27.09,15,1541,2,Broad_Tecnologia,Estático,1º Lançamento | Leads
1675,2025 | Janeiro,Quinta-Feira,Dia útil,Awareness,2025-01-02,topfunnel_interesses_programacao_video_v3,0.00,,0,,Interesses_Programacao,Video,1º Lançamento | Live
1763,2025 | Janeiro,Quinta-Feira,Dia útil,Leads,2025-01-02,topfunnel_interesses_programacao_video_v1,49.17,33,3462,6,Interesses_Programacao,Video,1º Lançamento | Leads
1939,2025 | Janeiro,Quinta-Feira,Dia útil,Leads,2025-01-02,topfunnel_cargos_tech_estatico_v1,93.69,57,8726,12,Cargos_Tecnologia,Estático,1º Lançamento | Leads
2165,2025 | Janeiro,Quinta-Feira,Dia útil,Awareness,2025-01-02,midfunnel_rmkt_60d_estatico_v2,16.20,5,789,,Remarketing_60dias,Estático,1º Lançamento | Live
2344,2025 | Janeiro,Quinta-Feira,Dia útil,Leads,2025-01-02,topfunnel_interesses_cloud_estatico_v1,42.75,70,3955,16,Interesses_Cloud,Estático,1º Lançamento | Leads
2350,2025 | Janeiro,Quinta-Feira,Dia útil,Leads,2025-01-02,topfunnel_broad_tech_video_v1,49.56,49,2309,8,Broad_Tecnologia,Video,1º Lançamento | Leads
2688,2025 | Janeiro,Quinta-Feira,Dia útil,Leads,2025-01-02,topfunnel_broad_tech_video_v1,85.73,122,6491,7,Broad_Tecnologia,Video,1º Lançamento | Leads
2716,2025 | Janeiro,Quinta-Feira,Dia útil,Awareness,2025-01-02,midfunnel_rmkt_60d_estatico_v2,55.86,37,5964,,Remarketing_60dias,Estático,1º Lançamento | Live
3002,2025 | Janeiro,Quinta-Feira,Dia útil,Leads,2025-01-02,midfunnel_rmkt_60d_video_v3,3.78,3,300,,Remarketing_60dias,Video,1º Lançamento | Leads
3469,2025 | Janeiro,Quinta-Feira,Dia útil,Leads,2025-01-02,midfunnel_rmkt_60d_video_v1,25.47,15,1465,1,Remarketing_60dias,Video,1º Lançamento | Leads
3910,2025 | Janeiro,Quinta-Feira,Dia útil,Leads,2025-01-02,topfunnel_lal1_clientes_estatico_v1,41.65,18,2415,1,LookALike_Clientes_1,Estático,1º Lançamento | Leads
4913,2025 | Janeiro,Quinta-Feira,Dia útil,Awareness,2025-01-02,topfunnel_interesses_programacao_estatico_v1,21.25,8,954,,Interesses_Programacao,Estático,1º Lançamento | Live
5187,2025 | Janeiro,Quinta-Feira,Dia útil,Leads,2025-01-02,topfunnel_interesses_cloud_estatico_v2,40.27,51,2493,5,Interesses_Cloud,Estático,1º Lançamento | Leads
5684,2025 | Janeiro,Quinta-Feira,Dia útil,Leads,2025-01-02,topfunnel_broad_tech_estatico_v2,71.31,58,4527,9,Broad_Tecnologia,Estático,1º Lançamento | Leads
1153,2025 | Janeiro,Sexta-Feira,Dia útil,Awareness,2025-01-03,topfunnel_lal1_clientes_video_v2,10.78,8,628,,LookALike_Clientes_1,Video,1º Lançamento | Live
1369,2025 | Janeiro,Sexta-Feira,Dia útil,Leads,2025-01-03,midfunnel_rmkt_60d_estatico_v2,73.14,181,7227,44,Remarketing_60dias,Estático,1º Lançamento | Leads
2396,2025 | Janeiro,Sexta-Feira,Dia útil,Leads,2025-01-03,topfunnel_interesses_cloud_video_v1,41.45,51,2156,4,Interesses_Cloud,Video,1º Lançamento | Vendas
2684,2025 | Janeiro,Sexta-Feira,Dia útil,Leads,2025-01-03,midfunnel_rmkt_60d_estatico_v1,74.26,157,6546,30,Remarketing_60dias,Estático,1º Lançamento | Leads
2870,2025 | Janeiro,Sexta-Feira,Dia útil,Leads,2025-01-03,topfunnel_interesses_cloud_video_v2,55.60,46,2562,10,Interesses_Cloud,Video,1º Lançamento | Leads
2973,2025 | Janeiro,Sexta-Feira,Dia útil,Leads,2025-01-03,midfunnel_rmkt_60d_estatico_v1,70.99,116,6604,11,Remarketing_60dias,Estático,1º Lançamento | Leads
3272,2025 | Janeiro,Sexta-Feira,Dia útil,Leads,2025-01-03,midfunnel_rmkt_60d_estatico_v3,22.56,10,1074,1,Remarketing_60dias,Estático,1º Lançamento | Leads
3593,2025 | Janeiro,Sexta-Feira,Dia útil,Leads,2025-01-03,topfunnel_broad_tech_video_v1,98.41,77,4724,11,Broad_Tecnologia,Video,1º Lançamento | Leads
3754,2025 | Janeiro,Sexta-Feira,Dia útil,Awareness,2025-01-03,topfunnel_broad_tech_estatico_v2,7.75,5,530,,Broad_Tecnologia,Estático,1º Lançamento | Live
3962,2025 | Janeiro,Sexta-Feira,Dia útil,Awareness,2025-01-03,topfunnel_interesses_cloud_video_v1,24.01,8,2174,2,Interesses_Cloud,Video,1º Lançamento | Live
5973,2025 | Janeiro,Sexta-Feira,Dia útil,Leads,2025-01-03,topfunnel_interesses_programacao_video_v2,0.00,,0,,Interesses_Programacao,Video,1º Lançamento | Leads
1109,2025 | Janeiro,Sábado,Final de Semana,Leads,2025-01-04,topfunnel_lal1_clientes_video_v1,35.00,57,2510,11,LookALike_Clientes_1,Video,1º Lançamento | Leads
1459,2025 | Janeiro,Sábado,Final de Semana,Leads,2025-01-04,topfunnel_broad_tech_estatico_v1,67.39,38,4368,6,Broad_Tecnologia,Estático,1º Lançamento | Leads
2170,2025 | Janeiro,Sábado,Final de Semana,Awareness,2025-01-04,topfunnel_broad_tech_video_v2,25.55,12,2053,,Broad_Tecnologia,Video,1º Lançamento | Live
2578,2025 | Janeiro,Sábado,Final de Semana,Leads,2025-01-04,topfunnel_broad_tech_video_v1,24.49,19,1242,2,Broad_Tecnologia,Video,1º Lançamento | Vendas
2639,2025 | Janeiro,Sábado,Final de Semana,Leads,2025-01-04,topfunnel_interesses_programacao_estatico_v2,24.90,43,2251,11,Interesses_Programacao,Estático,1º Lançamento | Leads
2747,2025 | Janeiro,Sábado,Final de Semana,Leads,2025-01-04,midfunnel_rmkt_60d_video_v2,141.76,130,8505,19,Remarketing_60dias,Video,1º Lançamento | Leads
2976,2025 | Janeiro,Sábado,Final de Semana,Leads,2025-01-04,topfunnel_cargos_tech_video_v1,21.82,11,1172,2,Cargos_Tecnologia,Video,1º Lançamento | Leads
3118,2025 | Janeiro,Sábado,Final de Semana,Awareness,2025-01-04,topfunnel_broad_tech_video_v2,23.60,18,1303,1,Broad_Tecnologia,Video,1º Lançamento | Live
3841,2025 | Janeiro,Sábado,Final de Semana,Awareness,2025-01-04,topfunnel_interesses_cloud_estatico_v1,28.02,18,1461,2,Interesses_Cloud,Estático,1º Lançamento | Live
3903,2025 | Janeiro,Sábado,Final de Semana,Leads,2025-01-04,topfunnel_interesses_programacao_estatico_v1,22.55,16,1235,1,Interesses_Programacao,Estático,1º Lançamento | Leads
3907,2025 | Janeiro,Sábado,Final de Semana,Leads,2025-01-04,topfunnel_broad_tech_estatico_v1,12.81,9,593,,Broad_Tecnologia,Estático,1º Lançamento | Leads
3973,2025 | Janeiro,Sábado,Final de Semana,Leads,2025-01-04,midfunnel_rmkt_60d_video_v2,8.39,16,690,2,Remarketing_60dias,Video,1º Lançamento | Leads
4448,2025 | Janeiro,Sábado,Final de Semana,Leads,2025-01-04,topfunnel_broad_tech_estatico_v1,9.22,20,1701,3,Broad_Tecnologia,Estático,1º Lançamento | Leads
5469,2025 | Janeiro,Sábado,Final de Semana,Leads,2025-01-04,topfunnel_broad_tech_video_v2,126.09,156,7055,10,Broad_Tecnologia,Video,1º Lançamento | Vendas
5578,2025 | Janeiro,Sábado,Final de Semana,Leads,2025-01-04,topfunnel_interesses_cloud_video_v1,183.10,89,9544,8,Interesses_Cloud,Video,1º Lançamento | Leads
1336,2025 | Janeiro,Domingo,Final de Semana,Leads,2025-01-05,topfunnel_broad_tech_estatico_v1,32.46,15,2690,1,Broad_Tecnologia,Estático,1º Lançamento | Vendas
1430,2025 | Janeiro,Domingo,Final de Semana,Leads,2025-01-05,topfunnel_interesses_cloud_video_v1,86.83,53,7775,5,Interesses_Cloud,Video,1º Lançamento | Leads
1677,2025 | Janeiro,Domingo,Final de Semana,Leads,2025-01-05,topfunnel_interesses_cloud_video_v2,32.70,25,2419,5,Interesses_Cloud,Video,1º Lançamento | Leads
1759,2025 | Janeiro,Domingo,Final de Semana,Leads,2025-01-05,midfunnel_rmkt_60d_video_v1,37.94,42,2951,7,Remarketing_60dias,Video,1º Lançamento | Leads
1853,2025 | Janeiro,Domingo,Final de Semana,Leads,2025-01-05,topfunnel_cargos_tech_estatico_v3,16.88,16,891,,Cargos_Tecnologia,Estático,1º Lançamento | Leads
2081,2025 | Janeiro,Domingo,Final de Semana,Leads,2025-01-05,midfunnel_rmkt_60d_estatico_v1,6.34,9,499,,Remarketing_60dias,Estático,1º Lançamento | Leads
4399,2025 | Janeiro,Domingo,Final de Semana,Leads,2025-01-05,topfunnel_lal1_clientes_estatico_v3,25.74,18,1595,2,LookALike_Clientes_1,Estático,1º Lançamento | Leads
4639,2025 | Janeiro,Domingo,Final de Semana,Awareness,2025-01-05,topfunnel_interesses_programacao_video_v1,14.30,8,720,1,Interesses_Programacao,Video,1º Lançamento | Live
5365,2025 | Janeiro,Domingo,Final de Semana,Leads,2025-01-05,midfunnel_rmkt_60d_video_v1,34.52,18,2681,5,Remarketing_60dias,Video,1º Lançamento | Leads
1138,2025 | Janeiro,Segunda-Feira,Dia útil,Leads,2025-01-06,topfunnel_broad_tech_video_v2,105.76,60,4915,3,Broad_Tecnologia,Video,1º Lançamento | Vendas
1365,2025 | Janeiro,Segunda-Feira,Dia útil,Leads,2025-01-06,topfunnel_interesses_programacao_estatico_v2,87.54,34,6522,2,Interesses_Programacao,Estático,1º Lançamento | Leads
1387,2025 | Janeiro,Segunda-Feira,Dia útil,Leads,2025-01-06,midfunnel_rmkt_60d_video_v1,48.99,193,7590,12,Remarketing_60dias,Video,1º Lançamento | Vendas
1832,2025 | Janeiro,Segunda-Feira,Dia útil,Leads,2025-01-06,topfunnel_broad_tech_video_v1,61.95,26,4400,1,Broad_Tecnologia,Video,1º Lançamento | Leads
1842,2025 | Janeiro,Segunda-Feira,Dia útil,Awareness,2025-01-06,midfunnel_rmkt_60d_estatico_v2,49.50,14,3325,,Remarketing_60dias,Estático,1º Lançamento | Live
1919,2025 | Janeiro,Segunda-Feira,Dia útil,Leads,2025-01-06,topfunnel_interesses_cloud_video_v2,27.37,15,3049,2,Interesses_Cloud,Video,1º Lançamento | Leads
2275,2025 | Janeiro,Segunda-Feira,Dia útil,Leads,2025-01-06,topfunnel_interesses_cloud_estatico_v1,30.74,14,2733,2,Interesses_Cloud,Estático,1º Lançamento | Leads
2607,2025 | Janeiro,Segunda-Feira,Dia útil,Leads,2025-01-06,topfunnel_interesses_programacao_video_v2,0.00,,0,,Interesses_Programacao,Video,1º Lançamento | Leads
2693,2025 | Janeiro,Segunda-Feira,Dia útil,Leads,2025-01-06,topfunnel_lal1_clientes_video_v1,11.84,30,1096,5,LookALike_Clientes_1,Video,1º Lançamento | Vendas
2777,2025 | Janeiro,Segunda-Feira,Dia útil,Leads,2025-01-06,topfunnel_broad_tech_video_v3,72.05,25,4772,4,Broad_Tecnologia,Video,1º Lançamento | Leads
3019,2025 | Janeiro,Segunda-Feira,Dia útil,Leads,2025-01-06,topfunnel_broad_tech_estatico_v1,51.81,141,7352,9,Broad_Tecnologia,Estático,1º Lançamento | Leads
3416,2025 | Janeiro,Segunda-Feira,Dia útil,Leads,2025-01-06,topfunnel_broad_tech_video_v1,14.84,27,2699,2,Broad_Tecnologia,Video,1º Lançamento | Leads
3600,2025 | Janeiro,Segunda-Feira,Dia útil,Leads,2025-01-06,topfunnel_lal1_clientes_video_v1,46.09,70,3472,15,LookALike_Clientes_1,Video,1º Lançamento | Leads
4133,2025 | Janeiro,Segunda-Feira,Dia útil,Leads,2025-01-06,topfunnel_broad_tech_estatico_v2,29.83,5,1541,,Broad_Tecnologia,Estático,1º Lançamento | Leads
4632,2025 | Janeiro,Segunda-Feira,Dia útil,Leads,2025-01-06,topfunnel_cargos_tech_estatico_v1,3.54,8,281,,Cargos_Tecnologia,Estático,1º Lançamento | Leads
4838,2025 | Janeiro,Segunda-Feira,Dia útil,Leads,2025-01-06,topfunnel_lal1_clientes_video_v2,32.19,64,2504,8,LookALike_Clientes_1,Video,1º Lançamento | Leads
5233,2025 | Janeiro,Segunda-Feira,Dia útil,Leads,2025-01-06,topfunnel_lal1_clientes_video_v1,29.02,16,2149,1,LookALike_Clientes_1,Video,1º Lançamento | Leads
5342,2025 | Janeiro,Segunda-Feira,Dia útil,Leads,2025-01-06,topfunnel_interesses_programacao_estatico_v1,10.88,15,843,2,Interesses_Programacao,Estático,1º Lançamento | Leads
5624,2025 | Janeiro,Segunda-Feira,Dia útil,Leads,2025-01-06,topfunnel_interesses_cloud_estatico_v1,30.18,24,1612,4,Interesses_Cloud,Estático,1º Lançamento | Leads
1344,2025 | Janeiro,Terça-Feira,Dia útil,Leads,2025-01-07,midfunnel_rmkt_60d_video_v2,7.27,20,662,2,Remarketing_60dias,Video,1º Lançamento | Leads
1932,2025 | Janeiro,Terça-Feira,Dia útil,Awareness,2025-01-07,topfunnel_broad_tech_estatico_v1,86.52,91,6556,4,Broad_Tecnologia,Estático,1º Lançamento | Live
2010,2025 | Janeiro,Terça-Feira,Dia útil,Leads,2025-01-07,topfunnel_broad_tech_estatico_v2,22.60,11,1805,2,Broad_Tecnologia,Estático,1º Lançamento | Vendas
2627,2025 | Janeiro,Terça-Feira,Dia útil,Leads,2025-01-07,topfunnel_interesses_programacao_estatico_v2,56.84,83,4013,13,Interesses_Programacao,Estático,1º Lançamento | Vendas
3028,2025 | Janeiro,Terça-Feira,Dia útil,Leads,2025-01-07,topfunnel_interesses_programacao_estatico_v2,23.81,26,1961,1,Interesses_Programacao,Estático,1º Lançamento | Vendas
3861,2025 | Janeiro,Terça-Feira,Dia útil,Leads,2025-01-07,topfunnel_broad_tech_video_v2,0.75,,108,,Broad_Tecnologia,Video,1º Lançamento | Leads
4200,2025 | Janeiro,Terça-Feira,Dia útil,Leads,2025-01-07,topfunnel_interesses_programacao_video_v2,52.37,67,3729,15,Interesses_Programacao,Video,1º Lançamento | Leads
4630,2025 | Janeiro,Terça-Feira,Dia útil,Leads,2025-01-07,topfunnel_broad_tech_video_v1,41.17,24,4389,2,Broad_Tecnologia,Video,1º Lançamento | Leads
4920,2025 | Janeiro,Terça-Feira,Dia útil,Leads,2025-01-07,topfunnel_interesses_cloud_video_v3,37.75,43,3177,3,Interesses_Cloud,Video,1º Lançamento | Vendas
4994,2025 | Janeiro,Terça-Feira,Dia útil,Leads,2025-01-07,topfunnel_cargos_tech_estatico_v1,27.86,34,1433,5,Cargos_Tecnologia,Estático,1º Lançamento | Leads
5026,2025 | Janeiro,Terça-Feira,Dia útil,Leads,2025-01-07,topfunnel_broad_tech_video_v2,0.00,,0,,Broad_Tecnologia,Video,1º Lançamento | Leads
5185,2025 | Janeiro,Terça-Feira,Dia útil,Leads,2025-01-07,topfunnel_broad_tech_video_v3,45.41,66,3136,5,Broad_Tecnologia,Video,1º Lançamento | Leads
5482,2025 | Janeiro,Terça-Feira,Dia útil,Leads,2025-01-07,topfunnel_broad_tech_estatico_v1,35.46,24,2027,4,Broad_Tecnologia,Estático,1º Lançamento | Leads
1245,2025 | Janeiro,Quarta-Feira,Dia útil,Leads,2025-01-08,midfunnel_rmkt_60d_video_v2,3.46,6,240,2,Remarketing_60dias,Video,1º Lançamento | Leads
1409,2025 | Janeiro,Quarta-Feira,Dia útil,Leads,2025-01-08,topfunnel_cargos_tech_estatico_v1,77.02,67,5267,4,Cargos_Tecnologia,Estático,1º Lançamento | Leads
1665,2025 | Janeiro,Quarta-Feira,Dia útil,Leads,2025-01-08,midfunnel_rmkt_60d_video_v1,238.41,486,19584,121,Remarketing_60dias,Video,1º Lançamento | Leads
1738,2025 | Janeiro,Quarta-Feira,Dia útil,Leads,2025-01-08,topfunnel_interesses_programacao_estatico_v1,11.93,6,776,,Interesses_Programacao,Estático,1º Lançamento | Leads
2460,2025 | Janeiro,Quarta-Feira,Dia útil,Leads,2025-01-08,topfunnel_broad_tech_video_v2,29.80,46,1961,6,Broad_Tecnologia,Video,1º Lançamento | Leads
2575,2025 | Janeiro,Quarta-Feira,Dia útil,Leads,2025-01-08,topfunnel_broad_tech_video_v2,39.31,56,2641,3,Broad_Tecnologia,Video,1º Lançamento | Leads
2803,2025 | Janeiro,Quarta-Feira,Dia útil,Awareness,2025-01-08,topfunnel_broad_tech_video_v2,40.43,13,1944,1,Broad_Tecnologia,Video,1º Lançamento | Live
2913,2025 | Janeiro,Quarta-Feira,Dia útil,Leads,2025-01-08,topfunnel_interesses_programacao_video_v1,37.52,40,2606,10,Interesses_Programacao,Video,1º Lançamento | Leads
3632,2025 | Janeiro,Quarta-Feira,Dia útil,Leads,2025-01-08,topfunnel_interesses_cloud_estatico_v1,89.77,34,5467,6,Interesses_Cloud,Estático,1º Lançamento | Leads
3727,2025 | Janeiro,Quarta-Feira,Dia útil,Leads,2025-01-08,topfunnel_lal1_clientes_video_v2,12.49,16,613,4,LookALike_Clientes_1,Video,1º Lançamento | Leads
3905,2025 | Janeiro,Quarta-Feira,Dia útil,Leads,2025-01-08,topfunnel_broad_tech_video_v2,50.56,25,2362,4,Broad_Tecnologia,Video,1º Lançamento | Leads
4481,2025 | Janeiro,Quarta-Feira,Dia útil,Leads,2025-01-08,topfunnel_interesses_cloud_estatico_v1,25.73,10,1945,,Interesses_Cloud,Estático,1º Lançamento | Leads
5045,2025 | Janeiro,Quarta-Feira,Dia útil,Leads,2025-01-08,topfunnel_cargos_tech_video_v2,38.61,26,2289,1,Cargos_Tecnologia,Video,1º Lançamento | Vendas
5186,2025 | Janeiro,Quarta-Feira,Dia útil,Leads,2025-01-08,topfunnel_cargos_tech_video_v1,39.00,39,1879,3,Cargos_Tecnologia,Video,1º Lançamento | Leads
5205,2025 | Janeiro,Quarta-Feira,Dia útil,Leads,2025-01-08,topfunnel_broad_tech_video_v2,88.40,370,14968,27,Broad_Tecnologia,Video,1º Lançamento | Leads
5506,2025 | Janeiro,Quarta-Feira,Dia útil,Leads,2025-01-08,topfunnel_broad_tech_video_v1,50.25,74,3429,14,Broad_Tecnologia,Video,1º Lançamento | Leads
1157,2025 | Janeiro,Quinta-Feira,Dia útil,Awareness,2025-01-09,topfunnel_broad_tech_video_v1,67.51,52,5303,4,Broad_Tecnologia,Video,1º Lançamento | Live
1765,2025 | Janeiro,Quinta-Feira,Dia útil,Leads,2025-01-09,midfunnel_rmkt_60d_video_v3,6.05,6,295,1,Remarketing_60dias,Video,1º Lançamento | Leads
1996,2025 | Janeiro,Quinta-Feira,Dia útil,Leads,2025-01-09,topfunnel_interesses_programacao_video_v1,25.38,21,1503,2,Interesses_Programacao,Video,1º Lançamento | Leads
2062,2025 | Janeiro,Quinta-Feira,Dia útil,Leads,2025-01-09,topfunnel_lal1_clientes_estatico_v1,0.00,,0,,LookALike_Clientes_1,Estático,1º Lançamento | Vendas
3553,2025 | Janeiro,Quinta-Feira,Dia útil,Leads,2025-01-09,topfunnel_cargos_tech_estatico_v2,27.18,20,1371,1,Cargos_Tecnologia,Estático,1º Lançamento | Leads
3567,2025 | Janeiro,Quinta-Feira,Dia útil,Leads,2025-01-09,topfunnel_broad_tech_estatico_v1,17.37,24,1105,3,Broad_Tecnologia,Estático,1º Lançamento | Leads
4020,2025 | Janeiro,Quinta-Feira,Dia útil,Awareness,2025-01-09,topfunnel_cargos_tech_video_v3,23.98,26,1549,1,Cargos_Tecnologia,Video,1º Lançamento | Live
4140,2025 | Janeiro,Quinta-Feira,Dia útil,Leads,2025-01-09,midfunnel_rmkt_60d_estatico_v3,86.16,63,5871,16,Remarketing_60dias,Estático,1º Lançamento | Leads
4165,2025 | Janeiro,Quinta-Feira,Dia útil,Leads,2025-01-09,topfunnel_cargos_tech_estatico_v3,45.52,46,1951,7,Cargos_Tecnologia,Estático,1º Lançamento | Leads
4335,2025 | Janeiro,Quinta-Feira,Dia útil,Leads,2025-01-09,topfunnel_cargos_tech_estatico_v2,13.66,21,1118,1,Cargos_Tecnologia,Estático,1º Lançamento | Leads
4530,2025 | Janeiro,Quinta-Feira,Dia útil,Leads,2025-01-09,topfunnel_lal1_clientes_estatico_v2,38.11,54,3104,9,LookALike_Clientes_1,Estático,1º Lançamento | Leads
5464,2025 | Janeiro,Quinta-Feira,Dia útil,Awareness,2025-01-09,topfunnel_broad_tech_estatico_v1,17.75,13,1201,1,Broad_Tecnologia,Estático,1º Lançamento | Live
5476,2025 | Janeiro,Quinta-Feira,Dia útil,Leads,2025-01-09,midfunnel_rmkt_60d_video_v2,41.51,65,2392,18,Remarketing_60dias,Video,1º Lançamento | Leads
5584,2025 | Janeiro,Quinta-Feira,Dia útil,Leads,2025-01-09,topfunnel_broad_tech_estatico_v3,20.62,6,1210,,Broad_Tecnologia,Estático,1º Lançamento | Vendas
5751,2025 | Janeiro,Quinta-Feira,Dia útil,Leads,2025-01-09,topfunnel_interesses_cloud_estatico_v1,11.13,15,1145,,Interesses_Cloud,Estático,1º Lançamento | Leads
1065,2025 | Janeiro,Sexta-Feira,Dia útil,Leads,2025-01-10,topfunnel_interesses_programacao_estatico_v1,97.24,34,5865,5,Interesses_Programacao,Estático,1º Lançamento | Leads
1156,2025 | Janeiro,Sexta-Feira,Dia útil,Leads,2025-01-10,topfunnel_broad_tech_video_v2,7.60,4,907,1,Broad_Tecnologia,Video,1º Lançamento | Leads
1530,2025 | Janeiro,Sexta-Feira,Dia útil,Leads,2025-01-10,topfunnel_interesses_cloud_estatico_v1,63.35,42,4315,8,Interesses_Cloud,Estático,1º Lançamento | Leads
1807,2025 | Janeiro,Sexta-Feira,Dia útil,Leads,2025-01-10,topfunnel_broad_tech_video_v1,6.21,6,433,2,Broad_Tecnologia,Video,1º Lançamento | Leads
2116,2025 | Janeiro,Sexta-Feira,Dia útil,Leads,2025-01-10,topfunnel_interesses_programacao_estatico_v1,7.18,1,272,1,Interesses_Programacao,Estático,1º Lançamento | Leads
2372,2025 | Janeiro,Sexta-Feira,Dia útil,Leads,2025-01-10,topfunnel_cargos_tech_estatico_v3,14.27,19,824,2,Cargos_Tecnologia,Estático,1º Lançamento | Leads
2436,2025 | Janeiro,Sexta-Feira,Dia útil,Leads,2025-01-10,midfunnel_rmkt_60d_estatico_v1,8.11,4,409,,Remarketing_60dias,Estático,1º Lançamento | Leads
2750,2025 | Janeiro,Sexta-Feira,Dia útil,Leads,2025-01-10,midfunnel_rmkt_60d_video_v3,51.14,158,4841,32,Remarketing_60dias,Video,1º Lançamento | Leads
3366,2025 | Janeiro,Sexta-Feira,Dia útil,Leads,2025-01-10,topfunnel_interesses_programacao_estatico_v1,15.27,37,1789,8,Interesses_Programacao,Estático,1º Lançamento | Leads
3981,2025 | Janeiro,Sexta-Feira,Dia útil,Leads,2025-01-10,midfunnel_rmkt_60d_estatico_v2,18.79,15,1195,1,Remarketing_60dias,Estático,1º Lançamento | Leads
4059,2025 | Janeiro,Sexta-Feira,Dia útil,Leads,2025-01-10,midfunnel_rmkt_60d_video_v2,44.57,56,3753,4,Remarketing_60dias,Video,1º Lançamento | Leads
4066,2025 | Janeiro,Sexta-Feira,Dia útil,Leads,2025-01-10,topfunnel_lal1_clientes_video_v2,25.19,21,1409,4,LookALike_Clientes_1,Video,1º Lançamento | Leads
4946,2025 | Janeiro,Sexta-Feira,Dia útil,Leads,2025-01-10,midfunnel_rmkt_60d_estatico_v3,47.52,92,4076,15,Remarketing_60dias,Estático,1º Lançamento | Vendas
2055,2025 | Janeiro,Sábado,Final de Semana,Leads,2025-01-11,topfunnel_interesses_programacao_estatico_v3,23.65,11,1133,,Interesses_Programacao,Estático,1º Lançamento | Leads
2936,2025 | Janeiro,Sábado,Final de Semana,Awareness,2025-01-11,topfunnel_cargos_tech_estatico_v1,25.43,20,1762,2,Cargos_Tecnologia,Estático,1º Lançamento | Live
3126,2025 | Janeiro,Sábado,Final de Semana,Leads,2025-01-11,midfunnel_rmkt_60d_video_v1,17.80,22,1355,3,Remarketing_60dias,Video,1º Lançamento | Leads
3304,2025 | Janeiro,Sábado,Final de Semana,Awareness,2025-01-11,midfunnel_rmkt_60d_video_v2,26.47,66,3425,2,Remarketing_60dias,Video,1º Lançamento | Live
3322,2025 | Janeiro,Sábado,Final de Semana,Leads,2025-01-11,topfunnel_lal1_clientes_estatico_v2,50.06,45,3800,4,LookALike_Clientes_1,Estático,1º Lançamento | Vendas
3339,2025 | Janeiro,Sábado,Final de Semana,Leads,2025-01-11,topfunnel_interesses_programacao_video_v1,7.58,11,608,2,Interesses_Programacao,Video,1º Lançamento | Vendas
3961,2025 | Janeiro,Sábado,Final de Semana,Leads,2025-01-11,topfunnel_interesses_cloud_estatico_v2,14.61,15,818,3,Interesses_Cloud,Estático,1º Lançamento | Leads
4544,2025 | Janeiro,Sábado,Final de Semana,Leads,2025-01-11,topfunnel_interesses_programacao_estatico_v2,37.50,13,2454,3,Interesses_Programacao,Estático,1º Lançamento | Vendas
4576,2025 | Janeiro,Sábado,Final de Semana,Leads,2025-01-11,topfunnel_lal1_clientes_estatico_v2,75.24,74,4192,10,LookALike_Clientes_1,Estático,1º Lançamento | Vendas
4950,2025 | Janeiro,Sábado,Final de Semana,Leads,2025-01-11,topfunnel_lal1_clientes_estatico_v3,39.56,45,2133,8,LookALike_Clientes_1,Estático,1º Lançamento | Leads
5286,2025 | Janeiro,Sábado,Final de Semana,Leads,2025-01-11,topfunnel_cargos_tech_video_v3,41.55,37,2842,3,Cargos_Tecnologia,Video,1º Lançamento | Leads
5735,2025 | Janeiro,Sábado,Final de Semana,Leads,2025-01-11,topfunnel_interesses_programacao_video_v2,37.51,95,7158,24,Interesses_Programacao,Video,1º Lançamento | Leads
5762,2025 | Janeiro,Sábado,Final de Semana,Leads,2025-01-11,topfunnel_broad_tech_video_v2,15.06,16,838,1,Broad_Tecnologia,Video,1º Lançamento | Leads
5968,2025 | Janeiro,Sábado,Final de Semana,Leads,2025-01-11,topfunnel_interesses_cloud_estatico_v2,12.94,22,1898,5,Interesses_Cloud,Estático,1º Lançamento | Leads
1313,2025 | Janeiro,Domingo,Final de Semana,Leads,2025-01-12,topfunnel_cargos_tech_video_v3,65.79,49,4155,10,Cargos_Tecnologia,Video,1º Lançamento | Leads
1734,2025 | Janeiro,Domingo,Final de Semana,Awareness,2025-01-12,topfunnel_cargos_tech_estatico_v3,1.39,,99,,Cargos_Tecnologia,Estático,1º Lançamento | Live
1978,2025 | Janeiro,Domingo,Final de Semana,Leads,2025-01-12,midfunnel_rmkt_60d_video_v2,6.72,10,552,1,Remarketing_60dias,Video,1º Lançamento | Leads
2091,2025 | Janeiro,Domingo,Final de Semana,Leads,2025-01-12,topfunnel_interesses_programacao_video_v2,3.10,1,177,1,Interesses_Programacao,Video,1º Lançamento | Leads
2211,2025 | Janeiro,Domingo,Final de Semana,Leads,2025-01-12,topfunnel_lal1_clientes_estatico_v1,0.00,,0,,LookALike_Clientes_1,Estático,1º Lançamento | Leads
2241,2025 | Janeiro,Domingo,Final de Semana,Leads,2025-01-12,topfunnel_broad_tech_estatico_v1,38.31,55,5417,5,Broad_Tecnologia,Estático,1º Lançamento | Leads
2273,2025 | Janeiro,Domingo,Final de Semana,Awareness,2025-01-12,topfunnel_broad_tech_video_v1,7.54,17,1019,,Broad_Tecnologia,Video,1º Lançamento | Live
2994,2025 | Janeiro,Domingo,Final de Semana,Leads,2025-01-12,topfunnel_interesses_cloud_video_v2,24.84,12,2030,2,Interesses_Cloud,Video,1º Lançamento | Leads
4400,2025 | Janeiro,Domingo,Final de Semana,Awareness,2025-01-12,midfunnel_rmkt_60d_video_v2,23.89,30,1818,,Remarketing_60dias,Video,1º Lançamento | Live
4450,2025 | Janeiro,Domingo,Final de Semana,Leads,2025-01-12,topfunnel_interesses_programacao_video_v1,15.34,13,729,1,Interesses_Programacao,Video,1º Lançamento | Vendas
5376,2025 | Janeiro,Domingo,Final de Semana,Awareness,2025-01-12,topfunnel_broad_tech_video_v1,6.59,2,285,,Broad_Tecnologia,Video,1º Lançamento | Live
5487,2025 | Janeiro,Domingo,Final de Semana,Leads,2025-01-12,topfunnel_interesses_cloud_video_v2,112.96,79,10390,7,Interesses_Cloud,Video,1º Lançamento | Leads
5576,2025 | Janeiro,Domingo,Final de Semana,Awareness,2025-01-12,topfunnel_interesses_cloud_video_v1,57.00,87,7107,4,Interesses_Cloud,Video,1º Lançamento | Live
1282,2025 | Janeiro,Segunda-Feira,Dia útil,Leads,2025-01-13,topfunnel_interesses_programacao_estatico_v3,32.02,26,2845,7,Interesses_Programacao,Estático,1º Lançamento | Leads
1656,2025 | Janeiro,Segunda-Feira,Dia útil,Leads,2025-01-13,topfunnel_cargos_tech_video_v1,18.99,16,1174,4,Cargos_Tecnologia,Video,1º Lançamento | Leads
1885,2025 | Janeiro,Segunda-Feira,Dia útil,Leads,2025-01-13,topfunnel_interesses_cloud_estatico_v2,4.12,3,208,1,Interesses_Cloud,Estático,1º Lançamento | Leads
2264,2025 | Janeiro,Segunda-Feira,Dia útil,Leads,2025-01-13,topfunnel_interesses_programacao_video_v2,45.99,34,2770,7,Interesses_Programacao,Video,1º Lançamento | Leads
2334,2025 | Janeiro,Segunda-Feira,Dia útil,Leads,2025-01-13,topfunnel_broad_tech_video_v1,54.23,22,2895,2,Broad_Tecnologia,Video,1º Lançamento | Leads
2353,2025 | Janeiro,Segunda-Feira,Dia útil,Leads,2025-01-13,topfunnel_lal1_clientes_video_v1,0.00,,0,,LookALike_Clientes_1,Video,1º Lançamento | Leads
2468,2025 | Janeiro,Segunda-Feira,Dia útil,Leads,2025-01-13,topfunnel_interesses_programacao_video_v3,21.14,29,1416,4,Interesses_Programacao,Video,1º Lançamento | Leads
2663,2025 | Janeiro,Segunda-Feira,Dia útil,Leads,2025-01-13,topfunnel_interesses_cloud_estatico_v1,11.48,8,624,1,Interesses_Cloud,Estático,1º Lançamento | Leads
2725,2025 | Janeiro,Segunda-Feira,Dia útil,Leads,2025-01-13,topfunnel_cargos_tech_video_v3,19.74,81,4376,21,Cargos_Tecnologia,Video,1º Lançamento | Leads
2774,2025 | Janeiro,Segunda-Feira,Dia útil,Leads,2025-01-13,topfunnel_broad_tech_video_v2,10.24,17,842,4,Broad_Tecnologia,Video,1º Lançamento | Leads
2786,2025 | Janeiro,Segunda-Feira,Dia útil,Leads,2025-01-13,topfunnel_interesses_programacao_video_v2,56.97,65,3495,10,Interesses_Programacao,Video,1º Lançamento | Leads
3307,2025 | Janeiro,Segunda-Feira,Dia útil,Leads,2025-01-13,topfunnel_interesses_programacao_video_v1,30.40,15,2060,3,Interesses_Programacao,Video,1º Lançamento | Leads
4456,2025 | Janeiro,Segunda-Feira,Dia útil,Leads,2025-01-13,topfunnel_interesses_programacao_estatico_v2,25.98,7,1597,1,Interesses_Programacao,Estático,1º Lançamento | Leads
4804,2025 | Janeiro,Segunda-Feira,Dia útil,Leads,2025-01-13,midfunnel_rmkt_60d_estatico_v1,36.26,17,3665,1,Remarketing_60dias,Estático,1º Lançamento | Leads
4822,2025 | Janeiro,Segunda-Feira,Dia útil,Leads,2025-01-13,topfunnel_lal1_clientes_estatico_v2,29.09,36,1426,6,LookALike_Clientes_1,Estático,1º Lançamento | Leads
5311,2025 | Janeiro,Segunda-Feira,Dia útil,Leads,2025-01-13,topfunnel_interesses_programacao_video_v2,57.72,131,8667,21,Interesses_Programacao,Video,1º Lançamento | Leads
5499,2025 | Janeiro,Segunda-Feira,Dia útil,Leads,2025-01-13,topfunnel_interesses_cloud_estatico_v2,13.65,22,1291,1,Interesses_Cloud,Estático,1º Lançamento | Leads
5729,2025 | Janeiro,Segunda-Feira,Dia útil,Leads,2025-01-13,topfunnel_broad_tech_video_v1,101.39,37,4736,8,Broad_Tecnologia,Video,1º Lançamento | Leads
5833,2025 | Janeiro,Segunda-Feira,Dia útil,Leads,2025-01-13,midfunnel_rmkt_60d_video_v1,71.37,56,3815,4,Remarketing_60dias,Video,1º Lançamento | Leads
1147,2025 | Janeiro,Terça-Feira,Dia útil,Leads,2025-01-14,topfunnel_interesses_cloud_video_v1,34.23,21,2047,3,Interesses_Cloud,Video,1º Lançamento | Leads
1161,2025 | Janeiro,Terça-Feira,Dia útil,Leads,2025-01-14,midfunnel_rmkt_60d_estatico_v3,75.51,40,5348,4,Remarketing_60dias,Estático,1º Lançamento | Vendas
1184,2025 | Janeiro,Terça-Feira,Dia útil,Leads,2025-01-14,topfunnel_interesses_programacao_video_v1,38.18,101,5972,12,Interesses_Programacao,Video,1º Lançamento | Leads
2252,2025 | Janeiro,Terça-Feira,Dia útil,Leads,2025-01-14,topfunnel_broad_tech_estatico_v2,15.17,11,996,1,Broad_Tecnologia,Estático,1º Lançamento | Leads
2743,2025 | Janeiro,Terça-Feira,Dia útil,Leads,2025-01-14,topfunnel_cargos_tech_estatico_v3,65.78,86,3637,21,Cargos_Tecnologia,Estático,1º Lançamento | Leads
3337,2025 | Janeiro,Terça-Feira,Dia útil,Leads,2025-01-14,topfunnel_lal1_clientes_video_v1,8.96,14,493,2,LookALike_Clientes_1,Video,1º Lançamento | Leads
4443,2025 | Janeiro,Terça-Feira,Dia útil,Leads,2025-01-14,topfunnel_interesses_programacao_estatico_v2,11.05,7,765,,Interesses_Programacao,Estático,1º Lançamento | Leads
4608,2025 | Janeiro,Terça-Feira,Dia útil,Leads,2025-01-14,midfunnel_rmkt_60d_estatico_v2,10.45,12,511,1,Remarketing_60dias,Estático,1º Lançamento | Leads
4857,2025 | Janeiro,Terça-Feira,Dia útil,Leads,2025-01-14,topfunnel_broad_tech_video_v1,18.57,35,1588,3,Broad_Tecnologia,Video,1º Lançamento | Leads
4984,2025 | Janeiro,Terça-Feira,Dia útil,Leads,2025-01-14,topfunnel_lal1_clientes_video_v1,88.07,97,5349,18,LookALike_Clientes_1,Video,1º Lançamento | Leads
5598,2025 | Janeiro,Terça-Feira,Dia útil,Leads,2025-01-14,topfunnel_lal1_clientes_video_v3,84.60,46,5287,6,LookALike_Clientes_1,Video,1º Lançamento | Leads
5940,2025 | Janeiro,Terça-Feira,Dia útil,Leads,2025-01-14,midfunnel_rmkt_60d_estatico_v3,58.06,38,4059,7,Remarketing_60dias,Estático,1º Lançamento | Vendas
5957,2025 | Janeiro,Terça-Feira,Dia útil,Leads,2025-01-14,topfunnel_interesses_programacao_estatico_v3,42.22,35,1813,6,Interesses_Programacao,Estático,1º Lançamento | Leads
1399,2025 | Janeiro,Quarta-Feira,Dia útil,Leads,2025-01-15,topfunnel_broad_tech_video_v1,15.32,19,1309,2,Broad_Tecnologia,Video,1º Lançamento | Leads
1482,2025 | Janeiro,Quarta-Feira,Dia útil,Leads,2025-01-15,topfunnel_interesses_cloud_estatico_v1,36.26,28,2656,,Interesses_Cloud,Estático,1º Lançamento | Leads
1484,2025 | Janeiro,Quarta-Feira,Dia útil,Leads,2025-01-15,topfunnel_lal1_clientes_video_v1,213.77,120,15153,20,LookALike_Clientes_1,Video,1º Lançamento | Vendas
1558,2025 | Janeiro,Quarta-Feira,Dia útil,Leads,2025-01-15,topfunnel_interesses_programacao_estatico_v1,0.00,,0,,Interesses_Programacao,Estático,1º Lançamento | Leads
2450,2025 | Janeiro,Quarta-Feira,Dia útil,Leads,2025-01-15,topfunnel_broad_tech_estatico_v1,22.26,17,1265,4,Broad_Tecnologia,Estático,1º Lançamento | Leads
3186,2025 | Janeiro,Quarta-Feira,Dia útil,Leads,2025-01-15,topfunnel_interesses_programacao_estatico_v2,67.25,58,4840,6,Interesses_Programacao,Estático,1º Lançamento | Leads
3234,2025 | Janeiro,Quarta-Feira,Dia útil,Leads,2025-01-15,topfunnel_interesses_cloud_video_v1,53.54,61,5755,6,Interesses_Cloud,Video,1º Lançamento | Leads
4534,2025 | Janeiro,Quarta-Feira,Dia útil,Leads,2025-01-15,midfunnel_rmkt_60d_video_v1,25.77,20,1314,1,Remarketing_60dias,Video,1º Lançamento | Leads
4759,2025 | Janeiro,Quarta-Feira,Dia útil,Leads,2025-01-15,topfunnel_interesses_cloud_video_v1,27.34,48,1858,10,Interesses_Cloud,Video,1º Lançamento | Leads
4882,2025 | Janeiro,Quarta-Feira,Dia útil,Leads,2025-01-15,topfunnel_broad_tech_video_v1,48.94,64,3243,8,Broad_Tecnologia,Video,1º Lançamento | Leads
5018,2025 | Janeiro,Quarta-Feira,Dia útil,Leads,2025-01-15,midfunnel_rmkt_60d_video_v2,104.60,134,5533,11,Remarketing_60dias,Video,1º Lançamento | Leads
5495,2025 | Janeiro,Quarta-Feira,Dia útil,Leads,2025-01-15,topfunnel_interesses_programacao_estatico_v1,26.60,15,1551,2,Interesses_Programacao,Estático,1º Lançamento | Vendas
1508,2025 | Janeiro,Quinta-Feira,Dia útil,Leads,2025-01-16,topfunnel_interesses_cloud_estatico_v1,60.59,28,4167,3,Interesses_Cloud,Estático,1º Lançamento | Leads
1535,2025 | Janeiro,Quinta-Feira,Dia útil,Leads,2025-01-16,topfunnel_broad_tech_estatico_v3,37.41,43,3299,8,Broad_Tecnologia,Estático,1º Lançamento | Leads
1638,2025 | Janeiro,Quinta-Feira,Dia útil,Leads,2025-01-16,topfunnel_lal1_clientes_video_v3,11.81,22,870,3,LookALike_Clientes_1,Video,1º Lançamento | Vendas
1645,2025 | Janeiro,Quinta-Feira,Dia útil,Leads,2025-01-16,topfunnel_cargos_tech_video_v2,44.67,32,2248,3,Cargos_Tecnologia,Video,1º Lançamento | Vendas
1789,2025 | Janeiro,Quinta-Feira,Dia útil,Leads,2025-01-16,topfunnel_cargos_tech_video_v3,30.91,11,1816,2,Cargos_Tecnologia,Video,1º Lançamento | Vendas
1945,2025 | Janeiro,Quinta-Feira,Dia útil,Leads,2025-01-16,midfunnel_rmkt_60d_estatico_v2,179.10,203,15656,31,Remarketing_60dias,Estático,1º Lançamento | Vendas
2036,2025 | Janeiro,Quinta-Feira,Dia útil,Leads,2025-01-16,topfunnel_interesses_programacao_video_v3,29.53,71,3132,8,Interesses_Programacao,Video,1º Lançamento | Vendas
2355,2025 | Janeiro,Quinta-Feira,Dia útil,Leads,2025-01-16,midfunnel_rmkt_60d_estatico_v2,44.60,42,2954,5,Remarketing_60dias,Estático,1º Lançamento | Leads
2381,2025 | Janeiro,Quinta-Feira,Dia útil,Awareness,2025-01-16,topfunnel_broad_tech_estatico_v2,30.98,9,1487,1,Broad_Tecnologia,Estático,1º Lançamento | Live
2514,2025 | Janeiro,Quinta-Feira,Dia útil,Awareness,2025-01-16,topfunnel_cargos_tech_estatico_v2,61.30,56,3333,8,Cargos_Tecnologia,Estático,1º Lançamento | Live
2836,2025 | Janeiro,Quinta-Feira,Dia útil,Leads,2025-01-16,midfunnel_rmkt_60d_video_v3,133.16,165,10389,37,Remarketing_60dias,Video,1º Lançamento | Leads
3254,2025 | Janeiro,Quinta-Feira,Dia útil,Leads,2025-01-16,midfunnel_rmkt_60d_video_v1,23.08,16,1568,3,Remarketing_60dias,Video,1º Lançamento | Leads
3452,2025 | Janeiro,Quinta-Feira,Dia útil,Leads,2025-01-16,topfunnel_broad_tech_video_v2,19.86,23,1327,2,Broad_Tecnologia,Video,1º Lançamento | Vendas
3622,2025 | Janeiro,Quinta-Feira,Dia útil,Leads,2025-01-16,topfunnel_interesses_programacao_video_v2,16.51,62,2342,4,Interesses_Programacao,Video,1º Lançamento | Vendas
3643,2025 | Janeiro,Quinta-Feira,Dia útil,Leads,2025-01-16,topfunnel_cargos_tech_video_v1,26.98,19,2126,3,Cargos_Tecnologia,Video,1º Lançamento | Vendas
3968,2025 | Janeiro,Quinta-Feira,Dia útil,Leads,2025-01-16,midfunnel_rmkt_60d_estatico_v2,121.02,46,5203,5,Remarketing_60dias,Estático,1º Lançamento | Leads
4327,2025 | Janeiro,Quinta-Feira,Dia útil,Leads,2025-01-16,midfunnel_rmkt_60d_video_v3,24.07,25,1359,2,Remarketing_60dias,Video,1º Lançamento | Leads
4388,2025 | Janeiro,Quinta-Feira,Dia útil,Leads,2025-01-16,topfunnel_lal1_clientes_estatico_v2,51.13,59,4422,4,LookALike_Clientes_1,Estático,1º Lançamento | Leads
5080,2025 | Janeiro,Quinta-Feira,Dia útil,Leads,2025-01-16,topfunnel_interesses_cloud_estatico_v3,61.54,82,5178,6,Interesses_Cloud,Estático,1º Lançamento | Leads
5463,2025 | Janeiro,Quinta-Feira,Dia útil,Leads,2025-01-16,topfunnel_interesses_programacao_estatico_v3,21.66,45,2159,9,Interesses_Programacao,Estático,1º Lançamento | Leads
1751,2025 | Janeiro,Sexta-Feira,Dia útil,Leads,2025-01-17,midfunnel_rmkt_60d_video_v2,31.68,30,2130,6,Remarketing_60dias,Video,1º Lançamento | Leads
2068,2025 | Janeiro,Sexta-Feira,Dia útil,Leads,2025-01-17,topfunnel_broad_tech_estatico_v1,2.68,2,187,,Broad_Tecnologia,Estático,1º Lançamento | Leads
2212,2025 | Janeiro,Sexta-Feira,Dia útil,Leads,2025-01-17,topfunnel_interesses_cloud_video_v2,64.96,75,5508,3,Interesses_Cloud,Video,1º Lançamento | Leads
2531,2025 | Janeiro,Sexta-Feira,Dia útil,Leads,2025-01-17,topfunnel_broad_tech_video_v1,6.08,2,319,,Broad_Tecnologia,Video,1º Lançamento | Leads
3386,2025 | Janeiro,Sexta-Feira,Dia útil,Leads,2025-01-17,topfunnel_broad_tech_video_v1,102.97,46,6158,8,Broad_Tecnologia,Video,1º Lançamento | Leads
3618,2025 | Janeiro,Sexta-Feira,Dia útil,Leads,2025-01-17,topfunnel_interesses_programacao_estatico_v3,24.18,38,2328,2,Interesses_Programacao,Estático,1º Lançamento | Leads
3619,2025 | Janeiro,Sexta-Feira,Dia útil,Leads,2025-01-17,midfunnel_rmkt_60d_video_v3,139.60,688,30501,65,Remarketing_60dias,Video,1º Lançamento | Leads
5370,2025 | Janeiro,Sexta-Feira,Dia útil,Leads,2025-01-17,topfunnel_interesses_cloud_video_v1,56.20,61,3948,4,Interesses_Cloud,Video,1º Lançamento | Leads
1698,2025 | Janeiro,Sábado,Final de Semana,Leads,2025-01-18,topfunnel_interesses_cloud_video_v1,11.54,23,1051,3,Interesses_Cloud,Video,1º Lançamento | Leads
1971,2025 | Janeiro,Sábado,Final de Semana,Leads,2025-01-18,topfunnel_broad_tech_estatico_v3,58.82,61,3663,6,Broad_Tecnologia,Estático,1º Lançamento | Leads
5285,2025 | Janeiro,Sábado,Final de Semana,Leads,2025-01-18,topfunnel_interesses_cloud_video_v2,21.58,10,1066,,Interesses_Cloud,Video,1º Lançamento | Leads
1106,2025 | Janeiro,Domingo,Final de Semana,Awareness,2025-01-19,topfunnel_broad_tech_video_v3,58.19,55,4799,5,Broad_Tecnologia,Video,1º Lançamento | Live
1212,2025 | Janeiro,Domingo,Final de Semana,Leads,2025-01-19,topfunnel_interesses_cloud_estatico_v1,102.64,48,6177,6,Interesses_Cloud,Estático,1º Lançamento | Leads
1262,2025 | Janeiro,Domingo,Final de Semana,Leads,2025-01-19,topfunnel_lal1_clientes_video_v1,24.17,42,1576,4,LookALike_Clientes_1,Video,1º Lançamento | Leads
1427,2025 | Janeiro,Domingo,Final de Semana,Leads,2025-01-19,topfunnel_lal1_clientes_video_v2,17.56,33,1590,8,LookALike_Clientes_1,Video,1º Lançamento | Leads
2054,2025 | Janeiro,Domingo,Final de Semana,Leads,2025-01-19,topfunnel_lal1_clientes_estatico_v1,89.98,136,5980,26,LookALike_Clientes_1,Estático,1º Lançamento | Leads
2884,2025 | Janeiro,Domingo,Final de Semana,Leads,2025-01-19,topfunnel_broad_tech_estatico_v2,86.17,91,4828,22,Broad_Tecnologia,Estático,1º Lançamento | Leads
3009,2025 | Janeiro,Domingo,Final de Semana,Awareness,2025-01-19,topfunnel_lal1_clientes_video_v2,7.07,2,435,,LookALike_Clientes_1,Video,1º Lançamento | Live
5110,2025 | Janeiro,Domingo,Final de Semana,Leads,2025-01-19,topfunnel_cargos_tech_estatico_v3,0.00,,0,,Cargos_Tecnologia,Estático,1º Lançamento | Leads
5809,2025 | Janeiro,Domingo,Final de Semana,Leads,2025-01-19,topfunnel_broad_tech_estatico_v2,35.04,32,2933,8,Broad_Tecnologia,Estático,1º Lançamento | Leads
5944,2025 | Janeiro,Domingo,Final de Semana,Leads,2025-01-19,topfunnel_interesses_programacao_video_v1,22.32,24,1413,5,Interesses_Programacao,Video,1º Lançamento | Leads
5986,2025 | Janeiro,Domingo,Final de Semana,Awareness,2025-01-19,topfunnel_interesses_cloud_estatico_v1,57.66,29,2947,,Interesses_Cloud,Estático,1º Lançamento | Live
1041,2025 | Janeiro,Segunda-Feira,Dia útil,Leads,2025-01-20,topfunnel_broad_tech_estatico_v2,0.00,,0,,Broad_Tecnologia,Estático,1º Lançamento | Leads
1824,2025 | Janeiro,Segunda-Feira,Dia útil,Leads,2025-01-20,topfunnel_interesses_programacao_video_v3,32.24,39,2138,8,Interesses_Programacao,Video,1º Lançamento | Leads
1929,2025 | Janeiro,Segunda-Feira,Dia útil,Leads,2025-01-20,topfunnel_cargos_tech_video_v1,99.68,149,5998,32,Cargos_Tecnologia,Video,1º Lançamento | Leads
2092,2025 | Janeiro,Segunda-Feira,Dia útil,Leads,2025-01-20,topfunnel_interesses_cloud_video_v1,46.89,52,6150,5,Interesses_Cloud,Video,1º Lançamento | Leads
2176,2025 | Janeiro,Segunda-Feira,Dia útil,Awareness,2025-01-20,topfunnel_lal1_clientes_video_v1,23.13,32,1607,1,LookALike_Clientes_1,Video,1º Lançamento | Live
2478,2025 | Janeiro,Segunda-Feira,Dia útil,Leads,2025-01-20,topfunnel_broad_tech_estatico_v3,13.54,3,716,,Broad_Tecnologia,Estático,1º Lançamento | Leads
2506,2025 | Janeiro,Segunda-Feira,Dia útil,Leads,2025-01-20,topfunnel_broad_tech_video_v3,25.69,44,2033,9,Broad_Tecnologia,Video,1º Lançamento | Leads
2632,2025 | Janeiro,Segunda-Feira,Dia útil,Awareness,2025-01-20,topfunnel_cargos_tech_estatico_v1,24.97,56,4194,2,Cargos_Tecnologia,Estático,1º Lançamento | Live
3041,2025 | Janeiro,Segunda-Feira,Dia útil,Leads,2025-01-20,topfunnel_interesses_cloud_estatico_v1,38.02,43,2475,10,Interesses_Cloud,Estático,1º Lançamento | Leads
3419,2025 | Janeiro,Segunda-Feira,Dia útil,Leads,2025-01-20,topfunnel_interesses_cloud_video_v3,39.12,116,5999,14,Interesses_Cloud,Video,1º Lançamento | Leads
3502,2025 | Janeiro,Segunda-Feira,Dia útil,Leads,2025-01-20,topfunnel_interesses_programacao_video_v1,44.17,57,3776,5,Interesses_Programacao,Video,1º Lançamento | Leads
3711,2025 | Janeiro,Segunda-Feira,Dia útil,Leads,2025-01-20,topfunnel_broad_tech_video_v1,5.96,9,465,,Broad_Tecnologia,Video,1º Lançamento | Leads
3870,2025 | Janeiro,Segunda-Feira,Dia útil,Leads,2025-01-20,topfunnel_interesses_cloud_video_v1,29.87,42,1788,11,Interesses_Cloud,Video,1º Lançamento | Leads
4213,2025 | Janeiro,Segunda-Feira,Dia útil,Leads,2025-01-20,topfunnel_cargos_tech_estatico_v3,67.20,88,4789,19,Cargos_Tecnologia,Estático,1º Lançamento | Vendas
4487,2025 | Janeiro,Segunda-Feira,Dia útil,Leads,2025-01-20,midfunnel_rmkt_60d_estatico_v1,53.07,120,4828,20,Remarketing_60dias,Estático,1º Lançamento | Leads
4584,2025 | Janeiro,Segunda-Feira,Dia útil,Leads,2025-01-20,topfunnel_broad_tech_estatico_v3,0.00,,0,,Broad_Tecnologia,Estático,1º Lançamento | Leads
5509,2025 | Janeiro,Segunda-Feira,Dia útil,Leads,2025-01-20,topfunnel_broad_tech_estatico_v2,68.83,121,5459,4,Broad_Tecnologia,Estático,1º Lançamento | Vendas
5744,2025 | Janeiro,Segunda-Feira,Dia útil,Leads,2025-01-20,topfunnel_interesses_cloud_video_v1,11.49,8,1224,,Interesses_Cloud,Video,1º Lançamento | Leads
1532,2025 | Janeiro,Terça-Feira,Dia útil,Leads,2025-01-21,midfunnel_rmkt_60d_estatico_v2,7.96,9,580,,Remarketing_60dias,Estático,1º Lançamento | Leads
1818,2025 | Janeiro,Terça-Feira,Dia útil,Leads,2025-01-21,topfunnel_broad_tech_video_v1,41.78,59,2980,12,Broad_Tecnologia,Video,1º Lançamento | Leads
2078,2025 | Janeiro,Terça-Feira,Dia útil,Leads,2025-01-21,topfunnel_lal1_clientes_estatico_v1,1.03,,80,,LookALike_Clientes_1,Estático,1º Lançamento | Leads
2156,2025 | Janeiro,Terça-Feira,Dia útil,Leads,2025-01-21,topfunnel_broad_tech_video_v1,18.86,43,1625,4,Broad_Tecnologia,Video,1º Lançamento | Leads
2865,2025 | Janeiro,Terça-Feira,Dia útil,Leads,2025-01-21,topfunnel_cargos_tech_video_v1,61.78,55,3000,12,Cargos_Tecnologia,Video,1º Lançamento | Leads
3285,2025 | Janeiro,Terça-Feira,Dia útil,Leads,2025-01-21,topfunnel_lal1_clientes_video_v3,74.19,151,6346,28,LookALike_Clientes_1,Video,1º Lançamento | Vendas
4227,2025 | Janeiro,Terça-Feira,Dia útil,Leads,2025-01-21,topfunnel_cargos_tech_estatico_v1,25.93,24,2346,1,Cargos_Tecnologia,Estático,1º Lançamento | Leads
4312,2025 | Janeiro,Terça-Feira,Dia útil,Leads,2025-01-21,topfunnel_cargos_tech_estatico_v1,31.67,21,3606,,Cargos_Tecnologia,Estático,1º Lançamento | Vendas
4467,2025 | Janeiro,Terça-Feira,Dia útil,Leads,2025-01-21,topfunnel_lal1_clientes_estatico_v3,50.97,84,5266,13,LookALike_Clientes_1,Estático,1º Lançamento | Leads
4846,2025 | Janeiro,Terça-Feira,Dia útil,Leads,2025-01-21,topfunnel_interesses_cloud_video_v2,34.80,42,2430,2,Interesses_Cloud,Video,1º Lançamento | Vendas
4922,2025 | Janeiro,Terça-Feira,Dia útil,Leads,2025-01-21,topfunnel_interesses_cloud_estatico_v2,12.92,16,1539,3,Interesses_Cloud,Estático,1º Lançamento | Leads
5349,2025 | Janeiro,Terça-Feira,Dia útil,Awareness,2025-01-21,topfunnel_lal1_clientes_video_v2,8.26,11,826,2,LookALike_Clientes_1,Video,1º Lançamento | Live
5408,2025 | Janeiro,Terça-Feira,Dia útil,Leads,2025-01-21,midfunnel_rmkt_60d_estatico_v1,27.21,34,1581,4,Remarketing_60dias,Estático,1º Lançamento | Leads
5616,2025 | Janeiro,Terça-Feira,Dia útil,Leads,2025-01-21,topfunnel_interesses_programacao_video_v2,0.00,,0,,Interesses_Programacao,Video,1º Lançamento | Leads
5975,2025 | Janeiro,Terça-Feira,Dia útil,Leads,2025-01-21,topfunnel_interesses_programacao_video_v1,37.88,35,2912,5,Interesses_Programacao,Video,1º Lançamento | Vendas
1047,2025 | Janeiro,Quarta-Feira,Dia útil,Awareness,2025-01-22,topfunnel_broad_tech_video_v1,112.19,155,8335,19,Broad_Tecnologia,Video,1º Lançamento | Live
1149,2025 | Janeiro,Quarta-Feira,Dia útil,Leads,2025-01-22,topfunnel_broad_tech_video_v1,21.73,12,1019,1,Broad_Tecnologia,Video,1º Lançamento | Leads
1187,2025 | Janeiro,Quarta-Feira,Dia útil,Leads,2025-01-22,topfunnel_broad_tech_estatico_v1,42.52,61,3093,6,Broad_Tecnologia,Estático,1º Lançamento | Leads
2040,2025 | Janeiro,Quarta-Feira,Dia útil,Awareness,2025-01-22,topfunnel_broad_tech_video_v3,12.82,13,745,,Broad_Tecnologia,Video,1º Lançamento | Live
3102,2025 | Janeiro,Quarta-Feira,Dia útil,Leads,2025-01-22,topfunnel_interesses_cloud_video_v2,29.15,66,3646,4,Interesses_Cloud,Video,1º Lançamento | Vendas
3301,2025 | Janeiro,Quarta-Feira,Dia útil,Leads,2025-01-22,midfunnel_rmkt_60d_estatico_v1,0.00,,0,,Remarketing_60dias,Estático,1º Lançamento | Leads
3439,2025 | Janeiro,Quarta-Feira,Dia útil,Leads,2025-01-22,midfunnel_rmkt_60d_estatico_v1,106.31,152,9735,30,Remarketing_60dias,Estático,1º Lançamento | Leads
4038,2025 | Janeiro,Quarta-Feira,Dia útil,Awareness,2025-01-22,topfunnel_cargos_tech_video_v1,19.42,6,1391,,Cargos_Tecnologia,Video,1º Lançamento | Live
4203,2025 | Janeiro,Quarta-Feira,Dia útil,Awareness,2025-01-22,topfunnel_interesses_programacao_video_v3,87.96,96,6254,3,Interesses_Programacao,Video,1º Lançamento | Live
4249,2025 | Janeiro,Quarta-Feira,Dia útil,Leads,2025-01-22,midfunnel_rmkt_60d_video_v2,42.03,64,4945,5,Remarketing_60dias,Video,1º Lançamento | Leads
4395,2025 | Janeiro,Quarta-Feira,Dia útil,Leads,2025-01-22,topfunnel_broad_tech_estatico_v1,23.81,30,2447,4,Broad_Tecnologia,Estático,1º Lançamento | Leads
4431,2025 | Janeiro,Quarta-Feira,Dia útil,Leads,2025-01-22,topfunnel_cargos_tech_video_v3,3.32,4,236,,Cargos_Tecnologia,Video,1º Lançamento | Leads
4577,2025 | Janeiro,Quarta-Feira,Dia útil,Leads,2025-01-22,topfunnel_broad_tech_estatico_v3,0.00,,0,,Broad_Tecnologia,Estático,1º Lançamento | Leads
4839,2025 | Janeiro,Quarta-Feira,Dia útil,Awareness,2025-01-22,midfunnel_rmkt_60d_estatico_v1,58.44,41,7101,1,Remarketing_60dias,Estático,1º Lançamento | Live
4843,2025 | Janeiro,Quarta-Feira,Dia útil,Leads,2025-01-22,topfunnel_interesses_cloud_estatico_v2,34.59,15,1618,1,Interesses_Cloud,Estático,1º Lançamento | Leads
5049,2025 | Janeiro,Quarta-Feira,Dia útil,Leads,2025-01-22,topfunnel_interesses_programacao_video_v3,183.48,242,13929,48,Interesses_Programacao,Video,1º Lançamento | Leads
5171,2025 | Janeiro,Quarta-Feira,Dia útil,Leads,2025-01-22,topfunnel_cargos_tech_video_v1,71.95,168,6516,12,Cargos_Tecnologia,Video,1º Lançamento | Leads
5183,2025 | Janeiro,Quarta-Feira,Dia útil,Leads,2025-01-22,topfunnel_interesses_programacao_video_v1,42.85,44,2504,7,Interesses_Programacao,Video,1º Lançamento | Leads
5190,2025 | Janeiro,Quarta-Feira,Dia útil,Awareness,2025-01-22,topfunnel_cargos_tech_video_v1,24.42,10,1345,,Cargos_Tecnologia,Video,1º Lançamento | Live
5212,2025 | Janeiro,Quarta-Feira,Dia útil,Leads,2025-01-22,topfunnel_broad_tech_video_v1,38.05,35,2461,5,Broad_Tecnologia,Video,1º Lançamento | Leads
5480,2025 | Janeiro,Quarta-Feira,Dia útil,Awareness,2025-01-22,midfunnel_rmkt_60d_video_v2,29.74,63,3061,8,Remarketing_60dias,Video,1º Lançamento | Live
5502,2025 | Janeiro,Quarta-Feira,Dia útil,Awareness,2025-01-22,topfunnel_interesses_cloud_video_v1,19.09,8,1684,,Interesses_Cloud,Video,1º Lançamento | Live
5823,2025 | Janeiro,Quarta-Feira,Dia útil,Leads,2025-01-22,midfunnel_rmkt_60d_estatico_v1,19.83,15,1526,,Remarketing_60dias,Estático,1º Lançamento | Vendas
5950,2025 | Janeiro,Quarta-Feira,Dia útil,Leads,2025-01-22,topfunnel_broad_tech_estatico_v1,63.69,16,3091,,Broad_Tecnologia,Estático,1º Lançamento | Leads
5951,2025 | Janeiro,Quarta-Feira,Dia útil,Leads,2025-01-22,midfunnel_rmkt_60d_video_v1,107.01,196,8813,39,Remarketing_60dias,Video,1º Lançamento | Leads
5961,2025 | Janeiro,Quarta-Feira,Dia útil,Leads,2025-01-22,topfunnel_lal1_clientes_video_v1,45.59,59,3148,8,LookALike_Clientes_1,Video,1º Lançamento | Leads
1201,2025 | Janeiro,Quinta-Feira,Dia útil,Leads,2025-01-23,topfunnel_interesses_cloud_video_v2,24.16,23,1347,2,Interesses_Cloud,Video,1º Lançamento | Leads
1437,2025 | Janeiro,Quinta-Feira,Dia útil,Awareness,2025-01-23,topfunnel_broad_tech_estatico_v3,98.39,82,7081,8,Broad_Tecnologia,Estático,1º Lançamento | Live
1682,2025 | Janeiro,Quinta-Feira,Dia útil,Leads,2025-01-23,topfunnel_lal1_clientes_estatico_v1,186.59,524,22424,123,LookALike_Clientes_1,Estático,1º Lançamento | Leads
1802,2025 | Janeiro,Quinta-Feira,Dia útil,Leads,2025-01-23,topfunnel_interesses_cloud_video_v2,46.87,29,2699,5,Interesses_Cloud,Video,1º Lançamento | Leads
2002,2025 | Janeiro,Quinta-Feira,Dia útil,Leads,2025-01-23,midfunnel_rmkt_60d_estatico_v2,68.90,118,5502,33,Remarketing_60dias,Estático,1º Lançamento | Leads
2237,2025 | Janeiro,Quinta-Feira,Dia útil,Leads,2025-01-23,topfunnel_interesses_programacao_estatico_v1,0.00,,0,,Interesses_Programacao,Estático,1º Lançamento | Vendas
2240,2025 | Janeiro,Quinta-Feira,Dia útil,Leads,2025-01-23,topfunnel_broad_tech_estatico_v1,14.68,8,1128,2,Broad_Tecnologia,Estático,1º Lançamento | Leads
2328,2025 | Janeiro,Quinta-Feira,Dia útil,Leads,2025-01-23,topfunnel_cargos_tech_estatico_v1,55.88,58,3539,15,Cargos_Tecnologia,Estático,1º Lançamento | Leads
2568,2025 | Janeiro,Quinta-Feira,Dia útil,Leads,2025-01-23,topfunnel_lal1_clientes_video_v2,261.01,553,33683,125,LookALike_Clientes_1,Video,1º Lançamento | Leads
2711,2025 | Janeiro,Quinta-Feira,Dia útil,Leads,2025-01-23,midfunnel_rmkt_60d_estatico_v1,14.35,30,1094,2,Remarketing_60dias,Estático,1º Lançamento | Leads
2812,2025 | Janeiro,Quinta-Feira,Dia útil,Leads,2025-01-23,midfunnel_rmkt_60d_video_v3,60.28,75,3752,26,Remarketing_60dias,Video,1º Lançamento | Leads
3733,2025 | Janeiro,Quinta-Feira,Dia útil,Awareness,2025-01-23,topfunnel_interesses_programacao_estatico_v2,24.98,21,1875,2,Interesses_Programacao,Estático,1º Lançamento | Live
4491,2025 | Janeiro,Quinta-Feira,Dia útil,Leads,2025-01-23,topfunnel_lal1_clientes_video_v1,32.59,16,2043,3,LookALike_Clientes_1,Video,1º Lançamento | Leads
4773,2025 | Janeiro,Quinta-Feira,Dia útil,Awareness,2025-01-23,topfunnel_lal1_clientes_estatico_v2,44.83,13,2717,1,LookALike_Clientes_1,Estático,1º Lançamento | Live
5242,2025 | Janeiro,Quinta-Feira,Dia útil,Leads,2025-01-23,topfunnel_broad_tech_video_v1,15.81,8,1341,,Broad_Tecnologia,Video,1º Lançamento | Vendas
5513,2025 | Janeiro,Quinta-Feira,Dia útil,Leads,2025-01-23,topfunnel_interesses_programacao_video_v3,52.21,11,2424,,Interesses_Programacao,Video,1º Lançamento | Vendas
5939,2025 | Janeiro,Quinta-Feira,Dia útil,Leads,2025-01-23,topfunnel_broad_tech_video_v2,37.44,48,2701,3,Broad_Tecnologia,Video,1º Lançamento | Leads
1191,2025 | Janeiro,Sexta-Feira,Dia útil,Awareness,2025-01-24,topfunnel_broad_tech_estatico_v2,14.76,16,1147,,Broad_Tecnologia,Estático,1º Lançamento | Live
1592,2025 | Janeiro,Sexta-Feira,Dia útil,Leads,2025-01-24,topfunnel_interesses_programacao_video_v1,36.90,53,2686,3,Interesses_Programacao,Video,1º Lançamento | Leads
1628,2025 | Janeiro,Sexta-Feira,Dia útil,Awareness,2025-01-24,midfunnel_rmkt_60d_estatico_v1,12.71,21,860,2,Remarketing_60dias,Estático,1º Lançamento | Live
2283,2025 | Janeiro,Sexta-Feira,Dia útil,Leads,2025-01-24,topfunnel_interesses_cloud_video_v3,55.71,78,5073,6,Interesses_Cloud,Video,1º Lançamento | Leads
2886,2025 | Janeiro,Sexta-Feira,Dia útil,Leads,2025-01-24,topfunnel_broad_tech_estatico_v1,56.74,52,4015,10,Broad_Tecnologia,Estático,1º Lançamento | Leads
2982,2025 | Janeiro,Sexta-Feira,Dia útil,Leads,2025-01-24,topfunnel_lal1_clientes_estatico_v1,72.42,92,3941,10,LookALike_Clientes_1,Estático,1º Lançamento | Leads
3030,2025 | Janeiro,Sexta-Feira,Dia útil,Leads,2025-01-24,topfunnel_broad_tech_video_v2,25.92,58,2441,6,Broad_Tecnologia,Video,1º Lançamento | Leads
3147,2025 | Janeiro,Sexta-Feira,Dia útil,Awareness,2025-01-24,topfunnel_cargos_tech_video_v2,28.21,21,1928,,Cargos_Tecnologia,Video,1º Lançamento | Live
4107,2025 | Janeiro,Sexta-Feira,Dia útil,Awareness,2025-01-24,topfunnel_broad_tech_estatico_v1,62.50,60,4204,7,Broad_Tecnologia,Estático,1º Lançamento | Live
5029,2025 | Janeiro,Sexta-Feira,Dia útil,Leads,2025-01-24,topfunnel_interesses_cloud_estatico_v1,70.44,121,7950,19,Interesses_Cloud,Estático,1º Lançamento | Leads
5682,2025 | Janeiro,Sexta-Feira,Dia útil,Leads,2025-01-24,midfunnel_rmkt_60d_estatico_v2,38.84,42,2767,12,Remarketing_60dias,Estático,1º Lançamento | Leads
5821,2025 | Janeiro,Sexta-Feira,Dia útil,Leads,2025-01-24,topfunnel_interesses_cloud_video_v3,16.44,22,1279,3,Interesses_Cloud,Video,1º Lançamento | Leads
1953,2025 | Janeiro,Sábado,Final de Semana,Leads,2025-01-25,topfunnel_lal1_clientes_estatico_v1,46.54,89,4351,12,LookALike_Clientes_1,Estático,1º Lançamento | Leads
1988,2025 | Janeiro,Sábado,Final de Semana,Leads,2025-01-25,midfunnel_rmkt_60d_video_v1,30.86,21,1896,1,Remarketing_60dias,Video,1º Lançamento | Leads
2005,2025 | Janeiro,Sábado,Final de Semana,Leads,2025-01-25,midfunnel_rmkt_60d_estatico_v2,95.34,77,5342,10,Remarketing_60dias,Estático,1º Lançamento | Leads
2109,2025 | Janeiro,Sábado,Final de Semana,Leads,2025-01-25,topfunnel_cargos_tech_video_v1,66.33,118,4887,12,Cargos_Tecnologia,Video,1º Lançamento | Leads
2846,2025 | Janeiro,Sábado,Final de Semana,Leads,2025-01-25,midfunnel_rmkt_60d_estatico_v3,55.77,17,2459,4,Remarketing_60dias,Estático,1º Lançamento | Leads
3954,2025 | Janeiro,Sábado,Final de Semana,Leads,2025-01-25,topfunnel_cargos_tech_video_v2,23.71,34,1375,8,Cargos_Tecnologia,Video,1º Lançamento | Leads
4128,2025 | Janeiro,Sábado,Final de Semana,Leads,2025-01-25,topfunnel_interesses_cloud_video_v2,10.47,11,664,2,Interesses_Cloud,Video,1º Lançamento | Leads
4145,2025 | Janeiro,Sábado,Final de Semana,Leads,2025-01-25,topfunnel_broad_tech_video_v1,46.47,71,4266,3,Broad_Tecnologia,Video,1º Lançamento | Leads
4344,2025 | Janeiro,Sábado,Final de Semana,Leads,2025-01-25,topfunnel_cargos_tech_video_v2,0.00,,0,,Cargos_Tecnologia,Video,1º Lançamento | Vendas
4505,2025 | Janeiro,Sábado,Final de Semana,Leads,2025-01-25,topfunnel_interesses_programacao_estatico_v1,12.47,18,1383,,Interesses_Programacao,Estático,1º Lançamento | Leads
4801,2025 | Janeiro,Sábado,Final de Semana,Leads,2025-01-25,topfunnel_broad_tech_video_v2,91.97,196,15077,25,Broad_Tecnologia,Video,1º Lançamento | Vendas
4837,2025 | Janeiro,Sábado,Final de Semana,Leads,2025-01-25,midfunnel_rmkt_60d_estatico_v2,11.84,7,915,1,Remarketing_60dias,Estático,1º Lançamento | Leads
5229,2025 | Janeiro,Sábado,Final de Semana,Awareness,2025-01-25,topfunnel_broad_tech_video_v3,19.60,17,1381,1,Broad_Tecnologia,Video,1º Lançamento | Live
5323,2025 | Janeiro,Sábado,Final de Semana,Leads,2025-01-25,topfunnel_cargos_tech_video_v3,13.32,20,959,3,Cargos_Tecnologia,Video,1º Lançamento | Leads
5421,2025 | Janeiro,Sábado,Final de Semana,Leads,2025-01-25,topfunnel_broad_tech_estatico_v2,0.00,,0,,Broad_Tecnologia,Estático,1º Lançamento | Leads
5440,2025 | Janeiro,Sábado,Final de Semana,Leads,2025-01-25,midfunnel_rmkt_60d_estatico_v1,111.02,122,10944,34,Remarketing_60dias,Estático,1º Lançamento | Leads
1174,2025 | Janeiro,Domingo,Final de Semana,Leads,2025-01-26,topfunnel_broad_tech_video_v1,13.90,4,707,,Broad_Tecnologia,Video,1º Lançamento | Leads
1200,2025 | Janeiro,Domingo,Final de Semana,Leads,2025-01-26,topfunnel_interesses_cloud_video_v1,121.71,312,15269,43,Interesses_Cloud,Video,1º Lançamento | Leads
1673,2025 | Janeiro,Domingo,Final de Semana,Leads,2025-01-26,topfunnel_lal1_clientes_video_v1,35.59,41,3101,7,LookALike_Clientes_1,Video,1º Lançamento | Leads
1889,2025 | Janeiro,Domingo,Final de Semana,Leads,2025-01-26,topfunnel_cargos_tech_estatico_v1,108.18,63,8507,12,Cargos_Tecnologia,Estático,1º Lançamento | Leads
2137,2025 | Janeiro,Domingo,Final de Semana,Leads,2025-01-26,topfunnel_interesses_cloud_video_v1,38.63,43,2004,3,Interesses_Cloud,Video,1º Lançamento | Leads
2517,2025 | Janeiro,Domingo,Final de Semana,Leads,2025-01-26,midfunnel_rmkt_60d_video_v1,106.63,52,6050,5,Remarketing_60dias,Video,1º Lançamento | Leads
2931,2025 | Janeiro,Domingo,Final de Semana,Leads,2025-01-26,topfunnel_interesses_cloud_video_v1,68.66,113,6300,24,Interesses_Cloud,Video,1º Lançamento | Vendas
2997,2025 | Janeiro,Domingo,Final de Semana,Leads,2025-01-26,topfunnel_broad_tech_estatico_v1,3.72,10,463,1,Broad_Tecnologia,Estático,1º Lançamento | Leads
3287,2025 | Janeiro,Domingo,Final de Semana,Leads,2025-01-26,topfunnel_cargos_tech_video_v2,78.65,42,5849,4,Cargos_Tecnologia,Video,1º Lançamento | Leads
3367,2025 | Janeiro,Domingo,Final de Semana,Leads,2025-01-26,topfunnel_interesses_programacao_video_v2,11.79,17,904,,Interesses_Programacao,Video,1º Lançamento | Vendas
3484,2025 | Janeiro,Domingo,Final de Semana,Leads,2025-01-26,topfunnel_interesses_programacao_video_v2,48.80,62,2614,8,Interesses_Programacao,Video,1º Lançamento | Leads
3976,2025 | Janeiro,Domingo,Final de Semana,Leads,2025-01-26,topfunnel_broad_tech_video_v2,3.19,5,379,,Broad_Tecnologia,Video,1º Lançamento | Leads
4700,2025 | Janeiro,Domingo,Final de Semana,Leads,2025-01-26,topfunnel_lal1_clientes_video_v2,15.31,39,1688,8,LookALike_Clientes_1,Video,1º Lançamento | Leads
4967,2025 | Janeiro,Domingo,Final de Semana,Leads,2025-01-26,topfunnel_interesses_programacao_estatico_v2,33.51,41,2376,2,Interesses_Programacao,Estático,1º Lançamento | Leads
5236,2025 | Janeiro,Domingo,Final de Semana,Leads,2025-01-26,midfunnel_rmkt_60d_estatico_v1,11.56,16,801,4,Remarketing_60dias,Estático,1º Lançamento | Leads
5260,2025 | Janeiro,Domingo,Final de Semana,Leads,2025-01-26,midfunnel_rmkt_60d_estatico_v3,5.49,9,285,1,Remarketing_60dias,Estático,1º Lançamento | Leads
5915,2025 | Janeiro,Domingo,Final de Semana,Leads,2025-01-26,topfunnel_interesses_programacao_estatico_v3,32.75,56,2678,3,Interesses_Programacao,Estático,1º Lançamento | Leads
1014,2025 | Janeiro,Segunda-Feira,Dia útil,Leads,2025-01-27,topfunnel_broad_tech_estatico_v3,11.85,17,640,3,Broad_Tecnologia,Estático,1º Lançamento | Leads
1397,2025 | Janeiro,Segunda-Feira,Dia útil,Awareness,2025-01-27,topfunnel_lal1_clientes_estatico_v1,10.78,4,1158,,LookALike_Clientes_1,Estático,1º Lançamento | Live
1545,2025 | Janeiro,Segunda-Feira,Dia útil,Leads,2025-01-27,topfunnel_lal1_clientes_estatico_v2,55.32,67,3916,6,LookALike_Clientes_1,Estático,1º Lançamento | Leads
1838,2025 | Janeiro,Segunda-Feira,Dia útil,Leads,2025-01-27,midfunnel_rmkt_60d_estatico_v3,0.00,,0,,Remarketing_60dias,Estático,1º Lançamento | Leads
2548,2025 | Janeiro,Segunda-Feira,Dia útil,Awareness,2025-01-27,topfunnel_cargos_tech_video_v3,17.00,30,1812,3,Cargos_Tecnologia,Video,1º Lançamento | Live
2674,2025 | Janeiro,Segunda-Feira,Dia útil,Leads,2025-01-27,topfunnel_interesses_cloud_estatico_v2,67.31,144,7879,23,Interesses_Cloud,Estático,1º Lançamento | Vendas
3213,2025 | Janeiro,Segunda-Feira,Dia útil,Leads,2025-01-27,topfunnel_lal1_clientes_estatico_v1,7.03,2,537,,LookALike_Clientes_1,Estático,1º Lançamento | Leads
3316,2025 | Janeiro,Segunda-Feira,Dia útil,Leads,2025-01-27,midfunnel_rmkt_60d_estatico_v1,58.82,73,5530,3,Remarketing_60dias,Estático,1º Lançamento | Vendas
3664,2025 | Janeiro,Segunda-Feira,Dia útil,Leads,2025-01-27,topfunnel_interesses_cloud_estatico_v2,8.24,3,845,,Interesses_Cloud,Estático,1º Lançamento | Leads
3882,2025 | Janeiro,Segunda-Feira,Dia útil,Leads,2025-01-27,topfunnel_cargos_tech_estatico_v2,30.00,20,1528,2,Cargos_Tecnologia,Estático,1º Lançamento | Leads
3891,2025 | Janeiro,Segunda-Feira,Dia útil,Leads,2025-01-27,topfunnel_cargos_tech_estatico_v1,87.54,99,5274,19,Cargos_Tecnologia,Estático,1º Lançamento | Leads
3923,2025 | Janeiro,Segunda-Feira,Dia útil,Awareness,2025-01-27,topfunnel_lal1_clientes_estatico_v1,1.08,,115,,LookALike_Clientes_1,Estático,1º Lançamento | Live
3930,2025 | Janeiro,Segunda-Feira,Dia útil,Leads,2025-01-27,topfunnel_lal1_clientes_video_v1,177.07,85,10392,19,LookALike_Clientes_1,Video,1º Lançamento | Leads
4131,2025 | Janeiro,Segunda-Feira,Dia útil,Leads,2025-01-27,topfunnel_cargos_tech_estatico_v1,0.00,,0,,Cargos_Tecnologia,Estático,1º Lançamento | Leads
4475,2025 | Janeiro,Segunda-Feira,Dia útil,Leads,2025-01-27,topfunnel_broad_tech_estatico_v2,73.61,117,6452,15,Broad_Tecnologia,Estático,1º Lançamento | Vendas
4525,2025 | Janeiro,Segunda-Feira,Dia útil,Leads,2025-01-27,topfunnel_cargos_tech_video_v1,43.04,74,4476,13,Cargos_Tecnologia,Video,1º Lançamento | Leads
4786,2025 | Janeiro,Segunda-Feira,Dia útil,Leads,2025-01-27,midfunnel_rmkt_60d_estatico_v2,31.27,9,1251,1,Remarketing_60dias,Estático,1º Lançamento | Leads
4788,2025 | Janeiro,Segunda-Feira,Dia útil,Awareness,2025-01-27,topfunnel_broad_tech_estatico_v1,8.15,4,484,1,Broad_Tecnologia,Estático,1º Lançamento | Live
4898,2025 | Janeiro,Segunda-Feira,Dia útil,Leads,2025-01-27,midfunnel_rmkt_60d_estatico_v2,10.94,9,910,1,Remarketing_60dias,Estático,1º Lançamento | Leads
5004,2025 | Janeiro,Segunda-Feira,Dia útil,Leads,2025-01-27,topfunnel_broad_tech_estatico_v1,11.01,2,646,,Broad_Tecnologia,Estático,1º Lançamento | Leads
5516,2025 | Janeiro,Segunda-Feira,Dia útil,Leads,2025-01-27,topfunnel_interesses_cloud_video_v1,4.78,2,355,,Interesses_Cloud,Video,1º Lançamento | Vendas
5995,2025 | Janeiro,Segunda-Feira,Dia útil,Leads,2025-01-27,topfunnel_broad_tech_video_v1,20.12,68,2860,9,Broad_Tecnologia,Video,1º Lançamento | Leads
1133,2025 | Janeiro,Terça-Feira,Dia útil,Leads,2025-01-28,topfunnel_interesses_cloud_estatico_v3,49.82,28,3229,1,Interesses_Cloud,Estático,1º Lançamento | Vendas
1244,2025 | Janeiro,Terça-Feira,Dia útil,Leads,2025-01-28,topfunnel_broad_tech_estatico_v3,41.10,26,2322,2,Broad_Tecnologia,Estático,1º Lançamento | Vendas
1643,2025 | Janeiro,Terça-Feira,Dia útil,Leads,2025-01-28,topfunnel_interesses_programacao_video_v1,30.82,20,1434,3,Interesses_Programacao,Video,1º Lançamento | Leads
1860,2025 | Janeiro,Terça-Feira,Dia útil,Leads,2025-01-28,topfunnel_cargos_tech_video_v2,37.00,62,2845,3,Cargos_Tecnologia,Video,1º Lançamento | Leads
2363,2025 | Janeiro,Terça-Feira,Dia útil,Leads,2025-01-28,topfunnel_lal1_clientes_estatico_v1,49.42,63,2830,11,LookALike_Clientes_1,Estático,1º Lançamento | Leads
2528,2025 | Janeiro,Terça-Feira,Dia útil,Leads,2025-01-28,topfunnel_interesses_cloud_video_v1,16.84,14,655,2,Interesses_Cloud,Video,1º Lançamento | Leads
2561,2025 | Janeiro,Terça-Feira,Dia útil,Leads,2025-01-28,topfunnel_lal1_clientes_estatico_v1,15.96,13,976,1,LookALike_Clientes_1,Estático,1º Lançamento | Leads
3199,2025 | Janeiro,Terça-Feira,Dia útil,Leads,2025-01-28,midfunnel_rmkt_60d_estatico_v2,10.08,15,588,4,Remarketing_60dias,Estático,1º Lançamento | Leads
4167,2025 | Janeiro,Terça-Feira,Dia útil,Leads,2025-01-28,topfunnel_lal1_clientes_video_v1,5.33,2,290,,LookALike_Clientes_1,Video,1º Lançamento | Leads
4798,2025 | Janeiro,Terça-Feira,Dia útil,Leads,2025-01-28,topfunnel_interesses_cloud_estatico_v1,49.75,48,8558,8,Interesses_Cloud,Estático,1º Lançamento | Leads
4875,2025 | Janeiro,Terça-Feira,Dia útil,Leads,2025-01-28,topfunnel_broad_tech_estatico_v2,0.00,,0,,Broad_Tecnologia,Estático,1º Lançamento | Leads
5422,2025 | Janeiro,Terça-Feira,Dia útil,Leads,2025-01-28,topfunnel_lal1_clientes_estatico_v1,74.94,190,8140,19,LookALike_Clientes_1,Estático,1º Lançamento | Leads
1021,2025 | Janeiro,Quarta-Feira,Dia útil,Leads,2025-01-29,topfunnel_interesses_cloud_video_v1,67.13,207,9538,33,Interesses_Cloud,Video,1º Lançamento | Leads
2049,2025 | Janeiro,Quarta-Feira,Dia útil,Leads,2025-01-29,topfunnel_interesses_programacao_video_v1,8.90,8,612,,Interesses_Programacao,Video,1º Lançamento | Leads
2119,2025 | Janeiro,Quarta-Feira,Dia útil,Leads,2025-01-29,midfunnel_rmkt_60d_estatico_v1,14.10,28,1163,2,Remarketing_60dias,Estático,1º Lançamento | Leads
2417,2025 | Janeiro,Quarta-Feira,Dia útil,Leads,2025-01-29,topfunnel_broad_tech_video_v1,61.28,195,11481,26,Broad_Tecnologia,Video,1º Lançamento | Leads
3300,2025 | Janeiro,Quarta-Feira,Dia útil,Leads,2025-01-29,topfunnel_cargos_tech_video_v3,20.08,23,1438,2,Cargos_Tecnologia,Video,1º Lançamento | Leads
3757,2025 | Janeiro,Quarta-Feira,Dia útil,Leads,2025-01-29,midfunnel_rmkt_60d_video_v2,109.19,186,10418,23,Remarketing_60dias,Video,1º Lançamento | Leads
3846,2025 | Janeiro,Quarta-Feira,Dia útil,Leads,2025-01-29,topfunnel_broad_tech_estatico_v2,1.51,1,121,,Broad_Tecnologia,Estático,1º Lançamento | Leads
4464,2025 | Janeiro,Quarta-Feira,Dia útil,Leads,2025-01-29,topfunnel_interesses_cloud_estatico_v1,16.23,5,889,,Interesses_Cloud,Estático,1º Lançamento | Leads
5014,2025 | Janeiro,Quarta-Feira,Dia útil,Leads,2025-01-29,topfunnel_broad_tech_video_v1,32.77,55,2658,12,Broad_Tecnologia,Video,1º Lançamento | Leads
5231,2025 | Janeiro,Quarta-Feira,Dia útil,Leads,2025-01-29,topfunnel_interesses_programacao_video_v1,63.86,55,3687,7,Interesses_Programacao,Video,1º Lançamento | Vendas
5297,2025 | Janeiro,Quarta-Feira,Dia útil,Leads,2025-01-29,midfunnel_rmkt_60d_video_v1,49.26,36,3261,8,Remarketing_60dias,Video,1º Lançamento | Leads
5671,2025 | Janeiro,Quarta-Feira,Dia útil,Leads,2025-01-29,topfunnel_interesses_cloud_video_v1,84.80,69,6425,12,Interesses_Cloud,Video,1º Lançamento | Vendas
1037,2025 | Janeiro,Quinta-Feira,Dia útil,Leads,2025-01-30,topfunnel_broad_tech_video_v2,121.13,153,9065,19,Broad_Tecnologia,Video,1º Lançamento | Vendas
1305,2025 | Janeiro,Quinta-Feira,Dia útil,Leads,2025-01-30,topfunnel_interesses_cloud_estatico_v1,107.38,39,8805,11,Interesses_Cloud,Estático,1º Lançamento | Leads
1528,2025 | Janeiro,Quinta-Feira,Dia útil,Leads,2025-01-30,topfunnel_broad_tech_video_v3,20.23,30,1301,4,Broad_Tecnologia,Video,1º Lançamento | Leads
2250,2025 | Janeiro,Quinta-Feira,Dia útil,Leads,2025-01-30,topfunnel_interesses_programacao_video_v2,26.05,28,1313,,Interesses_Programacao,Video,1º Lançamento | Vendas
2261,2025 | Janeiro,Quinta-Feira,Dia útil,Leads,2025-01-30,topfunnel_lal1_clientes_estatico_v2,73.30,78,3313,16,LookALike_Clientes_1,Estático,1º Lançamento | Leads
2400,2025 | Janeiro,Quinta-Feira,Dia útil,Leads,2025-01-30,midfunnel_rmkt_60d_estatico_v2,58.60,32,3323,13,Remarketing_60dias,Estático,1º Lançamento | Leads
2448,2025 | Janeiro,Quinta-Feira,Dia útil,Leads,2025-01-30,topfunnel_interesses_programacao_video_v2,47.40,66,2966,4,Interesses_Programacao,Video,1º Lançamento | Leads
2545,2025 | Janeiro,Quinta-Feira,Dia útil,Leads,2025-01-30,topfunnel_broad_tech_estatico_v1,31.08,49,2364,8,Broad_Tecnologia,Estático,1º Lançamento | Leads
2839,2025 | Janeiro,Quinta-Feira,Dia útil,Leads,2025-01-30,topfunnel_broad_tech_video_v1,91.79,248,11051,42,Broad_Tecnologia,Video,1º Lançamento | Vendas
3223,2025 | Janeiro,Quinta-Feira,Dia útil,Leads,2025-01-30,topfunnel_broad_tech_estatico_v1,45.50,65,3699,9,Broad_Tecnologia,Estático,1º Lançamento | Leads
3655,2025 | Janeiro,Quinta-Feira,Dia útil,Leads,2025-01-30,topfunnel_interesses_programacao_estatico_v2,0.00,,0,,Interesses_Programacao,Estático,1º Lançamento | Leads
3821,2025 | Janeiro,Quinta-Feira,Dia útil,Leads,2025-01-30,topfunnel_broad_tech_estatico_v2,36.79,21,2244,4,Broad_Tecnologia,Estático,1º Lançamento | Leads
3914,2025 | Janeiro,Quinta-Feira,Dia útil,Leads,2025-01-30,topfunnel_broad_tech_estatico_v2,32.45,13,1841,1,Broad_Tecnologia,Estático,1º Lançamento | Leads
4163,2025 | Janeiro,Quinta-Feira,Dia útil,Leads,2025-01-30,topfunnel_interesses_cloud_video_v1,34.31,29,4144,7,Interesses_Cloud,Video,1º Lançamento | Leads
4275,2025 | Janeiro,Quinta-Feira,Dia útil,Leads,2025-01-30,topfunnel_cargos_tech_video_v2,86.87,73,3319,16,Cargos_Tecnologia,Video,1º Lançamento | Leads
4557,2025 | Janeiro,Quinta-Feira,Dia útil,Leads,2025-01-30,topfunnel_interesses_programacao_estatico_v1,72.55,84,4497,10,Interesses_Programacao,Estático,1º Lançamento | Leads
4958,2025 | Janeiro,Quinta-Feira,Dia útil,Leads,2025-01-30,topfunnel_interesses_programacao_video_v1,30.71,19,1471,2,Interesses_Programacao,Video,1º Lançamento | Leads
5141,2025 | Janeiro,Quinta-Feira,Dia útil,Leads,2025-01-30,topfunnel_cargos_tech_video_v1,0.00,,0,,Cargos_Tecnologia,Video,1º Lançamento | Vendas
5305,2025 | Janeiro,Quinta-Feira,Dia útil,Leads,2025-01-30,topfunnel_interesses_programacao_video_v1,44.12,38,2030,4,Interesses_Programacao,Video,1º Lançamento | Vendas
1433,2025 | Janeiro,Sexta-Feira,Dia útil,Awareness,2025-01-31,topfunnel_interesses_programacao_estatico_v1,22.84,12,1687,2,Interesses_Programacao,Estático,1º Lançamento | Live
1561,2025 | Janeiro,Sexta-Feira,Dia útil,Leads,2025-01-31,topfunnel_cargos_tech_estatico_v1,87.00,51,5564,12,Cargos_Tecnologia,Estático,1º Lançamento | Leads
1800,2025 | Janeiro,Sexta-Feira,Dia útil,Leads,2025-01-31,topfunnel_interesses_cloud_video_v2,40.46,24,2497,4,Interesses_Cloud,Video,1º Lançamento | Leads
2015,2025 | Janeiro,Sexta-Feira,Dia útil,Leads,2025-01-31,topfunnel_broad_tech_estatico_v3,13.86,31,1612,4,Broad_Tecnologia,Estático,1º Lançamento | Leads
2052,2025 | Janeiro,Sexta-Feira,Dia útil,Leads,2025-01-31,topfunnel_lal1_clientes_estatico_v2,48.47,66,2597,14,LookALike_Clientes_1,Estático,1º Lançamento | Leads
2094,2025 | Janeiro,Sexta-Feira,Dia útil,Leads,2025-01-31,topfunnel_interesses_cloud_video_v1,0.00,,0,,Interesses_Cloud,Video,1º Lançamento | Leads
2327,2025 | Janeiro,Sexta-Feira,Dia útil,Leads,2025-01-31,midfunnel_rmkt_60d_estatico_v1,67.26,51,2929,3,Remarketing_60dias,Estático,1º Lançamento | Leads
3134,2025 | Janeiro,Sexta-Feira,Dia útil,Awareness,2025-01-31,topfunnel_interesses_programacao_video_v1,0.00,,0,,Interesses_Programacao,Video,1º Lançamento | Live
3504,2025 | Janeiro,Sexta-Feira,Dia útil,Leads,2025-01-31,midfunnel_rmkt_60d_video_v2,104.18,91,8484,14,Remarketing_60dias,Video,1º Lançamento | Leads
3596,2025 | Janeiro,Sexta-Feira,Dia útil,Leads,2025-01-31,midfunnel_rmkt_60d_estatico_v2,52.22,67,3329,20,Remarketing_60dias,Estático,1º Lançamento | Leads
4035,2025 | Janeiro,Sexta-Feira,Dia útil,Leads,2025-01-31,topfunnel_cargos_tech_video_v3,49.52,117,4566,12,Cargos_Tecnologia,Video,1º Lançamento | Vendas
4540,2025 | Janeiro,Sexta-Feira,Dia útil,Leads,2025-01-31,midfunnel_rmkt_60d_estatico_v1,4.99,4,360,,Remarketing_60dias,Estático,1º Lançamento | Leads
4673,2025 | Janeiro,Sexta-Feira,Dia útil,Leads,2025-01-31,topfunnel_cargos_tech_estatico_v2,46.37,50,3753,5,Cargos_Tecnologia,Estático,1º Lançamento | Vendas
4964,2025 | Janeiro,Sexta-Feira,Dia útil,Awareness,2025-01-31,midfunnel_rmkt_60d_video_v3,13.06,17,1034,1,Remarketing_60dias,Video,1º Lançamento | Live
4997,2025 | Janeiro,Sexta-Feira,Dia útil,Leads,2025-01-31,topfunnel_broad_tech_estatico_v2,30.51,25,1359,1,Broad_Tecnologia,Estático,1º Lançamento | Leads
5017,2025 | Janeiro,Sexta-Feira,Dia útil,Leads,2025-01-31,topfunnel_lal1_clientes_estatico_v2,33.31,36,2834,5,LookALike_Clientes_1,Estático,1º Lançamento | Leads
5123,2025 | Janeiro,Sexta-Feira,Dia útil,Leads,2025-01-31,topfunnel_broad_tech_video_v1,68.83,72,5653,4,Broad_Tecnologia,Video,1º Lançamento | Leads
5653,2025 | Janeiro,Sexta-Feira,Dia útil,Leads,2025-01-31,topfunnel_interesses_programacao_video_v1,35.70,32,1676,5,Interesses_Programacao,Video,1º Lançamento | Leads
5679,2025 | Janeiro,Sexta-Feira,Dia útil,Leads,2025-01-31,midfunnel_rmkt_60d_video_v2,57.30,42,3460,3,Remarketing_60dias,Video,1º Lançamento | Leads
5784,2025 | Janeiro,Sexta-Feira,Dia útil,Awareness,2025-01-31,topfunnel_interesses_cloud_estatico_v3,7.18,2,624,,Interesses_Cloud,Estático,1º Lançamento | Live
5792,2025 | Janeiro,Sexta-Feira,Dia útil,Awareness,2025-01-31,midfunnel_rmkt_60d_video_v1,11.66,16,758,,Remarketing_60dias,Video,1º Lançamento | Live
1424,2025 | Fevereiro,Sábado,Final de Semana,Leads,2025-02-01,topfunnel_interesses_cloud_video_v2,29.22,51,7222,15,Interesses_Cloud,Video,2º Lançamento | Leads
2173,2025 | Fevereiro,Sábado,Final de Semana,Leads,2025-02-01,midfunnel_rmkt_60d_video_v1,14.21,26,1291,3,Remarketing_60dias,Video,2º Lançamento | Leads
2282,2025 | Fevereiro,Sábado,Final de Semana,Leads,2025-02-01,topfunnel_interesses_cloud_estatico_v2,81.94,126,6052,25,Interesses_Cloud,Estático,2º Lançamento | Leads
2367,2025 | Fevereiro,Sábado,Final de Semana,Leads,2025-02-01,topfunnel_cargos_tech_video_v3,0.00,,0,,Cargos_Tecnologia,Video,2º Lançamento | Leads
2901,2025 | Fevereiro,Sábado,Final de Semana,Leads,2025-02-01,midfunnel_rmkt_60d_video_v1,0.00,,0,,Remarketing_60dias,Video,2º Lançamento | Leads
3265,2025 | Fevereiro,Sábado,Final de Semana,Leads,2025-02-01,topfunnel_broad_tech_video_v1,37.11,14,2296,1,Broad_Tecnologia,Video,2º Lançamento | Leads
3772,2025 | Fevereiro,Sábado,Final de Semana,Leads,2025-02-01,topfunnel_lal1_clientes_video_v2,36.55,141,5475,32,LookALike_Clientes_1,Video,2º Lançamento | Leads
4193,2025 | Fevereiro,Sábado,Final de Semana,Leads,2025-02-01,topfunnel_broad_tech_estatico_v2,28.22,28,2021,2,Broad_Tecnologia,Estático,2º Lançamento | Leads
4246,2025 | Fevereiro,Sábado,Final de Semana,Leads,2025-02-01,topfunnel_lal1_clientes_estatico_v2,89.05,38,4583,5,LookALike_Clientes_1,Estático,2º Lançamento | Vendas
4473,2025 | Fevereiro,Sábado,Final de Semana,Leads,2025-02-01,midfunnel_rmkt_60d_video_v2,25.51,15,1496,5,Remarketing_60dias,Video,2º Lançamento | Leads
5974,2025 | Fevereiro,Sábado,Final de Semana,Leads,2025-02-01,topfunnel_interesses_programacao_video_v1,77.07,32,5564,6,Interesses_Programacao,Video,2º Lançamento | Leads
1096,2025 | Fevereiro,Domingo,Final de Semana,Leads,2025-02-02,topfunnel_broad_tech_video_v1,32.86,38,1879,2,Broad_Tecnologia,Video,2º Lançamento | Leads
1331,2025 | Fevereiro,Domingo,Final de Semana,Leads,2025-02-02,topfunnel_interesses_cloud_video_v2,33.54,24,2421,,Interesses_Cloud,Video,2º Lançamento | Leads
1442,2025 | Fevereiro,Domingo,Final de Semana,Leads,2025-02-02,topfunnel_broad_tech_video_v1,52.42,79,4086,13,Broad_Tecnologia,Video,2º Lançamento | Leads
1640,2025 | Fevereiro,Domingo,Final de Semana,Leads,2025-02-02,topfunnel_interesses_programacao_estatico_v2,48.43,34,2535,7,Interesses_Programacao,Estático,2º Lançamento | Leads
2022,2025 | Fevereiro,Domingo,Final de Semana,Leads,2025-02-02,topfunnel_broad_tech_estatico_v2,7.85,2,516,1,Broad_Tecnologia,Estático,2º Lançamento | Leads
2431,2025 | Fevereiro,Domingo,Final de Semana,Leads,2025-02-02,topfunnel_broad_tech_video_v1,59.52,52,3048,3,Broad_Tecnologia,Video,2º Lançamento | Leads
2574,2025 | Fevereiro,Domingo,Final de Semana,Awareness,2025-02-02,topfunnel_interesses_cloud_video_v1,7.08,2,403,,Interesses_Cloud,Video,2º Lançamento | Live
2636,2025 | Fevereiro,Domingo,Final de Semana,Awareness,2025-02-02,topfunnel_lal1_clientes_video_v1,35.62,35,2479,4,LookALike_Clientes_1,Video,2º Lançamento | Live
3008,2025 | Fevereiro,Domingo,Final de Semana,Leads,2025-02-02,topfunnel_broad_tech_video_v2,0.00,,0,,Broad_Tecnologia,Video,2º Lançamento | Leads
3296,2025 | Fevereiro,Domingo,Final de Semana,Leads,2025-02-02,topfunnel_broad_tech_video_v1,19.56,21,1708,,Broad_Tecnologia,Video,2º Lançamento | Leads
3536,2025 | Fevereiro,Domingo,Final de Semana,Awareness,2025-02-02,topfunnel_broad_tech_video_v3,10.49,19,1129,2,Broad_Tecnologia,Video,2º Lançamento | Live
3683,2025 | Fevereiro,Domingo,Final de Semana,Leads,2025-02-02,topfunnel_interesses_programacao_estatico_v1,56.22,162,7537,27,Interesses_Programacao,Estático,2º Lançamento | Leads
4192,2025 | Fevereiro,Domingo,Final de Semana,Leads,2025-02-02,topfunnel_interesses_cloud_video_v1,66.64,106,4592,25,Interesses_Cloud,Video,2º Lançamento | Leads
4194,2025 | Fevereiro,Domingo,Final de Semana,Leads,2025-02-02,topfunnel_lal1_clientes_video_v1,29.76,29,1687,6,LookALike_Clientes_1,Video,2º Lançamento | Leads
4754,2025 | Fevereiro,Domingo,Final de Semana,Leads,2025-02-02,topfunnel_interesses_cloud_video_v1,121.31,123,7294,9,Interesses_Cloud,Video,2º Lançamento | Leads
4901,2025 | Fevereiro,Domingo,Final de Semana,Leads,2025-02-02,topfunnel_broad_tech_video_v2,14.02,10,768,2,Broad_Tecnologia,Video,2º Lançamento | Leads
5075,2025 | Fevereiro,Domingo,Final de Semana,Leads,2025-02-02,topfunnel_cargos_tech_estatico_v2,66.02,80,4958,12,Cargos_Tecnologia,Estático,2º Lançamento | Vendas
5155,2025 | Fevereiro,Domingo,Final de Semana,Leads,2025-02-02,topfunnel_lal1_clientes_estatico_v2,46.52,20,3189,2,LookALike_Clientes_1,Estático,2º Lançamento | Leads
5188,2025 | Fevereiro,Domingo,Final de Semana,Leads,2025-02-02,topfunnel_lal1_clientes_video_v3,64.47,90,5666,17,LookALike_Clientes_1,Video,2º Lançamento | Leads
5475,2025 | Fevereiro,Domingo,Final de Semana,Leads,2025-02-02,midfunnel_rmkt_60d_estatico_v3,13.81,25,1298,3,Remarketing_60dias,Estático,2º Lançamento | Leads
5638,2025 | Fevereiro,Domingo,Final de Semana,Leads,2025-02-02,topfunnel_interesses_programacao_estatico_v1,55.03,79,4212,20,Interesses_Programacao,Estático,2º Lançamento | Leads
5831,2025 | Fevereiro,Domingo,Final de Semana,Leads,2025-02-02,topfunnel_interesses_cloud_estatico_v3,26.28,10,1488,1,Interesses_Cloud,Estático,2º Lançamento | Vendas
1176,2025 | Fevereiro,Segunda-Feira,Dia útil,Leads,2025-02-03,topfunnel_interesses_cloud_estatico_v1,51.33,130,5931,11,Interesses_Cloud,Estático,2º Lançamento | Leads
1307,2025 | Fevereiro,Segunda-Feira,Dia útil,Leads,2025-02-03,topfunnel_interesses_programacao_video_v1,43.56,69,3704,11,Interesses_Programacao,Video,2º Lançamento | Leads
1416,2025 | Fevereiro,Segunda-Feira,Dia útil,Leads,2025-02-03,topfunnel_interesses_programacao_video_v3,41.75,27,3020,3,Interesses_Programacao,Video,2º Lançamento | Leads
1599,2025 | Fevereiro,Segunda-Feira,Dia útil,Leads,2025-02-03,topfunnel_interesses_cloud_video_v2,86.99,107,5059,6,Interesses_Cloud,Video,2º Lançamento | Leads
1829,2025 | Fevereiro,Segunda-Feira,Dia útil,Awareness,2025-02-03,topfunnel_lal1_clientes_video_v3,17.88,11,1727,1,LookALike_Clientes_1,Video,2º Lançamento | Live
1856,2025 | Fevereiro,Segunda-Feira,Dia útil,Awareness,2025-02-03,midfunnel_rmkt_60d_video_v2,22.65,24,1351,2,Remarketing_60dias,Video,2º Lançamento | Live
3064,2025 | Fevereiro,Segunda-Feira,Dia útil,Leads,2025-02-03,topfunnel_broad_tech_estatico_v1,20.64,16,1298,2,Broad_Tecnologia,Estático,2º Lançamento | Leads
3235,2025 | Fevereiro,Segunda-Feira,Dia útil,Leads,2025-02-03,topfunnel_interesses_cloud_estatico_v3,3.79,3,220,,Interesses_Cloud,Estático,2º Lançamento | Vendas
3398,2025 | Fevereiro,Segunda-Feira,Dia útil,Awareness,2025-02-03,topfunnel_lal1_clientes_video_v2,40.19,31,4227,4,LookALike_Clientes_1,Video,2º Lançamento | Live
3580,2025 | Fevereiro,Segunda-Feira,Dia útil,Leads,2025-02-03,midfunnel_rmkt_60d_estatico_v3,12.99,4,531,1,Remarketing_60dias,Estático,2º Lançamento | Leads
3616,2025 | Fevereiro,Segunda-Feira,Dia útil,Leads,2025-02-03,topfunnel_lal1_clientes_estatico_v3,55.74,85,5252,23,LookALike_Clientes_1,Estático,2º Lançamento | Leads
3709,2025 | Fevereiro,Segunda-Feira,Dia útil,Leads,2025-02-03,topfunnel_interesses_cloud_estatico_v3,52.19,102,6714,14,Interesses_Cloud,Estático,2º Lançamento | Leads
3851,2025 | Fevereiro,Segunda-Feira,Dia útil,Leads,2025-02-03,topfunnel_interesses_programacao_estatico_v1,16.75,33,3057,5,Interesses_Programacao,Estático,2º Lançamento | Leads
4940,2025 | Fevereiro,Segunda-Feira,Dia útil,Leads,2025-02-03,topfunnel_lal1_clientes_video_v1,42.53,53,2944,5,LookALike_Clientes_1,Video,2º Lançamento | Leads
4947,2025 | Fevereiro,Segunda-Feira,Dia útil,Leads,2025-02-03,topfunnel_interesses_programacao_video_v1,4.25,12,557,3,Interesses_Programacao,Video,2º Lançamento | Leads
1493,2025 | Fevereiro,Terça-Feira,Dia útil,Awareness,2025-02-04,topfunnel_interesses_programacao_video_v1,63.36,61,6221,3,Interesses_Programacao,Video,2º Lançamento | Live
1720,2025 | Fevereiro,Terça-Feira,Dia útil,Leads,2025-02-04,midfunnel_rmkt_60d_video_v1,75.74,162,6607,31,Remarketing_60dias,Video,2º Lançamento | Leads
3317,2025 | Fevereiro,Terça-Feira,Dia útil,Leads,2025-02-04,topfunnel_interesses_cloud_estatico_v1,28.95,15,1364,1,Interesses_Cloud,Estático,2º Lançamento | Vendas
3481,2025 | Fevereiro,Terça-Feira,Dia útil,Leads,2025-02-04,topfunnel_lal1_clientes_estatico_v2,52.42,117,9040,14,LookALike_Clientes_1,Estático,2º Lançamento | Leads
5983,2025 | Fevereiro,Terça-Feira,Dia útil,Leads,2025-02-04,topfunnel_cargos_tech_estatico_v1,8.38,8,412,1,Cargos_Tecnologia,Estático,2º Lançamento | Leads
1192,2025 | Fevereiro,Quarta-Feira,Dia útil,Leads,2025-02-05,midfunnel_rmkt_60d_estatico_v1,7.22,8,479,1,Remarketing_60dias,Estático,2º Lançamento | Leads
1560,2025 | Fevereiro,Quarta-Feira,Dia útil,Leads,2025-02-05,topfunnel_broad_tech_video_v1,4.60,1,418,,Broad_Tecnologia,Video,2º Lançamento | Leads
1968,2025 | Fevereiro,Quarta-Feira,Dia útil,Leads,2025-02-05,topfunnel_cargos_tech_video_v1,1.57,2,92,,Cargos_Tecnologia,Video,2º Lançamento | Leads
2679,2025 | Fevereiro,Quarta-Feira,Dia útil,Leads,2025-02-05,topfunnel_broad_tech_video_v2,0.00,,0,,Broad_Tecnologia,Video,2º Lançamento | Leads
2704,2025 | Fevereiro,Quarta-Feira,Dia útil,Leads,2025-02-05,topfunnel_interesses_cloud_estatico_v2,44.91,13,2667,2,Interesses_Cloud,Estático,2º Lançamento | Vendas
3576,2025 | Fevereiro,Quarta-Feira,Dia útil,Awareness,2025-02-05,topfunnel_interesses_cloud_video_v1,58.88,34,2938,4,Interesses_Cloud,Video,2º Lançamento | Live
3829,2025 | Fevereiro,Quarta-Feira,Dia útil,Awareness,2025-02-05,topfunnel_cargos_tech_video_v2,10.43,11,1455,1,Cargos_Tecnologia,Video,2º Lançamento | Live
3934,2025 | Fevereiro,Quarta-Feira,Dia útil,Leads,2025-02-05,topfunnel_interesses_programacao_estatico_v1,87.36,115,6116,23,Interesses_Programacao,Estático,2º Lançamento | Vendas
3963,2025 | Fevereiro,Quarta-Feira,Dia útil,Leads,2025-02-05,topfunnel_interesses_programacao_estatico_v2,0.00,,0,,Interesses_Programacao,Estático,2º Lançamento | Leads
4150,2025 | Fevereiro,Quarta-Feira,Dia útil,Leads,2025-02-05,midfunnel_rmkt_60d_video_v2,28.06,28,2220,4,Remarketing_60dias,Video,2º Lançamento | Leads
4222,2025 | Fevereiro,Quarta-Feira,Dia útil,Leads,2025-02-05,topfunnel_cargos_tech_video_v2,8.20,15,657,2,Cargos_Tecnologia,Video,2º Lançamento | Leads
4390,2025 | Fevereiro,Quarta-Feira,Dia útil,Leads,2025-02-05,midfunnel_rmkt_60d_video_v1,94.94,73,5866,4,Remarketing_60dias,Video,2º Lançamento | Leads
4537,2025 | Fevereiro,Quarta-Feira,Dia útil,Leads,2025-02-05,topfunnel_broad_tech_video_v1,23.38,24,3308,3,Broad_Tecnologia,Video,2º Lançamento | Leads
4769,2025 | Fevereiro,Quarta-Feira,Dia útil,Awareness,2025-02-05,topfunnel_interesses_cloud_estatico_v2,8.20,5,491,,Interesses_Cloud,Estático,2º Lançamento | Live
5163,2025 | Fevereiro,Quarta-Feira,Dia útil,Leads,2025-02-05,topfunnel_broad_tech_video_v2,12.83,11,884,2,Broad_Tecnologia,Video,2º Lançamento | Leads
5174,2025 | Fevereiro,Quarta-Feira,Dia útil,Leads,2025-02-05,topfunnel_interesses_cloud_estatico_v1,9.89,7,852,1,Interesses_Cloud,Estático,2º Lançamento | Leads
5197,2025 | Fevereiro,Quarta-Feira,Dia útil,Leads,2025-02-05,topfunnel_interesses_cloud_estatico_v1,79.40,92,4114,8,Interesses_Cloud,Estático,2º Lançamento | Leads
5612,2025 | Fevereiro,Quarta-Feira,Dia útil,Leads,2025-02-05,topfunnel_interesses_cloud_estatico_v1,9.86,6,646,,Interesses_Cloud,Estático,2º Lançamento | Vendas
5896,2025 | Fevereiro,Quarta-Feira,Dia útil,Leads,2025-02-05,midfunnel_rmkt_60d_estatico_v2,39.03,30,1567,6,Remarketing_60dias,Estático,2º Lançamento | Leads
1768,2025 | Fevereiro,Quinta-Feira,Dia útil,Leads,2025-02-06,midfunnel_rmkt_60d_estatico_v3,30.98,35,2149,8,Remarketing_60dias,Estático,2º Lançamento | Leads
1934,2025 | Fevereiro,Quinta-Feira,Dia útil,Leads,2025-02-06,topfunnel_interesses_programacao_estatico_v1,53.96,42,5859,6,Interesses_Programacao,Estático,2º Lançamento | Leads
3293,2025 | Fevereiro,Quinta-Feira,Dia útil,Leads,2025-02-06,topfunnel_interesses_programacao_video_v1,43.89,48,2184,6,Interesses_Programacao,Video,2º Lançamento | Vendas
3397,2025 | Fevereiro,Quinta-Feira,Dia útil,Leads,2025-02-06,topfunnel_interesses_cloud_video_v3,35.81,36,1874,7,Interesses_Cloud,Video,2º Lançamento | Leads
3429,2025 | Fevereiro,Quinta-Feira,Dia útil,Leads,2025-02-06,midfunnel_rmkt_60d_estatico_v2,133.58,107,10276,29,Remarketing_60dias,Estático,2º Lançamento | Leads
3434,2025 | Fevereiro,Quinta-Feira,Dia útil,Leads,2025-02-06,topfunnel_broad_tech_video_v1,94.83,100,9172,21,Broad_Tecnologia,Video,2º Lançamento | Leads
4627,2025 | Fevereiro,Quinta-Feira,Dia útil,Leads,2025-02-06,topfunnel_broad_tech_video_v1,55.87,110,5052,15,Broad_Tecnologia,Video,2º Lançamento | Leads
5238,2025 | Fevereiro,Quinta-Feira,Dia útil,Awareness,2025-02-06,midfunnel_rmkt_60d_estatico_v2,0.00,,0,,Remarketing_60dias,Estático,2º Lançamento | Live
5395,2025 | Fevereiro,Quinta-Feira,Dia útil,Leads,2025-02-06,topfunnel_interesses_programacao_estatico_v2,20.02,26,1682,6,Interesses_Programacao,Estático,2º Lançamento | Leads
2014,2025 | Fevereiro,Sexta-Feira,Dia útil,Leads,2025-02-07,topfunnel_broad_tech_video_v1,16.99,16,1168,2,Broad_Tecnologia,Video,2º Lançamento | Vendas
2121,2025 | Fevereiro,Sexta-Feira,Dia útil,Leads,2025-02-07,topfunnel_broad_tech_video_v2,22.83,20,1439,,Broad_Tecnologia,Video,2º Lançamento | Leads
2408,2025 | Fevereiro,Sexta-Feira,Dia útil,Leads,2025-02-07,topfunnel_broad_tech_video_v1,11.81,11,484,2,Broad_Tecnologia,Video,2º Lançamento | Leads
2677,2025 | Fevereiro,Sexta-Feira,Dia útil,Leads,2025-02-07,midfunnel_rmkt_60d_video_v2,68.07,29,4846,2,Remarketing_60dias,Video,2º Lançamento | Leads
2737,2025 | Fevereiro,Sexta-Feira,Dia útil,Leads,2025-02-07,midfunnel_rmkt_60d_estatico_v1,67.73,77,7421,23,Remarketing_60dias,Estático,2º Lançamento | Leads
2834,2025 | Fevereiro,Sexta-Feira,Dia útil,Leads,2025-02-07,topfunnel_interesses_cloud_estatico_v2,46.50,42,2367,4,Interesses_Cloud,Estático,2º Lançamento | Leads
2845,2025 | Fevereiro,Sexta-Feira,Dia útil,Leads,2025-02-07,topfunnel_interesses_programacao_video_v1,11.30,11,659,1,Interesses_Programacao,Video,2º Lançamento | Vendas
3137,2025 | Fevereiro,Sexta-Feira,Dia útil,Leads,2025-02-07,topfunnel_interesses_cloud_estatico_v3,93.00,47,7152,3,Interesses_Cloud,Estático,2º Lançamento | Leads
4013,2025 | Fevereiro,Sexta-Feira,Dia útil,Awareness,2025-02-07,topfunnel_broad_tech_video_v1,8.88,6,791,1,Broad_Tecnologia,Video,2º Lançamento | Live
4617,2025 | Fevereiro,Sexta-Feira,Dia útil,Leads,2025-02-07,topfunnel_broad_tech_estatico_v1,102.72,49,5342,13,Broad_Tecnologia,Estático,2º Lançamento | Leads
4748,2025 | Fevereiro,Sexta-Feira,Dia útil,Awareness,2025-02-07,topfunnel_interesses_cloud_estatico_v2,27.57,30,2367,3,Interesses_Cloud,Estático,2º Lançamento | Live
4817,2025 | Fevereiro,Sexta-Feira,Dia útil,Awareness,2025-02-07,topfunnel_cargos_tech_estatico_v2,20.98,11,924,,Cargos_Tecnologia,Estático,2º Lançamento | Live
4830,2025 | Fevereiro,Sexta-Feira,Dia útil,Leads,2025-02-07,topfunnel_interesses_programacao_video_v2,100.79,154,6980,13,Interesses_Programacao,Video,2º Lançamento | Leads
5630,2025 | Fevereiro,Sexta-Feira,Dia útil,Leads,2025-02-07,topfunnel_lal1_clientes_estatico_v1,5.77,4,245,,LookALike_Clientes_1,Estático,2º Lançamento | Vendas
5799,2025 | Fevereiro,Sexta-Feira,Dia útil,Leads,2025-02-07,midfunnel_rmkt_60d_estatico_v1,43.16,54,2807,8,Remarketing_60dias,Estático,2º Lançamento | Vendas
1177,2025 | Fevereiro,Sábado,Final de Semana,Leads,2025-02-08,topfunnel_interesses_programacao_video_v1,43.11,53,3143,3,Interesses_Programacao,Video,2º Lançamento | Leads
1507,2025 | Fevereiro,Sábado,Final de Semana,Leads,2025-02-08,topfunnel_interesses_programacao_estatico_v1,44.48,43,2294,5,Interesses_Programacao,Estático,2º Lançamento | Vendas
1608,2025 | Fevereiro,Sábado,Final de Semana,Leads,2025-02-08,topfunnel_broad_tech_video_v2,8.53,3,495,,Broad_Tecnologia,Video,2º Lançamento | Leads
1728,2025 | Fevereiro,Sábado,Final de Semana,Leads,2025-02-08,topfunnel_interesses_cloud_video_v3,8.12,13,1886,3,Interesses_Cloud,Video,2º Lançamento | Leads
1750,2025 | Fevereiro,Sábado,Final de Semana,Leads,2025-02-08,topfunnel_cargos_tech_video_v1,6.72,7,808,,Cargos_Tecnologia,Video,2º Lançamento | Leads
1833,2025 | Fevereiro,Sábado,Final de Semana,Leads,2025-02-08,topfunnel_interesses_cloud_video_v1,8.30,13,480,1,Interesses_Cloud,Video,2º Lançamento | Leads
2099,2025 | Fevereiro,Sábado,Final de Semana,Awareness,2025-02-08,topfunnel_broad_tech_estatico_v3,52.00,43,2821,2,Broad_Tecnologia,Estático,2º Lançamento | Live
2117,2025 | Fevereiro,Sábado,Final de Semana,Leads,2025-02-08,topfunnel_interesses_cloud_estatico_v1,0.00,,0,,Interesses_Cloud,Estático,2º Lançamento | Leads
3373,2025 | Fevereiro,Sábado,Final de Semana,Awareness,2025-02-08,topfunnel_interesses_programacao_estatico_v1,29.96,14,1371,,Interesses_Programacao,Estático,2º Lançamento | Live
3472,2025 | Fevereiro,Sábado,Final de Semana,Leads,2025-02-08,topfunnel_interesses_programacao_estatico_v3,58.13,77,4906,13,Interesses_Programacao,Estático,2º Lançamento | Leads
3793,2025 | Fevereiro,Sábado,Final de Semana,Leads,2025-02-08,midfunnel_rmkt_60d_video_v1,50.26,50,3438,14,Remarketing_60dias,Video,2º Lançamento | Leads
4493,2025 | Fevereiro,Sábado,Final de Semana,Awareness,2025-02-08,topfunnel_cargos_tech_video_v3,23.99,27,1596,3,Cargos_Tecnologia,Video,2º Lançamento | Live
4750,2025 | Fevereiro,Sábado,Final de Semana,Leads,2025-02-08,topfunnel_cargos_tech_video_v3,79.40,42,5943,10,Cargos_Tecnologia,Video,2º Lançamento | Leads
4824,2025 | Fevereiro,Sábado,Final de Semana,Leads,2025-02-08,midfunnel_rmkt_60d_estatico_v3,13.08,6,1338,1,Remarketing_60dias,Estático,2º Lançamento | Leads
5445,2025 | Fevereiro,Sábado,Final de Semana,Awareness,2025-02-08,topfunnel_lal1_clientes_estatico_v2,48.39,41,6052,4,LookALike_Clientes_1,Estático,2º Lançamento | Live
1361,2025 | Fevereiro,Domingo,Final de Semana,Leads,2025-02-09,topfunnel_lal1_clientes_video_v2,22.66,18,1288,2,LookALike_Clientes_1,Video,2º Lançamento | Leads
1406,2025 | Fevereiro,Domingo,Final de Semana,Leads,2025-02-09,midfunnel_rmkt_60d_video_v3,70.93,43,5310,9,Remarketing_60dias,Video,2º Lançamento | Leads
1680,2025 | Fevereiro,Domingo,Final de Semana,Leads,2025-02-09,topfunnel_interesses_programacao_estatico_v3,75.64,85,6006,21,Interesses_Programacao,Estático,2º Lançamento | Leads
2430,2025 | Fevereiro,Domingo,Final de Semana,Leads,2025-02-09,midfunnel_rmkt_60d_estatico_v2,9.94,11,596,2,Remarketing_60dias,Estático,2º Lançamento | Leads
2617,2025 | Fevereiro,Domingo,Final de Semana,Leads,2025-02-09,topfunnel_lal1_clientes_estatico_v3,52.59,59,5868,4,LookALike_Clientes_1,Estático,2º Lançamento | Leads
3940,2025 | Fevereiro,Domingo,Final de Semana,Leads,2025-02-09,topfunnel_broad_tech_video_v1,39.37,22,3368,3,Broad_Tecnologia,Video,2º Lançamento | Vendas
3957,2025 | Fevereiro,Domingo,Final de Semana,Leads,2025-02-09,topfunnel_interesses_programacao_video_v3,78.21,248,9798,40,Interesses_Programacao,Video,2º Lançamento | Leads
4006,2025 | Fevereiro,Domingo,Final de Semana,Leads,2025-02-09,topfunnel_cargos_tech_estatico_v3,46.09,42,4145,6,Cargos_Tecnologia,Estático,2º Lançamento | Leads
4314,2025 | Fevereiro,Domingo,Final de Semana,Leads,2025-02-09,topfunnel_lal1_clientes_video_v1,66.38,46,5535,11,LookALike_Clientes_1,Video,2º Lançamento | Leads
4437,2025 | Fevereiro,Domingo,Final de Semana,Leads,2025-02-09,topfunnel_interesses_cloud_estatico_v1,0.00,,0,,Interesses_Cloud,Estático,2º Lançamento | Leads
4733,2025 | Fevereiro,Domingo,Final de Semana,Leads,2025-02-09,topfunnel_interesses_cloud_estatico_v2,14.53,25,1768,5,Interesses_Cloud,Estático,2º Lançamento | Leads
5019,2025 | Fevereiro,Domingo,Final de Semana,Leads,2025-02-09,topfunnel_interesses_programacao_estatico_v1,206.55,751,37351,43,Interesses_Programacao,Estático,2º Lançamento | Leads
5170,2025 | Fevereiro,Domingo,Final de Semana,Leads,2025-02-09,midfunnel_rmkt_60d_estatico_v2,25.33,15,1714,1,Remarketing_60dias,Estático,2º Lançamento | Leads
5391,2025 | Fevereiro,Domingo,Final de Semana,Leads,2025-02-09,topfunnel_broad_tech_video_v2,26.52,22,2098,1,Broad_Tecnologia,Video,2º Lançamento | Leads
5615,2025 | Fevereiro,Domingo,Final de Semana,Awareness,2025-02-09,topfunnel_interesses_cloud_video_v2,69.71,27,4593,2,Interesses_Cloud,Video,2º Lançamento | Live
1506,2025 | Fevereiro,Segunda-Feira,Dia útil,Leads,2025-02-10,topfunnel_interesses_cloud_video_v1,122.78,120,10441,18,Interesses_Cloud,Video,2º Lançamento | Leads
1960,2025 | Fevereiro,Segunda-Feira,Dia útil,Leads,2025-02-10,topfunnel_cargos_tech_video_v1,27.86,16,1579,1,Cargos_Tecnologia,Video,2º Lançamento | Leads
2847,2025 | Fevereiro,Segunda-Feira,Dia útil,Leads,2025-02-10,topfunnel_broad_tech_video_v1,42.14,17,2707,1,Broad_Tecnologia,Video,2º Lançamento | Leads
2947,2025 | Fevereiro,Segunda-Feira,Dia útil,Leads,2025-02-10,topfunnel_cargos_tech_video_v1,36.17,41,1947,8,Cargos_Tecnologia,Video,2º Lançamento | Leads
2963,2025 | Fevereiro,Segunda-Feira,Dia útil,Leads,2025-02-10,topfunnel_broad_tech_video_v2,48.73,32,3288,5,Broad_Tecnologia,Video,2º Lançamento | Leads
3172,2025 | Fevereiro,Segunda-Feira,Dia útil,Leads,2025-02-10,midfunnel_rmkt_60d_estatico_v2,190.11,331,12653,67,Remarketing_60dias,Estático,2º Lançamento | Vendas
3350,2025 | Fevereiro,Segunda-Feira,Dia útil,Leads,2025-02-10,topfunnel_lal1_clientes_video_v3,5.88,8,502,2,LookALike_Clientes_1,Video,2º Lançamento | Leads
3456,2025 | Fevereiro,Segunda-Feira,Dia útil,Awareness,2025-02-10,midfunnel_rmkt_60d_video_v3,106.93,129,8256,6,Remarketing_60dias,Video,2º Lançamento | Live
3731,2025 | Fevereiro,Segunda-Feira,Dia útil,Leads,2025-02-10,topfunnel_broad_tech_video_v1,26.63,13,1516,1,Broad_Tecnologia,Video,2º Lançamento | Vendas
3751,2025 | Fevereiro,Segunda-Feira,Dia útil,Leads,2025-02-10,topfunnel_cargos_tech_estatico_v1,13.23,23,977,,Cargos_Tecnologia,Estático,2º Lançamento | Leads
4157,2025 | Fevereiro,Segunda-Feira,Dia útil,Leads,2025-02-10,topfunnel_interesses_programacao_estatico_v2,73.21,97,4532,4,Interesses_Programacao,Estático,2º Lançamento | Leads
4887,2025 | Fevereiro,Segunda-Feira,Dia útil,Leads,2025-02-10,topfunnel_broad_tech_video_v3,51.87,46,3022,8,Broad_Tecnologia,Video,2º Lançamento | Leads
5573,2025 | Fevereiro,Segunda-Feira,Dia útil,Leads,2025-02-10,topfunnel_lal1_clientes_estatico_v3,53.66,16,3054,5,LookALike_Clientes_1,Estático,2º Lançamento | Leads
5731,2025 | Fevereiro,Segunda-Feira,Dia útil,Leads,2025-02-10,topfunnel_broad_tech_estatico_v2,113.24,158,8346,23,Broad_Tecnologia,Estático,2º Lançamento | Leads
5889,2025 | Fevereiro,Segunda-Feira,Dia útil,Awareness,2025-02-10,topfunnel_broad_tech_video_v1,26.60,8,1510,,Broad_Tecnologia,Video,2º Lançamento | Live
1038,2025 | Fevereiro,Terça-Feira,Dia útil,Leads,2025-02-11,topfunnel_broad_tech_estatico_v3,49.73,28,3149,2,Broad_Tecnologia,Estático,2º Lançamento | Vendas
1419,2025 | Fevereiro,Terça-Feira,Dia útil,Leads,2025-02-11,midfunnel_rmkt_60d_video_v1,31.95,63,2157,14,Remarketing_60dias,Video,2º Lançamento | Leads
1517,2025 | Fevereiro,Terça-Feira,Dia útil,Leads,2025-02-11,topfunnel_broad_tech_video_v1,24.36,22,1233,2,Broad_Tecnologia,Video,2º Lançamento | Leads
2202,2025 | Fevereiro,Terça-Feira,Dia útil,Leads,2025-02-11,topfunnel_interesses_cloud_estatico_v1,60.04,69,5101,14,Interesses_Cloud,Estático,2º Lançamento | Leads
2573,2025 | Fevereiro,Terça-Feira,Dia útil,Leads,2025-02-11,topfunnel_broad_tech_video_v2,29.87,19,2201,2,Broad_Tecnologia,Video,2º Lançamento | Vendas
2580,2025 | Fevereiro,Terça-Feira,Dia útil,Leads,2025-02-11,topfunnel_lal1_clientes_estatico_v2,57.88,58,3475,4,LookALike_Clientes_1,Estático,2º Lançamento | Vendas
2740,2025 | Fevereiro,Terça-Feira,Dia útil,Leads,2025-02-11,topfunnel_lal1_clientes_video_v1,13.39,20,865,3,LookALike_Clientes_1,Video,2º Lançamento | Leads
2938,2025 | Fevereiro,Terça-Feira,Dia útil,Leads,2025-02-11,midfunnel_rmkt_60d_video_v2,28.14,30,1518,7,Remarketing_60dias,Video,2º Lançamento | Leads
3726,2025 | Fevereiro,Terça-Feira,Dia útil,Leads,2025-02-11,topfunnel_interesses_programacao_video_v1,46.02,35,3898,3,Interesses_Programacao,Video,2º Lançamento | Leads
3840,2025 | Fevereiro,Terça-Feira,Dia útil,Awareness,2025-02-11,topfunnel_interesses_programacao_video_v3,32.67,27,1762,1,Interesses_Programacao,Video,2º Lançamento | Live
3975,2025 | Fevereiro,Terça-Feira,Dia útil,Awareness,2025-02-11,midfunnel_rmkt_60d_video_v2,13.14,13,899,1,Remarketing_60dias,Video,2º Lançamento | Live
5316,2025 | Fevereiro,Terça-Feira,Dia útil,Awareness,2025-02-11,midfunnel_rmkt_60d_video_v2,10.65,4,523,,Remarketing_60dias,Video,2º Lançamento | Live
5494,2025 | Fevereiro,Terça-Feira,Dia útil,Leads,2025-02-11,midfunnel_rmkt_60d_estatico_v1,0.00,,0,,Remarketing_60dias,Estático,2º Lançamento | Leads
1476,2025 | Fevereiro,Quarta-Feira,Dia útil,Awareness,2025-02-12,topfunnel_broad_tech_estatico_v1,89.57,60,4817,3,Broad_Tecnologia,Estático,2º Lançamento | Live
1772,2025 | Fevereiro,Quarta-Feira,Dia útil,Leads,2025-02-12,topfunnel_broad_tech_video_v3,90.50,40,5569,2,Broad_Tecnologia,Video,2º Lançamento | Leads
2247,2025 | Fevereiro,Quarta-Feira,Dia útil,Leads,2025-02-12,topfunnel_interesses_cloud_estatico_v3,32.29,10,2176,1,Interesses_Cloud,Estático,2º Lançamento | Vendas
3112,2025 | Fevereiro,Quarta-Feira,Dia útil,Leads,2025-02-12,topfunnel_interesses_programacao_estatico_v1,43.76,19,2611,2,Interesses_Programacao,Estático,2º Lançamento | Vendas
3479,2025 | Fevereiro,Quarta-Feira,Dia útil,Leads,2025-02-12,topfunnel_interesses_cloud_video_v1,21.28,18,1019,2,Interesses_Cloud,Video,2º Lançamento | Leads
3640,2025 | Fevereiro,Quarta-Feira,Dia útil,Leads,2025-02-12,topfunnel_broad_tech_video_v2,126.96,504,23921,101,Broad_Tecnologia,Video,2º Lançamento | Leads
4005,2025 | Fevereiro,Quarta-Feira,Dia útil,Leads,2025-02-12,topfunnel_broad_tech_video_v1,63.06,25,4332,5,Broad_Tecnologia,Video,2º Lançamento | Leads
4102,2025 | Fevereiro,Quarta-Feira,Dia útil,Leads,2025-02-12,topfunnel_lal1_clientes_estatico_v2,74.19,102,4726,12,LookALike_Clientes_1,Estático,2º Lançamento | Leads
4262,2025 | Fevereiro,Quarta-Feira,Dia útil,Leads,2025-02-12,midfunnel_rmkt_60d_video_v2,49.23,20,3042,1,Remarketing_60dias,Video,2º Lançamento | Leads
4282,2025 | Fevereiro,Quarta-Feira,Dia útil,Leads,2025-02-12,topfunnel_broad_tech_estatico_v1,17.77,4,824,,Broad_Tecnologia,Estático,2º Lançamento | Leads
4765,2025 | Fevereiro,Quarta-Feira,Dia útil,Leads,2025-02-12,midfunnel_rmkt_60d_estatico_v2,27.75,36,4433,11,Remarketing_60dias,Estático,2º Lançamento | Leads
1027,2025 | Fevereiro,Quinta-Feira,Dia útil,Leads,2025-02-13,topfunnel_interesses_cloud_estatico_v1,46.88,17,2581,3,Interesses_Cloud,Estático,2º Lançamento | Leads
1095,2025 | Fevereiro,Quinta-Feira,Dia útil,Leads,2025-02-13,midfunnel_rmkt_60d_estatico_v1,74.24,34,4905,10,Remarketing_60dias,Estático,2º Lançamento | Leads
1475,2025 | Fevereiro,Quinta-Feira,Dia útil,Leads,2025-02-13,topfunnel_broad_tech_video_v3,52.31,120,5281,21,Broad_Tecnologia,Video,2º Lançamento | Leads
1746,2025 | Fevereiro,Quinta-Feira,Dia útil,Leads,2025-02-13,topfunnel_lal1_clientes_video_v1,43.59,42,1710,5,LookALike_Clientes_1,Video,2º Lançamento | Leads
2087,2025 | Fevereiro,Quinta-Feira,Dia útil,Leads,2025-02-13,topfunnel_cargos_tech_video_v3,16.26,25,984,3,Cargos_Tecnologia,Video,2º Lançamento | Vendas
2602,2025 | Fevereiro,Quinta-Feira,Dia útil,Leads,2025-02-13,topfunnel_interesses_cloud_estatico_v2,44.84,27,4642,3,Interesses_Cloud,Estático,2º Lançamento | Leads
2785,2025 | Fevereiro,Quinta-Feira,Dia útil,Leads,2025-02-13,topfunnel_broad_tech_estatico_v2,61.74,72,4693,10,Broad_Tecnologia,Estático,2º Lançamento | Vendas
3369,2025 | Fevereiro,Quinta-Feira,Dia útil,Leads,2025-02-13,topfunnel_cargos_tech_video_v2,98.06,161,8846,11,Cargos_Tecnologia,Video,2º Lançamento | Leads
3389,2025 | Fevereiro,Quinta-Feira,Dia útil,Leads,2025-02-13,midfunnel_rmkt_60d_video_v2,48.33,81,3156,19,Remarketing_60dias,Video,2º Lançamento | Vendas
3462,2025 | Fevereiro,Quinta-Feira,Dia útil,Leads,2025-02-13,topfunnel_interesses_programacao_video_v2,79.20,55,5209,13,Interesses_Programacao,Video,2º Lançamento | Leads
3830,2025 | Fevereiro,Quinta-Feira,Dia útil,Leads,2025-02-13,topfunnel_broad_tech_video_v1,17.22,12,1249,1,Broad_Tecnologia,Video,2º Lançamento | Vendas
3854,2025 | Fevereiro,Quinta-Feira,Dia útil,Leads,2025-02-13,topfunnel_broad_tech_video_v1,38.66,45,3114,11,Broad_Tecnologia,Video,2º Lançamento | Leads
3898,2025 | Fevereiro,Quinta-Feira,Dia útil,Leads,2025-02-13,topfunnel_cargos_tech_estatico_v1,106.37,47,5116,11,Cargos_Tecnologia,Estático,2º Lançamento | Leads
3979,2025 | Fevereiro,Quinta-Feira,Dia útil,Leads,2025-02-13,topfunnel_lal1_clientes_video_v1,43.44,59,3638,6,LookALike_Clientes_1,Video,2º Lançamento | Vendas
4258,2025 | Fevereiro,Quinta-Feira,Dia útil,Awareness,2025-02-13,topfunnel_interesses_programacao_estatico_v2,28.23,10,2789,1,Interesses_Programacao,Estático,2º Lançamento | Live
4290,2025 | Fevereiro,Quinta-Feira,Dia útil,Leads,2025-02-13,topfunnel_interesses_cloud_estatico_v1,0.39,,25,,Interesses_Cloud,Estático,2º Lançamento | Leads
4621,2025 | Fevereiro,Quinta-Feira,Dia útil,Leads,2025-02-13,midfunnel_rmkt_60d_video_v2,2.08,2,127,,Remarketing_60dias,Video,2º Lançamento | Leads
5458,2025 | Fevereiro,Quinta-Feira,Dia útil,Leads,2025-02-13,topfunnel_interesses_cloud_estatico_v2,8.71,7,422,,Interesses_Cloud,Estático,2º Lançamento | Leads
5706,2025 | Fevereiro,Quinta-Feira,Dia útil,Leads,2025-02-13,topfunnel_interesses_cloud_video_v1,65.74,101,7969,13,Interesses_Cloud,Video,2º Lançamento | Leads
5793,2025 | Fevereiro,Quinta-Feira,Dia útil,Leads,2025-02-13,midfunnel_rmkt_60d_estatico_v2,78.90,133,5450,42,Remarketing_60dias,Estático,2º Lançamento | Leads
1304,2025 | Fevereiro,Sexta-Feira,Dia útil,Leads,2025-02-14,topfunnel_broad_tech_estatico_v3,69.59,73,3985,14,Broad_Tecnologia,Estático,2º Lançamento | Leads
2488,2025 | Fevereiro,Sexta-Feira,Dia útil,Awareness,2025-02-14,topfunnel_cargos_tech_video_v1,35.64,36,2939,3,Cargos_Tecnologia,Video,2º Lançamento | Live
2885,2025 | Fevereiro,Sexta-Feira,Dia útil,Leads,2025-02-14,topfunnel_lal1_clientes_estatico_v1,52.51,27,3314,2,LookALike_Clientes_1,Estático,2º Lançamento | Leads
3176,2025 | Fevereiro,Sexta-Feira,Dia útil,Leads,2025-02-14,topfunnel_lal1_clientes_video_v3,9.55,24,897,3,LookALike_Clientes_1,Video,2º Lançamento | Leads
3531,2025 | Fevereiro,Sexta-Feira,Dia útil,Leads,2025-02-14,topfunnel_cargos_tech_estatico_v1,37.40,19,2189,2,Cargos_Tecnologia,Estático,2º Lançamento | Vendas
4206,2025 | Fevereiro,Sexta-Feira,Dia útil,Leads,2025-02-14,topfunnel_interesses_programacao_video_v1,43.11,17,2348,1,Interesses_Programacao,Video,2º Lançamento | Vendas
4357,2025 | Fevereiro,Sexta-Feira,Dia útil,Leads,2025-02-14,topfunnel_lal1_clientes_estatico_v1,72.69,65,6382,12,LookALike_Clientes_1,Estático,2º Lançamento | Vendas
4363,2025 | Fevereiro,Sexta-Feira,Dia útil,Leads,2025-02-14,topfunnel_broad_tech_estatico_v2,37.54,56,2587,13,Broad_Tecnologia,Estático,2º Lançamento | Leads
4613,2025 | Fevereiro,Sexta-Feira,Dia útil,Leads,2025-02-14,topfunnel_broad_tech_video_v1,60.47,48,4151,5,Broad_Tecnologia,Video,2º Lançamento | Leads
4728,2025 | Fevereiro,Sexta-Feira,Dia útil,Leads,2025-02-14,topfunnel_interesses_cloud_video_v2,69.86,98,5664,9,Interesses_Cloud,Video,2º Lançamento | Leads
5084,2025 | Fevereiro,Sexta-Feira,Dia útil,Leads,2025-02-14,topfunnel_broad_tech_video_v1,15.99,17,1324,3,Broad_Tecnologia,Video,2º Lançamento | Leads
5095,2025 | Fevereiro,Sexta-Feira,Dia útil,Leads,2025-02-14,topfunnel_broad_tech_estatico_v1,19.52,13,1044,2,Broad_Tecnologia,Estático,2º Lançamento | Leads
1137,2025 | Fevereiro,Sábado,Final de Semana,Leads,2025-02-15,topfunnel_cargos_tech_video_v3,17.55,19,1201,6,Cargos_Tecnologia,Video,2º Lançamento | Leads
1395,2025 | Fevereiro,Sábado,Final de Semana,Leads,2025-02-15,topfunnel_broad_tech_estatico_v2,31.95,6,1638,,Broad_Tecnologia,Estático,2º Lançamento | Vendas
1757,2025 | Fevereiro,Sábado,Final de Semana,Awareness,2025-02-15,topfunnel_lal1_clientes_estatico_v1,72.76,187,9899,13,LookALike_Clientes_1,Estático,2º Lançamento | Live
2345,2025 | Fevereiro,Sábado,Final de Semana,Leads,2025-02-15,midfunnel_rmkt_60d_video_v3,0.00,,0,,Remarketing_60dias,Video,2º Lançamento | Leads
2649,2025 | Fevereiro,Sábado,Final de Semana,Leads,2025-02-15,topfunnel_broad_tech_estatico_v1,21.87,15,1457,1,Broad_Tecnologia,Estático,2º Lançamento | Leads
2754,2025 | Fevereiro,Sábado,Final de Semana,Leads,2025-02-15,midfunnel_rmkt_60d_estatico_v2,42.42,46,2070,8,Remarketing_60dias,Estático,2º Lançamento | Vendas
3517,2025 | Fevereiro,Sábado,Final de Semana,Leads,2025-02-15,midfunnel_rmkt_60d_video_v1,12.90,23,1056,1,Remarketing_60dias,Video,2º Lançamento | Leads
4527,2025 | Fevereiro,Sábado,Final de Semana,Leads,2025-02-15,topfunnel_cargos_tech_estatico_v1,58.06,89,4729,10,Cargos_Tecnologia,Estático,2º Lançamento | Vendas
4573,2025 | Fevereiro,Sábado,Final de Semana,Leads,2025-02-15,topfunnel_lal1_clientes_video_v1,40.11,21,3084,2,LookALike_Clientes_1,Video,2º Lançamento | Leads
4653,2025 | Fevereiro,Sábado,Final de Semana,Leads,2025-02-15,topfunnel_broad_tech_video_v1,24.49,17,2314,1,Broad_Tecnologia,Video,2º Lançamento | Leads
4862,2025 | Fevereiro,Sábado,Final de Semana,Leads,2025-02-15,topfunnel_interesses_programacao_video_v3,21.42,27,1604,4,Interesses_Programacao,Video,2º Lançamento | Leads
4868,2025 | Fevereiro,Sábado,Final de Semana,Leads,2025-02-15,topfunnel_interesses_cloud_video_v1,70.88,81,4711,19,Interesses_Cloud,Video,2º Lançamento | Leads
4944,2025 | Fevereiro,Sábado,Final de Semana,Leads,2025-02-15,topfunnel_interesses_programacao_video_v1,34.10,43,2534,10,Interesses_Programacao,Video,2º Lançamento | Leads
4953,2025 | Fevereiro,Sábado,Final de Semana,Awareness,2025-02-15,topfunnel_interesses_cloud_estatico_v1,20.81,13,1438,1,Interesses_Cloud,Estático,2º Lançamento | Live
4960,2025 | Fevereiro,Sábado,Final de Semana,Leads,2025-02-15,topfunnel_broad_tech_video_v1,38.45,39,2066,5,Broad_Tecnologia,Video,2º Lançamento | Leads
4978,2025 | Fevereiro,Sábado,Final de Semana,Awareness,2025-02-15,topfunnel_broad_tech_video_v1,35.96,23,2685,,Broad_Tecnologia,Video,2º Lançamento | Live
5119,2025 | Fevereiro,Sábado,Final de Semana,Awareness,2025-02-15,topfunnel_cargos_tech_estatico_v1,4.31,1,429,1,Cargos_Tecnologia,Estático,2º Lançamento | Live
5452,2025 | Fevereiro,Sábado,Final de Semana,Leads,2025-02-15,midfunnel_rmkt_60d_video_v2,31.98,72,2426,4,Remarketing_60dias,Video,2º Lançamento | Leads
5532,2025 | Fevereiro,Sábado,Final de Semana,Awareness,2025-02-15,midfunnel_rmkt_60d_estatico_v2,15.55,14,1293,2,Remarketing_60dias,Estático,2º Lançamento | Live
5969,2025 | Fevereiro,Sábado,Final de Semana,Leads,2025-02-15,topfunnel_broad_tech_estatico_v2,26.45,33,2386,2,Broad_Tecnologia,Estático,2º Lançamento | Leads
1092,2025 | Fevereiro,Domingo,Final de Semana,Leads,2025-02-16,midfunnel_rmkt_60d_video_v3,20.35,18,1059,2,Remarketing_60dias,Video,2º Lançamento | Leads
1231,2025 | Fevereiro,Domingo,Final de Semana,Awareness,2025-02-16,midfunnel_rmkt_60d_video_v3,33.97,18,2627,1,Remarketing_60dias,Video,2º Lançamento | Live
1339,2025 | Fevereiro,Domingo,Final de Semana,Leads,2025-02-16,topfunnel_interesses_programacao_video_v1,4.75,4,380,1,Interesses_Programacao,Video,2º Lançamento | Vendas
1666,2025 | Fevereiro,Domingo,Final de Semana,Leads,2025-02-16,topfunnel_cargos_tech_estatico_v1,62.45,46,8105,4,Cargos_Tecnologia,Estático,2º Lançamento | Leads
1676,2025 | Fevereiro,Domingo,Final de Semana,Leads,2025-02-16,topfunnel_interesses_programacao_video_v2,8.43,8,455,1,Interesses_Programacao,Video,2º Lançamento | Leads
1716,2025 | Fevereiro,Domingo,Final de Semana,Leads,2025-02-16,topfunnel_lal1_clientes_estatico_v2,67.34,143,6494,26,LookALike_Clientes_1,Estático,2º Lançamento | Vendas
1717,2025 | Fevereiro,Domingo,Final de Semana,Leads,2025-02-16,topfunnel_interesses_programacao_video_v2,29.75,29,1331,2,Interesses_Programacao,Video,2º Lançamento | Leads
1788,2025 | Fevereiro,Domingo,Final de Semana,Leads,2025-02-16,topfunnel_interesses_cloud_video_v1,0.00,,0,,Interesses_Cloud,Video,2º Lançamento | Leads
2452,2025 | Fevereiro,Domingo,Final de Semana,Leads,2025-02-16,topfunnel_interesses_programacao_video_v1,16.12,11,922,,Interesses_Programacao,Video,2º Lançamento | Leads
2783,2025 | Fevereiro,Domingo,Final de Semana,Leads,2025-02-16,topfunnel_broad_tech_estatico_v1,75.72,88,6693,9,Broad_Tecnologia,Estático,2º Lançamento | Leads
3049,2025 | Fevereiro,Domingo,Final de Semana,Leads,2025-02-16,midfunnel_rmkt_60d_estatico_v1,94.13,158,6694,30,Remarketing_60dias,Estático,2º Lançamento | Leads
3687,2025 | Fevereiro,Domingo,Final de Semana,Leads,2025-02-16,midfunnel_rmkt_60d_estatico_v2,7.77,10,447,,Remarketing_60dias,Estático,2º Lançamento | Vendas
3702,2025 | Fevereiro,Domingo,Final de Semana,Leads,2025-02-16,midfunnel_rmkt_60d_video_v2,36.72,38,2834,4,Remarketing_60dias,Video,2º Lançamento | Vendas
5056,2025 | Fevereiro,Domingo,Final de Semana,Awareness,2025-02-16,topfunnel_interesses_cloud_video_v2,56.92,60,7449,7,Interesses_Cloud,Video,2º Lançamento | Live
5217,2025 | Fevereiro,Domingo,Final de Semana,Leads,2025-02-16,topfunnel_cargos_tech_video_v1,28.96,30,2171,3,Cargos_Tecnologia,Video,2º Lançamento | Vendas
5626,2025 | Fevereiro,Domingo,Final de Semana,Leads,2025-02-16,topfunnel_cargos_tech_video_v1,0.00,,0,,Cargos_Tecnologia,Video,2º Lançamento | Leads
5834,2025 | Fevereiro,Domingo,Final de Semana,Awareness,2025-02-16,topfunnel_lal1_clientes_estatico_v1,7.88,6,820,1,LookALike_Clientes_1,Estático,2º Lançamento | Live
5846,2025 | Fevereiro,Domingo,Final de Semana,Leads,2025-02-16,topfunnel_cargos_tech_estatico_v2,3.74,,209,,Cargos_Tecnologia,Estático,2º Lançamento | Leads
1046,2025 | Fevereiro,Segunda-Feira,Dia útil,Awareness,2025-02-17,midfunnel_rmkt_60d_video_v2,37.41,25,2711,1,Remarketing_60dias,Video,2º Lançamento | Live
1600,2025 | Fevereiro,Segunda-Feira,Dia útil,Awareness,2025-02-17,topfunnel_broad_tech_estatico_v1,22.74,28,1645,1,Broad_Tecnologia,Estático,2º Lançamento | Live
3524,2025 | Fevereiro,Segunda-Feira,Dia útil,Leads,2025-02-17,topfunnel_interesses_programacao_estatico_v3,65.97,80,4863,11,Interesses_Programacao,Estático,2º Lançamento | Vendas
3644,2025 | Fevereiro,Segunda-Feira,Dia útil,Leads,2025-02-17,topfunnel_lal1_clientes_estatico_v1,0.00,,0,,LookALike_Clientes_1,Estático,2º Lançamento | Vendas
4371,2025 | Fevereiro,Segunda-Feira,Dia útil,Leads,2025-02-17,midfunnel_rmkt_60d_video_v2,129.32,110,8989,22,Remarketing_60dias,Video,2º Lançamento | Leads
4785,2025 | Fevereiro,Segunda-Feira,Dia útil,Leads,2025-02-17,midfunnel_rmkt_60d_video_v3,74.05,104,4501,27,Remarketing_60dias,Video,2º Lançamento | Leads
5394,2025 | Fevereiro,Segunda-Feira,Dia útil,Leads,2025-02-17,topfunnel_broad_tech_video_v1,33.75,30,1911,3,Broad_Tecnologia,Video,2º Lançamento | Leads
5905,2025 | Fevereiro,Segunda-Feira,Dia útil,Leads,2025-02-17,midfunnel_rmkt_60d_video_v2,23.51,27,1256,5,Remarketing_60dias,Video,2º Lançamento | Leads
5918,2025 | Fevereiro,Segunda-Feira,Dia útil,Leads,2025-02-17,topfunnel_interesses_programacao_estatico_v1,10.69,11,937,2,Interesses_Programacao,Estático,2º Lançamento | Leads
1329,2025 | Fevereiro,Terça-Feira,Dia útil,Leads,2025-02-18,topfunnel_lal1_clientes_video_v2,64.59,45,5846,12,LookALike_Clientes_1,Video,2º Lançamento | Leads
1381,2025 | Fevereiro,Terça-Feira,Dia útil,Leads,2025-02-18,topfunnel_lal1_clientes_video_v2,53.86,64,2829,8,LookALike_Clientes_1,Video,2º Lançamento | Vendas
2196,2025 | Fevereiro,Terça-Feira,Dia útil,Leads,2025-02-18,topfunnel_interesses_programacao_video_v1,53.92,25,3249,4,Interesses_Programacao,Video,2º Lançamento | Leads
2306,2025 | Fevereiro,Terça-Feira,Dia útil,Leads,2025-02-18,topfunnel_broad_tech_video_v1,69.66,106,6098,15,Broad_Tecnologia,Video,2º Lançamento | Vendas
4044,2025 | Fevereiro,Terça-Feira,Dia útil,Leads,2025-02-18,midfunnel_rmkt_60d_video_v3,118.33,131,6830,17,Remarketing_60dias,Video,2º Lançamento | Vendas
5420,2025 | Fevereiro,Terça-Feira,Dia útil,Leads,2025-02-18,topfunnel_interesses_cloud_video_v1,10.43,8,609,,Interesses_Cloud,Video,2º Lançamento | Leads
1125,2025 | Fevereiro,Quarta-Feira,Dia útil,Leads,2025-02-19,topfunnel_cargos_tech_video_v3,68.45,114,6217,23,Cargos_Tecnologia,Video,2º Lançamento | Leads
1324,2025 | Fevereiro,Quarta-Feira,Dia útil,Leads,2025-02-19,midfunnel_rmkt_60d_estatico_v3,17.05,13,934,2,Remarketing_60dias,Estático,2º Lançamento | Leads
1401,2025 | Fevereiro,Quarta-Feira,Dia útil,Leads,2025-02-19,topfunnel_interesses_programacao_estatico_v1,7.63,5,427,,Interesses_Programacao,Estático,2º Lançamento | Leads
1580,2025 | Fevereiro,Quarta-Feira,Dia útil,Leads,2025-02-19,topfunnel_broad_tech_estatico_v3,70.70,49,6395,10,Broad_Tecnologia,Estático,2º Lançamento | Vendas
1582,2025 | Fevereiro,Quarta-Feira,Dia útil,Leads,2025-02-19,topfunnel_broad_tech_video_v1,6.65,14,736,,Broad_Tecnologia,Video,2º Lançamento | Leads
1910,2025 | Fevereiro,Quarta-Feira,Dia útil,Leads,2025-02-19,midfunnel_rmkt_60d_estatico_v1,28.92,11,2370,1,Remarketing_60dias,Estático,2º Lançamento | Vendas
2155,2025 | Fevereiro,Quarta-Feira,Dia útil,Leads,2025-02-19,topfunnel_lal1_clientes_video_v2,18.76,27,1149,3,LookALike_Clientes_1,Video,2º Lançamento | Vendas
2169,2025 | Fevereiro,Quarta-Feira,Dia útil,Leads,2025-02-19,topfunnel_cargos_tech_video_v2,0.00,,0,,Cargos_Tecnologia,Video,2º Lançamento | Leads
3210,2025 | Fevereiro,Quarta-Feira,Dia útil,Leads,2025-02-19,topfunnel_interesses_programacao_video_v2,54.03,33,3113,8,Interesses_Programacao,Video,2º Lançamento | Leads
3756,2025 | Fevereiro,Quarta-Feira,Dia útil,Leads,2025-02-19,topfunnel_broad_tech_estatico_v1,81.08,22,3170,3,Broad_Tecnologia,Estático,2º Lançamento | Leads
3844,2025 | Fevereiro,Quarta-Feira,Dia útil,Leads,2025-02-19,topfunnel_interesses_cloud_estatico_v2,102.16,98,6392,15,Interesses_Cloud,Estático,2º Lançamento | Leads
4101,2025 | Fevereiro,Quarta-Feira,Dia útil,Leads,2025-02-19,midfunnel_rmkt_60d_estatico_v1,17.53,9,1643,,Remarketing_60dias,Estático,2º Lançamento | Leads
4106,2025 | Fevereiro,Quarta-Feira,Dia útil,Leads,2025-02-19,topfunnel_broad_tech_video_v2,59.01,38,3308,1,Broad_Tecnologia,Video,2º Lançamento | Leads
4366,2025 | Fevereiro,Quarta-Feira,Dia útil,Leads,2025-02-19,topfunnel_broad_tech_video_v2,85.48,73,3817,15,Broad_Tecnologia,Video,2º Lançamento | Leads
4831,2025 | Fevereiro,Quarta-Feira,Dia útil,Leads,2025-02-19,topfunnel_broad_tech_estatico_v2,26.93,10,1529,,Broad_Tecnologia,Estático,2º Lançamento | Vendas
5468,2025 | Fevereiro,Quarta-Feira,Dia útil,Awareness,2025-02-19,topfunnel_lal1_clientes_video_v1,27.34,48,2164,2,LookALike_Clientes_1,Video,2º Lançamento | Live
5807,2025 | Fevereiro,Quarta-Feira,Dia útil,Leads,2025-02-19,topfunnel_interesses_programacao_video_v1,40.44,36,2984,6,Interesses_Programacao,Video,2º Lançamento | Leads
1061,2025 | Fevereiro,Quinta-Feira,Dia útil,Leads,2025-02-20,midfunnel_rmkt_60d_video_v2,31.89,25,1726,4,Remarketing_60dias,Video,2º Lançamento | Leads
1653,2025 | Fevereiro,Quinta-Feira,Dia útil,Leads,2025-02-20,topfunnel_interesses_programacao_estatico_v2,23.69,40,1959,11,Interesses_Programacao,Estático,2º Lançamento | Leads
1809,2025 | Fevereiro,Quinta-Feira,Dia útil,Leads,2025-02-20,topfunnel_interesses_cloud_video_v1,0.00,,0,,Interesses_Cloud,Video,2º Lançamento | Leads
2088,2025 | Fevereiro,Quinta-Feira,Dia útil,Leads,2025-02-20,topfunnel_cargos_tech_video_v1,222.95,244,13467,23,Cargos_Tecnologia,Video,2º Lançamento | Leads
2180,2025 | Fevereiro,Quinta-Feira,Dia útil,Leads,2025-02-20,topfunnel_interesses_cloud_video_v2,25.81,23,1922,1,Interesses_Cloud,Video,2º Lançamento | Leads
2889,2025 | Fevereiro,Quinta-Feira,Dia útil,Leads,2025-02-20,topfunnel_broad_tech_video_v2,136.81,103,8555,23,Broad_Tecnologia,Video,2º Lançamento | Leads
3206,2025 | Fevereiro,Quinta-Feira,Dia útil,Leads,2025-02-20,topfunnel_interesses_cloud_estatico_v1,40.07,166,8723,21,Interesses_Cloud,Estático,2º Lançamento | Leads
3992,2025 | Fevereiro,Quinta-Feira,Dia útil,Awareness,2025-02-20,topfunnel_cargos_tech_estatico_v2,46.70,17,3419,1,Cargos_Tecnologia,Estático,2º Lançamento | Live
4316,2025 | Fevereiro,Quinta-Feira,Dia útil,Leads,2025-02-20,topfunnel_broad_tech_video_v1,17.27,7,1105,2,Broad_Tecnologia,Video,2º Lançamento | Leads
4973,2025 | Fevereiro,Quinta-Feira,Dia útil,Awareness,2025-02-20,topfunnel_lal1_clientes_estatico_v1,27.18,31,1651,3,LookALike_Clientes_1,Estático,2º Lançamento | Live
5496,2025 | Fevereiro,Quinta-Feira,Dia útil,Leads,2025-02-20,topfunnel_interesses_cloud_video_v2,33.69,49,2070,5,Interesses_Cloud,Video,2º Lançamento | Leads
5820,2025 | Fevereiro,Quinta-Feira,Dia útil,Awareness,2025-02-20,topfunnel_broad_tech_video_v1,20.82,18,1133,1,Broad_Tecnologia,Video,2º Lançamento | Live
1050,2025 | Fevereiro,Sexta-Feira,Dia útil,Leads,2025-02-21,topfunnel_interesses_cloud_video_v2,36.48,22,2614,5,Interesses_Cloud,Video,2º Lançamento | Leads
1474,2025 | Fevereiro,Sexta-Feira,Dia útil,Leads,2025-02-21,topfunnel_interesses_cloud_estatico_v1,82.47,97,4436,9,Interesses_Cloud,Estático,2º Lançamento | Vendas
1521,2025 | Fevereiro,Sexta-Feira,Dia útil,Leads,2025-02-21,topfunnel_interesses_cloud_video_v2,27.54,76,4118,16,Interesses_Cloud,Video,2º Lançamento | Leads
1567,2025 | Fevereiro,Sexta-Feira,Dia útil,Leads,2025-02-21,topfunnel_lal1_clientes_video_v3,96.26,44,5640,6,LookALike_Clientes_1,Video,2º Lançamento | Vendas
1753,2025 | Fevereiro,Sexta-Feira,Dia útil,Awareness,2025-02-21,topfunnel_cargos_tech_video_v3,27.96,38,2189,1,Cargos_Tecnologia,Video,2º Lançamento | Live
1782,2025 | Fevereiro,Sexta-Feira,Dia útil,Leads,2025-02-21,topfunnel_broad_tech_video_v1,48.98,31,5129,6,Broad_Tecnologia,Video,2º Lançamento | Leads
1949,2025 | Fevereiro,Sexta-Feira,Dia útil,Leads,2025-02-21,topfunnel_interesses_programacao_video_v2,54.75,61,3938,12,Interesses_Programacao,Video,2º Lançamento | Vendas
2983,2025 | Fevereiro,Sexta-Feira,Dia útil,Awareness,2025-02-21,topfunnel_lal1_clientes_video_v2,20.64,38,1917,2,LookALike_Clientes_1,Video,2º Lançamento | Live
3275,2025 | Fevereiro,Sexta-Feira,Dia útil,Leads,2025-02-21,topfunnel_interesses_programacao_video_v1,103.98,84,6554,7,Interesses_Programacao,Video,2º Lançamento | Leads
3404,2025 | Fevereiro,Sexta-Feira,Dia útil,Awareness,2025-02-21,topfunnel_cargos_tech_video_v1,4.00,8,429,,Cargos_Tecnologia,Video,2º Lançamento | Live
3725,2025 | Fevereiro,Sexta-Feira,Dia útil,Leads,2025-02-21,topfunnel_broad_tech_estatico_v1,38.91,14,1736,1,Broad_Tecnologia,Estático,2º Lançamento | Leads
4326,2025 | Fevereiro,Sexta-Feira,Dia útil,Leads,2025-02-21,topfunnel_lal1_clientes_video_v2,130.58,71,7691,11,LookALike_Clientes_1,Video,2º Lançamento | Vendas
4622,2025 | Fevereiro,Sexta-Feira,Dia útil,Leads,2025-02-21,topfunnel_broad_tech_estatico_v3,50.71,42,3060,5,Broad_Tecnologia,Estático,2º Lançamento | Leads
4640,2025 | Fevereiro,Sexta-Feira,Dia útil,Awareness,2025-02-21,midfunnel_rmkt_60d_estatico_v1,45.82,20,2974,1,Remarketing_60dias,Estático,2º Lançamento | Live
5298,2025 | Fevereiro,Sexta-Feira,Dia útil,Leads,2025-02-21,topfunnel_broad_tech_estatico_v1,25.57,24,1965,4,Broad_Tecnologia,Estático,2º Lançamento | Leads
5490,2025 | Fevereiro,Sexta-Feira,Dia útil,Leads,2025-02-21,midfunnel_rmkt_60d_estatico_v3,193.13,96,13210,26,Remarketing_60dias,Estático,2º Lançamento | Leads
1466,2025 | Fevereiro,Sábado,Final de Semana,Leads,2025-02-22,midfunnel_rmkt_60d_video_v1,38.53,54,1877,5,Remarketing_60dias,Video,2º Lançamento | Leads
2027,2025 | Fevereiro,Sábado,Final de Semana,Awareness,2025-02-22,topfunnel_interesses_cloud_video_v1,3.66,4,461,,Interesses_Cloud,Video,2º Lançamento | Live
3410,2025 | Fevereiro,Sábado,Final de Semana,Leads,2025-02-22,midfunnel_rmkt_60d_estatico_v1,130.90,49,6921,4,Remarketing_60dias,Estático,2º Lançamento | Leads
3467,2025 | Fevereiro,Sábado,Final de Semana,Leads,2025-02-22,topfunnel_interesses_programacao_video_v2,19.71,38,4096,6,Interesses_Programacao,Video,2º Lançamento | Leads
3476,2025 | Fevereiro,Sábado,Final de Semana,Leads,2025-02-22,topfunnel_broad_tech_estatico_v2,42.94,56,2810,2,Broad_Tecnologia,Estático,2º Lançamento | Vendas
3513,2025 | Fevereiro,Sábado,Final de Semana,Leads,2025-02-22,topfunnel_broad_tech_estatico_v2,7.43,5,441,,Broad_Tecnologia,Estático,2º Lançamento | Leads
3700,2025 | Fevereiro,Sábado,Final de Semana,Leads,2025-02-22,topfunnel_interesses_programacao_video_v2,60.82,85,5063,14,Interesses_Programacao,Video,2º Lançamento | Leads
3796,2025 | Fevereiro,Sábado,Final de Semana,Leads,2025-02-22,topfunnel_broad_tech_video_v3,39.68,27,3314,1,Broad_Tecnologia,Video,2º Lançamento | Leads
3805,2025 | Fevereiro,Sábado,Final de Semana,Leads,2025-02-22,topfunnel_interesses_programacao_video_v2,8.87,12,647,2,Interesses_Programacao,Video,2º Lançamento | Leads
3852,2025 | Fevereiro,Sábado,Final de Semana,Leads,2025-02-22,topfunnel_broad_tech_estatico_v1,32.33,52,2390,4,Broad_Tecnologia,Estático,2º Lançamento | Leads
3900,2025 | Fevereiro,Sábado,Final de Semana,Leads,2025-02-22,topfunnel_lal1_clientes_video_v1,44.28,192,10513,23,LookALike_Clientes_1,Video,2º Lançamento | Leads
4328,2025 | Fevereiro,Sábado,Final de Semana,Leads,2025-02-22,topfunnel_lal1_clientes_video_v3,94.48,156,12495,21,LookALike_Clientes_1,Video,2º Lançamento | Leads
4538,2025 | Fevereiro,Sábado,Final de Semana,Leads,2025-02-22,midfunnel_rmkt_60d_video_v1,35.20,21,1730,3,Remarketing_60dias,Video,2º Lançamento | Leads
4764,2025 | Fevereiro,Sábado,Final de Semana,Leads,2025-02-22,topfunnel_broad_tech_video_v1,38.63,48,2280,8,Broad_Tecnologia,Video,2º Lançamento | Leads
5227,2025 | Fevereiro,Sábado,Final de Semana,Leads,2025-02-22,topfunnel_broad_tech_video_v2,22.55,17,1372,2,Broad_Tecnologia,Video,2º Lançamento | Vendas
5363,2025 | Fevereiro,Sábado,Final de Semana,Leads,2025-02-22,topfunnel_interesses_programacao_video_v1,110.60,178,9511,21,Interesses_Programacao,Video,2º Lançamento | Leads
5666,2025 | Fevereiro,Sábado,Final de Semana,Leads,2025-02-22,topfunnel_interesses_cloud_estatico_v1,6.29,8,466,1,Interesses_Cloud,Estático,2º Lançamento | Leads
5869,2025 | Fevereiro,Sábado,Final de Semana,Leads,2025-02-22,midfunnel_rmkt_60d_estatico_v2,52.75,91,5276,14,Remarketing_60dias,Estático,2º Lançamento | Leads
1455,2025 | Fevereiro,Domingo,Final de Semana,Leads,2025-02-23,topfunnel_broad_tech_estatico_v2,25.74,28,3476,2,Broad_Tecnologia,Estático,2º Lançamento | Leads
1674,2025 | Fevereiro,Domingo,Final de Semana,Leads,2025-02-23,topfunnel_interesses_programacao_estatico_v2,55.06,41,3981,10,Interesses_Programacao,Estático,2º Lançamento | Leads
2262,2025 | Fevereiro,Domingo,Final de Semana,Awareness,2025-02-23,midfunnel_rmkt_60d_estatico_v1,43.19,52,2864,2,Remarketing_60dias,Estático,2º Lançamento | Live
2397,2025 | Fevereiro,Domingo,Final de Semana,Leads,2025-02-23,topfunnel_broad_tech_video_v1,5.83,4,353,,Broad_Tecnologia,Video,2º Lançamento | Vendas
2732,2025 | Fevereiro,Domingo,Final de Semana,Leads,2025-02-23,midfunnel_rmkt_60d_estatico_v2,55.51,56,4571,8,Remarketing_60dias,Estático,2º Lançamento | Leads
2894,2025 | Fevereiro,Domingo,Final de Semana,Awareness,2025-02-23,midfunnel_rmkt_60d_estatico_v3,31.22,18,1713,1,Remarketing_60dias,Estático,2º Lançamento | Live
3022,2025 | Fevereiro,Domingo,Final de Semana,Leads,2025-02-23,topfunnel_lal1_clientes_estatico_v2,49.94,45,5884,8,LookALike_Clientes_1,Estático,2º Lançamento | Leads
3067,2025 | Fevereiro,Domingo,Final de Semana,Leads,2025-02-23,topfunnel_cargos_tech_estatico_v2,12.00,18,814,3,Cargos_Tecnologia,Estático,2º Lançamento | Leads
3215,2025 | Fevereiro,Domingo,Final de Semana,Leads,2025-02-23,topfunnel_cargos_tech_video_v1,14.76,16,1152,1,Cargos_Tecnologia,Video,2º Lançamento | Leads
3661,2025 | Fevereiro,Domingo,Final de Semana,Leads,2025-02-23,topfunnel_cargos_tech_estatico_v1,8.48,6,480,,Cargos_Tecnologia,Estático,2º Lançamento | Leads
4583,2025 | Fevereiro,Domingo,Final de Semana,Leads,2025-02-23,midfunnel_rmkt_60d_estatico_v3,45.71,34,4898,10,Remarketing_60dias,Estático,2º Lançamento | Leads
4667,2025 | Fevereiro,Domingo,Final de Semana,Leads,2025-02-23,topfunnel_interesses_cloud_estatico_v1,120.83,165,10551,21,Interesses_Cloud,Estático,2º Lançamento | Leads
4736,2025 | Fevereiro,Domingo,Final de Semana,Leads,2025-02-23,topfunnel_broad_tech_estatico_v1,55.06,36,2678,8,Broad_Tecnologia,Estático,2º Lançamento | Leads
4834,2025 | Fevereiro,Domingo,Final de Semana,Awareness,2025-02-23,topfunnel_interesses_cloud_estatico_v1,68.85,21,3899,2,Interesses_Cloud,Estático,2º Lançamento | Live
5092,2025 | Fevereiro,Domingo,Final de Semana,Leads,2025-02-23,topfunnel_interesses_programacao_estatico_v1,0.00,,0,,Interesses_Programacao,Estático,2º Lançamento | Leads
5204,2025 | Fevereiro,Domingo,Final de Semana,Leads,2025-02-23,topfunnel_cargos_tech_video_v1,14.82,4,724,,Cargos_Tecnologia,Video,2º Lançamento | Leads
5493,2025 | Fevereiro,Domingo,Final de Semana,Leads,2025-02-23,midfunnel_rmkt_60d_video_v1,22.98,27,1462,5,Remarketing_60dias,Video,2º Lançamento | Leads
5926,2025 | Fevereiro,Domingo,Final de Semana,Leads,2025-02-23,topfunnel_broad_tech_video_v1,68.51,52,4089,8,Broad_Tecnologia,Video,2º Lançamento | Leads
1588,2025 | Fevereiro,Segunda-Feira,Dia útil,Leads,2025-02-24,topfunnel_interesses_cloud_video_v2,11.49,12,776,3,Interesses_Cloud,Video,2º Lançamento | Leads
1970,2025 | Fevereiro,Segunda-Feira,Dia útil,Leads,2025-02-24,topfunnel_broad_tech_estatico_v2,10.78,23,963,3,Broad_Tecnologia,Estático,2º Lançamento | Vendas
2213,2025 | Fevereiro,Segunda-Feira,Dia útil,Leads,2025-02-24,topfunnel_broad_tech_video_v2,106.70,113,5474,27,Broad_Tecnologia,Video,2º Lançamento | Leads
2470,2025 | Fevereiro,Segunda-Feira,Dia útil,Leads,2025-02-24,topfunnel_lal1_clientes_video_v1,20.29,20,1293,1,LookALike_Clientes_1,Video,2º Lançamento | Leads
2629,2025 | Fevereiro,Segunda-Feira,Dia útil,Leads,2025-02-24,topfunnel_lal1_clientes_video_v1,0.00,,0,,LookALike_Clientes_1,Video,2º Lançamento | Leads
2801,2025 | Fevereiro,Segunda-Feira,Dia útil,Leads,2025-02-24,topfunnel_cargos_tech_estatico_v1,48.16,15,2085,2,Cargos_Tecnologia,Estático,2º Lançamento | Leads
3104,2025 | Fevereiro,Segunda-Feira,Dia útil,Leads,2025-02-24,topfunnel_broad_tech_estatico_v1,0.00,,0,,Broad_Tecnologia,Estático,2º Lançamento | Leads
3612,2025 | Fevereiro,Segunda-Feira,Dia útil,Leads,2025-02-24,topfunnel_broad_tech_estatico_v1,24.73,13,1966,4,Broad_Tecnologia,Estático,2º Lançamento | Leads
3939,2025 | Fevereiro,Segunda-Feira,Dia útil,Leads,2025-02-24,topfunnel_interesses_cloud_estatico_v1,63.93,79,5702,8,Interesses_Cloud,Estático,2º Lançamento | Leads
4112,2025 | Fevereiro,Segunda-Feira,Dia útil,Leads,2025-02-24,topfunnel_broad_tech_estatico_v3,49.79,47,3898,9,Broad_Tecnologia,Estático,2º Lançamento | Leads
4176,2025 | Fevereiro,Segunda-Feira,Dia útil,Leads,2025-02-24,topfunnel_cargos_tech_estatico_v1,15.82,27,1311,2,Cargos_Tecnologia,Estático,2º Lançamento | Vendas
4720,2025 | Fevereiro,Segunda-Feira,Dia útil,Leads,2025-02-24,topfunnel_lal1_clientes_video_v1,8.24,9,431,1,LookALike_Clientes_1,Video,2º Lançamento | Leads
4723,2025 | Fevereiro,Segunda-Feira,Dia útil,Leads,2025-02-24,topfunnel_lal1_clientes_video_v1,127.49,57,9059,15,LookALike_Clientes_1,Video,2º Lançamento | Leads
4787,2025 | Fevereiro,Segunda-Feira,Dia útil,Awareness,2025-02-24,midfunnel_rmkt_60d_estatico_v2,35.54,21,2124,3,Remarketing_60dias,Estático,2º Lançamento | Live
4873,2025 | Fevereiro,Segunda-Feira,Dia útil,Leads,2025-02-24,topfunnel_broad_tech_video_v3,42.47,53,3816,3,Broad_Tecnologia,Video,2º Lançamento | Leads
4959,2025 | Fevereiro,Segunda-Feira,Dia útil,Awareness,2025-02-24,topfunnel_interesses_cloud_video_v1,62.29,26,3442,,Interesses_Cloud,Video,2º Lançamento | Live
4975,2025 | Fevereiro,Segunda-Feira,Dia útil,Awareness,2025-02-24,topfunnel_interesses_cloud_video_v1,41.24,32,2842,3,Interesses_Cloud,Video,2º Lançamento | Live
5112,2025 | Fevereiro,Segunda-Feira,Dia útil,Awareness,2025-02-24,midfunnel_rmkt_60d_video_v1,11.61,6,711,,Remarketing_60dias,Video,2º Lançamento | Live
5503,2025 | Fevereiro,Segunda-Feira,Dia útil,Leads,2025-02-24,topfunnel_broad_tech_estatico_v1,7.16,8,398,,Broad_Tecnologia,Estático,2º Lançamento | Leads
5774,2025 | Fevereiro,Segunda-Feira,Dia útil,Leads,2025-02-24,topfunnel_broad_tech_video_v1,67.98,67,7270,10,Broad_Tecnologia,Video,2º Lançamento | Leads
1468,2025 | Fevereiro,Terça-Feira,Dia útil,Leads,2025-02-25,topfunnel_broad_tech_estatico_v1,0.00,,0,,Broad_Tecnologia,Estático,2º Lançamento | Leads
1536,2025 | Fevereiro,Terça-Feira,Dia útil,Leads,2025-02-25,topfunnel_lal1_clientes_video_v3,83.04,137,5334,25,LookALike_Clientes_1,Video,2º Lançamento | Leads
1826,2025 | Fevereiro,Terça-Feira,Dia útil,Leads,2025-02-25,midfunnel_rmkt_60d_video_v1,39.80,71,3330,6,Remarketing_60dias,Video,2º Lançamento | Leads
1887,2025 | Fevereiro,Terça-Feira,Dia útil,Awareness,2025-02-25,topfunnel_broad_tech_estatico_v3,25.03,14,1312,1,Broad_Tecnologia,Estático,2º Lançamento | Live
2219,2025 | Fevereiro,Terça-Feira,Dia útil,Leads,2025-02-25,midfunnel_rmkt_60d_video_v1,51.66,48,2519,9,Remarketing_60dias,Video,2º Lançamento | Leads
2464,2025 | Fevereiro,Terça-Feira,Dia útil,Leads,2025-02-25,midfunnel_rmkt_60d_video_v2,63.65,81,4613,13,Remarketing_60dias,Video,2º Lançamento | Leads
2600,2025 | Fevereiro,Terça-Feira,Dia útil,Leads,2025-02-25,topfunnel_interesses_programacao_video_v2,22.87,21,1861,1,Interesses_Programacao,Video,2º Lançamento | Leads
3715,2025 | Fevereiro,Terça-Feira,Dia útil,Leads,2025-02-25,midfunnel_rmkt_60d_estatico_v1,23.82,20,1178,4,Remarketing_60dias,Estático,2º Lançamento | Leads
1285,2025 | Fevereiro,Quarta-Feira,Dia útil,Leads,2025-02-26,topfunnel_interesses_programacao_estatico_v1,93.99,103,6653,21,Interesses_Programacao,Estático,2º Lançamento | Vendas
1883,2025 | Fevereiro,Quarta-Feira,Dia útil,Leads,2025-02-26,topfunnel_broad_tech_video_v2,25.31,25,2676,7,Broad_Tecnologia,Video,2º Lançamento | Leads
1920,2025 | Fevereiro,Quarta-Feira,Dia útil,Leads,2025-02-26,topfunnel_cargos_tech_video_v1,62.53,71,5091,4,Cargos_Tecnologia,Video,2º Lançamento | Leads
1958,2025 | Fevereiro,Quarta-Feira,Dia útil,Leads,2025-02-26,topfunnel_interesses_programacao_video_v2,81.06,91,4994,11,Interesses_Programacao,Video,2º Lançamento | Leads
2691,2025 | Fevereiro,Quarta-Feira,Dia útil,Leads,2025-02-26,topfunnel_cargos_tech_estatico_v2,87.98,141,6695,26,Cargos_Tecnologia,Estático,2º Lançamento | Leads
2804,2025 | Fevereiro,Quarta-Feira,Dia útil,Awareness,2025-02-26,topfunnel_interesses_programacao_video_v3,23.37,7,1453,,Interesses_Programacao,Video,2º Lançamento | Live
3063,2025 | Fevereiro,Quarta-Feira,Dia útil,Awareness,2025-02-26,topfunnel_cargos_tech_video_v1,0.00,,0,,Cargos_Tecnologia,Video,2º Lançamento | Live
3209,2025 | Fevereiro,Quarta-Feira,Dia útil,Leads,2025-02-26,topfunnel_interesses_cloud_video_v3,65.12,110,4496,5,Interesses_Cloud,Video,2º Lançamento | Leads
3552,2025 | Fevereiro,Quarta-Feira,Dia útil,Leads,2025-02-26,topfunnel_lal1_clientes_estatico_v3,1.13,3,139,,LookALike_Clientes_1,Estático,2º Lançamento | Leads
5061,2025 | Fevereiro,Quarta-Feira,Dia útil,Awareness,2025-02-26,topfunnel_broad_tech_estatico_v3,46.99,45,2838,3,Broad_Tecnologia,Estático,2º Lançamento | Live
5485,2025 | Fevereiro,Quarta-Feira,Dia útil,Leads,2025-02-26,topfunnel_lal1_clientes_video_v2,70.39,81,5409,20,LookALike_Clientes_1,Video,2º Lançamento | Leads
5501,2025 | Fevereiro,Quarta-Feira,Dia útil,Leads,2025-02-26,topfunnel_broad_tech_video_v1,73.98,105,7398,22,Broad_Tecnologia,Video,2º Lançamento | Leads
5599,2025 | Fevereiro,Quarta-Feira,Dia útil,Leads,2025-02-26,topfunnel_interesses_programacao_video_v3,44.75,44,2486,2,Interesses_Programacao,Video,2º Lançamento | Vendas
1089,2025 | Fevereiro,Quinta-Feira,Dia útil,Leads,2025-02-27,topfunnel_broad_tech_video_v2,27.75,41,2029,7,Broad_Tecnologia,Video,2º Lançamento | Leads
1120,2025 | Fevereiro,Quinta-Feira,Dia útil,Leads,2025-02-27,topfunnel_interesses_programacao_video_v1,26.94,43,3161,11,Interesses_Programacao,Video,2º Lançamento | Leads
1830,2025 | Fevereiro,Quinta-Feira,Dia útil,Leads,2025-02-27,topfunnel_interesses_programacao_video_v3,60.91,68,4473,17,Interesses_Programacao,Video,2º Lançamento | Leads
2421,2025 | Fevereiro,Quinta-Feira,Dia útil,Leads,2025-02-27,midfunnel_rmkt_60d_estatico_v1,6.72,1,439,,Remarketing_60dias,Estático,2º Lançamento | Leads
2480,2025 | Fevereiro,Quinta-Feira,Dia útil,Leads,2025-02-27,topfunnel_interesses_programacao_video_v2,3.96,1,318,,Interesses_Programacao,Video,2º Lançamento | Leads
2577,2025 | Fevereiro,Quinta-Feira,Dia útil,Leads,2025-02-27,topfunnel_broad_tech_estatico_v3,12.41,3,598,,Broad_Tecnologia,Estático,2º Lançamento | Vendas
2635,2025 | Fevereiro,Quinta-Feira,Dia útil,Leads,2025-02-27,topfunnel_cargos_tech_estatico_v2,106.49,62,13894,5,Cargos_Tecnologia,Estático,2º Lançamento | Leads
3737,2025 | Fevereiro,Quinta-Feira,Dia útil,Leads,2025-02-27,topfunnel_cargos_tech_estatico_v2,123.56,61,5697,5,Cargos_Tecnologia,Estático,2º Lançamento | Leads
4294,2025 | Fevereiro,Quinta-Feira,Dia útil,Leads,2025-02-27,topfunnel_broad_tech_video_v3,26.89,20,1379,2,Broad_Tecnologia,Video,2º Lançamento | Leads
4393,2025 | Fevereiro,Quinta-Feira,Dia útil,Leads,2025-02-27,topfunnel_interesses_programacao_video_v2,49.38,54,2574,4,Interesses_Programacao,Video,2º Lançamento | Leads
4927,2025 | Fevereiro,Quinta-Feira,Dia útil,Leads,2025-02-27,topfunnel_interesses_cloud_video_v1,53.05,32,4003,2,Interesses_Cloud,Video,2º Lançamento | Leads
4970,2025 | Fevereiro,Quinta-Feira,Dia útil,Leads,2025-02-27,midfunnel_rmkt_60d_video_v2,24.66,37,1647,4,Remarketing_60dias,Video,2º Lançamento | Leads
5016,2025 | Fevereiro,Quinta-Feira,Dia útil,Awareness,2025-02-27,topfunnel_interesses_cloud_video_v2,24.03,17,1416,,Interesses_Cloud,Video,2º Lançamento | Live
5096,2025 | Fevereiro,Quinta-Feira,Dia útil,Leads,2025-02-27,topfunnel_interesses_programacao_estatico_v3,41.52,28,2447,8,Interesses_Programacao,Estático,2º Lançamento | Leads
5154,2025 | Fevereiro,Quinta-Feira,Dia útil,Leads,2025-02-27,midfunnel_rmkt_60d_video_v1,20.61,24,1177,7,Remarketing_60dias,Video,2º Lançamento | Leads
5552,2025 | Fevereiro,Quinta-Feira,Dia útil,Leads,2025-02-27,topfunnel_lal1_clientes_estatico_v1,16.54,12,977,2,LookALike_Clientes_1,Estático,2º Lançamento | Leads
5575,2025 | Fevereiro,Quinta-Feira,Dia útil,Leads,2025-02-27,topfunnel_interesses_programacao_estatico_v1,91.61,76,6708,12,Interesses_Programacao,Estático,2º Lançamento | Leads
5639,2025 | Fevereiro,Quinta-Feira,Dia útil,Leads,2025-02-27,midfunnel_rmkt_60d_video_v1,15.96,8,854,2,Remarketing_60dias,Video,2º Lançamento | Leads
1060,2025 | Fevereiro,Sexta-Feira,Dia útil,Leads,2025-02-28,topfunnel_interesses_cloud_video_v3,33.69,41,2409,2,Interesses_Cloud,Video,2º Lançamento | Leads
1593,2025 | Fevereiro,Sexta-Feira,Dia útil,Awareness,2025-02-28,topfunnel_interesses_cloud_video_v2,32.81,20,4026,1,Interesses_Cloud,Video,2º Lançamento | Live
1819,2025 | Fevereiro,Sexta-Feira,Dia útil,Awareness,2025-02-28,topfunnel_broad_tech_estatico_v2,27.12,27,2277,1,Broad_Tecnologia,Estático,2º Lançamento | Live
1907,2025 | Fevereiro,Sexta-Feira,Dia útil,Leads,2025-02-28,topfunnel_interesses_cloud_video_v1,29.09,37,2738,4,Interesses_Cloud,Video,2º Lançamento | Leads
2074,2025 | Fevereiro,Sexta-Feira,Dia útil,Leads,2025-02-28,topfunnel_cargos_tech_video_v1,31.08,39,2132,6,Cargos_Tecnologia,Video,2º Lançamento | Vendas
2902,2025 | Fevereiro,Sexta-Feira,Dia útil,Awareness,2025-02-28,topfunnel_broad_tech_video_v1,29.81,15,1377,1,Broad_Tecnologia,Video,2º Lançamento | Live
3081,2025 | Fevereiro,Sexta-Feira,Dia útil,Leads,2025-02-28,midfunnel_rmkt_60d_video_v1,59.18,33,4277,8,Remarketing_60dias,Video,2º Lançamento | Leads
4717,2025 | Fevereiro,Sexta-Feira,Dia útil,Leads,2025-02-28,topfunnel_broad_tech_video_v1,0.00,,0,,Broad_Tecnologia,Video,2º Lançamento | Leads
4956,2025 | Fevereiro,Sexta-Feira,Dia útil,Leads,2025-02-28,topfunnel_interesses_programacao_video_v2,41.47,40,2547,5,Interesses_Programacao,Video,2º Lançamento | Leads
5551,2025 | Fevereiro,Sexta-Feira,Dia útil,Leads,2025-02-28,topfunnel_interesses_cloud_video_v2,56.95,72,3322,12,Interesses_Cloud,Video,2º Lançamento | Leads
5663,2025 | Fevereiro,Sexta-Feira,Dia útil,Leads,2025-02-28,topfunnel_broad_tech_estatico_v1,21.73,19,1278,2,Broad_Tecnologia,Estático,2º Lançamento | Leads
5707,2025 | Fevereiro,Sexta-Feira,Dia útil,Leads,2025-02-28,topfunnel_interesses_cloud_video_v1,57.96,53,2576,5,Interesses_Cloud,Video,2º Lançamento | Leads
5786,2025 | Fevereiro,Sexta-Feira,Dia útil,Leads,2025-02-28,topfunnel_broad_tech_video_v3,52.41,142,7267,30,Broad_Tecnologia,Video,2º Lançamento | Leads
1048,2025 | Março,Sábado,Final de Semana,Leads,2025-03-01,topfunnel_interesses_cloud_video_v3,54.57,47,3999,5,Interesses_Cloud,Video,3º Lançamento | Leads
1332,2025 | Março,Sábado,Final de Semana,Awareness,2025-03-01,topfunnel_cargos_tech_estatico_v1,58.79,56,3610,7,Cargos_Tecnologia,Estático,3º Lançamento | Live
1353,2025 | Março,Sábado,Final de Semana,Leads,2025-03-01,topfunnel_broad_tech_video_v1,55.70,26,3128,3,Broad_Tecnologia,Video,3º Lançamento | Leads
1601,2025 | Março,Sábado,Final de Semana,Leads,2025-03-01,topfunnel_interesses_programacao_estatico_v3,15.30,9,1011,,Interesses_Programacao,Estático,3º Lançamento | Leads
1688,2025 | Março,Sábado,Final de Semana,Leads,2025-03-01,topfunnel_lal1_clientes_video_v2,29.97,45,2820,6,LookALike_Clientes_1,Video,3º Lançamento | Leads
1799,2025 | Março,Sábado,Final de Semana,Awareness,2025-03-01,topfunnel_interesses_programacao_video_v2,3.86,2,259,,Interesses_Programacao,Video,3º Lançamento | Live
2041,2025 | Março,Sábado,Final de Semana,Leads,2025-03-01,topfunnel_interesses_programacao_estatico_v2,40.04,43,2977,2,Interesses_Programacao,Estático,3º Lançamento | Leads
2179,2025 | Março,Sábado,Final de Semana,Leads,2025-03-01,midfunnel_rmkt_60d_video_v3,42.28,47,3054,10,Remarketing_60dias,Video,3º Lançamento | Leads
3083,2025 | Março,Sábado,Final de Semana,Leads,2025-03-01,topfunnel_lal1_clientes_estatico_v1,50.52,22,3758,2,LookALike_Clientes_1,Estático,3º Lançamento | Leads
3516,2025 | Março,Sábado,Final de Semana,Leads,2025-03-01,topfunnel_broad_tech_estatico_v2,82.38,66,4759,11,Broad_Tecnologia,Estático,3º Lançamento | Leads
3594,2025 | Março,Sábado,Final de Semana,Awareness,2025-03-01,topfunnel_broad_tech_estatico_v1,26.44,11,1314,,Broad_Tecnologia,Estático,3º Lançamento | Live
3838,2025 | Março,Sábado,Final de Semana,Leads,2025-03-01,topfunnel_interesses_programacao_estatico_v2,63.65,61,3154,4,Interesses_Programacao,Estático,3º Lançamento | Leads
3931,2025 | Março,Sábado,Final de Semana,Leads,2025-03-01,topfunnel_lal1_clientes_estatico_v2,75.18,58,3748,12,LookALike_Clientes_1,Estático,3º Lançamento | Leads
4010,2025 | Março,Sábado,Final de Semana,Leads,2025-03-01,topfunnel_broad_tech_estatico_v1,52.16,57,3357,11,Broad_Tecnologia,Estático,3º Lançamento | Leads
4441,2025 | Março,Sábado,Final de Semana,Leads,2025-03-01,topfunnel_lal1_clientes_video_v2,43.64,15,2525,1,LookALike_Clientes_1,Video,3º Lançamento | Leads
4772,2025 | Março,Sábado,Final de Semana,Leads,2025-03-01,topfunnel_cargos_tech_video_v2,97.59,267,10798,12,Cargos_Tecnologia,Video,3º Lançamento | Leads
5717,2025 | Março,Sábado,Final de Semana,Leads,2025-03-01,midfunnel_rmkt_60d_estatico_v1,74.94,71,3298,7,Remarketing_60dias,Estático,3º Lançamento | Leads
5936,2025 | Março,Sábado,Final de Semana,Leads,2025-03-01,topfunnel_lal1_clientes_video_v1,41.10,45,2838,7,LookALike_Clientes_1,Video,3º Lançamento | Leads
5967,2025 | Março,Sábado,Final de Semana,Leads,2025-03-01,topfunnel_interesses_programacao_video_v1,67.64,38,4467,7,Interesses_Programacao,Video,3º Lançamento | Leads
1104,2025 | Março,Domingo,Final de Semana,Leads,2025-03-02,topfunnel_lal1_clientes_estatico_v1,130.06,47,7892,9,LookALike_Clientes_1,Estático,3º Lançamento | Leads
1439,2025 | Março,Domingo,Final de Semana,Leads,2025-03-02,topfunnel_lal1_clientes_video_v3,48.46,69,3158,16,LookALike_Clientes_1,Video,3º Lançamento | Leads
1464,2025 | Março,Domingo,Final de Semana,Leads,2025-03-02,midfunnel_rmkt_60d_video_v2,8.27,14,633,2,Remarketing_60dias,Video,3º Lançamento | Leads
1563,2025 | Março,Domingo,Final de Semana,Leads,2025-03-02,topfunnel_interesses_programacao_video_v1,61.25,10,2644,,Interesses_Programacao,Video,3º Lançamento | Vendas
2231,2025 | Março,Domingo,Final de Semana,Leads,2025-03-02,topfunnel_interesses_cloud_estatico_v1,5.53,18,1201,4,Interesses_Cloud,Estático,3º Lançamento | Leads
2309,2025 | Março,Domingo,Final de Semana,Leads,2025-03-02,topfunnel_broad_tech_estatico_v1,38.98,33,1798,4,Broad_Tecnologia,Estático,3º Lançamento | Leads
2604,2025 | Março,Domingo,Final de Semana,Leads,2025-03-02,topfunnel_interesses_cloud_estatico_v2,63.28,45,4483,4,Interesses_Cloud,Estático,3º Lançamento | Leads
2622,2025 | Março,Domingo,Final de Semana,Awareness,2025-03-02,topfunnel_interesses_cloud_video_v1,19.44,10,845,,Interesses_Cloud,Video,3º Lançamento | Live
2707,2025 | Março,Domingo,Final de Semana,Leads,2025-03-02,midfunnel_rmkt_60d_estatico_v1,28.31,50,3254,7,Remarketing_60dias,Estático,3º Lançamento | Leads
2762,2025 | Março,Domingo,Final de Semana,Leads,2025-03-02,topfunnel_interesses_programacao_video_v1,86.53,66,4518,6,Interesses_Programacao,Video,3º Lançamento | Vendas
3038,2025 | Março,Domingo,Final de Semana,Leads,2025-03-02,topfunnel_cargos_tech_estatico_v1,52.33,43,3366,3,Cargos_Tecnologia,Estático,3º Lançamento | Vendas
3138,2025 | Março,Domingo,Final de Semana,Leads,2025-03-02,midfunnel_rmkt_60d_video_v2,52.21,68,3179,8,Remarketing_60dias,Video,3º Lançamento | Leads
3466,2025 | Março,Domingo,Final de Semana,Leads,2025-03-02,topfunnel_interesses_programacao_estatico_v3,8.72,5,440,,Interesses_Programacao,Estático,3º Lançamento | Leads
3877,2025 | Março,Domingo,Final de Semana,Leads,2025-03-02,midfunnel_rmkt_60d_video_v1,20.25,11,856,2,Remarketing_60dias,Video,3º Lançamento | Leads
4209,2025 | Março,Domingo,Final de Semana,Leads,2025-03-02,midfunnel_rmkt_60d_estatico_v1,15.78,28,1545,5,Remarketing_60dias,Estático,3º Lançamento | Leads
4250,2025 | Março,Domingo,Final de Semana,Leads,2025-03-02,midfunnel_rmkt_60d_estatico_v1,12.84,14,652,2,Remarketing_60dias,Estático,3º Lançamento | Vendas
4559,2025 | Março,Domingo,Final de Semana,Leads,2025-03-02,topfunnel_lal1_clientes_estatico_v2,25.18,56,2490,14,LookALike_Clientes_1,Estático,3º Lançamento | Leads
4585,2025 | Março,Domingo,Final de Semana,Leads,2025-03-02,topfunnel_broad_tech_estatico_v2,0.00,,0,,Broad_Tecnologia,Estático,3º Lançamento | Leads
5262,2025 | Março,Domingo,Final de Semana,Leads,2025-03-02,topfunnel_interesses_programacao_video_v1,39.35,55,4292,7,Interesses_Programacao,Video,3º Lançamento | Leads
5670,2025 | Março,Domingo,Final de Semana,Leads,2025-03-02,topfunnel_interesses_cloud_estatico_v1,80.42,96,6524,10,Interesses_Cloud,Estático,3º Lançamento | Leads
5765,2025 | Março,Domingo,Final de Semana,Awareness,2025-03-02,midfunnel_rmkt_60d_video_v2,2.32,2,154,,Remarketing_60dias,Video,3º Lançamento | Live
1190,2025 | Março,Segunda-Feira,Dia útil,Awareness,2025-03-03,topfunnel_interesses_cloud_estatico_v1,45.12,15,3176,1,Interesses_Cloud,Estático,3º Lançamento | Live
1342,2025 | Março,Segunda-Feira,Dia útil,Leads,2025-03-03,midfunnel_rmkt_60d_video_v1,16.76,11,1335,2,Remarketing_60dias,Video,3º Lançamento | Leads
1648,2025 | Março,Segunda-Feira,Dia útil,Leads,2025-03-03,topfunnel_interesses_programacao_video_v1,13.18,16,970,3,Interesses_Programacao,Video,3º Lançamento | Leads
1658,2025 | Março,Segunda-Feira,Dia útil,Leads,2025-03-03,topfunnel_lal1_clientes_video_v2,39.67,22,2384,4,LookALike_Clientes_1,Video,3º Lançamento | Leads
2133,2025 | Março,Segunda-Feira,Dia útil,Leads,2025-03-03,topfunnel_interesses_cloud_video_v3,100.85,195,8341,38,Interesses_Cloud,Video,3º Lançamento | Leads
2882,2025 | Março,Segunda-Feira,Dia útil,Leads,2025-03-03,topfunnel_interesses_programacao_estatico_v1,54.57,63,3414,9,Interesses_Programacao,Estático,3º Lançamento | Leads
2895,2025 | Março,Segunda-Feira,Dia útil,Leads,2025-03-03,topfunnel_broad_tech_estatico_v2,45.07,77,6123,6,Broad_Tecnologia,Estático,3º Lançamento | Leads
3158,2025 | Março,Segunda-Feira,Dia útil,Awareness,2025-03-03,topfunnel_interesses_cloud_video_v3,37.75,54,3247,1,Interesses_Cloud,Video,3º Lançamento | Live
3231,2025 | Março,Segunda-Feira,Dia útil,Awareness,2025-03-03,midfunnel_rmkt_60d_video_v2,14.11,5,761,,Remarketing_60dias,Video,3º Lançamento | Live
3246,2025 | Março,Segunda-Feira,Dia útil,Leads,2025-03-03,topfunnel_lal1_clientes_video_v3,31.99,41,1925,9,LookALike_Clientes_1,Video,3º Lançamento | Leads
3318,2025 | Março,Segunda-Feira,Dia útil,Awareness,2025-03-03,midfunnel_rmkt_60d_video_v3,0.00,,0,,Remarketing_60dias,Video,3º Lançamento | Live
3361,2025 | Março,Segunda-Feira,Dia útil,Leads,2025-03-03,topfunnel_cargos_tech_estatico_v2,49.68,54,2641,4,Cargos_Tecnologia,Estático,3º Lançamento | Leads
3859,2025 | Março,Segunda-Feira,Dia útil,Leads,2025-03-03,topfunnel_interesses_cloud_estatico_v1,31.72,61,2871,8,Interesses_Cloud,Estático,3º Lançamento | Leads
4100,2025 | Março,Segunda-Feira,Dia útil,Awareness,2025-03-03,topfunnel_broad_tech_video_v1,0.00,,0,,Broad_Tecnologia,Video,3º Lançamento | Live
4205,2025 | Março,Segunda-Feira,Dia útil,Leads,2025-03-03,topfunnel_interesses_cloud_estatico_v1,32.53,29,2498,4,Interesses_Cloud,Estático,3º Lançamento | Vendas
4591,2025 | Março,Segunda-Feira,Dia útil,Leads,2025-03-03,topfunnel_interesses_programacao_video_v2,10.61,22,868,2,Interesses_Programacao,Video,3º Lançamento | Leads
4664,2025 | Março,Segunda-Feira,Dia útil,Leads,2025-03-03,midfunnel_rmkt_60d_video_v1,23.28,10,1464,,Remarketing_60dias,Video,3º Lançamento | Leads
5525,2025 | Março,Segunda-Feira,Dia útil,Leads,2025-03-03,topfunnel_lal1_clientes_estatico_v1,43.97,19,2024,4,LookALike_Clientes_1,Estático,3º Lançamento | Leads
5627,2025 | Março,Segunda-Feira,Dia útil,Leads,2025-03-03,topfunnel_broad_tech_estatico_v1,18.00,12,1162,1,Broad_Tecnologia,Estático,3º Lançamento | Vendas
1632,2025 | Março,Terça-Feira,Dia útil,Leads,2025-03-04,topfunnel_cargos_tech_video_v2,15.02,16,890,2,Cargos_Tecnologia,Video,3º Lançamento | Leads
2114,2025 | Março,Terça-Feira,Dia útil,Leads,2025-03-04,topfunnel_cargos_tech_video_v1,11.07,7,881,,Cargos_Tecnologia,Video,3º Lançamento | Leads
2441,2025 | Março,Terça-Feira,Dia útil,Leads,2025-03-04,topfunnel_cargos_tech_video_v2,4.95,1,240,,Cargos_Tecnologia,Video,3º Lançamento | Leads
2634,2025 | Março,Terça-Feira,Dia útil,Leads,2025-03-04,midfunnel_rmkt_60d_estatico_v2,38.71,21,1929,8,Remarketing_60dias,Estático,3º Lançamento | Leads
3515,2025 | Março,Terça-Feira,Dia útil,Leads,2025-03-04,topfunnel_interesses_programacao_video_v3,13.51,18,849,3,Interesses_Programacao,Video,3º Lançamento | Leads
3627,2025 | Março,Terça-Feira,Dia útil,Leads,2025-03-04,topfunnel_lal1_clientes_video_v2,65.91,63,5337,16,LookALike_Clientes_1,Video,3º Lançamento | Leads
4293,2025 | Março,Terça-Feira,Dia útil,Leads,2025-03-04,topfunnel_lal1_clientes_estatico_v1,154.18,235,13092,39,LookALike_Clientes_1,Estático,3º Lançamento | Leads
4331,2025 | Março,Terça-Feira,Dia útil,Leads,2025-03-04,topfunnel_cargos_tech_video_v1,47.64,28,2498,2,Cargos_Tecnologia,Video,3º Lançamento | Leads
4818,2025 | Março,Terça-Feira,Dia útil,Leads,2025-03-04,topfunnel_interesses_cloud_video_v1,47.55,55,3248,10,Interesses_Cloud,Video,3º Lançamento | Vendas
4925,2025 | Março,Terça-Feira,Dia útil,Leads,2025-03-04,topfunnel_broad_tech_video_v2,35.60,66,4818,8,Broad_Tecnologia,Video,3º Lançamento | Vendas
5650,2025 | Março,Terça-Feira,Dia útil,Leads,2025-03-04,topfunnel_interesses_programacao_estatico_v1,102.40,98,6530,4,Interesses_Programacao,Estático,3º Lançamento | Leads
5882,2025 | Março,Terça-Feira,Dia útil,Awareness,2025-03-04,topfunnel_cargos_tech_video_v2,69.26,79,6111,4,Cargos_Tecnologia,Video,3º Lançamento | Live
1091,2025 | Março,Quarta-Feira,Dia útil,Leads,2025-03-05,topfunnel_broad_tech_video_v1,0.80,,61,,Broad_Tecnologia,Video,3º Lançamento | Leads
1237,2025 | Março,Quarta-Feira,Dia útil,Leads,2025-03-05,topfunnel_broad_tech_video_v1,130.43,188,8783,36,Broad_Tecnologia,Video,3º Lançamento | Leads
1840,2025 | Março,Quarta-Feira,Dia útil,Leads,2025-03-05,topfunnel_broad_tech_estatico_v2,69.73,111,5761,8,Broad_Tecnologia,Estático,3º Lançamento | Leads
2756,2025 | Março,Quarta-Feira,Dia útil,Leads,2025-03-05,midfunnel_rmkt_60d_estatico_v1,4.49,5,271,,Remarketing_60dias,Estático,3º Lançamento | Leads
3148,2025 | Março,Quarta-Feira,Dia útil,Leads,2025-03-05,topfunnel_lal1_clientes_estatico_v1,35.91,10,1757,,LookALike_Clientes_1,Estático,3º Lançamento | Vendas
3190,2025 | Março,Quarta-Feira,Dia útil,Leads,2025-03-05,topfunnel_cargos_tech_estatico_v2,42.96,77,3472,20,Cargos_Tecnologia,Estático,3º Lançamento | Leads
3494,2025 | Março,Quarta-Feira,Dia útil,Leads,2025-03-05,topfunnel_cargos_tech_video_v2,1.25,2,79,,Cargos_Tecnologia,Video,3º Lançamento | Leads
3670,2025 | Março,Quarta-Feira,Dia útil,Leads,2025-03-05,topfunnel_cargos_tech_estatico_v1,5.22,5,220,1,Cargos_Tecnologia,Estático,3º Lançamento | Leads
3684,2025 | Março,Quarta-Feira,Dia útil,Leads,2025-03-05,topfunnel_interesses_cloud_video_v2,25.79,35,1658,5,Interesses_Cloud,Video,3º Lançamento | Vendas
4291,2025 | Março,Quarta-Feira,Dia útil,Awareness,2025-03-05,topfunnel_lal1_clientes_estatico_v2,66.69,29,3916,2,LookALike_Clientes_1,Estático,3º Lançamento | Live
4516,2025 | Março,Quarta-Feira,Dia útil,Leads,2025-03-05,topfunnel_interesses_cloud_estatico_v3,48.09,59,3396,6,Interesses_Cloud,Estático,3º Lançamento | Leads
4590,2025 | Março,Quarta-Feira,Dia útil,Leads,2025-03-05,topfunnel_lal1_clientes_estatico_v2,85.07,116,4814,12,LookALike_Clientes_1,Estático,3º Lançamento | Leads
4825,2025 | Março,Quarta-Feira,Dia útil,Leads,2025-03-05,topfunnel_broad_tech_video_v2,36.76,36,2575,8,Broad_Tecnologia,Video,3º Lançamento | Leads
5432,2025 | Março,Quarta-Feira,Dia útil,Leads,2025-03-05,topfunnel_interesses_cloud_video_v1,65.02,18,2719,4,Interesses_Cloud,Video,3º Lançamento | Leads
5450,2025 | Março,Quarta-Feira,Dia útil,Leads,2025-03-05,topfunnel_broad_tech_video_v3,78.19,52,3789,12,Broad_Tecnologia,Video,3º Lançamento | Leads
5478,2025 | Março,Quarta-Feira,Dia útil,Leads,2025-03-05,topfunnel_broad_tech_estatico_v1,26.98,30,1594,3,Broad_Tecnologia,Estático,3º Lançamento | Leads
5667,2025 | Março,Quarta-Feira,Dia útil,Leads,2025-03-05,topfunnel_broad_tech_video_v1,24.64,15,1126,3,Broad_Tecnologia,Video,3º Lançamento | Leads
5912,2025 | Março,Quarta-Feira,Dia útil,Awareness,2025-03-05,topfunnel_lal1_clientes_estatico_v3,73.73,171,12099,17,LookALike_Clientes_1,Estático,3º Lançamento | Live
5964,2025 | Março,Quarta-Feira,Dia útil,Awareness,2025-03-05,topfunnel_broad_tech_video_v2,46.20,26,2311,3,Broad_Tecnologia,Video,3º Lançamento | Live
2251,2025 | Março,Quinta-Feira,Dia útil,Leads,2025-03-06,topfunnel_cargos_tech_video_v1,66.17,172,7171,39,Cargos_Tecnologia,Video,3º Lançamento | Leads
3004,2025 | Março,Quinta-Feira,Dia útil,Leads,2025-03-06,topfunnel_interesses_cloud_video_v1,101.69,338,19498,35,Interesses_Cloud,Video,3º Lançamento | Leads
3164,2025 | Março,Quinta-Feira,Dia útil,Leads,2025-03-06,topfunnel_interesses_programacao_video_v2,9.11,5,565,,Interesses_Programacao,Video,3º Lançamento | Vendas
4315,2025 | Março,Quinta-Feira,Dia útil,Leads,2025-03-06,topfunnel_broad_tech_video_v1,64.65,205,8732,28,Broad_Tecnologia,Video,3º Lançamento | Leads
4349,2025 | Março,Quinta-Feira,Dia útil,Leads,2025-03-06,topfunnel_interesses_cloud_video_v1,27.98,38,2545,8,Interesses_Cloud,Video,3º Lançamento | Leads
4745,2025 | Março,Quinta-Feira,Dia útil,Leads,2025-03-06,midfunnel_rmkt_60d_video_v1,39.33,46,5848,3,Remarketing_60dias,Video,3º Lançamento | Vendas
4797,2025 | Março,Quinta-Feira,Dia útil,Awareness,2025-03-06,topfunnel_cargos_tech_video_v1,9.35,7,436,1,Cargos_Tecnologia,Video,3º Lançamento | Live
4829,2025 | Março,Quinta-Feira,Dia útil,Leads,2025-03-06,topfunnel_lal1_clientes_video_v2,89.16,46,4544,7,LookALike_Clientes_1,Video,3º Lançamento | Leads
4866,2025 | Março,Quinta-Feira,Dia útil,Leads,2025-03-06,topfunnel_cargos_tech_estatico_v1,18.86,18,1202,2,Cargos_Tecnologia,Estático,3º Lançamento | Leads
5002,2025 | Março,Quinta-Feira,Dia útil,Leads,2025-03-06,topfunnel_interesses_cloud_estatico_v1,44.48,44,2294,7,Interesses_Cloud,Estático,3º Lançamento | Leads
5064,2025 | Março,Quinta-Feira,Dia útil,Leads,2025-03-06,topfunnel_broad_tech_video_v1,52.66,39,2842,2,Broad_Tecnologia,Video,3º Lançamento | Leads
5077,2025 | Março,Quinta-Feira,Dia útil,Leads,2025-03-06,topfunnel_cargos_tech_estatico_v3,45.91,62,2542,5,Cargos_Tecnologia,Estático,3º Lançamento | Leads
5295,2025 | Março,Quinta-Feira,Dia útil,Leads,2025-03-06,topfunnel_broad_tech_video_v1,62.62,100,4481,10,Broad_Tecnologia,Video,3º Lançamento | Leads
5390,2025 | Março,Quinta-Feira,Dia útil,Leads,2025-03-06,topfunnel_interesses_cloud_video_v3,54.68,73,3256,10,Interesses_Cloud,Video,3º Lançamento | Leads
5753,2025 | Março,Quinta-Feira,Dia útil,Leads,2025-03-06,topfunnel_interesses_cloud_estatico_v2,19.55,28,1466,7,Interesses_Cloud,Estático,3º Lançamento | Leads
1445,2025 | Março,Sexta-Feira,Dia útil,Leads,2025-03-07,topfunnel_interesses_cloud_estatico_v1,59.37,57,3007,9,Interesses_Cloud,Estático,3º Lançamento | Leads
1539,2025 | Março,Sexta-Feira,Dia útil,Awareness,2025-03-07,topfunnel_lal1_clientes_video_v2,16.09,25,1725,3,LookALike_Clientes_1,Video,3º Lançamento | Live
2586,2025 | Março,Sexta-Feira,Dia útil,Leads,2025-03-07,topfunnel_interesses_cloud_estatico_v1,35.22,20,1732,4,Interesses_Cloud,Estático,3º Lançamento | Leads
2661,2025 | Março,Sexta-Feira,Dia útil,Awareness,2025-03-07,topfunnel_interesses_cloud_estatico_v1,31.76,22,1961,4,Interesses_Cloud,Estático,3º Lançamento | Live
2934,2025 | Março,Sexta-Feira,Dia útil,Leads,2025-03-07,topfunnel_interesses_programacao_video_v2,20.57,30,1424,7,Interesses_Programacao,Video,3º Lançamento | Leads
3130,2025 | Março,Sexta-Feira,Dia útil,Awareness,2025-03-07,topfunnel_interesses_programacao_estatico_v1,43.52,34,4586,4,Interesses_Programacao,Estático,3º Lançamento | Live
3341,2025 | Março,Sexta-Feira,Dia útil,Leads,2025-03-07,topfunnel_interesses_programacao_video_v1,50.29,21,2987,3,Interesses_Programacao,Video,3º Lançamento | Leads
3849,2025 | Março,Sexta-Feira,Dia útil,Leads,2025-03-07,topfunnel_broad_tech_estatico_v2,33.83,11,1887,1,Broad_Tecnologia,Estático,3º Lançamento | Leads
3855,2025 | Março,Sexta-Feira,Dia útil,Awareness,2025-03-07,topfunnel_interesses_cloud_estatico_v3,17.92,12,952,1,Interesses_Cloud,Estático,3º Lançamento | Live
4582,2025 | Março,Sexta-Feira,Dia útil,Leads,2025-03-07,topfunnel_broad_tech_video_v1,17.95,48,2183,10,Broad_Tecnologia,Video,3º Lançamento | Leads
4652,2025 | Março,Sexta-Feira,Dia útil,Leads,2025-03-07,topfunnel_interesses_programacao_video_v2,19.40,32,1399,4,Interesses_Programacao,Video,3º Lançamento | Leads
4989,2025 | Março,Sexta-Feira,Dia útil,Leads,2025-03-07,topfunnel_interesses_cloud_estatico_v1,32.59,23,3645,1,Interesses_Cloud,Estático,3º Lançamento | Leads
2060,2025 | Março,Sábado,Final de Semana,Leads,2025-03-08,topfunnel_interesses_programacao_video_v2,66.43,75,2967,13,Interesses_Programacao,Video,3º Lançamento | Leads
2312,2025 | Março,Sábado,Final de Semana,Leads,2025-03-08,topfunnel_interesses_cloud_video_v1,2.25,2,151,,Interesses_Cloud,Video,3º Lançamento | Leads
2385,2025 | Março,Sábado,Final de Semana,Awareness,2025-03-08,topfunnel_broad_tech_video_v1,38.21,31,3137,2,Broad_Tecnologia,Video,3º Lançamento | Live
2555,2025 | Março,Sábado,Final de Semana,Leads,2025-03-08,topfunnel_broad_tech_video_v2,64.25,89,4645,4,Broad_Tecnologia,Video,3º Lançamento | Leads
2738,2025 | Março,Sábado,Final de Semana,Leads,2025-03-08,topfunnel_interesses_programacao_estatico_v3,25.45,27,2027,6,Interesses_Programacao,Estático,3º Lançamento | Leads
3638,2025 | Março,Sábado,Final de Semana,Leads,2025-03-08,midfunnel_rmkt_60d_estatico_v2,183.34,101,9508,8,Remarketing_60dias,Estático,3º Lançamento | Vendas
3646,2025 | Março,Sábado,Final de Semana,Leads,2025-03-08,topfunnel_interesses_cloud_estatico_v2,96.95,29,5807,2,Interesses_Cloud,Estático,3º Lançamento | Leads
4122,2025 | Março,Sábado,Final de Semana,Leads,2025-03-08,topfunnel_broad_tech_video_v1,8.20,4,538,,Broad_Tecnologia,Video,3º Lançamento | Vendas
4313,2025 | Março,Sábado,Final de Semana,Awareness,2025-03-08,topfunnel_interesses_cloud_estatico_v1,69.82,74,6462,4,Interesses_Cloud,Estático,3º Lançamento | Live
4676,2025 | Março,Sábado,Final de Semana,Leads,2025-03-08,topfunnel_broad_tech_estatico_v1,15.76,12,842,1,Broad_Tecnologia,Estático,3º Lançamento | Leads
4919,2025 | Março,Sábado,Final de Semana,Leads,2025-03-08,topfunnel_broad_tech_estatico_v2,27.33,116,5847,9,Broad_Tecnologia,Estático,3º Lançamento | Leads
5162,2025 | Março,Sábado,Final de Semana,Leads,2025-03-08,midfunnel_rmkt_60d_estatico_v2,31.89,20,1461,,Remarketing_60dias,Estático,3º Lançamento | Leads
5331,2025 | Março,Sábado,Final de Semana,Leads,2025-03-08,midfunnel_rmkt_60d_estatico_v2,12.47,12,885,1,Remarketing_60dias,Estático,3º Lançamento | Leads
5367,2025 | Março,Sábado,Final de Semana,Leads,2025-03-08,topfunnel_broad_tech_estatico_v1,0.00,,0,,Broad_Tecnologia,Estático,3º Lançamento | Leads
5515,2025 | Março,Sábado,Final de Semana,Leads,2025-03-08,topfunnel_interesses_programacao_estatico_v1,97.76,177,11067,17,Interesses_Programacao,Estático,3º Lançamento | Leads
5705,2025 | Março,Sábado,Final de Semana,Leads,2025-03-08,topfunnel_interesses_cloud_video_v1,42.39,63,3916,5,Interesses_Cloud,Video,3º Lançamento | Leads
5859,2025 | Março,Sábado,Final de Semana,Leads,2025-03-08,topfunnel_broad_tech_estatico_v3,52.76,116,5894,17,Broad_Tecnologia,Estático,3º Lançamento | Leads
1042,2025 | Março,Domingo,Final de Semana,Leads,2025-03-09,topfunnel_lal1_clientes_video_v2,19.05,28,978,3,LookALike_Clientes_1,Video,3º Lançamento | Vendas
1410,2025 | Março,Domingo,Final de Semana,Leads,2025-03-09,topfunnel_cargos_tech_estatico_v1,76.43,89,3725,16,Cargos_Tecnologia,Estático,3º Lançamento | Leads
1462,2025 | Março,Domingo,Final de Semana,Leads,2025-03-09,topfunnel_interesses_cloud_estatico_v2,34.06,63,3230,6,Interesses_Cloud,Estático,3º Lançamento | Leads
1909,2025 | Março,Domingo,Final de Semana,Leads,2025-03-09,topfunnel_broad_tech_estatico_v1,58.21,52,2801,3,Broad_Tecnologia,Estático,3º Lançamento | Leads
2259,2025 | Março,Domingo,Final de Semana,Leads,2025-03-09,topfunnel_interesses_programacao_video_v2,0.00,,0,,Interesses_Programacao,Video,3º Lançamento | Leads
2477,2025 | Março,Domingo,Final de Semana,Leads,2025-03-09,topfunnel_broad_tech_video_v1,38.16,38,2323,5,Broad_Tecnologia,Video,3º Lançamento | Leads
2891,2025 | Março,Domingo,Final de Semana,Awareness,2025-03-09,topfunnel_broad_tech_video_v3,66.18,64,4075,5,Broad_Tecnologia,Video,3º Lançamento | Live
3090,2025 | Março,Domingo,Final de Semana,Leads,2025-03-09,topfunnel_interesses_cloud_estatico_v2,12.77,13,749,1,Interesses_Cloud,Estático,3º Lançamento | Leads
3342,2025 | Março,Domingo,Final de Semana,Awareness,2025-03-09,topfunnel_broad_tech_video_v2,8.54,5,558,,Broad_Tecnologia,Video,3º Lançamento | Live
3819,2025 | Março,Domingo,Final de Semana,Leads,2025-03-09,topfunnel_interesses_programacao_estatico_v2,42.08,15,2232,2,Interesses_Programacao,Estático,3º Lançamento | Leads
4231,2025 | Março,Domingo,Final de Semana,Leads,2025-03-09,topfunnel_interesses_cloud_video_v3,0.00,,0,,Interesses_Cloud,Video,3º Lançamento | Leads
4442,2025 | Março,Domingo,Final de Semana,Leads,2025-03-09,topfunnel_interesses_programacao_video_v3,28.65,15,1926,3,Interesses_Programacao,Video,3º Lançamento | Leads
4501,2025 | Março,Domingo,Final de Semana,Leads,2025-03-09,topfunnel_lal1_clientes_video_v1,14.68,13,630,,LookALike_Clientes_1,Video,3º Lançamento | Leads
1150,2025 | Março,Segunda-Feira,Dia útil,Leads,2025-03-10,topfunnel_interesses_cloud_video_v2,33.17,15,2570,1,Interesses_Cloud,Video,3º Lançamento | Leads
1211,2025 | Março,Segunda-Feira,Dia útil,Leads,2025-03-10,topfunnel_lal1_clientes_estatico_v2,97.05,133,7970,19,LookALike_Clientes_1,Estático,3º Lançamento | Leads
1678,2025 | Março,Segunda-Feira,Dia útil,Leads,2025-03-10,midfunnel_rmkt_60d_estatico_v2,101.69,150,6607,39,Remarketing_60dias,Estático,3º Lançamento | Leads
2175,2025 | Março,Segunda-Feira,Dia útil,Leads,2025-03-10,topfunnel_interesses_programacao_estatico_v1,221.49,256,11652,31,Interesses_Programacao,Estático,3º Lançamento | Leads
4031,2025 | Março,Segunda-Feira,Dia útil,Leads,2025-03-10,topfunnel_broad_tech_estatico_v2,2.34,1,116,,Broad_Tecnologia,Estático,3º Lançamento | Leads
4835,2025 | Março,Segunda-Feira,Dia útil,Leads,2025-03-10,midfunnel_rmkt_60d_estatico_v2,158.84,138,7238,20,Remarketing_60dias,Estático,3º Lançamento | Leads
5240,2025 | Março,Segunda-Feira,Dia útil,Leads,2025-03-10,topfunnel_interesses_programacao_video_v1,54.65,106,4555,10,Interesses_Programacao,Video,3º Lançamento | Leads
5413,2025 | Março,Segunda-Feira,Dia útil,Leads,2025-03-10,topfunnel_broad_tech_estatico_v1,1.62,1,127,,Broad_Tecnologia,Estático,3º Lançamento | Leads
5768,2025 | Março,Segunda-Feira,Dia útil,Leads,2025-03-10,topfunnel_lal1_clientes_video_v1,18.74,15,954,2,LookALike_Clientes_1,Video,3º Lançamento | Leads
1039,2025 | Março,Terça-Feira,Dia útil,Leads,2025-03-11,midfunnel_rmkt_60d_video_v1,51.47,75,5270,21,Remarketing_60dias,Video,3º Lançamento | Leads
1234,2025 | Março,Terça-Feira,Dia útil,Awareness,2025-03-11,topfunnel_interesses_programacao_video_v1,4.66,6,275,,Interesses_Programacao,Video,3º Lançamento | Live
2024,2025 | Março,Terça-Feira,Dia útil,Leads,2025-03-11,topfunnel_broad_tech_estatico_v2,15.85,4,978,,Broad_Tecnologia,Estático,3º Lançamento | Leads
2039,2025 | Março,Terça-Feira,Dia útil,Leads,2025-03-11,topfunnel_broad_tech_video_v1,72.62,27,4852,6,Broad_Tecnologia,Video,3º Lançamento | Leads
2486,2025 | Março,Terça-Feira,Dia útil,Leads,2025-03-11,topfunnel_lal1_clientes_estatico_v1,112.71,45,8336,6,LookALike_Clientes_1,Estático,3º Lançamento | Leads
3556,2025 | Março,Terça-Feira,Dia útil,Leads,2025-03-11,midfunnel_rmkt_60d_video_v3,88.80,188,6400,14,Remarketing_60dias,Video,3º Lançamento | Leads
4181,2025 | Março,Terça-Feira,Dia útil,Leads,2025-03-11,topfunnel_broad_tech_video_v1,41.64,41,2658,6,Broad_Tecnologia,Video,3º Lançamento | Vendas
5303,2025 | Março,Terça-Feira,Dia útil,Leads,2025-03-11,topfunnel_broad_tech_video_v1,11.67,22,1640,,Broad_Tecnologia,Video,3º Lançamento | Leads
1806,2025 | Março,Quarta-Feira,Dia útil,Leads,2025-03-12,topfunnel_broad_tech_video_v1,79.53,39,5697,4,Broad_Tecnologia,Video,3º Lançamento | Leads
1967,2025 | Março,Quarta-Feira,Dia útil,Awareness,2025-03-12,topfunnel_broad_tech_estatico_v1,87.62,63,5041,11,Broad_Tecnologia,Estático,3º Lançamento | Live
2003,2025 | Março,Quarta-Feira,Dia útil,Leads,2025-03-12,topfunnel_lal1_clientes_video_v3,32.12,42,1999,3,LookALike_Clientes_1,Video,3º Lançamento | Leads
2893,2025 | Março,Quarta-Feira,Dia útil,Leads,2025-03-12,topfunnel_interesses_cloud_estatico_v2,26.85,50,2211,5,Interesses_Cloud,Estático,3º Lançamento | Leads
2998,2025 | Março,Quarta-Feira,Dia útil,Leads,2025-03-12,topfunnel_interesses_cloud_estatico_v1,33.36,54,2514,5,Interesses_Cloud,Estático,3º Lançamento | Vendas
3208,2025 | Março,Quarta-Feira,Dia útil,Leads,2025-03-12,topfunnel_broad_tech_estatico_v1,51.62,42,4004,10,Broad_Tecnologia,Estático,3º Lançamento | Leads
3443,2025 | Março,Quarta-Feira,Dia útil,Leads,2025-03-12,topfunnel_interesses_cloud_video_v1,18.14,29,1629,3,Interesses_Cloud,Video,3º Lançamento | Leads
3490,2025 | Março,Quarta-Feira,Dia útil,Leads,2025-03-12,topfunnel_interesses_cloud_video_v2,23.50,26,1719,4,Interesses_Cloud,Video,3º Lançamento | Leads
3710,2025 | Março,Quarta-Feira,Dia útil,Leads,2025-03-12,topfunnel_lal1_clientes_video_v1,53.71,33,2188,2,LookALike_Clientes_1,Video,3º Lançamento | Leads
4755,2025 | Março,Quarta-Feira,Dia útil,Awareness,2025-03-12,midfunnel_rmkt_60d_estatico_v1,40.28,49,2392,7,Remarketing_60dias,Estático,3º Lançamento | Live
4763,2025 | Março,Quarta-Feira,Dia útil,Awareness,2025-03-12,topfunnel_interesses_programacao_estatico_v2,16.62,7,956,,Interesses_Programacao,Estático,3º Lançamento | Live
5104,2025 | Março,Quarta-Feira,Dia útil,Leads,2025-03-12,topfunnel_cargos_tech_video_v1,54.44,100,5345,13,Cargos_Tecnologia,Video,3º Lançamento | Leads
5308,2025 | Março,Quarta-Feira,Dia útil,Leads,2025-03-12,topfunnel_lal1_clientes_estatico_v2,42.13,38,3057,6,LookALike_Clientes_1,Estático,3º Lançamento | Leads
5718,2025 | Março,Quarta-Feira,Dia útil,Leads,2025-03-12,topfunnel_interesses_programacao_video_v2,27.87,12,1761,,Interesses_Programacao,Video,3º Lançamento | Vendas
1612,2025 | Março,Quinta-Feira,Dia útil,Leads,2025-03-13,midfunnel_rmkt_60d_video_v1,111.86,136,4943,41,Remarketing_60dias,Video,3º Lançamento | Leads
2141,2025 | Março,Quinta-Feira,Dia útil,Leads,2025-03-13,topfunnel_cargos_tech_video_v2,77.50,80,3677,7,Cargos_Tecnologia,Video,3º Lançamento | Vendas
3119,2025 | Março,Quinta-Feira,Dia útil,Leads,2025-03-13,topfunnel_cargos_tech_video_v2,28.35,60,5168,12,Cargos_Tecnologia,Video,3º Lançamento | Vendas
3974,2025 | Março,Quinta-Feira,Dia útil,Leads,2025-03-13,topfunnel_broad_tech_video_v2,90.16,133,6746,27,Broad_Tecnologia,Video,3º Lançamento | Leads
4056,2025 | Março,Quinta-Feira,Dia útil,Leads,2025-03-13,midfunnel_rmkt_60d_video_v1,56.22,53,4603,5,Remarketing_60dias,Video,3º Lançamento | Leads
4179,2025 | Março,Quinta-Feira,Dia útil,Leads,2025-03-13,topfunnel_cargos_tech_estatico_v1,0.00,,0,,Cargos_Tecnologia,Estático,3º Lançamento | Vendas
4915,2025 | Março,Quinta-Feira,Dia útil,Leads,2025-03-13,topfunnel_lal1_clientes_estatico_v1,125.44,75,7136,8,LookALike_Clientes_1,Estático,3º Lançamento | Leads
4979,2025 | Março,Quinta-Feira,Dia útil,Awareness,2025-03-13,topfunnel_broad_tech_estatico_v1,29.28,22,2243,,Broad_Tecnologia,Estático,3º Lançamento | Live
5161,2025 | Março,Quinta-Feira,Dia útil,Leads,2025-03-13,topfunnel_broad_tech_video_v1,22.32,44,2236,3,Broad_Tecnologia,Video,3º Lançamento | Leads
5393,2025 | Março,Quinta-Feira,Dia útil,Awareness,2025-03-13,midfunnel_rmkt_60d_video_v1,47.51,71,5382,13,Remarketing_60dias,Video,3º Lançamento | Live
5470,2025 | Março,Quinta-Feira,Dia útil,Leads,2025-03-13,topfunnel_cargos_tech_video_v1,25.69,30,1762,6,Cargos_Tecnologia,Video,3º Lançamento | Leads
5474,2025 | Março,Quinta-Feira,Dia útil,Leads,2025-03-13,topfunnel_lal1_clientes_video_v1,0.66,,45,,LookALike_Clientes_1,Video,3º Lançamento | Leads
1597,2025 | Março,Sexta-Feira,Dia útil,Awareness,2025-03-14,topfunnel_cargos_tech_video_v3,16.00,15,1078,1,Cargos_Tecnologia,Video,3º Lançamento | Live
2637,2025 | Março,Sexta-Feira,Dia útil,Leads,2025-03-14,midfunnel_rmkt_60d_estatico_v3,42.38,182,9326,35,Remarketing_60dias,Estático,3º Lançamento | Vendas
2975,2025 | Março,Sexta-Feira,Dia útil,Leads,2025-03-14,topfunnel_lal1_clientes_estatico_v1,60.61,55,5716,13,LookALike_Clientes_1,Estático,3º Lançamento | Leads
3333,2025 | Março,Sexta-Feira,Dia útil,Leads,2025-03-14,topfunnel_broad_tech_video_v1,60.87,84,5099,5,Broad_Tecnologia,Video,3º Lançamento | Vendas
4172,2025 | Março,Sexta-Feira,Dia útil,Leads,2025-03-14,topfunnel_interesses_cloud_estatico_v1,52.56,92,4412,21,Interesses_Cloud,Estático,3º Lançamento | Leads
4345,2025 | Março,Sexta-Feira,Dia útil,Leads,2025-03-14,topfunnel_interesses_programacao_estatico_v1,127.81,146,8970,12,Interesses_Programacao,Estático,3º Lançamento | Vendas
4488,2025 | Março,Sexta-Feira,Dia útil,Leads,2025-03-14,topfunnel_cargos_tech_video_v1,29.45,9,1885,1,Cargos_Tecnologia,Video,3º Lançamento | Leads
4792,2025 | Março,Sexta-Feira,Dia útil,Leads,2025-03-14,topfunnel_interesses_cloud_estatico_v1,14.43,11,1085,2,Interesses_Cloud,Estático,3º Lançamento | Leads
5582,2025 | Março,Sexta-Feira,Dia útil,Leads,2025-03-14,topfunnel_cargos_tech_video_v3,7.17,8,353,1,Cargos_Tecnologia,Video,3º Lançamento | Leads
5806,2025 | Março,Sexta-Feira,Dia útil,Leads,2025-03-14,midfunnel_rmkt_60d_video_v2,0.00,,0,,Remarketing_60dias,Video,3º Lançamento | Leads
1689,2025 | Março,Sábado,Final de Semana,Leads,2025-03-15,topfunnel_interesses_programacao_estatico_v2,12.34,15,1106,3,Interesses_Programacao,Estático,3º Lançamento | Leads
1690,2025 | Março,Sábado,Final de Semana,Leads,2025-03-15,topfunnel_broad_tech_video_v1,12.39,7,1078,,Broad_Tecnologia,Video,3º Lançamento | Vendas
2066,2025 | Março,Sábado,Final de Semana,Leads,2025-03-15,topfunnel_interesses_cloud_video_v1,27.38,14,1612,1,Interesses_Cloud,Video,3º Lançamento | Leads
2070,2025 | Março,Sábado,Final de Semana,Leads,2025-03-15,topfunnel_interesses_programacao_estatico_v1,63.77,96,5921,14,Interesses_Programacao,Estático,3º Lançamento | Leads
2373,2025 | Março,Sábado,Final de Semana,Awareness,2025-03-15,topfunnel_interesses_cloud_video_v2,11.20,3,599,,Interesses_Cloud,Video,3º Lançamento | Live
2508,2025 | Março,Sábado,Final de Semana,Leads,2025-03-15,topfunnel_interesses_cloud_estatico_v3,51.53,50,3741,10,Interesses_Cloud,Estático,3º Lançamento | Leads
3313,2025 | Março,Sábado,Final de Semana,Awareness,2025-03-15,midfunnel_rmkt_60d_estatico_v3,143.98,108,12322,10,Remarketing_60dias,Estático,3º Lançamento | Live
3323,2025 | Março,Sábado,Final de Semana,Leads,2025-03-15,topfunnel_interesses_programacao_video_v2,6.22,8,682,,Interesses_Programacao,Video,3º Lançamento | Leads
3592,2025 | Março,Sábado,Final de Semana,Leads,2025-03-15,topfunnel_lal1_clientes_estatico_v1,72.74,25,3527,6,LookALike_Clientes_1,Estático,3º Lançamento | Leads
3933,2025 | Março,Sábado,Final de Semana,Leads,2025-03-15,topfunnel_lal1_clientes_video_v3,0.00,,0,,LookALike_Clientes_1,Video,3º Lançamento | Leads
4305,2025 | Março,Sábado,Final de Semana,Leads,2025-03-15,topfunnel_broad_tech_estatico_v2,50.77,28,2568,7,Broad_Tecnologia,Estático,3º Lançamento | Leads
4727,2025 | Março,Sábado,Final de Semana,Leads,2025-03-15,topfunnel_broad_tech_estatico_v1,22.37,14,883,2,Broad_Tecnologia,Estático,3º Lançamento | Leads
5127,2025 | Março,Sábado,Final de Semana,Leads,2025-03-15,midfunnel_rmkt_60d_video_v1,1.83,,93,,Remarketing_60dias,Video,3º Lançamento | Leads
5244,2025 | Março,Sábado,Final de Semana,Leads,2025-03-15,midfunnel_rmkt_60d_estatico_v2,1.85,1,97,,Remarketing_60dias,Estático,3º Lançamento | Leads
5309,2025 | Março,Sábado,Final de Semana,Leads,2025-03-15,topfunnel_lal1_clientes_estatico_v2,34.42,46,2439,6,LookALike_Clientes_1,Estático,3º Lançamento | Leads
5931,2025 | Março,Sábado,Final de Semana,Leads,2025-03-15,topfunnel_broad_tech_estatico_v1,32.69,35,3061,3,Broad_Tecnologia,Estático,3º Lançamento | Vendas
5938,2025 | Março,Sábado,Final de Semana,Leads,2025-03-15,topfunnel_interesses_programacao_video_v3,69.32,90,4672,20,Interesses_Programacao,Video,3º Lançamento | Leads
1541,2025 | Março,Domingo,Final de Semana,Leads,2025-03-16,topfunnel_broad_tech_video_v2,0.00,,0,,Broad_Tecnologia,Video,3º Lançamento | Leads
1817,2025 | Março,Domingo,Final de Semana,Leads,2025-03-16,topfunnel_interesses_cloud_estatico_v3,31.60,12,2315,1,Interesses_Cloud,Estático,3º Lançamento | Leads
1936,2025 | Março,Domingo,Final de Semana,Awareness,2025-03-16,topfunnel_interesses_cloud_estatico_v2,20.81,26,2474,1,Interesses_Cloud,Estático,3º Lançamento | Live
2174,2025 | Março,Domingo,Final de Semana,Leads,2025-03-16,topfunnel_broad_tech_estatico_v1,14.02,20,1462,1,Broad_Tecnologia,Estático,3º Lançamento | Leads
2220,2025 | Março,Domingo,Final de Semana,Leads,2025-03-16,topfunnel_interesses_programacao_estatico_v1,20.84,30,1765,8,Interesses_Programacao,Estático,3º Lançamento | Leads
2284,2025 | Março,Domingo,Final de Semana,Leads,2025-03-16,topfunnel_interesses_programacao_estatico_v2,28.67,24,1208,2,Interesses_Programacao,Estático,3º Lançamento | Vendas
3103,2025 | Março,Domingo,Final de Semana,Awareness,2025-03-16,topfunnel_lal1_clientes_estatico_v1,35.48,59,2836,7,LookALike_Clientes_1,Estático,3º Lançamento | Live
3228,2025 | Março,Domingo,Final de Semana,Leads,2025-03-16,topfunnel_cargos_tech_estatico_v2,99.90,59,5056,10,Cargos_Tecnologia,Estático,3º Lançamento | Leads
3303,2025 | Março,Domingo,Final de Semana,Awareness,2025-03-16,topfunnel_broad_tech_video_v3,16.16,19,1149,1,Broad_Tecnologia,Video,3º Lançamento | Live
3533,2025 | Março,Domingo,Final de Semana,Awareness,2025-03-16,topfunnel_interesses_cloud_video_v2,36.30,62,3701,5,Interesses_Cloud,Video,3º Lançamento | Live
3558,2025 | Março,Domingo,Final de Semana,Leads,2025-03-16,topfunnel_interesses_programacao_video_v1,8.96,12,826,3,Interesses_Programacao,Video,3º Lançamento | Leads
3817,2025 | Março,Domingo,Final de Semana,Leads,2025-03-16,topfunnel_lal1_clientes_video_v2,84.27,66,5555,5,LookALike_Clientes_1,Video,3º Lançamento | Leads
3959,2025 | Março,Domingo,Final de Semana,Leads,2025-03-16,topfunnel_broad_tech_video_v2,58.04,81,4632,8,Broad_Tecnologia,Video,3º Lançamento | Vendas
4110,2025 | Março,Domingo,Final de Semana,Leads,2025-03-16,topfunnel_broad_tech_video_v2,88.47,101,5420,20,Broad_Tecnologia,Video,3º Lançamento | Vendas
4216,2025 | Março,Domingo,Final de Semana,Leads,2025-03-16,topfunnel_interesses_programacao_video_v1,6.50,4,269,,Interesses_Programacao,Video,3º Lançamento | Leads
4460,2025 | Março,Domingo,Final de Semana,Awareness,2025-03-16,topfunnel_interesses_programacao_estatico_v2,33.69,20,1990,,Interesses_Programacao,Estático,3º Lançamento | Live
5354,2025 | Março,Domingo,Final de Semana,Leads,2025-03-16,topfunnel_interesses_programacao_video_v3,90.16,46,5753,4,Interesses_Programacao,Video,3º Lançamento | Vendas
5586,2025 | Março,Domingo,Final de Semana,Leads,2025-03-16,midfunnel_rmkt_60d_video_v1,29.64,43,1715,8,Remarketing_60dias,Video,3º Lançamento | Leads
5933,2025 | Março,Domingo,Final de Semana,Leads,2025-03-16,topfunnel_lal1_clientes_video_v1,16.76,23,1225,4,LookALike_Clientes_1,Video,3º Lançamento | Leads
5994,2025 | Março,Domingo,Final de Semana,Leads,2025-03-16,topfunnel_interesses_programacao_video_v1,124.58,124,6959,12,Interesses_Programacao,Video,3º Lançamento | Leads
1116,2025 | Março,Segunda-Feira,Dia útil,Leads,2025-03-17,topfunnel_cargos_tech_video_v1,193.92,82,8984,21,Cargos_Tecnologia,Video,3º Lançamento | Leads
1708,2025 | Março,Segunda-Feira,Dia útil,Leads,2025-03-17,topfunnel_interesses_cloud_estatico_v2,28.22,28,1515,5,Interesses_Cloud,Estático,3º Lançamento | Leads
1947,2025 | Março,Segunda-Feira,Dia útil,Leads,2025-03-17,topfunnel_interesses_programacao_estatico_v2,15.23,5,1098,,Interesses_Programacao,Estático,3º Lançamento | Leads
2126,2025 | Março,Segunda-Feira,Dia útil,Leads,2025-03-17,topfunnel_interesses_cloud_video_v2,28.70,32,1505,3,Interesses_Cloud,Video,3º Lançamento | Leads
2285,2025 | Março,Segunda-Feira,Dia útil,Leads,2025-03-17,topfunnel_cargos_tech_estatico_v1,38.08,63,2402,15,Cargos_Tecnologia,Estático,3º Lançamento | Leads
2301,2025 | Março,Segunda-Feira,Dia útil,Leads,2025-03-17,topfunnel_interesses_cloud_video_v2,28.60,11,1843,,Interesses_Cloud,Video,3º Lançamento | Leads
2848,2025 | Março,Segunda-Feira,Dia útil,Leads,2025-03-17,topfunnel_interesses_programacao_video_v2,66.57,54,4134,11,Interesses_Programacao,Video,3º Lançamento | Leads
3095,2025 | Março,Segunda-Feira,Dia útil,Leads,2025-03-17,topfunnel_interesses_programacao_video_v3,1.61,1,89,,Interesses_Programacao,Video,3º Lançamento | Vendas
3623,2025 | Março,Segunda-Feira,Dia útil,Leads,2025-03-17,topfunnel_cargos_tech_estatico_v1,58.55,41,3501,7,Cargos_Tecnologia,Estático,3º Lançamento | Vendas
3722,2025 | Março,Segunda-Feira,Dia útil,Leads,2025-03-17,topfunnel_interesses_programacao_estatico_v2,125.91,132,9913,11,Interesses_Programacao,Estático,3º Lançamento | Leads
3763,2025 | Março,Segunda-Feira,Dia útil,Leads,2025-03-17,topfunnel_broad_tech_estatico_v1,18.52,16,793,4,Broad_Tecnologia,Estático,3º Lançamento | Leads
3958,2025 | Março,Segunda-Feira,Dia útil,Leads,2025-03-17,topfunnel_broad_tech_estatico_v3,48.88,50,4026,9,Broad_Tecnologia,Estático,3º Lançamento | Leads
4061,2025 | Março,Segunda-Feira,Dia útil,Leads,2025-03-17,topfunnel_interesses_programacao_estatico_v3,0.00,,0,,Interesses_Programacao,Estático,3º Lançamento | Leads
4288,2025 | Março,Segunda-Feira,Dia útil,Leads,2025-03-17,topfunnel_interesses_programacao_video_v1,89.14,60,6306,3,Interesses_Programacao,Video,3º Lançamento | Vendas
4470,2025 | Março,Segunda-Feira,Dia útil,Leads,2025-03-17,midfunnel_rmkt_60d_video_v3,55.09,55,2441,17,Remarketing_60dias,Video,3º Lançamento | Leads
5128,2025 | Março,Segunda-Feira,Dia útil,Leads,2025-03-17,topfunnel_lal1_clientes_video_v1,25.86,26,1124,3,LookALike_Clientes_1,Video,3º Lançamento | Vendas
5284,2025 | Março,Segunda-Feira,Dia útil,Leads,2025-03-17,topfunnel_interesses_programacao_estatico_v1,61.33,121,6000,15,Interesses_Programacao,Estático,3º Lançamento | Leads
5361,2025 | Março,Segunda-Feira,Dia útil,Leads,2025-03-17,topfunnel_interesses_programacao_video_v1,11.76,12,947,1,Interesses_Programacao,Video,3º Lançamento | Vendas
5414,2025 | Março,Segunda-Feira,Dia útil,Leads,2025-03-17,topfunnel_cargos_tech_estatico_v3,25.51,34,1597,2,Cargos_Tecnologia,Estático,3º Lançamento | Vendas
1006,2025 | Março,Terça-Feira,Dia útil,Leads,2025-03-18,topfunnel_cargos_tech_estatico_v1,12.42,20,1072,2,Cargos_Tecnologia,Estático,3º Lançamento | Vendas
1085,2025 | Março,Terça-Feira,Dia útil,Leads,2025-03-18,topfunnel_lal1_clientes_video_v1,0.00,,0,,LookALike_Clientes_1,Video,3º Lançamento | Leads
1497,2025 | Março,Terça-Feira,Dia útil,Leads,2025-03-18,topfunnel_broad_tech_video_v1,50.92,26,3305,2,Broad_Tecnologia,Video,3º Lançamento | Leads
1531,2025 | Março,Terça-Feira,Dia útil,Leads,2025-03-18,topfunnel_lal1_clientes_estatico_v2,39.99,39,2220,11,LookALike_Clientes_1,Estático,3º Lançamento | Leads
1661,2025 | Março,Terça-Feira,Dia útil,Leads,2025-03-18,topfunnel_interesses_programacao_estatico_v3,39.28,29,1664,4,Interesses_Programacao,Estático,3º Lançamento | Leads
1880,2025 | Março,Terça-Feira,Dia útil,Leads,2025-03-18,topfunnel_interesses_cloud_estatico_v3,0.00,,0,,Interesses_Cloud,Estático,3º Lançamento | Leads
3240,2025 | Março,Terça-Feira,Dia útil,Awareness,2025-03-18,topfunnel_broad_tech_estatico_v2,15.35,9,1225,1,Broad_Tecnologia,Estático,3º Lançamento | Live
3252,2025 | Março,Terça-Feira,Dia útil,Leads,2025-03-18,midfunnel_rmkt_60d_video_v3,108.79,54,6071,14,Remarketing_60dias,Video,3º Lançamento | Leads
3528,2025 | Março,Terça-Feira,Dia útil,Leads,2025-03-18,topfunnel_cargos_tech_video_v2,20.35,20,1494,3,Cargos_Tecnologia,Video,3º Lançamento | Leads
3904,2025 | Março,Terça-Feira,Dia útil,Leads,2025-03-18,topfunnel_cargos_tech_video_v1,37.81,124,6542,24,Cargos_Tecnologia,Video,3º Lançamento | Leads
4197,2025 | Março,Terça-Feira,Dia útil,Awareness,2025-03-18,topfunnel_interesses_cloud_video_v1,13.30,2,653,,Interesses_Cloud,Video,3º Lançamento | Live
4595,2025 | Março,Terça-Feira,Dia útil,Leads,2025-03-18,topfunnel_interesses_programacao_estatico_v1,74.65,22,3294,1,Interesses_Programacao,Estático,3º Lançamento | Vendas
5263,2025 | Março,Terça-Feira,Dia útil,Leads,2025-03-18,topfunnel_cargos_tech_estatico_v3,36.13,30,2000,6,Cargos_Tecnologia,Estático,3º Lançamento | Leads
5347,2025 | Março,Terça-Feira,Dia útil,Leads,2025-03-18,midfunnel_rmkt_60d_video_v1,10.69,6,662,2,Remarketing_60dias,Video,3º Lançamento | Leads
5541,2025 | Março,Terça-Feira,Dia útil,Leads,2025-03-18,topfunnel_broad_tech_video_v3,15.82,3,913,,Broad_Tecnologia,Video,3º Lançamento | Leads
1228,2025 | Março,Quarta-Feira,Dia útil,Leads,2025-03-19,topfunnel_interesses_programacao_estatico_v3,158.26,101,10465,18,Interesses_Programacao,Estático,3º Lançamento | Leads
1251,2025 | Março,Quarta-Feira,Dia útil,Leads,2025-03-19,topfunnel_interesses_cloud_video_v1,71.52,23,3861,2,Interesses_Cloud,Video,3º Lançamento | Leads
1570,2025 | Março,Quarta-Feira,Dia útil,Leads,2025-03-19,topfunnel_lal1_clientes_estatico_v3,20.98,36,1602,4,LookALike_Clientes_1,Estático,3º Lançamento | Leads
1841,2025 | Março,Quarta-Feira,Dia útil,Leads,2025-03-19,topfunnel_interesses_cloud_estatico_v2,15.05,18,1933,3,Interesses_Cloud,Estático,3º Lançamento | Leads
2338,2025 | Março,Quarta-Feira,Dia útil,Leads,2025-03-19,topfunnel_cargos_tech_video_v2,41.06,62,2860,12,Cargos_Tecnologia,Video,3º Lançamento | Leads
2616,2025 | Março,Quarta-Feira,Dia útil,Leads,2025-03-19,midfunnel_rmkt_60d_video_v2,59.96,53,4565,12,Remarketing_60dias,Video,3º Lançamento | Vendas
2749,2025 | Março,Quarta-Feira,Dia útil,Awareness,2025-03-19,topfunnel_cargos_tech_estatico_v1,24.20,16,2272,1,Cargos_Tecnologia,Estático,3º Lançamento | Live
3982,2025 | Março,Quarta-Feira,Dia útil,Leads,2025-03-19,topfunnel_lal1_clientes_estatico_v1,11.94,6,887,,LookALike_Clientes_1,Estático,3º Lançamento | Leads
4027,2025 | Março,Quarta-Feira,Dia útil,Leads,2025-03-19,topfunnel_interesses_cloud_video_v1,12.20,16,801,4,Interesses_Cloud,Video,3º Lançamento | Leads
5662,2025 | Março,Quarta-Feira,Dia útil,Awareness,2025-03-19,topfunnel_broad_tech_video_v3,72.03,33,5514,,Broad_Tecnologia,Video,3º Lançamento | Live
5727,2025 | Março,Quarta-Feira,Dia útil,Leads,2025-03-19,topfunnel_lal1_clientes_video_v1,15.01,26,1260,,LookALike_Clientes_1,Video,3º Lançamento | Leads
1070,2025 | Março,Quinta-Feira,Dia útil,Leads,2025-03-20,topfunnel_lal1_clientes_estatico_v1,66.09,100,4788,7,LookALike_Clientes_1,Estático,3º Lançamento | Leads
1293,2025 | Março,Quinta-Feira,Dia útil,Awareness,2025-03-20,topfunnel_broad_tech_estatico_v2,19.94,10,1273,1,Broad_Tecnologia,Estático,3º Lançamento | Live
2291,2025 | Março,Quinta-Feira,Dia útil,Awareness,2025-03-20,topfunnel_broad_tech_video_v1,18.26,16,1503,1,Broad_Tecnologia,Video,3º Lançamento | Live
2965,2025 | Março,Quinta-Feira,Dia útil,Leads,2025-03-20,topfunnel_interesses_programacao_estatico_v1,14.92,17,933,2,Interesses_Programacao,Estático,3º Lançamento | Leads
3036,2025 | Março,Quinta-Feira,Dia útil,Leads,2025-03-20,topfunnel_interesses_cloud_video_v1,84.85,27,4902,7,Interesses_Cloud,Video,3º Lançamento | Leads
3160,2025 | Março,Quinta-Feira,Dia útil,Awareness,2025-03-20,topfunnel_broad_tech_estatico_v1,0.00,,0,,Broad_Tecnologia,Estático,3º Lançamento | Live
3740,2025 | Março,Quinta-Feira,Dia útil,Leads,2025-03-20,topfunnel_interesses_cloud_video_v2,30.66,46,2027,4,Interesses_Cloud,Video,3º Lançamento | Leads
3788,2025 | Março,Quinta-Feira,Dia útil,Leads,2025-03-20,topfunnel_lal1_clientes_video_v2,12.95,18,1123,2,LookALike_Clientes_1,Video,3º Lançamento | Leads
3950,2025 | Março,Quinta-Feira,Dia útil,Leads,2025-03-20,topfunnel_broad_tech_estatico_v1,38.87,13,2240,2,Broad_Tecnologia,Estático,3º Lançamento | Leads
4053,2025 | Março,Quinta-Feira,Dia útil,Leads,2025-03-20,midfunnel_rmkt_60d_estatico_v2,0.00,,0,,Remarketing_60dias,Estático,3º Lançamento | Leads
4428,2025 | Março,Quinta-Feira,Dia útil,Leads,2025-03-20,topfunnel_interesses_cloud_video_v2,0.00,,0,,Interesses_Cloud,Video,3º Lançamento | Vendas
4752,2025 | Março,Quinta-Feira,Dia útil,Leads,2025-03-20,topfunnel_interesses_programacao_video_v2,118.39,60,6802,11,Interesses_Programacao,Video,3º Lançamento | Leads
4930,2025 | Março,Quinta-Feira,Dia útil,Leads,2025-03-20,topfunnel_interesses_cloud_estatico_v2,66.22,85,4966,7,Interesses_Cloud,Estático,3º Lançamento | Leads
5374,2025 | Março,Quinta-Feira,Dia útil,Leads,2025-03-20,topfunnel_cargos_tech_video_v3,122.48,142,10311,17,Cargos_Tecnologia,Video,3º Lançamento | Leads
5404,2025 | Março,Quinta-Feira,Dia útil,Leads,2025-03-20,topfunnel_broad_tech_video_v3,31.71,59,3023,9,Broad_Tecnologia,Video,3º Lançamento | Leads
5596,2025 | Março,Quinta-Feira,Dia útil,Leads,2025-03-20,topfunnel_interesses_programacao_video_v2,75.68,102,4346,8,Interesses_Programacao,Video,3º Lançamento | Leads
5985,2025 | Março,Quinta-Feira,Dia útil,Leads,2025-03-20,topfunnel_broad_tech_video_v1,96.00,95,7928,13,Broad_Tecnologia,Video,3º Lançamento | Vendas
1057,2025 | Março,Sexta-Feira,Dia útil,Leads,2025-03-21,topfunnel_interesses_programacao_video_v2,27.61,11,3039,1,Interesses_Programacao,Video,3º Lançamento | Leads
1158,2025 | Março,Sexta-Feira,Dia útil,Leads,2025-03-21,topfunnel_lal1_clientes_estatico_v2,22.94,6,936,,LookALike_Clientes_1,Estático,3º Lançamento | Leads
1276,2025 | Março,Sexta-Feira,Dia útil,Leads,2025-03-21,midfunnel_rmkt_60d_estatico_v1,65.30,79,5654,11,Remarketing_60dias,Estático,3º Lançamento | Leads
1447,2025 | Março,Sexta-Feira,Dia útil,Leads,2025-03-21,midfunnel_rmkt_60d_video_v3,108.92,223,7616,18,Remarketing_60dias,Video,3º Lançamento | Leads
1631,2025 | Março,Sexta-Feira,Dia útil,Leads,2025-03-21,topfunnel_cargos_tech_video_v1,16.02,12,805,1,Cargos_Tecnologia,Video,3º Lançamento | Leads
2199,2025 | Março,Sexta-Feira,Dia útil,Leads,2025-03-21,topfunnel_broad_tech_video_v1,50.48,13,2127,,Broad_Tecnologia,Video,3º Lançamento | Vendas
2536,2025 | Março,Sexta-Feira,Dia útil,Leads,2025-03-21,topfunnel_lal1_clientes_video_v1,16.76,30,1164,7,LookALike_Clientes_1,Video,3º Lançamento | Leads
2542,2025 | Março,Sexta-Feira,Dia útil,Awareness,2025-03-21,topfunnel_interesses_programacao_estatico_v2,7.65,4,372,,Interesses_Programacao,Estático,3º Lançamento | Live
2563,2025 | Março,Sexta-Feira,Dia útil,Awareness,2025-03-21,topfunnel_broad_tech_video_v1,45.44,39,3837,4,Broad_Tecnologia,Video,3º Lançamento | Live
2721,2025 | Março,Sexta-Feira,Dia útil,Leads,2025-03-21,topfunnel_interesses_cloud_video_v2,32.31,28,2834,1,Interesses_Cloud,Video,3º Lançamento | Leads
2798,2025 | Março,Sexta-Feira,Dia útil,Leads,2025-03-21,topfunnel_lal1_clientes_video_v1,57.84,97,4439,20,LookALike_Clientes_1,Video,3º Lançamento | Leads
3035,2025 | Março,Sexta-Feira,Dia útil,Leads,2025-03-21,midfunnel_rmkt_60d_video_v1,116.32,161,9866,29,Remarketing_60dias,Video,3º Lançamento | Leads
4391,2025 | Março,Sexta-Feira,Dia útil,Leads,2025-03-21,topfunnel_broad_tech_video_v3,0.00,,0,,Broad_Tecnologia,Video,3º Lançamento | Leads
4547,2025 | Março,Sexta-Feira,Dia útil,Leads,2025-03-21,topfunnel_broad_tech_video_v3,44.93,60,3252,7,Broad_Tecnologia,Video,3º Lançamento | Vendas
4691,2025 | Março,Sexta-Feira,Dia útil,Leads,2025-03-21,topfunnel_interesses_cloud_video_v1,75.82,75,6570,13,Interesses_Cloud,Video,3º Lançamento | Leads
4776,2025 | Março,Sexta-Feira,Dia útil,Leads,2025-03-21,topfunnel_broad_tech_estatico_v2,39.98,42,2935,9,Broad_Tecnologia,Estático,3º Lançamento | Leads
4814,2025 | Março,Sexta-Feira,Dia útil,Leads,2025-03-21,topfunnel_interesses_cloud_estatico_v3,28.88,18,1779,,Interesses_Cloud,Estático,3º Lançamento | Vendas
5312,2025 | Março,Sexta-Feira,Dia útil,Leads,2025-03-21,midfunnel_rmkt_60d_estatico_v1,129.63,81,10799,25,Remarketing_60dias,Estático,3º Lançamento | Leads
5704,2025 | Março,Sexta-Feira,Dia útil,Leads,2025-03-21,topfunnel_interesses_programacao_estatico_v3,37.23,42,2082,7,Interesses_Programacao,Estático,3º Lançamento | Vendas
5769,2025 | Março,Sexta-Feira,Dia útil,Leads,2025-03-21,midfunnel_rmkt_60d_video_v1,87.18,54,4159,6,Remarketing_60dias,Video,3º Lançamento | Leads
1284,2025 | Março,Sábado,Final de Semana,Leads,2025-03-22,topfunnel_broad_tech_estatico_v2,90.63,35,6696,3,Broad_Tecnologia,Estático,3º Lançamento | Leads
2061,2025 | Março,Sábado,Final de Semana,Leads,2025-03-22,topfunnel_interesses_programacao_estatico_v1,19.97,14,1055,3,Interesses_Programacao,Estático,3º Lançamento | Leads
2281,2025 | Março,Sábado,Final de Semana,Awareness,2025-03-22,midfunnel_rmkt_60d_video_v1,17.15,11,1139,2,Remarketing_60dias,Video,3º Lançamento | Live
2587,2025 | Março,Sábado,Final de Semana,Leads,2025-03-22,topfunnel_lal1_clientes_video_v1,25.06,23,1194,4,LookALike_Clientes_1,Video,3º Lançamento | Vendas
2631,2025 | Março,Sábado,Final de Semana,Leads,2025-03-22,midfunnel_rmkt_60d_estatico_v1,34.20,53,2392,18,Remarketing_60dias,Estático,3º Lançamento | Leads
3288,2025 | Março,Sábado,Final de Semana,Leads,2025-03-22,topfunnel_interesses_programacao_video_v1,18.85,9,1052,1,Interesses_Programacao,Video,3º Lançamento | Leads
3458,2025 | Março,Sábado,Final de Semana,Leads,2025-03-22,topfunnel_broad_tech_estatico_v3,47.91,133,6971,12,Broad_Tecnologia,Estático,3º Lançamento | Leads
3665,2025 | Março,Sábado,Final de Semana,Leads,2025-03-22,midfunnel_rmkt_60d_video_v2,9.90,29,1484,10,Remarketing_60dias,Video,3º Lançamento | Leads
3795,2025 | Março,Sábado,Final de Semana,Leads,2025-03-22,topfunnel_interesses_programacao_video_v1,7.70,12,666,1,Interesses_Programacao,Video,3º Lançamento | Leads
4002,2025 | Março,Sábado,Final de Semana,Leads,2025-03-22,topfunnel_lal1_clientes_estatico_v3,19.18,16,1145,1,LookALike_Clientes_1,Estático,3º Lançamento | Leads
4737,2025 | Março,Sábado,Final de Semana,Leads,2025-03-22,topfunnel_broad_tech_estatico_v2,85.96,75,4515,8,Broad_Tecnologia,Estático,3º Lançamento | Vendas
5108,2025 | Março,Sábado,Final de Semana,Leads,2025-03-22,topfunnel_cargos_tech_video_v1,72.88,30,3926,7,Cargos_Tecnologia,Video,3º Lançamento | Leads
5280,2025 | Março,Sábado,Final de Semana,Leads,2025-03-22,topfunnel_interesses_cloud_estatico_v1,66.84,64,4158,14,Interesses_Cloud,Estático,3º Lançamento | Leads
5435,2025 | Março,Sábado,Final de Semana,Leads,2025-03-22,topfunnel_interesses_programacao_estatico_v2,74.52,21,4612,2,Interesses_Programacao,Estático,3º Lançamento | Vendas
5633,2025 | Março,Sábado,Final de Semana,Leads,2025-03-22,topfunnel_broad_tech_video_v1,65.80,92,7785,22,Broad_Tecnologia,Video,3º Lançamento | Leads
2076,2025 | Março,Domingo,Final de Semana,Leads,2025-03-23,topfunnel_broad_tech_video_v1,10.26,6,746,1,Broad_Tecnologia,Video,3º Lançamento | Leads
2313,2025 | Março,Domingo,Final de Semana,Awareness,2025-03-23,topfunnel_broad_tech_video_v1,81.57,42,8360,3,Broad_Tecnologia,Video,3º Lançamento | Live
2551,2025 | Março,Domingo,Final de Semana,Leads,2025-03-23,topfunnel_cargos_tech_estatico_v1,15.87,4,924,,Cargos_Tecnologia,Estático,3º Lançamento | Leads
3023,2025 | Março,Domingo,Final de Semana,Leads,2025-03-23,topfunnel_broad_tech_video_v3,54.15,35,2330,4,Broad_Tecnologia,Video,3º Lançamento | Leads
3214,2025 | Março,Domingo,Final de Semana,Leads,2025-03-23,midfunnel_rmkt_60d_video_v2,12.57,14,602,3,Remarketing_60dias,Video,3º Lançamento | Leads
3227,2025 | Março,Domingo,Final de Semana,Leads,2025-03-23,topfunnel_interesses_cloud_video_v1,77.91,82,5560,18,Interesses_Cloud,Video,3º Lançamento | Leads
3388,2025 | Março,Domingo,Final de Semana,Leads,2025-03-23,topfunnel_broad_tech_estatico_v1,51.31,15,3544,,Broad_Tecnologia,Estático,3º Lançamento | Leads
4043,2025 | Março,Domingo,Final de Semana,Leads,2025-03-23,midfunnel_rmkt_60d_video_v1,39.37,36,3109,9,Remarketing_60dias,Video,3º Lançamento | Vendas
4252,2025 | Março,Domingo,Final de Semana,Leads,2025-03-23,topfunnel_broad_tech_estatico_v1,13.82,26,1399,3,Broad_Tecnologia,Estático,3º Lançamento | Leads
4506,2025 | Março,Domingo,Final de Semana,Leads,2025-03-23,topfunnel_lal1_clientes_estatico_v2,48.92,28,4614,6,LookALike_Clientes_1,Estático,3º Lançamento | Leads
5324,2025 | Março,Domingo,Final de Semana,Leads,2025-03-23,topfunnel_interesses_programacao_estatico_v2,22.50,11,1585,2,Interesses_Programacao,Estático,3º Lançamento | Leads
5556,2025 | Março,Domingo,Final de Semana,Leads,2025-03-23,topfunnel_interesses_programacao_video_v1,193.05,261,10286,32,Interesses_Programacao,Video,3º Lançamento | Vendas
5566,2025 | Março,Domingo,Final de Semana,Leads,2025-03-23,topfunnel_broad_tech_video_v2,31.43,84,4126,18,Broad_Tecnologia,Video,3º Lançamento | Leads
5980,2025 | Março,Domingo,Final de Semana,Awareness,2025-03-23,topfunnel_interesses_cloud_video_v2,30.04,42,2017,7,Interesses_Cloud,Video,3º Lançamento | Live
1083,2025 | Março,Segunda-Feira,Dia útil,Awareness,2025-03-24,topfunnel_broad_tech_video_v2,25.19,9,1574,,Broad_Tecnologia,Video,3º Lançamento | Live
1196,2025 | Março,Segunda-Feira,Dia útil,Leads,2025-03-24,topfunnel_interesses_programacao_estatico_v1,16.58,6,1474,,Interesses_Programacao,Estático,3º Lançamento | Leads
1292,2025 | Março,Segunda-Feira,Dia útil,Leads,2025-03-24,topfunnel_interesses_programacao_estatico_v1,61.78,68,5942,7,Interesses_Programacao,Estático,3º Lançamento | Vendas
1663,2025 | Março,Segunda-Feira,Dia útil,Leads,2025-03-24,topfunnel_interesses_programacao_estatico_v1,27.58,14,1587,2,Interesses_Programacao,Estático,3º Lançamento | Leads
1954,2025 | Março,Segunda-Feira,Dia útil,Awareness,2025-03-24,midfunnel_rmkt_60d_estatico_v2,5.50,7,347,1,Remarketing_60dias,Estático,3º Lançamento | Live
2172,2025 | Março,Segunda-Feira,Dia útil,Leads,2025-03-24,topfunnel_lal1_clientes_estatico_v3,61.25,108,4586,13,LookALike_Clientes_1,Estático,3º Lançamento | Leads
2758,2025 | Março,Segunda-Feira,Dia útil,Leads,2025-03-24,topfunnel_cargos_tech_video_v2,9.66,13,519,4,Cargos_Tecnologia,Video,3º Lançamento | Leads
3145,2025 | Março,Segunda-Feira,Dia útil,Leads,2025-03-24,topfunnel_lal1_clientes_estatico_v2,11.28,20,1009,2,LookALike_Clientes_1,Estático,3º Lançamento | Leads
3659,2025 | Março,Segunda-Feira,Dia útil,Leads,2025-03-24,topfunnel_interesses_programacao_video_v1,64.23,71,9011,13,Interesses_Programacao,Video,3º Lançamento | Leads
3675,2025 | Março,Segunda-Feira,Dia útil,Leads,2025-03-24,topfunnel_interesses_programacao_estatico_v3,16.29,8,1753,,Interesses_Programacao,Estático,3º Lançamento | Leads
3712,2025 | Março,Segunda-Feira,Dia útil,Leads,2025-03-24,topfunnel_interesses_cloud_video_v1,61.61,105,5106,11,Interesses_Cloud,Video,3º Lançamento | Leads
4434,2025 | Março,Segunda-Feira,Dia útil,Awareness,2025-03-24,topfunnel_interesses_programacao_estatico_v2,24.60,33,2236,2,Interesses_Programacao,Estático,3º Lançamento | Live
5384,2025 | Março,Segunda-Feira,Dia útil,Leads,2025-03-24,topfunnel_broad_tech_estatico_v3,50.18,35,3979,1,Broad_Tecnologia,Estático,3º Lançamento | Leads
5558,2025 | Março,Segunda-Feira,Dia útil,Leads,2025-03-24,topfunnel_interesses_cloud_estatico_v2,16.40,19,1087,2,Interesses_Cloud,Estático,3º Lançamento | Leads
5965,2025 | Março,Segunda-Feira,Dia útil,Leads,2025-03-24,topfunnel_interesses_programacao_estatico_v1,220.02,162,12137,35,Interesses_Programacao,Estático,3º Lançamento | Leads
1408,2025 | Março,Terça-Feira,Dia útil,Leads,2025-03-25,topfunnel_lal1_clientes_video_v1,57.34,23,3675,6,LookALike_Clientes_1,Video,3º Lançamento | Leads
1828,2025 | Março,Terça-Feira,Dia útil,Leads,2025-03-25,topfunnel_lal1_clientes_video_v3,40.52,20,1905,6,LookALike_Clientes_1,Video,3º Lançamento | Leads
2308,2025 | Março,Terça-Feira,Dia útil,Leads,2025-03-25,topfunnel_interesses_programacao_estatico_v1,3.19,4,420,,Interesses_Programacao,Estático,3º Lançamento | Leads
2959,2025 | Março,Terça-Feira,Dia útil,Leads,2025-03-25,topfunnel_interesses_programacao_estatico_v2,108.88,206,12390,16,Interesses_Programacao,Estático,3º Lançamento | Leads
3048,2025 | Março,Terça-Feira,Dia útil,Leads,2025-03-25,topfunnel_lal1_clientes_estatico_v1,32.92,19,2466,2,LookALike_Clientes_1,Estático,3º Lançamento | Vendas
3387,2025 | Março,Terça-Feira,Dia útil,Leads,2025-03-25,topfunnel_interesses_programacao_estatico_v1,36.05,21,1995,4,Interesses_Programacao,Estático,3º Lançamento | Leads
3649,2025 | Março,Terça-Feira,Dia útil,Leads,2025-03-25,midfunnel_rmkt_60d_video_v1,17.15,7,1094,1,Remarketing_60dias,Video,3º Lançamento | Leads
3658,2025 | Março,Terça-Feira,Dia útil,Leads,2025-03-25,topfunnel_broad_tech_video_v2,0.00,,0,,Broad_Tecnologia,Video,3º Lançamento | Leads
3730,2025 | Março,Terça-Feira,Dia útil,Leads,2025-03-25,topfunnel_interesses_cloud_estatico_v2,16.55,7,964,,Interesses_Cloud,Estático,3º Lançamento | Leads
4042,2025 | Março,Terça-Feira,Dia útil,Leads,2025-03-25,topfunnel_interesses_cloud_video_v2,30.82,9,1191,,Interesses_Cloud,Video,3º Lançamento | Leads
4098,2025 | Março,Terça-Feira,Dia útil,Leads,2025-03-25,topfunnel_lal1_clientes_video_v1,16.36,28,1660,3,LookALike_Clientes_1,Video,3º Lançamento | Leads
4116,2025 | Março,Terça-Feira,Dia útil,Awareness,2025-03-25,topfunnel_broad_tech_estatico_v2,21.71,16,1453,1,Broad_Tecnologia,Estático,3º Lançamento | Live
4136,2025 | Março,Terça-Feira,Dia útil,Leads,2025-03-25,topfunnel_interesses_cloud_video_v3,61.39,42,5099,6,Interesses_Cloud,Video,3º Lançamento | Leads
4495,2025 | Março,Terça-Feira,Dia útil,Leads,2025-03-25,topfunnel_interesses_cloud_estatico_v1,0.00,,0,,Interesses_Cloud,Estático,3º Lançamento | Vendas
4642,2025 | Março,Terça-Feira,Dia útil,Awareness,2025-03-25,topfunnel_interesses_cloud_video_v3,13.44,5,633,,Interesses_Cloud,Video,3º Lançamento | Live
4871,2025 | Março,Terça-Feira,Dia útil,Leads,2025-03-25,midfunnel_rmkt_60d_estatico_v1,0.00,,0,,Remarketing_60dias,Estático,3º Lançamento | Leads
5036,2025 | Março,Terça-Feira,Dia útil,Leads,2025-03-25,topfunnel_cargos_tech_estatico_v3,23.05,16,1771,2,Cargos_Tecnologia,Estático,3º Lançamento | Leads
5538,2025 | Março,Terça-Feira,Dia útil,Leads,2025-03-25,topfunnel_lal1_clientes_video_v2,32.81,53,2080,5,LookALike_Clientes_1,Video,3º Lançamento | Leads
1128,2025 | Março,Quarta-Feira,Dia útil,Awareness,2025-03-26,topfunnel_broad_tech_estatico_v1,21.54,9,2072,,Broad_Tecnologia,Estático,3º Lançamento | Live
1148,2025 | Março,Quarta-Feira,Dia útil,Leads,2025-03-26,topfunnel_interesses_cloud_video_v1,13.07,8,1394,,Interesses_Cloud,Video,3º Lançamento | Leads
1291,2025 | Março,Quarta-Feira,Dia útil,Leads,2025-03-26,topfunnel_lal1_clientes_estatico_v2,21.65,16,1006,3,LookALike_Clientes_1,Estático,3º Lançamento | Leads
1382,2025 | Março,Quarta-Feira,Dia útil,Leads,2025-03-26,topfunnel_broad_tech_estatico_v2,36.96,62,3136,14,Broad_Tecnologia,Estático,3º Lançamento | Leads
1564,2025 | Março,Quarta-Feira,Dia útil,Leads,2025-03-26,topfunnel_broad_tech_estatico_v1,32.53,70,4069,15,Broad_Tecnologia,Estático,3º Lançamento | Leads
1966,2025 | Março,Quarta-Feira,Dia útil,Awareness,2025-03-26,topfunnel_broad_tech_estatico_v1,37.40,35,3548,4,Broad_Tecnologia,Estático,3º Lançamento | Live
2650,2025 | Março,Quarta-Feira,Dia útil,Leads,2025-03-26,topfunnel_lal1_clientes_video_v1,17.68,19,1548,5,LookALike_Clientes_1,Video,3º Lançamento | Leads
3071,2025 | Março,Quarta-Feira,Dia útil,Leads,2025-03-26,topfunnel_cargos_tech_video_v1,33.17,27,2366,3,Cargos_Tecnologia,Video,3º Lançamento | Leads
3599,2025 | Março,Quarta-Feira,Dia útil,Leads,2025-03-26,topfunnel_interesses_programacao_video_v1,18.56,13,1207,4,Interesses_Programacao,Video,3º Lançamento | Leads
4026,2025 | Março,Quarta-Feira,Dia útil,Leads,2025-03-26,topfunnel_cargos_tech_estatico_v1,40.83,36,2172,7,Cargos_Tecnologia,Estático,3º Lançamento | Leads
4142,2025 | Março,Quarta-Feira,Dia útil,Leads,2025-03-26,topfunnel_broad_tech_estatico_v2,20.72,24,2225,3,Broad_Tecnologia,Estático,3º Lançamento | Leads
4299,2025 | Março,Quarta-Feira,Dia útil,Leads,2025-03-26,topfunnel_broad_tech_video_v1,0.00,,0,,Broad_Tecnologia,Video,3º Lançamento | Leads
4545,2025 | Março,Quarta-Feira,Dia útil,Leads,2025-03-26,topfunnel_interesses_cloud_video_v3,45.76,59,2679,13,Interesses_Cloud,Video,3º Lançamento | Leads
4730,2025 | Março,Quarta-Feira,Dia útil,Leads,2025-03-26,topfunnel_broad_tech_video_v1,111.14,102,5822,25,Broad_Tecnologia,Video,3º Lançamento | Leads
5116,2025 | Março,Quarta-Feira,Dia útil,Leads,2025-03-26,topfunnel_cargos_tech_video_v2,70.99,140,15157,26,Cargos_Tecnologia,Video,3º Lançamento | Leads
5442,2025 | Março,Quarta-Feira,Dia útil,Leads,2025-03-26,topfunnel_interesses_cloud_estatico_v1,79.09,154,7422,24,Interesses_Cloud,Estático,3º Lançamento | Vendas
5544,2025 | Março,Quarta-Feira,Dia útil,Leads,2025-03-26,topfunnel_cargos_tech_video_v1,42.91,22,2584,3,Cargos_Tecnologia,Video,3º Lançamento | Leads
5553,2025 | Março,Quarta-Feira,Dia útil,Leads,2025-03-26,topfunnel_lal1_clientes_estatico_v1,20.60,18,1764,5,LookALike_Clientes_1,Estático,3º Lançamento | Leads
5600,2025 | Março,Quarta-Feira,Dia útil,Leads,2025-03-26,topfunnel_interesses_programacao_estatico_v3,22.76,25,2377,5,Interesses_Programacao,Estático,3º Lançamento | Leads
5908,2025 | Março,Quarta-Feira,Dia útil,Leads,2025-03-26,topfunnel_cargos_tech_estatico_v1,22.84,40,3019,3,Cargos_Tecnologia,Estático,3º Lançamento | Leads
1069,2025 | Março,Quinta-Feira,Dia útil,Leads,2025-03-27,topfunnel_broad_tech_estatico_v1,52.05,29,4550,2,Broad_Tecnologia,Estático,3º Lançamento | Leads
1206,2025 | Março,Quinta-Feira,Dia útil,Leads,2025-03-27,midfunnel_rmkt_60d_estatico_v1,40.46,50,2446,2,Remarketing_60dias,Estático,3º Lançamento | Leads
1491,2025 | Março,Quinta-Feira,Dia útil,Awareness,2025-03-27,midfunnel_rmkt_60d_estatico_v1,38.78,13,1311,1,Remarketing_60dias,Estático,3º Lançamento | Live
2131,2025 | Março,Quinta-Feira,Dia útil,Leads,2025-03-27,midfunnel_rmkt_60d_estatico_v1,40.67,24,2671,4,Remarketing_60dias,Estático,3º Lançamento | Leads
2245,2025 | Março,Quinta-Feira,Dia útil,Awareness,2025-03-27,midfunnel_rmkt_60d_estatico_v1,32.79,39,2369,6,Remarketing_60dias,Estático,3º Lançamento | Live
2532,2025 | Março,Quinta-Feira,Dia útil,Leads,2025-03-27,topfunnel_cargos_tech_estatico_v1,66.12,38,4579,4,Cargos_Tecnologia,Estático,3º Lançamento | Leads
2652,2025 | Março,Quinta-Feira,Dia útil,Awareness,2025-03-27,topfunnel_broad_tech_video_v1,55.23,118,11399,4,Broad_Tecnologia,Video,3º Lançamento | Live
2824,2025 | Março,Quinta-Feira,Dia útil,Awareness,2025-03-27,topfunnel_interesses_programacao_estatico_v1,14.63,3,523,,Interesses_Programacao,Estático,3º Lançamento | Live
2944,2025 | Março,Quinta-Feira,Dia útil,Awareness,2025-03-27,topfunnel_interesses_cloud_video_v1,102.33,57,5357,2,Interesses_Cloud,Video,3º Lançamento | Live
3045,2025 | Março,Quinta-Feira,Dia útil,Leads,2025-03-27,topfunnel_broad_tech_video_v1,21.72,14,1536,2,Broad_Tecnologia,Video,3º Lançamento | Leads
3181,2025 | Março,Quinta-Feira,Dia útil,Leads,2025-03-27,topfunnel_broad_tech_video_v2,14.54,17,871,1,Broad_Tecnologia,Video,3º Lançamento | Leads
3808,2025 | Março,Quinta-Feira,Dia útil,Leads,2025-03-27,topfunnel_interesses_cloud_video_v1,28.49,27,2093,2,Interesses_Cloud,Video,3º Lançamento | Vendas
4114,2025 | Março,Quinta-Feira,Dia útil,Leads,2025-03-27,midfunnel_rmkt_60d_estatico_v2,32.94,34,1756,8,Remarketing_60dias,Estático,3º Lançamento | Vendas
4939,2025 | Março,Quinta-Feira,Dia útil,Leads,2025-03-27,topfunnel_lal1_clientes_video_v2,78.38,88,6717,16,LookALike_Clientes_1,Video,3º Lançamento | Vendas
5307,2025 | Março,Quinta-Feira,Dia útil,Leads,2025-03-27,topfunnel_interesses_cloud_estatico_v1,0.00,,0,,Interesses_Cloud,Estático,3º Lançamento | Leads
5459,2025 | Março,Quinta-Feira,Dia útil,Awareness,2025-03-27,topfunnel_interesses_cloud_estatico_v2,17.77,19,1323,2,Interesses_Cloud,Estático,3º Lançamento | Live
5750,2025 | Março,Quinta-Feira,Dia útil,Leads,2025-03-27,topfunnel_broad_tech_estatico_v1,9.81,8,496,2,Broad_Tecnologia,Estático,3º Lançamento | Leads
5881,2025 | Março,Quinta-Feira,Dia útil,Leads,2025-03-27,topfunnel_interesses_cloud_estatico_v2,174.96,49,9543,8,Interesses_Cloud,Estático,3º Lançamento | Vendas
1504,2025 | Março,Sexta-Feira,Dia útil,Leads,2025-03-28,topfunnel_broad_tech_estatico_v3,31.65,26,2712,2,Broad_Tecnologia,Estático,3º Lançamento | Leads
1973,2025 | Março,Sexta-Feira,Dia útil,Leads,2025-03-28,topfunnel_broad_tech_video_v1,36.99,136,6212,16,Broad_Tecnologia,Video,3º Lançamento | Leads
2779,2025 | Março,Sexta-Feira,Dia útil,Leads,2025-03-28,topfunnel_lal1_clientes_video_v3,0.00,,0,,LookALike_Clientes_1,Video,3º Lançamento | Leads
2791,2025 | Março,Sexta-Feira,Dia útil,Leads,2025-03-28,midfunnel_rmkt_60d_video_v1,87.21,153,7186,26,Remarketing_60dias,Video,3º Lançamento | Leads
4079,2025 | Março,Sexta-Feira,Dia útil,Awareness,2025-03-28,midfunnel_rmkt_60d_estatico_v2,21.59,24,1536,1,Remarketing_60dias,Estático,3º Lançamento | Live
4777,2025 | Março,Sexta-Feira,Dia útil,Leads,2025-03-28,topfunnel_interesses_cloud_estatico_v1,58.55,21,2687,2,Interesses_Cloud,Estático,3º Lançamento | Leads
4941,2025 | Março,Sexta-Feira,Dia útil,Leads,2025-03-28,topfunnel_cargos_tech_video_v1,159.68,169,7083,21,Cargos_Tecnologia,Video,3º Lançamento | Vendas
4990,2025 | Março,Sexta-Feira,Dia útil,Leads,2025-03-28,topfunnel_interesses_cloud_video_v1,62.48,100,4102,16,Interesses_Cloud,Video,3º Lançamento | Leads
5059,2025 | Março,Sexta-Feira,Dia útil,Leads,2025-03-28,topfunnel_broad_tech_video_v1,8.32,9,378,,Broad_Tecnologia,Video,3º Lançamento | Leads
5207,2025 | Março,Sexta-Feira,Dia útil,Awareness,2025-03-28,topfunnel_lal1_clientes_estatico_v1,16.87,24,1160,4,LookALike_Clientes_1,Estático,3º Lançamento | Live
5497,2025 | Março,Sexta-Feira,Dia útil,Leads,2025-03-28,topfunnel_broad_tech_estatico_v1,21.40,21,1311,2,Broad_Tecnologia,Estático,3º Lançamento | Vendas
5921,2025 | Março,Sexta-Feira,Dia útil,Leads,2025-03-28,midfunnel_rmkt_60d_estatico_v2,39.86,21,2229,3,Remarketing_60dias,Estático,3º Lançamento | Vendas
1221,2025 | Março,Sábado,Final de Semana,Leads,2025-03-29,topfunnel_interesses_programacao_video_v1,95.29,54,3809,11,Interesses_Programacao,Video,3º Lançamento | Leads
1637,2025 | Março,Sábado,Final de Semana,Leads,2025-03-29,topfunnel_cargos_tech_estatico_v1,8.42,6,462,,Cargos_Tecnologia,Estático,3º Lançamento | Leads
2069,2025 | Março,Sábado,Final de Semana,Leads,2025-03-29,topfunnel_lal1_clientes_video_v2,44.40,24,2436,7,LookALike_Clientes_1,Video,3º Lançamento | Leads
2510,2025 | Março,Sábado,Final de Semana,Awareness,2025-03-29,topfunnel_interesses_cloud_video_v1,58.11,50,3198,1,Interesses_Cloud,Video,3º Lançamento | Live
2520,2025 | Março,Sábado,Final de Semana,Leads,2025-03-29,topfunnel_lal1_clientes_video_v2,62.44,63,4398,14,LookALike_Clientes_1,Video,3º Lançamento | Leads
2807,2025 | Março,Sábado,Final de Semana,Leads,2025-03-29,topfunnel_interesses_programacao_video_v2,0.00,,0,,Interesses_Programacao,Video,3º Lançamento | Leads
3093,2025 | Março,Sábado,Final de Semana,Leads,2025-03-29,midfunnel_rmkt_60d_estatico_v2,59.06,29,3431,8,Remarketing_60dias,Estático,3º Lançamento | Leads
3121,2025 | Março,Sábado,Final de Semana,Leads,2025-03-29,topfunnel_lal1_clientes_video_v2,17.17,30,1053,2,LookALike_Clientes_1,Video,3º Lançamento | Leads
3319,2025 | Março,Sábado,Final de Semana,Leads,2025-03-29,topfunnel_interesses_cloud_estatico_v2,28.63,24,2034,4,Interesses_Cloud,Estático,3º Lançamento | Leads
4062,2025 | Março,Sábado,Final de Semana,Leads,2025-03-29,topfunnel_lal1_clientes_estatico_v1,11.95,19,1359,,LookALike_Clientes_1,Estático,3º Lançamento | Leads
4076,2025 | Março,Sábado,Final de Semana,Leads,2025-03-29,topfunnel_interesses_programacao_estatico_v2,46.89,21,2377,4,Interesses_Programacao,Estático,3º Lançamento | Leads
4092,2025 | Março,Sábado,Final de Semana,Awareness,2025-03-29,topfunnel_cargos_tech_video_v1,0.00,,0,,Cargos_Tecnologia,Video,3º Lançamento | Live
4893,2025 | Março,Sábado,Final de Semana,Leads,2025-03-29,topfunnel_broad_tech_video_v1,47.11,47,7051,6,Broad_Tecnologia,Video,3º Lançamento | Leads
5234,2025 | Março,Sábado,Final de Semana,Leads,2025-03-29,topfunnel_lal1_clientes_estatico_v2,2.22,2,138,,LookALike_Clientes_1,Estático,3º Lançamento | Leads
5350,2025 | Março,Sábado,Final de Semana,Leads,2025-03-29,topfunnel_broad_tech_estatico_v2,43.96,12,2262,,Broad_Tecnologia,Estático,3º Lançamento | Leads
5397,2025 | Março,Sábado,Final de Semana,Leads,2025-03-29,topfunnel_broad_tech_video_v1,75.46,40,3779,5,Broad_Tecnologia,Video,3º Lançamento | Leads
5623,2025 | Março,Sábado,Final de Semana,Leads,2025-03-29,topfunnel_lal1_clientes_estatico_v2,36.92,17,2251,2,LookALike_Clientes_1,Estático,3º Lançamento | Leads
5836,2025 | Março,Sábado,Final de Semana,Leads,2025-03-29,topfunnel_broad_tech_estatico_v1,37.84,65,3638,10,Broad_Tecnologia,Estático,3º Lançamento | Leads
5949,2025 | Março,Sábado,Final de Semana,Leads,2025-03-29,topfunnel_broad_tech_estatico_v1,24.39,33,3391,3,Broad_Tecnologia,Estático,3º Lançamento | Leads
1018,2025 | Março,Domingo,Final de Semana,Leads,2025-03-30,topfunnel_interesses_programacao_video_v2,18.87,33,1475,4,Interesses_Programacao,Video,3º Lançamento | Leads
1063,2025 | Março,Domingo,Final de Semana,Leads,2025-03-30,topfunnel_interesses_programacao_video_v1,18.78,11,1572,2,Interesses_Programacao,Video,3º Lançamento | Leads
1577,2025 | Março,Domingo,Final de Semana,Leads,2025-03-30,topfunnel_interesses_cloud_estatico_v1,32.05,34,2504,9,Interesses_Cloud,Estático,3º Lançamento | Leads
2546,2025 | Março,Domingo,Final de Semana,Leads,2025-03-30,topfunnel_broad_tech_estatico_v1,79.77,66,5195,13,Broad_Tecnologia,Estático,3º Lançamento | Vendas
2697,2025 | Março,Domingo,Final de Semana,Leads,2025-03-30,topfunnel_lal1_clientes_video_v2,53.17,27,3761,4,LookALike_Clientes_1,Video,3º Lançamento | Leads
2718,2025 | Março,Domingo,Final de Semana,Awareness,2025-03-30,topfunnel_interesses_programacao_video_v1,38.80,25,2131,1,Interesses_Programacao,Video,3º Lançamento | Live
3385,2025 | Março,Domingo,Final de Semana,Leads,2025-03-30,midfunnel_rmkt_60d_estatico_v1,87.28,184,6976,47,Remarketing_60dias,Estático,3º Lançamento | Leads
3585,2025 | Março,Domingo,Final de Semana,Leads,2025-03-30,midfunnel_rmkt_60d_video_v1,40.65,37,2905,10,Remarketing_60dias,Video,3º Lançamento | Leads
4281,2025 | Março,Domingo,Final de Semana,Leads,2025-03-30,midfunnel_rmkt_60d_video_v1,28.67,47,1671,4,Remarketing_60dias,Video,3º Lançamento | Leads
4367,2025 | Março,Domingo,Final de Semana,Leads,2025-03-30,topfunnel_broad_tech_video_v2,99.95,119,5581,26,Broad_Tecnologia,Video,3º Lançamento | Leads
4549,2025 | Março,Domingo,Final de Semana,Leads,2025-03-30,topfunnel_cargos_tech_estatico_v3,15.34,9,1516,1,Cargos_Tecnologia,Estático,3º Lançamento | Leads
5489,2025 | Março,Domingo,Final de Semana,Leads,2025-03-30,topfunnel_interesses_programacao_estatico_v2,9.03,5,885,,Interesses_Programacao,Estático,3º Lançamento | Leads
5992,2025 | Março,Domingo,Final de Semana,Leads,2025-03-30,topfunnel_cargos_tech_estatico_v1,46.73,29,3291,1,Cargos_Tecnologia,Estático,3º Lançamento | Leads
1031,2025 | Março,Segunda-Feira,Dia útil,Leads,2025-03-31,midfunnel_rmkt_60d_video_v2,63.10,34,4365,7,Remarketing_60dias,Video,3º Lançamento | Leads
1505,2025 | Março,Segunda-Feira,Dia útil,Leads,2025-03-31,topfunnel_interesses_cloud_estatico_v1,20.11,27,1682,6,Interesses_Cloud,Estático,3º Lançamento | Leads
1964,2025 | Março,Segunda-Feira,Dia útil,Leads,2025-03-31,topfunnel_interesses_cloud_estatico_v2,83.98,89,8087,12,Interesses_Cloud,Estático,3º Lançamento | Leads
2142,2025 | Março,Segunda-Feira,Dia útil,Leads,2025-03-31,topfunnel_interesses_programacao_estatico_v3,58.70,67,3741,13,Interesses_Programacao,Estático,3º Lançamento | Vendas
2158,2025 | Março,Segunda-Feira,Dia útil,Leads,2025-03-31,midfunnel_rmkt_60d_video_v2,46.14,196,7547,34,Remarketing_60dias,Video,3º Lançamento | Vendas
2647,2025 | Março,Segunda-Feira,Dia útil,Awareness,2025-03-31,topfunnel_broad_tech_video_v1,49.42,51,3241,5,Broad_Tecnologia,Video,3º Lançamento | Live
2648,2025 | Março,Segunda-Feira,Dia útil,Leads,2025-03-31,topfunnel_interesses_programacao_video_v3,1.07,,67,,Interesses_Programacao,Video,3º Lançamento | Vendas
3014,2025 | Março,Segunda-Feira,Dia útil,Leads,2025-03-31,midfunnel_rmkt_60d_video_v2,13.03,34,2281,5,Remarketing_60dias,Video,3º Lançamento | Leads
3066,2025 | Março,Segunda-Feira,Dia útil,Leads,2025-03-31,topfunnel_interesses_cloud_video_v2,123.62,245,11142,47,Interesses_Cloud,Video,3º Lançamento | Leads
3782,2025 | Março,Segunda-Feira,Dia útil,Leads,2025-03-31,topfunnel_broad_tech_estatico_v2,33.48,59,3181,11,Broad_Tecnologia,Estático,3º Lançamento | Leads
5332,2025 | Março,Segunda-Feira,Dia útil,Awareness,2025-03-31,topfunnel_interesses_cloud_video_v2,24.85,7,1564,1,Interesses_Cloud,Video,3º Lançamento | Live
5664,2025 | Março,Segunda-Feira,Dia útil,Leads,2025-03-31,midfunnel_rmkt_60d_video_v2,20.43,35,1257,9,Remarketing_60dias,Video,3º Lançamento | Leads
5688,2025 | Março,Segunda-Feira,Dia útil,Leads,2025-03-31,topfunnel_broad_tech_video_v2,2.50,2,142,1,Broad_Tecnologia,Video,3º Lançamento | Leads
1058,2025 | Abril,Terça-Feira,Dia útil,Leads,2025-04-01,topfunnel_interesses_programacao_video_v1,311.16,293,20460,70,Interesses_Programacao,Video,4º Lançamento | Leads
1171,2025 | Abril,Terça-Feira,Dia útil,Leads,2025-04-01,topfunnel_interesses_programacao_estatico_v2,88.21,70,5161,12,Interesses_Programacao,Estático,4º Lançamento | Leads
1204,2025 | Abril,Terça-Feira,Dia útil,Leads,2025-04-01,topfunnel_cargos_tech_estatico_v1,34.45,49,3122,13,Cargos_Tecnologia,Estático,4º Lançamento | Leads
1235,2025 | Abril,Terça-Feira,Dia útil,Leads,2025-04-01,midfunnel_rmkt_60d_estatico_v1,45.51,53,3001,4,Remarketing_60dias,Estático,4º Lançamento | Leads
1350,2025 | Abril,Terça-Feira,Dia útil,Leads,2025-04-01,topfunnel_cargos_tech_video_v2,50.69,23,3356,6,Cargos_Tecnologia,Video,4º Lançamento | Leads
1622,2025 | Abril,Terça-Feira,Dia útil,Leads,2025-04-01,topfunnel_interesses_programacao_video_v1,70.86,65,4821,3,Interesses_Programacao,Video,4º Lançamento | Leads
1821,2025 | Abril,Terça-Feira,Dia útil,Leads,2025-04-01,topfunnel_interesses_programacao_video_v2,18.35,12,1505,3,Interesses_Programacao,Video,4º Lançamento | Leads
1874,2025 | Abril,Terça-Feira,Dia útil,Leads,2025-04-01,topfunnel_lal1_clientes_estatico_v3,24.48,56,2167,7,LookALike_Clientes_1,Estático,4º Lançamento | Leads
2110,2025 | Abril,Terça-Feira,Dia útil,Leads,2025-04-01,midfunnel_rmkt_60d_estatico_v1,70.47,41,4676,9,Remarketing_60dias,Estático,4º Lançamento | Leads
3356,2025 | Abril,Terça-Feira,Dia útil,Leads,2025-04-01,topfunnel_interesses_programacao_video_v1,41.07,46,2151,6,Interesses_Programacao,Video,4º Lançamento | Vendas
4264,2025 | Abril,Terça-Feira,Dia útil,Leads,2025-04-01,topfunnel_interesses_cloud_video_v2,76.81,185,8159,31,Interesses_Cloud,Video,4º Lançamento | Leads
4686,2025 | Abril,Terça-Feira,Dia útil,Leads,2025-04-01,topfunnel_interesses_programacao_estatico_v1,14.20,11,928,1,Interesses_Programacao,Estático,4º Lançamento | Leads
5360,2025 | Abril,Terça-Feira,Dia útil,Leads,2025-04-01,midfunnel_rmkt_60d_video_v1,13.14,12,1174,4,Remarketing_60dias,Video,4º Lançamento | Leads
5594,2025 | Abril,Terça-Feira,Dia útil,Awareness,2025-04-01,topfunnel_cargos_tech_video_v1,38.67,14,2927,,Cargos_Tecnologia,Video,4º Lançamento | Live
5738,2025 | Abril,Terça-Feira,Dia útil,Leads,2025-04-01,topfunnel_lal1_clientes_estatico_v1,95.66,144,5778,26,LookALike_Clientes_1,Estático,4º Lançamento | Leads
5897,2025 | Abril,Terça-Feira,Dia útil,Leads,2025-04-01,topfunnel_lal1_clientes_video_v3,0.00,,0,,LookALike_Clientes_1,Video,4º Lançamento | Leads
1152,2025 | Abril,Quarta-Feira,Dia útil,Leads,2025-04-02,topfunnel_broad_tech_video_v2,7.40,1,412,,Broad_Tecnologia,Video,4º Lançamento | Vendas
1242,2025 | Abril,Quarta-Feira,Dia útil,Leads,2025-04-02,topfunnel_interesses_cloud_estatico_v2,37.08,80,4064,15,Interesses_Cloud,Estático,4º Lançamento | Leads
1511,2025 | Abril,Quarta-Feira,Dia útil,Leads,2025-04-02,topfunnel_lal1_clientes_estatico_v1,23.81,35,2893,6,LookALike_Clientes_1,Estático,4º Lançamento | Leads
1633,2025 | Abril,Quarta-Feira,Dia útil,Leads,2025-04-02,topfunnel_interesses_cloud_video_v2,106.95,123,6852,10,Interesses_Cloud,Video,4º Lançamento | Vendas
2020,2025 | Abril,Quarta-Feira,Dia útil,Leads,2025-04-02,midfunnel_rmkt_60d_video_v2,71.27,54,3021,15,Remarketing_60dias,Video,4º Lançamento | Leads
2286,2025 | Abril,Quarta-Feira,Dia útil,Leads,2025-04-02,midfunnel_rmkt_60d_estatico_v1,27.89,29,1446,2,Remarketing_60dias,Estático,4º Lançamento | Leads
2387,2025 | Abril,Quarta-Feira,Dia útil,Awareness,2025-04-02,topfunnel_interesses_cloud_estatico_v2,96.93,88,8846,6,Interesses_Cloud,Estático,4º Lançamento | Live
2552,2025 | Abril,Quarta-Feira,Dia útil,Leads,2025-04-02,topfunnel_broad_tech_video_v2,113.00,109,7453,13,Broad_Tecnologia,Video,4º Lançamento | Leads
3211,2025 | Abril,Quarta-Feira,Dia útil,Leads,2025-04-02,topfunnel_lal1_clientes_estatico_v1,88.21,63,5450,7,LookALike_Clientes_1,Estático,4º Lançamento | Leads
3257,2025 | Abril,Quarta-Feira,Dia útil,Leads,2025-04-02,topfunnel_lal1_clientes_estatico_v1,108.38,122,5926,9,LookALike_Clientes_1,Estático,4º Lançamento | Leads
3652,2025 | Abril,Quarta-Feira,Dia útil,Leads,2025-04-02,midfunnel_rmkt_60d_video_v1,2.22,2,177,,Remarketing_60dias,Video,4º Lançamento | Leads
3878,2025 | Abril,Quarta-Feira,Dia útil,Leads,2025-04-02,topfunnel_cargos_tech_estatico_v1,29.02,23,2170,2,Cargos_Tecnologia,Estático,4º Lançamento | Leads
3928,2025 | Abril,Quarta-Feira,Dia útil,Awareness,2025-04-02,topfunnel_broad_tech_estatico_v3,10.94,6,841,1,Broad_Tecnologia,Estático,4º Lançamento | Live
4373,2025 | Abril,Quarta-Feira,Dia útil,Leads,2025-04-02,topfunnel_lal1_clientes_estatico_v2,57.90,106,4381,26,LookALike_Clientes_1,Estático,4º Lançamento | Vendas
4768,2025 | Abril,Quarta-Feira,Dia útil,Leads,2025-04-02,topfunnel_cargos_tech_video_v1,70.03,171,8892,35,Cargos_Tecnologia,Video,4º Lançamento | Leads
5547,2025 | Abril,Quarta-Feira,Dia útil,Leads,2025-04-02,topfunnel_interesses_programacao_video_v3,0.00,,0,,Interesses_Programacao,Video,4º Lançamento | Leads
5832,2025 | Abril,Quarta-Feira,Dia útil,Leads,2025-04-02,topfunnel_lal1_clientes_video_v2,81.57,93,10300,15,LookALike_Clientes_1,Video,4º Lançamento | Leads
5849,2025 | Abril,Quarta-Feira,Dia útil,Leads,2025-04-02,topfunnel_cargos_tech_estatico_v1,82.09,133,7834,19,Cargos_Tecnologia,Estático,4º Lançamento | Leads
1108,2025 | Abril,Quinta-Feira,Dia útil,Leads,2025-04-03,topfunnel_broad_tech_video_v1,63.19,43,4829,7,Broad_Tecnologia,Video,4º Lançamento | Leads
1300,2025 | Abril,Quinta-Feira,Dia útil,Leads,2025-04-03,topfunnel_lal1_clientes_estatico_v2,103.40,36,5367,4,LookALike_Clientes_1,Estático,4º Lançamento | Leads
1366,2025 | Abril,Quinta-Feira,Dia útil,Leads,2025-04-03,topfunnel_interesses_programacao_estatico_v1,28.65,43,2081,8,Interesses_Programacao,Estático,4º Lançamento | Vendas
1446,2025 | Abril,Quinta-Feira,Dia útil,Leads,2025-04-03,topfunnel_interesses_cloud_estatico_v2,9.23,18,760,2,Interesses_Cloud,Estático,4º Lançamento | Vendas
2969,2025 | Abril,Quinta-Feira,Dia útil,Leads,2025-04-03,topfunnel_interesses_cloud_estatico_v2,27.10,38,3052,5,Interesses_Cloud,Estático,4º Lançamento | Leads
3221,2025 | Abril,Quinta-Feira,Dia útil,Awareness,2025-04-03,topfunnel_broad_tech_video_v1,25.02,9,1798,,Broad_Tecnologia,Video,4º Lançamento | Live
3573,2025 | Abril,Quinta-Feira,Dia útil,Leads,2025-04-03,topfunnel_interesses_cloud_video_v3,60.17,77,6297,17,Interesses_Cloud,Video,4º Lançamento | Leads
3719,2025 | Abril,Quinta-Feira,Dia útil,Awareness,2025-04-03,topfunnel_cargos_tech_video_v1,34.40,11,1856,1,Cargos_Tecnologia,Video,4º Lançamento | Live
4436,2025 | Abril,Quinta-Feira,Dia útil,Leads,2025-04-03,topfunnel_lal1_clientes_video_v2,5.74,6,515,1,LookALike_Clientes_1,Video,4º Lançamento | Leads
4520,2025 | Abril,Quinta-Feira,Dia útil,Leads,2025-04-03,topfunnel_interesses_programacao_video_v1,66.01,20,3693,1,Interesses_Programacao,Video,4º Lançamento | Leads
5181,2025 | Abril,Quinta-Feira,Dia útil,Leads,2025-04-03,topfunnel_lal1_clientes_estatico_v3,96.27,34,5079,2,LookALike_Clientes_1,Estático,4º Lançamento | Leads
5202,2025 | Abril,Quinta-Feira,Dia útil,Leads,2025-04-03,midfunnel_rmkt_60d_video_v1,33.43,47,2575,15,Remarketing_60dias,Video,4º Lançamento | Leads
5417,2025 | Abril,Quinta-Feira,Dia útil,Leads,2025-04-03,topfunnel_broad_tech_video_v2,53.03,27,6008,5,Broad_Tecnologia,Video,4º Lançamento | Leads
5797,2025 | Abril,Quinta-Feira,Dia útil,Leads,2025-04-03,topfunnel_lal1_clientes_estatico_v1,32.13,16,1622,4,LookALike_Clientes_1,Estático,4º Lançamento | Leads
5847,2025 | Abril,Quinta-Feira,Dia útil,Leads,2025-04-03,topfunnel_interesses_programacao_video_v1,52.27,52,4237,1,Interesses_Programacao,Video,4º Lançamento | Leads
1360,2025 | Abril,Sexta-Feira,Dia útil,Leads,2025-04-04,topfunnel_broad_tech_estatico_v2,23.67,27,1680,2,Broad_Tecnologia,Estático,4º Lançamento | Leads
2614,2025 | Abril,Sexta-Feira,Dia útil,Leads,2025-04-04,midfunnel_rmkt_60d_video_v1,38.07,32,1987,3,Remarketing_60dias,Video,4º Lançamento | Leads
2748,2025 | Abril,Sexta-Feira,Dia útil,Leads,2025-04-04,topfunnel_broad_tech_video_v2,14.74,17,1029,2,Broad_Tecnologia,Video,4º Lançamento | Leads
3001,2025 | Abril,Sexta-Feira,Dia útil,Leads,2025-04-04,topfunnel_interesses_programacao_estatico_v3,34.57,25,2196,6,Interesses_Programacao,Estático,4º Lançamento | Leads
3527,2025 | Abril,Sexta-Feira,Dia útil,Leads,2025-04-04,topfunnel_lal1_clientes_estatico_v1,58.37,30,3653,1,LookALike_Clientes_1,Estático,4º Lançamento | Vendas
3654,2025 | Abril,Sexta-Feira,Dia útil,Leads,2025-04-04,topfunnel_broad_tech_video_v1,122.34,106,7054,7,Broad_Tecnologia,Video,4º Lançamento | Vendas
3717,2025 | Abril,Sexta-Feira,Dia útil,Leads,2025-04-04,midfunnel_rmkt_60d_estatico_v2,73.28,99,5348,6,Remarketing_60dias,Estático,4º Lançamento | Leads
3937,2025 | Abril,Sexta-Feira,Dia útil,Leads,2025-04-04,topfunnel_lal1_clientes_video_v1,52.81,113,4088,17,LookALike_Clientes_1,Video,4º Lançamento | Leads
4018,2025 | Abril,Sexta-Feira,Dia útil,Awareness,2025-04-04,topfunnel_interesses_cloud_estatico_v1,0.00,,0,,Interesses_Cloud,Estático,4º Lançamento | Live
4202,2025 | Abril,Sexta-Feira,Dia útil,Leads,2025-04-04,topfunnel_interesses_cloud_video_v2,31.14,70,3234,14,Interesses_Cloud,Video,4º Lançamento | Leads
4561,2025 | Abril,Sexta-Feira,Dia útil,Leads,2025-04-04,topfunnel_interesses_cloud_video_v2,19.91,25,1694,3,Interesses_Cloud,Video,4º Lançamento | Vendas
4849,2025 | Abril,Sexta-Feira,Dia útil,Leads,2025-04-04,topfunnel_cargos_tech_video_v2,22.09,42,1654,9,Cargos_Tecnologia,Video,4º Lançamento | Leads
4883,2025 | Abril,Sexta-Feira,Dia útil,Awareness,2025-04-04,topfunnel_cargos_tech_estatico_v1,79.72,29,5574,4,Cargos_Tecnologia,Estático,4º Lançamento | Live
5318,2025 | Abril,Sexta-Feira,Dia útil,Leads,2025-04-04,topfunnel_interesses_cloud_estatico_v1,86.73,75,7488,8,Interesses_Cloud,Estático,4º Lançamento | Leads
5358,2025 | Abril,Sexta-Feira,Dia útil,Awareness,2025-04-04,topfunnel_interesses_cloud_video_v1,37.16,68,3383,8,Interesses_Cloud,Video,4º Lançamento | Live
5607,2025 | Abril,Sexta-Feira,Dia útil,Leads,2025-04-04,topfunnel_broad_tech_video_v3,10.67,8,579,,Broad_Tecnologia,Video,4º Lançamento | Leads
5748,2025 | Abril,Sexta-Feira,Dia útil,Leads,2025-04-04,topfunnel_interesses_cloud_video_v2,88.87,31,5199,4,Interesses_Cloud,Video,4º Lançamento | Leads
5989,2025 | Abril,Sexta-Feira,Dia útil,Leads,2025-04-04,topfunnel_broad_tech_video_v1,10.76,6,556,,Broad_Tecnologia,Video,4º Lançamento | Leads
1346,2025 | Abril,Sábado,Final de Semana,Leads,2025-04-05,topfunnel_lal1_clientes_estatico_v2,38.24,34,4230,7,LookALike_Clientes_1,Estático,4º Lançamento | Vendas
1371,2025 | Abril,Sábado,Final de Semana,Leads,2025-04-05,topfunnel_broad_tech_video_v2,12.55,19,1321,2,Broad_Tecnologia,Video,4º Lançamento | Leads
1527,2025 | Abril,Sábado,Final de Semana,Awareness,2025-04-05,topfunnel_broad_tech_video_v1,28.11,14,1779,2,Broad_Tecnologia,Video,4º Lançamento | Live
2556,2025 | Abril,Sábado,Final de Semana,Leads,2025-04-05,topfunnel_lal1_clientes_video_v2,17.81,10,764,,LookALike_Clientes_1,Video,4º Lançamento | Leads
2856,2025 | Abril,Sábado,Final de Semana,Leads,2025-04-05,midfunnel_rmkt_60d_video_v2,10.79,27,1195,7,Remarketing_60dias,Video,4º Lançamento | Leads
3546,2025 | Abril,Sábado,Final de Semana,Awareness,2025-04-05,topfunnel_broad_tech_estatico_v2,23.60,22,1869,3,Broad_Tecnologia,Estático,4º Lançamento | Live
3666,2025 | Abril,Sábado,Final de Semana,Leads,2025-04-05,topfunnel_interesses_cloud_video_v1,16.34,11,1109,2,Interesses_Cloud,Video,4º Lançamento | Leads
3921,2025 | Abril,Sábado,Final de Semana,Leads,2025-04-05,topfunnel_interesses_programacao_video_v1,11.84,8,524,2,Interesses_Programacao,Video,4º Lançamento | Vendas
4009,2025 | Abril,Sábado,Final de Semana,Leads,2025-04-05,midfunnel_rmkt_60d_estatico_v2,34.48,29,2454,3,Remarketing_60dias,Estático,4º Lançamento | Vendas
4410,2025 | Abril,Sábado,Final de Semana,Leads,2025-04-05,midfunnel_rmkt_60d_estatico_v1,6.29,5,429,,Remarketing_60dias,Estático,4º Lançamento | Leads
4647,2025 | Abril,Sábado,Final de Semana,Leads,2025-04-05,topfunnel_interesses_cloud_video_v1,74.43,115,5099,7,Interesses_Cloud,Video,4º Lançamento | Leads
4760,2025 | Abril,Sábado,Final de Semana,Leads,2025-04-05,topfunnel_broad_tech_video_v3,66.93,75,5523,4,Broad_Tecnologia,Video,4º Lançamento | Leads
5028,2025 | Abril,Sábado,Final de Semana,Leads,2025-04-05,topfunnel_interesses_programacao_video_v1,48.76,72,3322,14,Interesses_Programacao,Video,4º Lançamento | Leads
5686,2025 | Abril,Sábado,Final de Semana,Leads,2025-04-05,topfunnel_interesses_cloud_estatico_v1,27.13,27,1518,4,Interesses_Cloud,Estático,4º Lançamento | Leads
5877,2025 | Abril,Sábado,Final de Semana,Leads,2025-04-05,topfunnel_broad_tech_video_v2,20.10,26,1300,2,Broad_Tecnologia,Video,4º Lançamento | Leads
5879,2025 | Abril,Sábado,Final de Semana,Leads,2025-04-05,topfunnel_interesses_cloud_video_v1,59.53,56,5232,3,Interesses_Cloud,Video,4º Lançamento | Leads
1051,2025 | Abril,Domingo,Final de Semana,Leads,2025-04-06,topfunnel_interesses_cloud_video_v2,45.60,46,2356,12,Interesses_Cloud,Video,4º Lançamento | Leads
1097,2025 | Abril,Domingo,Final de Semana,Leads,2025-04-06,topfunnel_cargos_tech_video_v1,1.97,3,127,,Cargos_Tecnologia,Video,4º Lançamento | Leads
1140,2025 | Abril,Domingo,Final de Semana,Leads,2025-04-06,topfunnel_broad_tech_estatico_v1,41.61,63,3782,14,Broad_Tecnologia,Estático,4º Lançamento | Leads
1557,2025 | Abril,Domingo,Final de Semana,Leads,2025-04-06,topfunnel_broad_tech_estatico_v3,64.28,107,5632,23,Broad_Tecnologia,Estático,4º Lançamento | Leads
1664,2025 | Abril,Domingo,Final de Semana,Leads,2025-04-06,midfunnel_rmkt_60d_video_v1,17.92,11,1150,2,Remarketing_60dias,Video,4º Lançamento | Leads
1735,2025 | Abril,Domingo,Final de Semana,Leads,2025-04-06,topfunnel_interesses_cloud_estatico_v1,8.45,4,447,1,Interesses_Cloud,Estático,4º Lançamento | Leads
2518,2025 | Abril,Domingo,Final de Semana,Leads,2025-04-06,midfunnel_rmkt_60d_estatico_v3,0.00,,0,,Remarketing_60dias,Estático,4º Lançamento | Vendas
2683,2025 | Abril,Domingo,Final de Semana,Leads,2025-04-06,topfunnel_broad_tech_estatico_v2,24.90,15,1719,2,Broad_Tecnologia,Estático,4º Lançamento | Leads
2908,2025 | Abril,Domingo,Final de Semana,Leads,2025-04-06,topfunnel_interesses_cloud_video_v1,125.32,88,6437,17,Interesses_Cloud,Video,4º Lançamento | Vendas
3450,2025 | Abril,Domingo,Final de Semana,Leads,2025-04-06,topfunnel_broad_tech_estatico_v1,8.00,7,381,,Broad_Tecnologia,Estático,4º Lançamento | Vendas
3530,2025 | Abril,Domingo,Final de Semana,Leads,2025-04-06,topfunnel_broad_tech_estatico_v1,13.37,16,2231,1,Broad_Tecnologia,Estático,4º Lançamento | Leads
4161,2025 | Abril,Domingo,Final de Semana,Leads,2025-04-06,topfunnel_interesses_programacao_estatico_v2,82.90,95,5611,17,Interesses_Programacao,Estático,4º Lançamento | Leads
4362,2025 | Abril,Domingo,Final de Semana,Leads,2025-04-06,topfunnel_interesses_cloud_video_v2,0.00,,0,,Interesses_Cloud,Video,4º Lançamento | Leads
4586,2025 | Abril,Domingo,Final de Semana,Leads,2025-04-06,topfunnel_broad_tech_estatico_v2,16.04,5,869,1,Broad_Tecnologia,Estático,4º Lançamento | Leads
4889,2025 | Abril,Domingo,Final de Semana,Leads,2025-04-06,topfunnel_broad_tech_estatico_v2,86.60,143,8109,12,Broad_Tecnologia,Estático,4º Lançamento | Vendas
4911,2025 | Abril,Domingo,Final de Semana,Leads,2025-04-06,topfunnel_broad_tech_video_v1,11.40,26,1353,3,Broad_Tecnologia,Video,4º Lançamento | Leads
5412,2025 | Abril,Domingo,Final de Semana,Leads,2025-04-06,topfunnel_cargos_tech_video_v1,14.40,20,995,2,Cargos_Tecnologia,Video,4º Lançamento | Vendas
1024,2025 | Abril,Segunda-Feira,Dia útil,Leads,2025-04-07,midfunnel_rmkt_60d_estatico_v1,36.58,27,2903,6,Remarketing_60dias,Estático,4º Lançamento | Leads
1033,2025 | Abril,Segunda-Feira,Dia útil,Leads,2025-04-07,topfunnel_broad_tech_estatico_v1,53.96,54,4637,14,Broad_Tecnologia,Estático,4º Lançamento | Leads
1839,2025 | Abril,Segunda-Feira,Dia útil,Awareness,2025-04-07,topfunnel_broad_tech_estatico_v1,32.53,10,1681,1,Broad_Tecnologia,Estático,4º Lançamento | Live
2101,2025 | Abril,Segunda-Feira,Dia útil,Leads,2025-04-07,topfunnel_cargos_tech_video_v3,50.83,137,5832,26,Cargos_Tecnologia,Video,4º Lançamento | Leads
2181,2025 | Abril,Segunda-Feira,Dia útil,Awareness,2025-04-07,topfunnel_lal1_clientes_video_v1,20.01,20,2085,2,LookALike_Clientes_1,Video,4º Lançamento | Live
2727,2025 | Abril,Segunda-Feira,Dia útil,Leads,2025-04-07,topfunnel_interesses_programacao_video_v1,142.04,186,10696,15,Interesses_Programacao,Video,4º Lançamento | Leads
2875,2025 | Abril,Segunda-Feira,Dia útil,Leads,2025-04-07,topfunnel_broad_tech_video_v2,21.39,16,1244,2,Broad_Tecnologia,Video,4º Lançamento | Leads
3542,2025 | Abril,Segunda-Feira,Dia útil,Leads,2025-04-07,topfunnel_broad_tech_estatico_v3,21.47,5,896,,Broad_Tecnologia,Estático,4º Lançamento | Leads
4581,2025 | Abril,Segunda-Feira,Dia útil,Awareness,2025-04-07,topfunnel_lal1_clientes_estatico_v1,14.86,10,1432,,LookALike_Clientes_1,Estático,4º Lançamento | Live
5179,2025 | Abril,Segunda-Feira,Dia útil,Leads,2025-04-07,topfunnel_cargos_tech_estatico_v1,80.75,117,10106,5,Cargos_Tecnologia,Estático,4º Lançamento | Vendas
5559,2025 | Abril,Segunda-Feira,Dia útil,Leads,2025-04-07,midfunnel_rmkt_60d_estatico_v3,21.76,25,1152,8,Remarketing_60dias,Estático,4º Lançamento | Leads
5572,2025 | Abril,Segunda-Feira,Dia útil,Leads,2025-04-07,topfunnel_lal1_clientes_video_v1,18.09,7,995,2,LookALike_Clientes_1,Video,4º Lançamento | Leads
5655,2025 | Abril,Segunda-Feira,Dia útil,Leads,2025-04-07,topfunnel_interesses_cloud_video_v1,26.01,23,1943,1,Interesses_Cloud,Video,4º Lançamento | Leads
1075,2025 | Abril,Terça-Feira,Dia útil,Leads,2025-04-08,topfunnel_interesses_programacao_video_v1,54.91,63,3891,10,Interesses_Programacao,Video,4º Lançamento | Vendas
1987,2025 | Abril,Terça-Feira,Dia útil,Leads,2025-04-08,topfunnel_cargos_tech_estatico_v2,38.05,15,1950,,Cargos_Tecnologia,Estático,4º Lançamento | Leads
2030,2025 | Abril,Terça-Feira,Dia útil,Leads,2025-04-08,topfunnel_lal1_clientes_video_v1,60.48,89,3366,23,LookALike_Clientes_1,Video,4º Lançamento | Leads
2541,2025 | Abril,Terça-Feira,Dia útil,Leads,2025-04-08,topfunnel_broad_tech_video_v1,46.09,81,4615,5,Broad_Tecnologia,Video,4º Lançamento | Leads
2608,2025 | Abril,Terça-Feira,Dia útil,Leads,2025-04-08,topfunnel_lal1_clientes_video_v2,50.03,20,2550,5,LookALike_Clientes_1,Video,4º Lançamento | Leads
2757,2025 | Abril,Terça-Feira,Dia útil,Leads,2025-04-08,topfunnel_lal1_clientes_estatico_v1,25.79,42,1986,4,LookALike_Clientes_1,Estático,4º Lançamento | Leads
3013,2025 | Abril,Terça-Feira,Dia útil,Leads,2025-04-08,topfunnel_cargos_tech_estatico_v1,29.68,24,2189,3,Cargos_Tecnologia,Estático,4º Lançamento | Leads
3839,2025 | Abril,Terça-Feira,Dia útil,Leads,2025-04-08,midfunnel_rmkt_60d_estatico_v3,0.00,,0,,Remarketing_60dias,Estático,4º Lançamento | Leads
3890,2025 | Abril,Terça-Feira,Dia útil,Leads,2025-04-08,topfunnel_broad_tech_video_v1,39.04,53,2528,10,Broad_Tecnologia,Video,4º Lançamento | Leads
3941,2025 | Abril,Terça-Feira,Dia útil,Leads,2025-04-08,topfunnel_cargos_tech_estatico_v1,75.18,79,4603,16,Cargos_Tecnologia,Estático,4º Lançamento | Leads
4926,2025 | Abril,Terça-Feira,Dia útil,Leads,2025-04-08,topfunnel_lal1_clientes_video_v3,60.58,132,5034,18,LookALike_Clientes_1,Video,4º Lançamento | Vendas
4980,2025 | Abril,Terça-Feira,Dia útil,Leads,2025-04-08,topfunnel_interesses_cloud_video_v3,99.83,163,8636,26,Interesses_Cloud,Video,4º Lançamento | Vendas
5199,2025 | Abril,Terça-Feira,Dia útil,Leads,2025-04-08,topfunnel_broad_tech_estatico_v2,25.43,31,1774,6,Broad_Tecnologia,Estático,4º Lançamento | Leads
1121,2025 | Abril,Quarta-Feira,Dia útil,Leads,2025-04-09,topfunnel_lal1_clientes_estatico_v1,58.69,43,3379,8,LookALike_Clientes_1,Estático,4º Lançamento | Vendas
1513,2025 | Abril,Quarta-Feira,Dia útil,Leads,2025-04-09,topfunnel_interesses_programacao_video_v1,49.28,49,4552,6,Interesses_Programacao,Video,4º Lançamento | Leads
1514,2025 | Abril,Quarta-Feira,Dia útil,Leads,2025-04-09,topfunnel_cargos_tech_video_v3,122.56,63,6530,15,Cargos_Tecnologia,Video,4º Lançamento | Leads
1715,2025 | Abril,Quarta-Feira,Dia útil,Leads,2025-04-09,topfunnel_interesses_cloud_video_v1,110.65,233,10601,20,Interesses_Cloud,Video,4º Lançamento | Leads
2107,2025 | Abril,Quarta-Feira,Dia útil,Awareness,2025-04-09,topfunnel_interesses_cloud_video_v2,5.97,1,546,,Interesses_Cloud,Video,4º Lançamento | Live
2187,2025 | Abril,Quarta-Feira,Dia útil,Leads,2025-04-09,topfunnel_broad_tech_video_v1,25.18,18,2767,1,Broad_Tecnologia,Video,4º Lançamento | Leads
2557,2025 | Abril,Quarta-Feira,Dia útil,Leads,2025-04-09,topfunnel_interesses_programacao_estatico_v1,30.76,44,4055,3,Interesses_Programacao,Estático,4º Lançamento | Leads
3192,2025 | Abril,Quarta-Feira,Dia útil,Leads,2025-04-09,topfunnel_broad_tech_estatico_v3,61.11,21,3533,2,Broad_Tecnologia,Estático,4º Lançamento | Leads
3621,2025 | Abril,Quarta-Feira,Dia útil,Leads,2025-04-09,topfunnel_broad_tech_video_v2,53.48,55,3377,8,Broad_Tecnologia,Video,4º Lançamento | Leads
4303,2025 | Abril,Quarta-Feira,Dia útil,Leads,2025-04-09,topfunnel_interesses_programacao_estatico_v2,25.44,14,2609,3,Interesses_Programacao,Estático,4º Lançamento | Vendas
4311,2025 | Abril,Quarta-Feira,Dia útil,Leads,2025-04-09,topfunnel_interesses_programacao_video_v1,59.12,61,3232,4,Interesses_Programacao,Video,4º Lançamento | Leads
4471,2025 | Abril,Quarta-Feira,Dia útil,Awareness,2025-04-09,topfunnel_lal1_clientes_video_v2,3.86,5,239,,LookALike_Clientes_1,Video,4º Lançamento | Live
4854,2025 | Abril,Quarta-Feira,Dia útil,Leads,2025-04-09,topfunnel_interesses_cloud_estatico_v1,24.82,18,2050,,Interesses_Cloud,Estático,4º Lançamento | Vendas
5089,2025 | Abril,Quarta-Feira,Dia útil,Leads,2025-04-09,topfunnel_lal1_clientes_estatico_v1,39.19,18,2470,2,LookALike_Clientes_1,Estático,4º Lançamento | Leads
5379,2025 | Abril,Quarta-Feira,Dia útil,Leads,2025-04-09,topfunnel_broad_tech_estatico_v2,68.12,40,4685,3,Broad_Tecnologia,Estático,4º Lançamento | Leads
5471,2025 | Abril,Quarta-Feira,Dia útil,Leads,2025-04-09,topfunnel_interesses_cloud_video_v2,39.21,71,3133,15,Interesses_Cloud,Video,4º Lançamento | Leads
5674,2025 | Abril,Quarta-Feira,Dia útil,Leads,2025-04-09,topfunnel_lal1_clientes_estatico_v1,84.56,155,9988,12,LookALike_Clientes_1,Estático,4º Lançamento | Leads
5955,2025 | Abril,Quarta-Feira,Dia útil,Awareness,2025-04-09,topfunnel_lal1_clientes_video_v3,39.42,55,2505,2,LookALike_Clientes_1,Video,4º Lançamento | Live
1103,2025 | Abril,Quinta-Feira,Dia útil,Leads,2025-04-10,topfunnel_broad_tech_video_v2,0.00,,0,,Broad_Tecnologia,Video,4º Lançamento | Leads
1202,2025 | Abril,Quinta-Feira,Dia útil,Leads,2025-04-10,topfunnel_interesses_cloud_estatico_v3,56.25,52,4392,2,Interesses_Cloud,Estático,4º Lançamento | Leads
1621,2025 | Abril,Quinta-Feira,Dia útil,Awareness,2025-04-10,topfunnel_lal1_clientes_video_v1,41.17,75,6609,3,LookALike_Clientes_1,Video,4º Lançamento | Live
1955,2025 | Abril,Quinta-Feira,Dia útil,Leads,2025-04-10,topfunnel_broad_tech_estatico_v1,47.48,28,2696,4,Broad_Tecnologia,Estático,4º Lançamento | Leads
2134,2025 | Abril,Quinta-Feira,Dia útil,Leads,2025-04-10,topfunnel_broad_tech_estatico_v3,45.75,22,4616,,Broad_Tecnologia,Estático,4º Lançamento | Leads
3219,2025 | Abril,Quinta-Feira,Dia útil,Awareness,2025-04-10,topfunnel_lal1_clientes_video_v1,26.55,27,2133,4,LookALike_Clientes_1,Video,4º Lançamento | Live
3233,2025 | Abril,Quinta-Feira,Dia útil,Leads,2025-04-10,topfunnel_broad_tech_video_v1,15.24,11,930,,Broad_Tecnologia,Video,4º Lançamento | Leads
4024,2025 | Abril,Quinta-Feira,Dia útil,Leads,2025-04-10,midfunnel_rmkt_60d_video_v1,44.80,131,5446,30,Remarketing_60dias,Video,4º Lançamento | Leads
4355,2025 | Abril,Quinta-Feira,Dia útil,Leads,2025-04-10,topfunnel_lal1_clientes_estatico_v1,9.51,9,636,,LookALike_Clientes_1,Estático,4º Lançamento | Leads
4554,2025 | Abril,Quinta-Feira,Dia útil,Leads,2025-04-10,topfunnel_lal1_clientes_video_v1,24.84,23,1465,4,LookALike_Clientes_1,Video,4º Lançamento | Leads
5177,2025 | Abril,Quinta-Feira,Dia útil,Leads,2025-04-10,topfunnel_interesses_programacao_estatico_v2,142.94,173,13625,18,Interesses_Programacao,Estático,4º Lançamento | Leads
5465,2025 | Abril,Quinta-Feira,Dia útil,Leads,2025-04-10,midfunnel_rmkt_60d_estatico_v1,53.77,30,4202,8,Remarketing_60dias,Estático,4º Lançamento | Leads
5928,2025 | Abril,Quinta-Feira,Dia útil,Leads,2025-04-10,midfunnel_rmkt_60d_video_v3,48.50,85,5352,7,Remarketing_60dias,Video,4º Lançamento | Vendas
1002,2025 | Abril,Sexta-Feira,Dia útil,Leads,2025-04-11,topfunnel_interesses_cloud_video_v1,15.36,14,1066,1,Interesses_Cloud,Video,4º Lançamento | Vendas
1020,2025 | Abril,Sexta-Feira,Dia útil,Leads,2025-04-11,topfunnel_interesses_cloud_video_v1,64.19,67,3890,14,Interesses_Cloud,Video,4º Lançamento | Leads
1040,2025 | Abril,Sexta-Feira,Dia útil,Leads,2025-04-11,topfunnel_lal1_clientes_video_v1,15.48,19,788,5,LookALike_Clientes_1,Video,4º Lançamento | Leads
1905,2025 | Abril,Sexta-Feira,Dia útil,Awareness,2025-04-11,topfunnel_lal1_clientes_video_v3,48.52,37,4126,3,LookALike_Clientes_1,Video,4º Lançamento | Live
1926,2025 | Abril,Sexta-Feira,Dia útil,Leads,2025-04-11,topfunnel_broad_tech_video_v2,11.82,13,1244,,Broad_Tecnologia,Video,4º Lançamento | Vendas
1975,2025 | Abril,Sexta-Feira,Dia útil,Leads,2025-04-11,topfunnel_interesses_cloud_estatico_v1,43.34,53,2828,4,Interesses_Cloud,Estático,4º Lançamento | Leads
2715,2025 | Abril,Sexta-Feira,Dia útil,Leads,2025-04-11,topfunnel_broad_tech_video_v3,41.86,18,3836,1,Broad_Tecnologia,Video,4º Lançamento | Leads
2739,2025 | Abril,Sexta-Feira,Dia útil,Awareness,2025-04-11,topfunnel_lal1_clientes_video_v3,12.09,6,819,,LookALike_Clientes_1,Video,4º Lançamento | Live
2780,2025 | Abril,Sexta-Feira,Dia útil,Leads,2025-04-11,topfunnel_lal1_clientes_estatico_v1,55.89,64,3682,8,LookALike_Clientes_1,Estático,4º Lançamento | Leads
3258,2025 | Abril,Sexta-Feira,Dia útil,Leads,2025-04-11,topfunnel_cargos_tech_estatico_v1,21.29,13,1543,,Cargos_Tecnologia,Estático,4º Lançamento | Leads
3575,2025 | Abril,Sexta-Feira,Dia útil,Leads,2025-04-11,midfunnel_rmkt_60d_video_v1,51.96,107,5807,7,Remarketing_60dias,Video,4º Lançamento | Leads
3896,2025 | Abril,Sexta-Feira,Dia útil,Leads,2025-04-11,topfunnel_broad_tech_estatico_v1,144.67,150,9172,13,Broad_Tecnologia,Estático,4º Lançamento | Leads
5282,2025 | Abril,Sexta-Feira,Dia útil,Leads,2025-04-11,topfunnel_broad_tech_estatico_v3,42.51,103,7278,9,Broad_Tecnologia,Estático,4º Lançamento | Leads
5317,2025 | Abril,Sexta-Feira,Dia útil,Leads,2025-04-11,topfunnel_interesses_cloud_video_v1,25.37,9,1910,2,Interesses_Cloud,Video,4º Lançamento | Leads
5326,2025 | Abril,Sexta-Feira,Dia útil,Leads,2025-04-11,topfunnel_interesses_cloud_estatico_v2,129.32,210,11074,11,Interesses_Cloud,Estático,4º Lançamento | Leads
1123,2025 | Abril,Sábado,Final de Semana,Leads,2025-04-12,topfunnel_interesses_cloud_estatico_v2,29.99,12,1865,2,Interesses_Cloud,Estático,4º Lançamento | Vendas
1747,2025 | Abril,Sábado,Final de Semana,Leads,2025-04-12,topfunnel_broad_tech_estatico_v3,61.23,87,6193,13,Broad_Tecnologia,Estático,4º Lançamento | Leads
1801,2025 | Abril,Sábado,Final de Semana,Leads,2025-04-12,topfunnel_interesses_programacao_video_v1,71.84,15,3329,2,Interesses_Programacao,Video,4º Lançamento | Leads
2499,2025 | Abril,Sábado,Final de Semana,Leads,2025-04-12,midfunnel_rmkt_60d_estatico_v1,21.29,29,1287,2,Remarketing_60dias,Estático,4º Lançamento | Vendas
3243,2025 | Abril,Sábado,Final de Semana,Leads,2025-04-12,topfunnel_lal1_clientes_video_v2,21.93,21,862,5,LookALike_Clientes_1,Video,4º Lançamento | Leads
3351,2025 | Abril,Sábado,Final de Semana,Leads,2025-04-12,topfunnel_interesses_cloud_video_v1,31.41,46,2069,5,Interesses_Cloud,Video,4º Lançamento | Leads
3848,2025 | Abril,Sábado,Final de Semana,Leads,2025-04-12,topfunnel_interesses_cloud_estatico_v1,66.39,177,9501,9,Interesses_Cloud,Estático,4º Lançamento | Leads
4509,2025 | Abril,Sábado,Final de Semana,Leads,2025-04-12,topfunnel_broad_tech_estatico_v2,43.76,31,4067,5,Broad_Tecnologia,Estático,4º Lançamento | Leads
4826,2025 | Abril,Sábado,Final de Semana,Leads,2025-04-12,topfunnel_cargos_tech_video_v1,27.55,52,2564,16,Cargos_Tecnologia,Video,4º Lançamento | Leads
5256,2025 | Abril,Sábado,Final de Semana,Leads,2025-04-12,topfunnel_interesses_cloud_estatico_v1,71.65,72,3417,13,Interesses_Cloud,Estático,4º Lançamento | Leads
5300,2025 | Abril,Sábado,Final de Semana,Awareness,2025-04-12,topfunnel_interesses_programacao_estatico_v3,25.75,16,1845,,Interesses_Programacao,Estático,4º Lançamento | Live
5477,2025 | Abril,Sábado,Final de Semana,Leads,2025-04-12,topfunnel_broad_tech_video_v2,99.58,52,5345,3,Broad_Tecnologia,Video,4º Lançamento | Leads
1326,2025 | Abril,Domingo,Final de Semana,Leads,2025-04-13,topfunnel_broad_tech_video_v1,116.92,94,6511,17,Broad_Tecnologia,Video,4º Lançamento | Leads
1752,2025 | Abril,Domingo,Final de Semana,Awareness,2025-04-13,midfunnel_rmkt_60d_estatico_v1,0.00,,0,,Remarketing_60dias,Estático,4º Lançamento | Live
3405,2025 | Abril,Domingo,Final de Semana,Leads,2025-04-13,midfunnel_rmkt_60d_video_v3,59.54,59,4201,16,Remarketing_60dias,Video,4º Lançamento | Leads
3500,2025 | Abril,Domingo,Final de Semana,Leads,2025-04-13,midfunnel_rmkt_60d_estatico_v2,0.00,,0,,Remarketing_60dias,Estático,4º Lançamento | Leads
4701,2025 | Abril,Domingo,Final de Semana,Leads,2025-04-13,topfunnel_interesses_cloud_video_v3,14.98,19,887,3,Interesses_Cloud,Video,4º Lançamento | Leads
4988,2025 | Abril,Domingo,Final de Semana,Leads,2025-04-13,topfunnel_broad_tech_estatico_v3,21.03,9,1779,,Broad_Tecnologia,Estático,4º Lançamento | Leads
5010,2025 | Abril,Domingo,Final de Semana,Leads,2025-04-13,midfunnel_rmkt_60d_video_v3,33.17,44,1756,9,Remarketing_60dias,Video,4º Lançamento | Leads
5699,2025 | Abril,Domingo,Final de Semana,Awareness,2025-04-13,topfunnel_broad_tech_estatico_v2,78.13,31,4434,1,Broad_Tecnologia,Estático,4º Lançamento | Live
1271,2025 | Abril,Segunda-Feira,Dia útil,Leads,2025-04-14,topfunnel_interesses_cloud_estatico_v1,104.91,69,5315,18,Interesses_Cloud,Estático,4º Lançamento | Leads
1383,2025 | Abril,Segunda-Feira,Dia útil,Leads,2025-04-14,topfunnel_broad_tech_video_v2,91.88,33,5497,2,Broad_Tecnologia,Video,4º Lançamento | Vendas
1453,2025 | Abril,Segunda-Feira,Dia útil,Leads,2025-04-14,topfunnel_broad_tech_video_v1,55.28,62,3137,10,Broad_Tecnologia,Video,4º Lançamento | Leads
1575,2025 | Abril,Segunda-Feira,Dia útil,Awareness,2025-04-14,topfunnel_broad_tech_estatico_v1,89.18,140,8140,20,Broad_Tecnologia,Estático,4º Lançamento | Live
1777,2025 | Abril,Segunda-Feira,Dia útil,Awareness,2025-04-14,topfunnel_broad_tech_video_v2,28.18,19,1645,1,Broad_Tecnologia,Video,4º Lançamento | Live
2521,2025 | Abril,Segunda-Feira,Dia útil,Leads,2025-04-14,topfunnel_interesses_programacao_video_v1,81.02,70,6571,10,Interesses_Programacao,Video,4º Lançamento | Leads
2579,2025 | Abril,Segunda-Feira,Dia útil,Leads,2025-04-14,topfunnel_broad_tech_video_v1,56.75,87,6982,18,Broad_Tecnologia,Video,4º Lançamento | Leads
2900,2025 | Abril,Segunda-Feira,Dia útil,Leads,2025-04-14,topfunnel_broad_tech_video_v1,22.05,29,1631,1,Broad_Tecnologia,Video,4º Lançamento | Leads
2955,2025 | Abril,Segunda-Feira,Dia útil,Leads,2025-04-14,topfunnel_lal1_clientes_estatico_v2,16.61,11,1037,2,LookALike_Clientes_1,Estático,4º Lançamento | Leads
3056,2025 | Abril,Segunda-Feira,Dia útil,Leads,2025-04-14,midfunnel_rmkt_60d_video_v2,101.33,261,9285,36,Remarketing_60dias,Video,4º Lançamento | Leads
3778,2025 | Abril,Segunda-Feira,Dia útil,Leads,2025-04-14,topfunnel_interesses_programacao_video_v3,0.00,,0,,Interesses_Programacao,Video,4º Lançamento | Vendas
3780,2025 | Abril,Segunda-Feira,Dia útil,Leads,2025-04-14,topfunnel_broad_tech_estatico_v1,8.73,9,746,1,Broad_Tecnologia,Estático,4º Lançamento | Vendas
4067,2025 | Abril,Segunda-Feira,Dia útil,Awareness,2025-04-14,topfunnel_interesses_cloud_video_v2,14.23,15,2133,1,Interesses_Cloud,Video,4º Lançamento | Live
4149,2025 | Abril,Segunda-Feira,Dia útil,Leads,2025-04-14,topfunnel_interesses_cloud_estatico_v3,119.25,158,8733,42,Interesses_Cloud,Estático,4º Lançamento | Leads
4253,2025 | Abril,Segunda-Feira,Dia útil,Leads,2025-04-14,topfunnel_lal1_clientes_video_v2,64.97,82,3932,14,LookALike_Clientes_1,Video,4º Lançamento | Leads
4593,2025 | Abril,Segunda-Feira,Dia útil,Leads,2025-04-14,topfunnel_interesses_cloud_video_v1,8.31,4,399,1,Interesses_Cloud,Video,4º Lançamento | Leads
5283,2025 | Abril,Segunda-Feira,Dia útil,Leads,2025-04-14,topfunnel_interesses_cloud_estatico_v1,76.90,104,5362,8,Interesses_Cloud,Estático,4º Lançamento | Vendas
5340,2025 | Abril,Segunda-Feira,Dia útil,Leads,2025-04-14,topfunnel_lal1_clientes_estatico_v3,61.26,22,3700,2,LookALike_Clientes_1,Estático,4º Lançamento | Vendas
1114,2025 | Abril,Terça-Feira,Dia útil,Leads,2025-04-15,topfunnel_interesses_programacao_estatico_v2,24.75,14,1485,1,Interesses_Programacao,Estático,4º Lançamento | Leads
1888,2025 | Abril,Terça-Feira,Dia útil,Leads,2025-04-15,midfunnel_rmkt_60d_video_v2,19.81,9,937,1,Remarketing_60dias,Video,4º Lançamento | Leads
2148,2025 | Abril,Terça-Feira,Dia útil,Leads,2025-04-15,midfunnel_rmkt_60d_video_v2,5.60,7,285,,Remarketing_60dias,Video,4º Lançamento | Leads
2475,2025 | Abril,Terça-Feira,Dia útil,Leads,2025-04-15,topfunnel_interesses_cloud_video_v2,12.23,7,856,,Interesses_Cloud,Video,4º Lançamento | Leads
2671,2025 | Abril,Terça-Feira,Dia útil,Awareness,2025-04-15,topfunnel_lal1_clientes_video_v1,0.00,,0,,LookALike_Clientes_1,Video,4º Lançamento | Live
2863,2025 | Abril,Terça-Feira,Dia útil,Leads,2025-04-15,midfunnel_rmkt_60d_estatico_v1,87.61,153,7628,31,Remarketing_60dias,Estático,4º Lançamento | Leads
2890,2025 | Abril,Terça-Feira,Dia útil,Leads,2025-04-15,topfunnel_interesses_cloud_estatico_v2,33.00,19,2795,3,Interesses_Cloud,Estático,4º Lançamento | Leads
3259,2025 | Abril,Terça-Feira,Dia útil,Leads,2025-04-15,midfunnel_rmkt_60d_estatico_v2,20.14,34,1680,6,Remarketing_60dias,Estático,4º Lançamento | Vendas
3335,2025 | Abril,Terça-Feira,Dia útil,Leads,2025-04-15,topfunnel_cargos_tech_estatico_v2,36.08,19,1693,3,Cargos_Tecnologia,Estático,4º Lançamento | Vendas
3372,2025 | Abril,Terça-Feira,Dia útil,Leads,2025-04-15,midfunnel_rmkt_60d_video_v2,0.00,,0,,Remarketing_60dias,Video,4º Lançamento | Vendas
3662,2025 | Abril,Terça-Feira,Dia útil,Leads,2025-04-15,topfunnel_lal1_clientes_video_v3,40.67,27,2307,3,LookALike_Clientes_1,Video,4º Lançamento | Leads
4160,2025 | Abril,Terça-Feira,Dia útil,Leads,2025-04-15,topfunnel_broad_tech_video_v2,19.94,6,1155,,Broad_Tecnologia,Video,4º Lançamento | Leads
5416,2025 | Abril,Terça-Feira,Dia útil,Awareness,2025-04-15,topfunnel_broad_tech_estatico_v3,37.63,13,2281,,Broad_Tecnologia,Estático,4º Lançamento | Live
1094,2025 | Abril,Quarta-Feira,Dia útil,Leads,2025-04-16,topfunnel_interesses_cloud_estatico_v2,4.52,2,366,,Interesses_Cloud,Estático,4º Lançamento | Leads
1372,2025 | Abril,Quarta-Feira,Dia útil,Leads,2025-04-16,topfunnel_broad_tech_video_v1,11.46,14,723,1,Broad_Tecnologia,Video,4º Lançamento | Leads
1555,2025 | Abril,Quarta-Feira,Dia útil,Leads,2025-04-16,topfunnel_interesses_cloud_estatico_v2,0.00,,0,,Interesses_Cloud,Estático,4º Lançamento | Leads
1906,2025 | Abril,Quarta-Feira,Dia útil,Leads,2025-04-16,topfunnel_interesses_cloud_estatico_v2,10.09,13,514,,Interesses_Cloud,Estático,4º Lançamento | Leads
2067,2025 | Abril,Quarta-Feira,Dia útil,Leads,2025-04-16,midfunnel_rmkt_60d_video_v1,4.12,2,224,,Remarketing_60dias,Video,4º Lançamento | Leads
2287,2025 | Abril,Quarta-Feira,Dia útil,Leads,2025-04-16,topfunnel_broad_tech_estatico_v2,47.17,76,5344,6,Broad_Tecnologia,Estático,4º Lançamento | Vendas
2498,2025 | Abril,Quarta-Feira,Dia útil,Leads,2025-04-16,topfunnel_interesses_programacao_estatico_v2,2.46,3,143,,Interesses_Programacao,Estático,4º Lançamento | Vendas
2933,2025 | Abril,Quarta-Feira,Dia útil,Leads,2025-04-16,topfunnel_cargos_tech_video_v3,23.53,45,1847,8,Cargos_Tecnologia,Video,4º Lançamento | Leads
3741,2025 | Abril,Quarta-Feira,Dia útil,Leads,2025-04-16,topfunnel_broad_tech_video_v1,0.00,,0,,Broad_Tecnologia,Video,4º Lançamento | Leads
4414,2025 | Abril,Quarta-Feira,Dia útil,Leads,2025-04-16,midfunnel_rmkt_60d_estatico_v2,44.55,42,5288,8,Remarketing_60dias,Estático,4º Lançamento | Leads
4596,2025 | Abril,Quarta-Feira,Dia útil,Leads,2025-04-16,topfunnel_cargos_tech_video_v1,52.78,64,2942,11,Cargos_Tecnologia,Video,4º Lançamento | Leads
4607,2025 | Abril,Quarta-Feira,Dia útil,Awareness,2025-04-16,topfunnel_interesses_cloud_video_v1,68.69,118,7337,7,Interesses_Cloud,Video,4º Lançamento | Live
4812,2025 | Abril,Quarta-Feira,Dia útil,Leads,2025-04-16,midfunnel_rmkt_60d_video_v3,30.02,37,1819,9,Remarketing_60dias,Video,4º Lançamento | Leads
5385,2025 | Abril,Quarta-Feira,Dia útil,Leads,2025-04-16,topfunnel_cargos_tech_video_v1,29.26,23,3594,1,Cargos_Tecnologia,Video,4º Lançamento | Leads
5770,2025 | Abril,Quarta-Feira,Dia útil,Leads,2025-04-16,topfunnel_interesses_cloud_video_v3,59.56,88,4041,13,Interesses_Cloud,Video,4º Lançamento | Leads
1403,2025 | Abril,Quinta-Feira,Dia útil,Leads,2025-04-17,topfunnel_broad_tech_video_v1,58.92,78,5548,13,Broad_Tecnologia,Video,4º Lançamento | Leads
2623,2025 | Abril,Quinta-Feira,Dia útil,Leads,2025-04-17,topfunnel_broad_tech_video_v1,6.75,11,446,,Broad_Tecnologia,Video,4º Lançamento | Vendas
2675,2025 | Abril,Quinta-Feira,Dia útil,Awareness,2025-04-17,midfunnel_rmkt_60d_video_v3,18.80,9,1170,,Remarketing_60dias,Video,4º Lançamento | Live
2984,2025 | Abril,Quinta-Feira,Dia útil,Leads,2025-04-17,topfunnel_interesses_programacao_estatico_v3,38.45,64,4034,10,Interesses_Programacao,Estático,4º Lançamento | Leads
4063,2025 | Abril,Quinta-Feira,Dia útil,Awareness,2025-04-17,topfunnel_interesses_cloud_video_v1,63.32,85,5075,2,Interesses_Cloud,Video,4º Lançamento | Live
4569,2025 | Abril,Quinta-Feira,Dia útil,Leads,2025-04-17,topfunnel_lal1_clientes_estatico_v1,14.49,11,725,,LookALike_Clientes_1,Estático,4º Lançamento | Leads
4637,2025 | Abril,Quinta-Feira,Dia útil,Leads,2025-04-17,topfunnel_interesses_programacao_video_v1,35.92,71,4454,12,Interesses_Programacao,Video,4º Lançamento | Leads
4694,2025 | Abril,Quinta-Feira,Dia útil,Leads,2025-04-17,topfunnel_broad_tech_video_v1,56.36,105,4339,10,Broad_Tecnologia,Video,4º Lançamento | Leads
4714,2025 | Abril,Quinta-Feira,Dia útil,Leads,2025-04-17,midfunnel_rmkt_60d_estatico_v2,48.91,40,2673,3,Remarketing_60dias,Estático,4º Lançamento | Leads
4832,2025 | Abril,Quinta-Feira,Dia útil,Leads,2025-04-17,topfunnel_lal1_clientes_video_v1,36.32,19,1635,,LookALike_Clientes_1,Video,4º Lançamento | Leads
1015,2025 | Abril,Sexta-Feira,Dia útil,Leads,2025-04-18,topfunnel_broad_tech_estatico_v2,14.21,12,903,1,Broad_Tecnologia,Estático,4º Lançamento | Leads
1770,2025 | Abril,Sexta-Feira,Dia útil,Leads,2025-04-18,topfunnel_broad_tech_estatico_v3,55.61,32,5454,3,Broad_Tecnologia,Estático,4º Lançamento | Vendas
1950,2025 | Abril,Sexta-Feira,Dia útil,Leads,2025-04-18,topfunnel_broad_tech_video_v1,155.31,93,6743,10,Broad_Tecnologia,Video,4º Lançamento | Vendas
2456,2025 | Abril,Sexta-Feira,Dia útil,Leads,2025-04-18,topfunnel_interesses_programacao_estatico_v1,7.35,7,571,,Interesses_Programacao,Estático,4º Lançamento | Vendas
2685,2025 | Abril,Sexta-Feira,Dia útil,Leads,2025-04-18,topfunnel_broad_tech_estatico_v1,36.42,24,2024,1,Broad_Tecnologia,Estático,4º Lançamento | Leads
3156,2025 | Abril,Sexta-Feira,Dia útil,Leads,2025-04-18,topfunnel_interesses_programacao_video_v3,51.10,68,4175,13,Interesses_Programacao,Video,4º Lançamento | Leads
3260,2025 | Abril,Sexta-Feira,Dia útil,Leads,2025-04-18,midfunnel_rmkt_60d_video_v2,53.98,134,5564,44,Remarketing_60dias,Video,4º Lançamento | Leads
3539,2025 | Abril,Sexta-Feira,Dia útil,Leads,2025-04-18,topfunnel_lal1_clientes_estatico_v1,12.79,11,789,2,LookALike_Clientes_1,Estático,4º Lançamento | Leads
3743,2025 | Abril,Sexta-Feira,Dia útil,Leads,2025-04-18,topfunnel_interesses_cloud_video_v3,41.26,16,2766,,Interesses_Cloud,Video,4º Lançamento | Vendas
4532,2025 | Abril,Sexta-Feira,Dia útil,Leads,2025-04-18,topfunnel_lal1_clientes_video_v1,93.90,73,4788,18,LookALike_Clientes_1,Video,4º Lançamento | Leads
4580,2025 | Abril,Sexta-Feira,Dia útil,Leads,2025-04-18,topfunnel_lal1_clientes_estatico_v2,82.77,82,4776,5,LookALike_Clientes_1,Estático,4º Lançamento | Leads
4900,2025 | Abril,Sexta-Feira,Dia útil,Leads,2025-04-18,midfunnel_rmkt_60d_video_v1,3.71,4,222,1,Remarketing_60dias,Video,4º Lançamento | Leads
5038,2025 | Abril,Sexta-Feira,Dia útil,Leads,2025-04-18,topfunnel_lal1_clientes_video_v2,0.00,,0,,LookALike_Clientes_1,Video,4º Lançamento | Leads
5218,2025 | Abril,Sexta-Feira,Dia útil,Leads,2025-04-18,topfunnel_lal1_clientes_estatico_v1,47.27,32,3208,1,LookALike_Clientes_1,Estático,4º Lançamento | Leads
5564,2025 | Abril,Sexta-Feira,Dia útil,Leads,2025-04-18,midfunnel_rmkt_60d_estatico_v2,74.00,107,3887,22,Remarketing_60dias,Estático,4º Lançamento | Leads
1562,2025 | Abril,Sábado,Final de Semana,Awareness,2025-04-19,topfunnel_cargos_tech_video_v1,12.76,25,1133,2,Cargos_Tecnologia,Video,4º Lançamento | Live
1671,2025 | Abril,Sábado,Final de Semana,Leads,2025-04-19,topfunnel_lal1_clientes_video_v1,106.62,69,5151,6,LookALike_Clientes_1,Video,4º Lançamento | Leads
1745,2025 | Abril,Sábado,Final de Semana,Leads,2025-04-19,topfunnel_cargos_tech_video_v1,20.45,24,1027,1,Cargos_Tecnologia,Video,4º Lançamento | Leads
1793,2025 | Abril,Sábado,Final de Semana,Leads,2025-04-19,topfunnel_interesses_cloud_video_v1,46.05,14,2337,3,Interesses_Cloud,Video,4º Lançamento | Leads
1935,2025 | Abril,Sábado,Final de Semana,Leads,2025-04-19,topfunnel_broad_tech_estatico_v2,38.16,53,2686,5,Broad_Tecnologia,Estático,4º Lançamento | Vendas
2369,2025 | Abril,Sábado,Final de Semana,Leads,2025-04-19,topfunnel_interesses_cloud_estatico_v3,11.44,7,697,2,Interesses_Cloud,Estático,4º Lançamento | Leads
2405,2025 | Abril,Sábado,Final de Semana,Leads,2025-04-19,topfunnel_lal1_clientes_video_v1,68.32,62,3897,14,LookALike_Clientes_1,Video,4º Lançamento | Vendas
2490,2025 | Abril,Sábado,Final de Semana,Leads,2025-04-19,midfunnel_rmkt_60d_estatico_v1,74.98,97,5776,28,Remarketing_60dias,Estático,4º Lançamento | Leads
2611,2025 | Abril,Sábado,Final de Semana,Leads,2025-04-19,midfunnel_rmkt_60d_video_v1,122.20,140,8713,33,Remarketing_60dias,Video,4º Lançamento | Leads
2811,2025 | Abril,Sábado,Final de Semana,Leads,2025-04-19,midfunnel_rmkt_60d_estatico_v3,16.93,12,956,,Remarketing_60dias,Estático,4º Lançamento | Vendas
3042,2025 | Abril,Sábado,Final de Semana,Leads,2025-04-19,topfunnel_interesses_cloud_video_v1,20.97,13,1126,1,Interesses_Cloud,Video,4º Lançamento | Leads
3249,2025 | Abril,Sábado,Final de Semana,Leads,2025-04-19,topfunnel_broad_tech_estatico_v1,21.43,29,1476,4,Broad_Tecnologia,Estático,4º Lançamento | Leads
3475,2025 | Abril,Sábado,Final de Semana,Awareness,2025-04-19,topfunnel_broad_tech_estatico_v3,28.39,5,1591,1,Broad_Tecnologia,Estático,4º Lançamento | Live
3518,2025 | Abril,Sábado,Final de Semana,Leads,2025-04-19,topfunnel_broad_tech_estatico_v3,0.00,,0,,Broad_Tecnologia,Estático,4º Lançamento | Leads
4108,2025 | Abril,Sábado,Final de Semana,Leads,2025-04-19,topfunnel_interesses_programacao_estatico_v2,40.59,33,3009,2,Interesses_Programacao,Estático,4º Lançamento | Vendas
4301,2025 | Abril,Sábado,Final de Semana,Leads,2025-04-19,topfunnel_cargos_tech_video_v2,20.35,30,1267,8,Cargos_Tecnologia,Video,4º Lançamento | Leads
4935,2025 | Abril,Sábado,Final de Semana,Leads,2025-04-19,topfunnel_broad_tech_estatico_v1,0.00,,0,,Broad_Tecnologia,Estático,4º Lançamento | Leads
5343,2025 | Abril,Sábado,Final de Semana,Leads,2025-04-19,topfunnel_lal1_clientes_video_v2,7.34,3,345,,LookALike_Clientes_1,Video,4º Lançamento | Leads
5500,2025 | Abril,Sábado,Final de Semana,Leads,2025-04-19,topfunnel_interesses_programacao_video_v3,46.11,17,3519,4,Interesses_Programacao,Video,4º Lançamento | Leads
1076,2025 | Abril,Domingo,Final de Semana,Leads,2025-04-20,midfunnel_rmkt_60d_estatico_v2,4.21,3,237,,Remarketing_60dias,Estático,4º Lançamento | Leads
1098,2025 | Abril,Domingo,Final de Semana,Leads,2025-04-20,topfunnel_cargos_tech_estatico_v2,25.71,10,1609,1,Cargos_Tecnologia,Estático,4º Lançamento | Vendas
1143,2025 | Abril,Domingo,Final de Semana,Leads,2025-04-20,topfunnel_interesses_programacao_video_v2,54.52,64,4061,16,Interesses_Programacao,Video,4º Lançamento | Leads
1822,2025 | Abril,Domingo,Final de Semana,Leads,2025-04-20,topfunnel_broad_tech_video_v2,22.37,6,1122,,Broad_Tecnologia,Video,4º Lançamento | Leads
2021,2025 | Abril,Domingo,Final de Semana,Leads,2025-04-20,topfunnel_broad_tech_estatico_v1,52.25,27,3095,4,Broad_Tecnologia,Estático,4º Lançamento | Leads
2198,2025 | Abril,Domingo,Final de Semana,Leads,2025-04-20,midfunnel_rmkt_60d_estatico_v3,32.18,37,2338,6,Remarketing_60dias,Estático,4º Lançamento | Leads
2258,2025 | Abril,Domingo,Final de Semana,Awareness,2025-04-20,topfunnel_lal1_clientes_estatico_v1,66.65,22,4041,3,LookALike_Clientes_1,Estático,4º Lançamento | Live
2412,2025 | Abril,Domingo,Final de Semana,Awareness,2025-04-20,topfunnel_cargos_tech_video_v2,29.15,9,2352,1,Cargos_Tecnologia,Video,4º Lançamento | Live
2603,2025 | Abril,Domingo,Final de Semana,Leads,2025-04-20,topfunnel_interesses_programacao_estatico_v2,106.52,115,6070,7,Interesses_Programacao,Estático,4º Lançamento | Leads
2903,2025 | Abril,Domingo,Final de Semana,Awareness,2025-04-20,midfunnel_rmkt_60d_video_v3,20.95,22,1220,2,Remarketing_60dias,Video,4º Lançamento | Live
3076,2025 | Abril,Domingo,Final de Semana,Awareness,2025-04-20,midfunnel_rmkt_60d_video_v2,5.08,3,452,,Remarketing_60dias,Video,4º Lançamento | Live
3201,2025 | Abril,Domingo,Final de Semana,Leads,2025-04-20,topfunnel_cargos_tech_video_v1,26.18,68,2974,10,Cargos_Tecnologia,Video,4º Lançamento | Vendas
3376,2025 | Abril,Domingo,Final de Semana,Leads,2025-04-20,topfunnel_lal1_clientes_video_v1,7.38,18,820,1,LookALike_Clientes_1,Video,4º Lançamento | Leads
3947,2025 | Abril,Domingo,Final de Semana,Leads,2025-04-20,topfunnel_cargos_tech_video_v2,9.03,10,844,2,Cargos_Tecnologia,Video,4º Lançamento | Leads
4269,2025 | Abril,Domingo,Final de Semana,Leads,2025-04-20,topfunnel_broad_tech_video_v2,40.41,42,3276,10,Broad_Tecnologia,Video,4º Lançamento | Leads
4361,2025 | Abril,Domingo,Final de Semana,Leads,2025-04-20,topfunnel_broad_tech_estatico_v3,50.99,40,2978,10,Broad_Tecnologia,Estático,4º Lançamento | Leads
4799,2025 | Abril,Domingo,Final de Semana,Leads,2025-04-20,topfunnel_interesses_cloud_video_v1,42.86,9,1434,,Interesses_Cloud,Video,4º Lançamento | Leads
4902,2025 | Abril,Domingo,Final de Semana,Leads,2025-04-20,topfunnel_interesses_cloud_estatico_v2,53.56,15,3472,,Interesses_Cloud,Estático,4º Lançamento | Leads
5076,2025 | Abril,Domingo,Final de Semana,Leads,2025-04-20,topfunnel_cargos_tech_video_v1,37.13,33,1391,3,Cargos_Tecnologia,Video,4º Lançamento | Leads
5405,2025 | Abril,Domingo,Final de Semana,Leads,2025-04-20,topfunnel_broad_tech_estatico_v1,149.65,83,7882,12,Broad_Tecnologia,Estático,4º Lançamento | Leads
1219,2025 | Abril,Segunda-Feira,Dia útil,Leads,2025-04-21,topfunnel_cargos_tech_estatico_v2,79.88,83,4457,17,Cargos_Tecnologia,Estático,4º Lançamento | Leads
1263,2025 | Abril,Segunda-Feira,Dia útil,Leads,2025-04-21,midfunnel_rmkt_60d_video_v3,4.64,8,518,2,Remarketing_60dias,Video,4º Lançamento | Vendas
1314,2025 | Abril,Segunda-Feira,Dia útil,Leads,2025-04-21,topfunnel_interesses_programacao_video_v2,103.15,95,6540,24,Interesses_Programacao,Video,4º Lançamento | Leads
1384,2025 | Abril,Segunda-Feira,Dia útil,Leads,2025-04-21,topfunnel_lal1_clientes_video_v1,47.07,34,2420,4,LookALike_Clientes_1,Video,4º Lançamento | Vendas
2025,2025 | Abril,Segunda-Feira,Dia útil,Awareness,2025-04-21,topfunnel_broad_tech_estatico_v2,110.09,36,9242,1,Broad_Tecnologia,Estático,4º Lançamento | Live
3358,2025 | Abril,Segunda-Feira,Dia útil,Leads,2025-04-21,midfunnel_rmkt_60d_estatico_v1,18.77,9,967,3,Remarketing_60dias,Estático,4º Lançamento | Leads
3383,2025 | Abril,Segunda-Feira,Dia útil,Leads,2025-04-21,topfunnel_interesses_cloud_video_v2,62.48,99,5567,21,Interesses_Cloud,Video,4º Lançamento | Leads
4413,2025 | Abril,Segunda-Feira,Dia útil,Awareness,2025-04-21,midfunnel_rmkt_60d_video_v3,29.67,36,2882,6,Remarketing_60dias,Video,4º Lançamento | Live
4661,2025 | Abril,Segunda-Feira,Dia útil,Leads,2025-04-21,topfunnel_cargos_tech_estatico_v1,86.54,94,4499,10,Cargos_Tecnologia,Estático,4º Lançamento | Leads
5267,2025 | Abril,Segunda-Feira,Dia útil,Leads,2025-04-21,topfunnel_cargos_tech_video_v2,35.69,51,2070,8,Cargos_Tecnologia,Video,4º Lançamento | Leads
1246,2025 | Abril,Terça-Feira,Dia útil,Awareness,2025-04-22,topfunnel_interesses_programacao_video_v1,8.85,6,606,,Interesses_Programacao,Video,4º Lançamento | Live
1417,2025 | Abril,Terça-Feira,Dia útil,Leads,2025-04-22,midfunnel_rmkt_60d_video_v1,155.43,161,9182,26,Remarketing_60dias,Video,4º Lançamento | Vendas
1982,2025 | Abril,Terça-Feira,Dia útil,Leads,2025-04-22,topfunnel_cargos_tech_estatico_v2,18.43,14,758,1,Cargos_Tecnologia,Estático,4º Lançamento | Leads
2519,2025 | Abril,Terça-Feira,Dia útil,Leads,2025-04-22,topfunnel_broad_tech_video_v3,26.55,12,1265,,Broad_Tecnologia,Video,4º Lançamento | Vendas
2527,2025 | Abril,Terça-Feira,Dia útil,Leads,2025-04-22,topfunnel_broad_tech_estatico_v1,9.06,9,808,2,Broad_Tecnologia,Estático,4º Lançamento | Leads
3378,2025 | Abril,Terça-Feira,Dia útil,Leads,2025-04-22,topfunnel_lal1_clientes_video_v1,4.17,2,247,1,LookALike_Clientes_1,Video,4º Lançamento | Leads
3455,2025 | Abril,Terça-Feira,Dia útil,Leads,2025-04-22,topfunnel_interesses_programacao_video_v2,50.70,47,2746,8,Interesses_Programacao,Video,4º Lançamento | Leads
3706,2025 | Abril,Terça-Feira,Dia útil,Leads,2025-04-22,topfunnel_broad_tech_video_v1,52.61,48,2633,4,Broad_Tecnologia,Video,4º Lançamento | Leads
3783,2025 | Abril,Terça-Feira,Dia útil,Leads,2025-04-22,topfunnel_broad_tech_video_v2,41.19,10,1828,,Broad_Tecnologia,Video,4º Lançamento | Leads
3835,2025 | Abril,Terça-Feira,Dia útil,Leads,2025-04-22,topfunnel_interesses_cloud_estatico_v1,95.12,67,5709,12,Interesses_Cloud,Estático,4º Lançamento | Vendas
4385,2025 | Abril,Terça-Feira,Dia útil,Awareness,2025-04-22,midfunnel_rmkt_60d_estatico_v1,43.09,61,3605,9,Remarketing_60dias,Estático,4º Lançamento | Live
4492,2025 | Abril,Terça-Feira,Dia útil,Leads,2025-04-22,topfunnel_interesses_cloud_estatico_v2,54.68,30,3475,2,Interesses_Cloud,Estático,4º Lançamento | Leads
4779,2025 | Abril,Terça-Feira,Dia útil,Awareness,2025-04-22,midfunnel_rmkt_60d_video_v3,16.62,14,1110,1,Remarketing_60dias,Video,4º Lançamento | Live
4780,2025 | Abril,Terça-Feira,Dia útil,Awareness,2025-04-22,topfunnel_interesses_programacao_estatico_v1,44.76,26,3198,,Interesses_Programacao,Estático,4º Lançamento | Live
5101,2025 | Abril,Terça-Feira,Dia útil,Leads,2025-04-22,topfunnel_broad_tech_estatico_v1,33.37,51,8191,7,Broad_Tecnologia,Estático,4º Lançamento | Leads
5565,2025 | Abril,Terça-Feira,Dia útil,Awareness,2025-04-22,topfunnel_lal1_clientes_video_v1,6.26,6,462,1,LookALike_Clientes_1,Video,4º Lançamento | Live
5577,2025 | Abril,Terça-Feira,Dia útil,Leads,2025-04-22,topfunnel_lal1_clientes_video_v3,0.00,,0,,LookALike_Clientes_1,Video,4º Lançamento | Leads
5764,2025 | Abril,Terça-Feira,Dia útil,Awareness,2025-04-22,topfunnel_lal1_clientes_estatico_v1,0.00,,0,,LookALike_Clientes_1,Estático,4º Lançamento | Live
5890,2025 | Abril,Terça-Feira,Dia útil,Leads,2025-04-22,topfunnel_cargos_tech_video_v3,24.04,40,1512,1,Cargos_Tecnologia,Video,4º Lançamento | Leads
1846,2025 | Abril,Quarta-Feira,Dia útil,Leads,2025-04-23,midfunnel_rmkt_60d_video_v1,16.27,27,1339,5,Remarketing_60dias,Video,4º Lançamento | Leads
2192,2025 | Abril,Quarta-Feira,Dia útil,Leads,2025-04-23,topfunnel_interesses_cloud_estatico_v2,66.16,87,6988,16,Interesses_Cloud,Estático,4º Lançamento | Leads
2474,2025 | Abril,Quarta-Feira,Dia útil,Leads,2025-04-23,topfunnel_lal1_clientes_estatico_v1,74.94,55,4868,3,LookALike_Clientes_1,Estático,4º Lançamento | Leads
3039,2025 | Abril,Quarta-Feira,Dia útil,Leads,2025-04-23,midfunnel_rmkt_60d_video_v1,31.27,51,1609,15,Remarketing_60dias,Video,4º Lançamento | Leads
3425,2025 | Abril,Quarta-Feira,Dia útil,Awareness,2025-04-23,topfunnel_interesses_cloud_video_v2,8.53,3,653,,Interesses_Cloud,Video,4º Lançamento | Live
3487,2025 | Abril,Quarta-Feira,Dia útil,Awareness,2025-04-23,topfunnel_lal1_clientes_video_v1,15.56,18,1104,1,LookALike_Clientes_1,Video,4º Lançamento | Live
3577,2025 | Abril,Quarta-Feira,Dia útil,Leads,2025-04-23,topfunnel_interesses_programacao_video_v1,24.23,5,1051,1,Interesses_Programacao,Video,4º Lançamento | Leads
3915,2025 | Abril,Quarta-Feira,Dia útil,Leads,2025-04-23,topfunnel_interesses_cloud_estatico_v3,10.08,9,542,,Interesses_Cloud,Estático,4º Lançamento | Leads
4183,2025 | Abril,Quarta-Feira,Dia útil,Leads,2025-04-23,midfunnel_rmkt_60d_video_v1,29.51,15,1493,2,Remarketing_60dias,Video,4º Lançamento | Vendas
4668,2025 | Abril,Quarta-Feira,Dia útil,Leads,2025-04-23,topfunnel_broad_tech_estatico_v3,114.54,154,9678,9,Broad_Tecnologia,Estático,4º Lançamento | Vendas
4775,2025 | Abril,Quarta-Feira,Dia útil,Awareness,2025-04-23,midfunnel_rmkt_60d_video_v1,49.76,31,3083,2,Remarketing_60dias,Video,4º Lançamento | Live
5389,2025 | Abril,Quarta-Feira,Dia útil,Leads,2025-04-23,topfunnel_broad_tech_video_v3,48.92,30,2998,2,Broad_Tecnologia,Video,4º Lançamento | Leads
5392,2025 | Abril,Quarta-Feira,Dia útil,Leads,2025-04-23,topfunnel_lal1_clientes_video_v2,21.80,11,1337,2,LookALike_Clientes_1,Video,4º Lançamento | Leads
5617,2025 | Abril,Quarta-Feira,Dia útil,Leads,2025-04-23,topfunnel_cargos_tech_estatico_v1,38.44,58,3786,11,Cargos_Tecnologia,Estático,4º Lançamento | Leads
5878,2025 | Abril,Quarta-Feira,Dia útil,Leads,2025-04-23,topfunnel_lal1_clientes_estatico_v2,56.38,79,5906,14,LookALike_Clientes_1,Estático,4º Lançamento | Leads
5958,2025 | Abril,Quarta-Feira,Dia útil,Leads,2025-04-23,topfunnel_interesses_programacao_estatico_v3,12.68,20,910,4,Interesses_Programacao,Estático,4º Lançamento | Vendas
1340,2025 | Abril,Quinta-Feira,Dia útil,Leads,2025-04-24,topfunnel_interesses_cloud_estatico_v3,121.16,31,5839,5,Interesses_Cloud,Estático,4º Lançamento | Leads
1492,2025 | Abril,Quinta-Feira,Dia útil,Leads,2025-04-24,topfunnel_lal1_clientes_estatico_v1,44.61,102,4517,21,LookALike_Clientes_1,Estático,4º Lançamento | Leads
1718,2025 | Abril,Quinta-Feira,Dia útil,Leads,2025-04-24,topfunnel_interesses_programacao_video_v2,59.82,114,7187,20,Interesses_Programacao,Video,4º Lançamento | Leads
2364,2025 | Abril,Quinta-Feira,Dia útil,Leads,2025-04-24,midfunnel_rmkt_60d_video_v1,32.08,72,2718,22,Remarketing_60dias,Video,4º Lançamento | Leads
2640,2025 | Abril,Quinta-Feira,Dia útil,Leads,2025-04-24,topfunnel_broad_tech_video_v1,25.75,16,1093,1,Broad_Tecnologia,Video,4º Lançamento | Leads
3279,2025 | Abril,Quinta-Feira,Dia útil,Leads,2025-04-24,topfunnel_lal1_clientes_video_v2,0.00,,0,,LookALike_Clientes_1,Video,4º Lançamento | Leads
3586,2025 | Abril,Quinta-Feira,Dia útil,Leads,2025-04-24,topfunnel_interesses_programacao_video_v2,35.23,48,2793,1,Interesses_Programacao,Video,4º Lançamento | Leads
3686,2025 | Abril,Quinta-Feira,Dia útil,Leads,2025-04-24,midfunnel_rmkt_60d_video_v2,98.44,92,5041,18,Remarketing_60dias,Video,4º Lançamento | Vendas
3802,2025 | Abril,Quinta-Feira,Dia útil,Leads,2025-04-24,midfunnel_rmkt_60d_video_v2,0.00,,0,,Remarketing_60dias,Video,4º Lançamento | Vendas
3983,2025 | Abril,Quinta-Feira,Dia útil,Leads,2025-04-24,topfunnel_lal1_clientes_video_v1,152.46,195,14860,12,LookALike_Clientes_1,Video,4º Lançamento | Vendas
4034,2025 | Abril,Quinta-Feira,Dia útil,Leads,2025-04-24,topfunnel_lal1_clientes_video_v2,41.09,33,3704,8,LookALike_Clientes_1,Video,4º Lançamento | Leads
4705,2025 | Abril,Quinta-Feira,Dia útil,Leads,2025-04-24,topfunnel_interesses_cloud_video_v2,93.94,104,7575,10,Interesses_Cloud,Video,4º Lançamento | Leads
4807,2025 | Abril,Quinta-Feira,Dia útil,Leads,2025-04-24,topfunnel_broad_tech_estatico_v1,21.59,36,1914,1,Broad_Tecnologia,Estático,4º Lançamento | Leads
5160,2025 | Abril,Quinta-Feira,Dia útil,Leads,2025-04-24,topfunnel_cargos_tech_estatico_v2,87.89,71,4760,17,Cargos_Tecnologia,Estático,4º Lançamento | Leads
5910,2025 | Abril,Quinta-Feira,Dia útil,Leads,2025-04-24,topfunnel_lal1_clientes_video_v1,19.58,14,1112,4,LookALike_Clientes_1,Video,4º Lançamento | Leads
1635,2025 | Abril,Sexta-Feira,Dia útil,Leads,2025-04-25,topfunnel_broad_tech_estatico_v2,35.22,49,8470,8,Broad_Tecnologia,Estático,4º Lançamento | Leads
3448,2025 | Abril,Sexta-Feira,Dia útil,Leads,2025-04-25,topfunnel_broad_tech_video_v1,9.93,5,724,,Broad_Tecnologia,Video,4º Lançamento | Leads
3653,2025 | Abril,Sexta-Feira,Dia útil,Leads,2025-04-25,topfunnel_broad_tech_video_v3,28.51,16,2793,2,Broad_Tecnologia,Video,4º Lançamento | Leads
3932,2025 | Abril,Sexta-Feira,Dia útil,Leads,2025-04-25,topfunnel_interesses_cloud_estatico_v2,14.32,26,1067,5,Interesses_Cloud,Estático,4º Lançamento | Leads
3936,2025 | Abril,Sexta-Feira,Dia útil,Leads,2025-04-25,topfunnel_broad_tech_estatico_v1,62.74,318,14208,18,Broad_Tecnologia,Estático,4º Lançamento | Leads
4381,2025 | Abril,Sexta-Feira,Dia útil,Leads,2025-04-25,topfunnel_interesses_programacao_estatico_v3,30.43,27,2262,3,Interesses_Programacao,Estático,4º Lançamento | Leads
4417,2025 | Abril,Sexta-Feira,Dia útil,Leads,2025-04-25,topfunnel_interesses_cloud_estatico_v1,78.41,98,6868,14,Interesses_Cloud,Estático,4º Lançamento | Leads
4486,2025 | Abril,Sexta-Feira,Dia útil,Leads,2025-04-25,topfunnel_broad_tech_estatico_v1,31.36,12,2033,2,Broad_Tecnologia,Estático,4º Lançamento | Leads
4578,2025 | Abril,Sexta-Feira,Dia útil,Awareness,2025-04-25,topfunnel_interesses_cloud_estatico_v1,26.07,31,3594,,Interesses_Cloud,Estático,4º Lançamento | Live
4610,2025 | Abril,Sexta-Feira,Dia útil,Awareness,2025-04-25,midfunnel_rmkt_60d_video_v2,54.24,83,4502,11,Remarketing_60dias,Video,4º Lançamento | Live
4840,2025 | Abril,Sexta-Feira,Dia útil,Leads,2025-04-25,topfunnel_cargos_tech_video_v2,83.21,77,7209,4,Cargos_Tecnologia,Video,4º Lançamento | Leads
5050,2025 | Abril,Sexta-Feira,Dia útil,Awareness,2025-04-25,midfunnel_rmkt_60d_estatico_v1,75.12,44,3626,1,Remarketing_60dias,Estático,4º Lançamento | Live
5632,2025 | Abril,Sexta-Feira,Dia útil,Leads,2025-04-25,topfunnel_broad_tech_estatico_v2,148.31,78,14421,15,Broad_Tecnologia,Estático,4º Lançamento | Leads
5669,2025 | Abril,Sexta-Feira,Dia útil,Leads,2025-04-25,topfunnel_interesses_programacao_estatico_v1,8.97,4,549,1,Interesses_Programacao,Estático,4º Lançamento | Leads
1322,2025 | Abril,Sábado,Final de Semana,Leads,2025-04-26,topfunnel_interesses_programacao_video_v2,34.07,42,2371,8,Interesses_Programacao,Video,4º Lançamento | Leads
2008,2025 | Abril,Sábado,Final de Semana,Leads,2025-04-26,midfunnel_rmkt_60d_estatico_v1,99.02,57,4730,13,Remarketing_60dias,Estático,4º Lançamento | Leads
3330,2025 | Abril,Sábado,Final de Semana,Leads,2025-04-26,midfunnel_rmkt_60d_estatico_v1,14.32,12,1548,2,Remarketing_60dias,Estático,4º Lançamento | Leads
3519,2025 | Abril,Sábado,Final de Semana,Leads,2025-04-26,topfunnel_broad_tech_video_v1,48.40,35,3290,6,Broad_Tecnologia,Video,4º Lançamento | Leads
3522,2025 | Abril,Sábado,Final de Semana,Leads,2025-04-26,topfunnel_lal1_clientes_estatico_v1,9.89,14,840,1,LookALike_Clientes_1,Estático,4º Lançamento | Leads
4438,2025 | Abril,Sábado,Final de Semana,Leads,2025-04-26,topfunnel_lal1_clientes_estatico_v3,156.90,67,7340,4,LookALike_Clientes_1,Estático,4º Lançamento | Leads
4498,2025 | Abril,Sábado,Final de Semana,Leads,2025-04-26,topfunnel_interesses_cloud_estatico_v1,36.85,68,4216,10,Interesses_Cloud,Estático,4º Lançamento | Vendas
4692,2025 | Abril,Sábado,Final de Semana,Leads,2025-04-26,midfunnel_rmkt_60d_video_v2,48.39,80,5123,8,Remarketing_60dias,Video,4º Lançamento | Leads
4888,2025 | Abril,Sábado,Final de Semana,Leads,2025-04-26,topfunnel_interesses_cloud_estatico_v1,19.56,5,1088,1,Interesses_Cloud,Estático,4º Lançamento | Leads
5081,2025 | Abril,Sábado,Final de Semana,Leads,2025-04-26,topfunnel_lal1_clientes_estatico_v1,74.35,36,3394,4,LookALike_Clientes_1,Estático,4º Lançamento | Leads
5504,2025 | Abril,Sábado,Final de Semana,Leads,2025-04-26,topfunnel_interesses_cloud_video_v1,31.65,11,1437,1,Interesses_Cloud,Video,4º Lançamento | Leads
1250,2025 | Abril,Domingo,Final de Semana,Leads,2025-04-27,topfunnel_interesses_programacao_estatico_v1,53.77,132,6027,30,Interesses_Programacao,Estático,4º Lançamento | Leads
1721,2025 | Abril,Domingo,Final de Semana,Leads,2025-04-27,topfunnel_broad_tech_video_v2,16.44,15,883,3,Broad_Tecnologia,Video,4º Lançamento | Leads
2042,2025 | Abril,Domingo,Final de Semana,Leads,2025-04-27,topfunnel_lal1_clientes_video_v1,24.17,16,1354,2,LookALike_Clientes_1,Video,4º Lançamento | Leads
2077,2025 | Abril,Domingo,Final de Semana,Leads,2025-04-27,topfunnel_interesses_programacao_video_v2,13.25,8,646,2,Interesses_Programacao,Video,4º Lançamento | Leads
2130,2025 | Abril,Domingo,Final de Semana,Awareness,2025-04-27,midfunnel_rmkt_60d_video_v2,20.12,16,1050,3,Remarketing_60dias,Video,4º Lançamento | Live
2719,2025 | Abril,Domingo,Final de Semana,Leads,2025-04-27,topfunnel_broad_tech_video_v2,0.00,,0,,Broad_Tecnologia,Video,4º Lançamento | Leads
4897,2025 | Abril,Domingo,Final de Semana,Awareness,2025-04-27,topfunnel_interesses_programacao_estatico_v2,35.96,22,1884,2,Interesses_Programacao,Estático,4º Lançamento | Live
5195,2025 | Abril,Domingo,Final de Semana,Leads,2025-04-27,topfunnel_broad_tech_video_v1,5.79,1,407,,Broad_Tecnologia,Video,4º Lançamento | Leads
2735,2025 | Abril,Segunda-Feira,Dia útil,Leads,2025-04-28,midfunnel_rmkt_60d_video_v2,21.70,38,1286,9,Remarketing_60dias,Video,4º Lançamento | Leads
2822,2025 | Abril,Segunda-Feira,Dia útil,Leads,2025-04-28,topfunnel_broad_tech_estatico_v2,11.87,7,1236,,Broad_Tecnologia,Estático,4º Lançamento | Vendas
2927,2025 | Abril,Segunda-Feira,Dia útil,Leads,2025-04-28,topfunnel_interesses_programacao_video_v2,0.00,,0,,Interesses_Programacao,Video,4º Lançamento | Leads
2960,2025 | Abril,Segunda-Feira,Dia útil,Leads,2025-04-28,topfunnel_broad_tech_estatico_v1,51.90,75,10430,14,Broad_Tecnologia,Estático,4º Lançamento | Leads
3200,2025 | Abril,Segunda-Feira,Dia útil,Leads,2025-04-28,topfunnel_interesses_programacao_estatico_v2,38.34,122,5858,14,Interesses_Programacao,Estático,4º Lançamento | Leads
3216,2025 | Abril,Segunda-Feira,Dia útil,Leads,2025-04-28,topfunnel_cargos_tech_estatico_v2,38.20,44,3476,4,Cargos_Tecnologia,Estático,4º Lançamento | Leads
3707,2025 | Abril,Segunda-Feira,Dia útil,Leads,2025-04-28,midfunnel_rmkt_60d_estatico_v2,31.73,45,2171,11,Remarketing_60dias,Estático,4º Lançamento | Vendas
4073,2025 | Abril,Segunda-Feira,Dia útil,Leads,2025-04-28,topfunnel_lal1_clientes_video_v1,92.30,20,4034,5,LookALike_Clientes_1,Video,4º Lançamento | Leads
4237,2025 | Abril,Segunda-Feira,Dia útil,Leads,2025-04-28,topfunnel_broad_tech_video_v1,16.55,15,1640,,Broad_Tecnologia,Video,4º Lançamento | Leads
4377,2025 | Abril,Segunda-Feira,Dia útil,Leads,2025-04-28,topfunnel_interesses_cloud_estatico_v1,24.51,32,2006,3,Interesses_Cloud,Estático,4º Lançamento | Leads
4397,2025 | Abril,Segunda-Feira,Dia útil,Awareness,2025-04-28,topfunnel_lal1_clientes_estatico_v1,3.73,6,335,,LookALike_Clientes_1,Estático,4º Lançamento | Live
4426,2025 | Abril,Segunda-Feira,Dia útil,Leads,2025-04-28,topfunnel_broad_tech_estatico_v2,111.33,129,9637,28,Broad_Tecnologia,Estático,4º Lançamento | Leads
4909,2025 | Abril,Segunda-Feira,Dia útil,Leads,2025-04-28,topfunnel_broad_tech_estatico_v2,84.90,28,4673,3,Broad_Tecnologia,Estático,4º Lançamento | Leads
1636,2025 | Abril,Terça-Feira,Dia útil,Leads,2025-04-29,topfunnel_interesses_cloud_estatico_v1,30.09,41,2005,8,Interesses_Cloud,Estático,4º Lançamento | Leads
1667,2025 | Abril,Terça-Feira,Dia útil,Awareness,2025-04-29,midfunnel_rmkt_60d_video_v1,0.00,,0,,Remarketing_60dias,Video,4º Lançamento | Live
2093,2025 | Abril,Terça-Feira,Dia útil,Leads,2025-04-29,topfunnel_cargos_tech_estatico_v3,17.23,23,1168,4,Cargos_Tecnologia,Estático,4º Lançamento | Leads
2547,2025 | Abril,Terça-Feira,Dia útil,Leads,2025-04-29,midfunnel_rmkt_60d_video_v1,7.63,4,582,,Remarketing_60dias,Video,4º Lançamento | Vendas
2970,2025 | Abril,Terça-Feira,Dia útil,Leads,2025-04-29,topfunnel_interesses_cloud_estatico_v3,29.21,17,1889,1,Interesses_Cloud,Estático,4º Lançamento | Leads
3564,2025 | Abril,Terça-Feira,Dia útil,Leads,2025-04-29,midfunnel_rmkt_60d_estatico_v1,68.81,88,9083,7,Remarketing_60dias,Estático,4º Lançamento | Leads
4309,2025 | Abril,Terça-Feira,Dia útil,Leads,2025-04-29,topfunnel_broad_tech_estatico_v3,162.91,108,8124,10,Broad_Tecnologia,Estático,4º Lançamento | Leads
4503,2025 | Abril,Terça-Feira,Dia útil,Leads,2025-04-29,topfunnel_lal1_clientes_estatico_v2,58.87,50,3057,3,LookALike_Clientes_1,Estático,4º Lançamento | Vendas
5133,2025 | Abril,Terça-Feira,Dia útil,Leads,2025-04-29,topfunnel_interesses_cloud_video_v1,5.28,2,345,,Interesses_Cloud,Video,4º Lançamento | Leads
5714,2025 | Abril,Terça-Feira,Dia útil,Leads,2025-04-29,topfunnel_interesses_cloud_video_v1,24.84,33,1725,4,Interesses_Cloud,Video,4º Lançamento | Leads
5903,2025 | Abril,Terça-Feira,Dia útil,Leads,2025-04-29,topfunnel_lal1_clientes_estatico_v2,60.52,52,4980,10,LookALike_Clientes_1,Estático,4º Lançamento | Leads
1722,2025 | Abril,Quarta-Feira,Dia útil,Leads,2025-04-30,topfunnel_broad_tech_video_v1,115.39,87,9128,15,Broad_Tecnologia,Video,4º Lançamento | Vendas
1898,2025 | Abril,Quarta-Feira,Dia útil,Leads,2025-04-30,topfunnel_broad_tech_estatico_v1,76.28,48,6276,7,Broad_Tecnologia,Estático,4º Lançamento | Leads
1933,2025 | Abril,Quarta-Feira,Dia útil,Leads,2025-04-30,topfunnel_cargos_tech_video_v2,20.63,43,2060,3,Cargos_Tecnologia,Video,4º Lançamento | Leads
2120,2025 | Abril,Quarta-Feira,Dia útil,Leads,2025-04-30,topfunnel_broad_tech_estatico_v2,57.70,88,6070,10,Broad_Tecnologia,Estático,4º Lançamento | Leads
2268,2025 | Abril,Quarta-Feira,Dia útil,Leads,2025-04-30,midfunnel_rmkt_60d_video_v2,32.06,23,2672,1,Remarketing_60dias,Video,4º Lançamento | Leads
2540,2025 | Abril,Quarta-Feira,Dia útil,Leads,2025-04-30,topfunnel_interesses_programacao_video_v2,27.36,38,2096,5,Interesses_Programacao,Video,4º Lançamento | Leads
2935,2025 | Abril,Quarta-Feira,Dia útil,Leads,2025-04-30,topfunnel_interesses_cloud_estatico_v1,5.86,5,337,,Interesses_Cloud,Estático,4º Lançamento | Leads
3262,2025 | Abril,Quarta-Feira,Dia útil,Leads,2025-04-30,topfunnel_lal1_clientes_estatico_v2,0.00,,0,,LookALike_Clientes_1,Estático,4º Lançamento | Leads
4007,2025 | Abril,Quarta-Feira,Dia útil,Leads,2025-04-30,topfunnel_interesses_cloud_estatico_v1,21.23,13,979,2,Interesses_Cloud,Estático,4º Lançamento | Vendas
4017,2025 | Abril,Quarta-Feira,Dia útil,Leads,2025-04-30,topfunnel_interesses_programacao_video_v2,49.73,44,4315,8,Interesses_Programacao,Video,4º Lançamento | Leads
5006,2025 | Abril,Quarta-Feira,Dia útil,Leads,2025-04-30,topfunnel_broad_tech_video_v1,34.23,36,2737,9,Broad_Tecnologia,Video,4º Lançamento | Leads
5357,2025 | Abril,Quarta-Feira,Dia útil,Leads,2025-04-30,topfunnel_interesses_programacao_estatico_v1,16.91,40,2603,3,Interesses_Programacao,Estático,4º Lançamento | Leads
5815,2025 | Abril,Quarta-Feira,Dia útil,Leads,2025-04-30,midfunnel_rmkt_60d_video_v1,22.84,35,1394,10,Remarketing_60dias,Video,4º Lançamento | Leads
1199,2025 | Maio,Quinta-Feira,Dia útil,Leads,2025-05-01,topfunnel_interesses_programacao_estatico_v1,92.00,85,7331,6,Interesses_Programacao,Estático,5º Lançamento | Leads
1345,2025 | Maio,Quinta-Feira,Dia útil,Leads,2025-05-01,topfunnel_interesses_cloud_video_v1,60.74,105,4925,16,Interesses_Cloud,Video,5º Lançamento | Leads
1393,2025 | Maio,Quinta-Feira,Dia útil,Leads,2025-05-01,topfunnel_interesses_cloud_video_v1,16.93,16,668,3,Interesses_Cloud,Video,5º Lançamento | Leads
1646,2025 | Maio,Quinta-Feira,Dia útil,Leads,2025-05-01,midfunnel_rmkt_60d_video_v1,0.00,,0,,Remarketing_60dias,Video,5º Lançamento | Vendas
2034,2025 | Maio,Quinta-Feira,Dia útil,Leads,2025-05-01,topfunnel_interesses_cloud_video_v1,32.89,34,2359,7,Interesses_Cloud,Video,5º Lançamento | Leads
2352,2025 | Maio,Quinta-Feira,Dia útil,Leads,2025-05-01,topfunnel_lal1_clientes_estatico_v1,34.68,29,2547,3,LookALike_Clientes_1,Estático,5º Lançamento | Leads
2800,2025 | Maio,Quinta-Feira,Dia útil,Leads,2025-05-01,topfunnel_interesses_programacao_estatico_v2,42.20,37,3039,3,Interesses_Programacao,Estático,5º Lançamento | Vendas
3183,2025 | Maio,Quinta-Feira,Dia útil,Leads,2025-05-01,topfunnel_lal1_clientes_video_v1,10.12,5,686,,LookALike_Clientes_1,Video,5º Lançamento | Leads
3503,2025 | Maio,Quinta-Feira,Dia útil,Leads,2025-05-01,topfunnel_interesses_programacao_video_v2,15.28,11,1117,1,Interesses_Programacao,Video,5º Lançamento | Leads
3771,2025 | Maio,Quinta-Feira,Dia útil,Leads,2025-05-01,topfunnel_lal1_clientes_video_v2,73.40,83,6426,7,LookALike_Clientes_1,Video,5º Lançamento | Leads
3785,2025 | Maio,Quinta-Feira,Dia útil,Leads,2025-05-01,midfunnel_rmkt_60d_estatico_v1,0.00,,0,,Remarketing_60dias,Estático,5º Lançamento | Vendas
3856,2025 | Maio,Quinta-Feira,Dia útil,Leads,2025-05-01,topfunnel_interesses_programacao_video_v2,37.78,46,2826,3,Interesses_Programacao,Video,5º Lançamento | Leads
4241,2025 | Maio,Quinta-Feira,Dia útil,Leads,2025-05-01,topfunnel_lal1_clientes_estatico_v1,83.15,88,7255,7,LookALike_Clientes_1,Estático,5º Lançamento | Leads
5386,2025 | Maio,Quinta-Feira,Dia útil,Leads,2025-05-01,topfunnel_lal1_clientes_video_v3,67.72,29,4637,7,LookALike_Clientes_1,Video,5º Lançamento | Leads
5510,2025 | Maio,Quinta-Feira,Dia útil,Leads,2025-05-01,topfunnel_interesses_programacao_video_v2,28.95,50,2322,8,Interesses_Programacao,Video,5º Lançamento | Leads
5523,2025 | Maio,Quinta-Feira,Dia útil,Leads,2025-05-01,topfunnel_broad_tech_video_v1,49.68,11,1846,,Broad_Tecnologia,Video,5º Lançamento | Leads
5647,2025 | Maio,Quinta-Feira,Dia útil,Leads,2025-05-01,topfunnel_broad_tech_estatico_v2,3.14,3,212,,Broad_Tecnologia,Estático,5º Lançamento | Leads
1498,2025 | Maio,Sexta-Feira,Dia útil,Leads,2025-05-02,topfunnel_broad_tech_estatico_v1,27.62,25,1725,5,Broad_Tecnologia,Estático,5º Lançamento | Leads
2017,2025 | Maio,Sexta-Feira,Dia útil,Awareness,2025-05-02,topfunnel_interesses_cloud_video_v2,63.61,32,5494,4,Interesses_Cloud,Video,5º Lançamento | Live
2311,2025 | Maio,Sexta-Feira,Dia útil,Awareness,2025-05-02,topfunnel_broad_tech_video_v1,19.03,59,4009,7,Broad_Tecnologia,Video,5º Lançamento | Live
2343,2025 | Maio,Sexta-Feira,Dia útil,Awareness,2025-05-02,topfunnel_broad_tech_video_v2,13.27,10,643,,Broad_Tecnologia,Video,5º Lançamento | Live
2930,2025 | Maio,Sexta-Feira,Dia útil,Leads,2025-05-02,topfunnel_interesses_cloud_video_v1,34.41,28,2131,2,Interesses_Cloud,Video,5º Lançamento | Leads
3697,2025 | Maio,Sexta-Feira,Dia útil,Leads,2025-05-02,midfunnel_rmkt_60d_estatico_v1,0.00,,0,,Remarketing_60dias,Estático,5º Lançamento | Leads
3917,2025 | Maio,Sexta-Feira,Dia útil,Awareness,2025-05-02,topfunnel_cargos_tech_estatico_v1,74.40,43,3759,2,Cargos_Tecnologia,Estático,5º Lançamento | Live
4058,2025 | Maio,Sexta-Feira,Dia útil,Leads,2025-05-02,topfunnel_interesses_cloud_video_v2,52.19,31,2301,6,Interesses_Cloud,Video,5º Lançamento | Leads
4347,2025 | Maio,Sexta-Feira,Dia útil,Leads,2025-05-02,topfunnel_interesses_programacao_video_v2,47.28,30,2459,7,Interesses_Programacao,Video,5º Lançamento | Leads
5315,2025 | Maio,Sexta-Feira,Dia útil,Leads,2025-05-02,topfunnel_broad_tech_estatico_v3,25.58,15,1147,1,Broad_Tecnologia,Estático,5º Lançamento | Leads
5979,2025 | Maio,Sexta-Feira,Dia útil,Leads,2025-05-02,topfunnel_broad_tech_video_v1,74.96,99,4787,12,Broad_Tecnologia,Video,5º Lançamento | Leads
1862,2025 | Maio,Sábado,Final de Semana,Leads,2025-05-03,topfunnel_broad_tech_estatico_v3,32.60,40,3474,3,Broad_Tecnologia,Estático,5º Lançamento | Leads
1904,2025 | Maio,Sábado,Final de Semana,Leads,2025-05-03,topfunnel_broad_tech_video_v1,12.60,13,769,1,Broad_Tecnologia,Video,5º Lançamento | Leads
1908,2025 | Maio,Sábado,Final de Semana,Leads,2025-05-03,topfunnel_interesses_cloud_estatico_v2,49.31,61,2820,13,Interesses_Cloud,Estático,5º Lançamento | Leads
2356,2025 | Maio,Sábado,Final de Semana,Leads,2025-05-03,topfunnel_broad_tech_estatico_v3,24.25,21,1213,4,Broad_Tecnologia,Estático,5º Lançamento | Leads
2559,2025 | Maio,Sábado,Final de Semana,Leads,2025-05-03,topfunnel_lal1_clientes_estatico_v1,164.56,54,10530,14,LookALike_Clientes_1,Estático,5º Lançamento | Leads
2724,2025 | Maio,Sábado,Final de Semana,Leads,2025-05-03,midfunnel_rmkt_60d_estatico_v1,22.05,18,2070,3,Remarketing_60dias,Estático,5º Lançamento | Leads
2764,2025 | Maio,Sábado,Final de Semana,Leads,2025-05-03,topfunnel_broad_tech_estatico_v1,73.19,99,4955,10,Broad_Tecnologia,Estático,5º Lançamento | Leads
2996,2025 | Maio,Sábado,Final de Semana,Leads,2025-05-03,topfunnel_interesses_programacao_video_v2,49.24,19,2857,6,Interesses_Programacao,Video,5º Lançamento | Leads
4156,2025 | Maio,Sábado,Final de Semana,Leads,2025-05-03,topfunnel_cargos_tech_video_v3,0.00,,0,,Cargos_Tecnologia,Video,5º Lançamento | Vendas
4478,2025 | Maio,Sábado,Final de Semana,Awareness,2025-05-03,topfunnel_interesses_programacao_estatico_v3,23.37,18,1492,2,Interesses_Programacao,Estático,5º Lançamento | Live
5589,2025 | Maio,Sábado,Final de Semana,Leads,2025-05-03,midfunnel_rmkt_60d_video_v1,27.02,47,1707,11,Remarketing_60dias,Video,5º Lançamento | Leads
1167,2025 | Maio,Domingo,Final de Semana,Awareness,2025-05-04,topfunnel_broad_tech_video_v1,3.21,1,282,,Broad_Tecnologia,Video,5º Lançamento | Live
1213,2025 | Maio,Domingo,Final de Semana,Leads,2025-05-04,topfunnel_broad_tech_video_v3,52.68,17,3846,3,Broad_Tecnologia,Video,5º Lançamento | Leads
1281,2025 | Maio,Domingo,Final de Semana,Leads,2025-05-04,topfunnel_interesses_cloud_video_v3,33.38,55,2989,15,Interesses_Cloud,Video,5º Lançamento | Leads
1380,2025 | Maio,Domingo,Final de Semana,Leads,2025-05-04,topfunnel_cargos_tech_estatico_v1,7.84,6,875,,Cargos_Tecnologia,Estático,5º Lançamento | Leads
1576,2025 | Maio,Domingo,Final de Semana,Awareness,2025-05-04,topfunnel_broad_tech_estatico_v1,32.55,23,2008,2,Broad_Tecnologia,Estático,5º Lançamento | Live
1834,2025 | Maio,Domingo,Final de Semana,Leads,2025-05-04,topfunnel_cargos_tech_video_v1,37.04,109,5477,7,Cargos_Tecnologia,Video,5º Lançamento | Leads
2429,2025 | Maio,Domingo,Final de Semana,Leads,2025-05-04,topfunnel_interesses_cloud_estatico_v1,11.80,12,654,2,Interesses_Cloud,Estático,5º Lançamento | Leads
2432,2025 | Maio,Domingo,Final de Semana,Leads,2025-05-04,topfunnel_interesses_programacao_estatico_v2,4.50,1,237,,Interesses_Programacao,Estático,5º Lançamento | Leads
2993,2025 | Maio,Domingo,Final de Semana,Leads,2025-05-04,midfunnel_rmkt_60d_estatico_v1,0.00,,0,,Remarketing_60dias,Estático,5º Lançamento | Leads
3332,2025 | Maio,Domingo,Final de Semana,Leads,2025-05-04,topfunnel_broad_tech_video_v2,49.99,48,3074,7,Broad_Tecnologia,Video,5º Lançamento | Vendas
3370,2025 | Maio,Domingo,Final de Semana,Awareness,2025-05-04,midfunnel_rmkt_60d_estatico_v1,11.09,10,1475,1,Remarketing_60dias,Estático,5º Lançamento | Live
3691,2025 | Maio,Domingo,Final de Semana,Leads,2025-05-04,topfunnel_broad_tech_estatico_v1,63.43,65,8792,9,Broad_Tecnologia,Estático,5º Lançamento | Leads
4178,2025 | Maio,Domingo,Final de Semana,Leads,2025-05-04,topfunnel_interesses_cloud_estatico_v1,24.23,26,1295,3,Interesses_Cloud,Estático,5º Lançamento | Leads
4251,2025 | Maio,Domingo,Final de Semana,Leads,2025-05-04,midfunnel_rmkt_60d_video_v1,47.21,26,3510,2,Remarketing_60dias,Video,5º Lançamento | Leads
4274,2025 | Maio,Domingo,Final de Semana,Leads,2025-05-04,topfunnel_interesses_programacao_video_v1,36.60,129,5691,17,Interesses_Programacao,Video,5º Lançamento | Leads
5121,2025 | Maio,Domingo,Final de Semana,Leads,2025-05-04,midfunnel_rmkt_60d_estatico_v2,47.03,47,3281,3,Remarketing_60dias,Estático,5º Lançamento | Vendas
5230,2025 | Maio,Domingo,Final de Semana,Leads,2025-05-04,topfunnel_broad_tech_video_v1,22.61,22,1471,1,Broad_Tecnologia,Video,5º Lançamento | Leads
5634,2025 | Maio,Domingo,Final de Semana,Leads,2025-05-04,topfunnel_lal1_clientes_estatico_v1,38.19,30,3513,4,LookALike_Clientes_1,Estático,5º Lançamento | Leads
1812,2025 | Maio,Segunda-Feira,Dia útil,Leads,2025-05-05,topfunnel_lal1_clientes_estatico_v2,61.10,136,6140,10,LookALike_Clientes_1,Estático,5º Lançamento | Leads
1915,2025 | Maio,Segunda-Feira,Dia útil,Leads,2025-05-05,midfunnel_rmkt_60d_video_v1,68.24,45,5125,3,Remarketing_60dias,Video,5º Lançamento | Leads
2205,2025 | Maio,Segunda-Feira,Dia útil,Leads,2025-05-05,topfunnel_broad_tech_estatico_v1,131.19,67,8555,7,Broad_Tecnologia,Estático,5º Lançamento | Vendas
2362,2025 | Maio,Segunda-Feira,Dia útil,Leads,2025-05-05,topfunnel_lal1_clientes_estatico_v3,59.53,28,4169,6,LookALike_Clientes_1,Estático,5º Lançamento | Leads
2538,2025 | Maio,Segunda-Feira,Dia útil,Leads,2025-05-05,topfunnel_cargos_tech_video_v3,57.88,39,3309,7,Cargos_Tecnologia,Video,5º Lançamento | Leads
3242,2025 | Maio,Segunda-Feira,Dia útil,Leads,2025-05-05,topfunnel_broad_tech_estatico_v1,3.15,,204,,Broad_Tecnologia,Estático,5º Lançamento | Leads
3299,2025 | Maio,Segunda-Feira,Dia útil,Leads,2025-05-05,topfunnel_cargos_tech_video_v1,32.75,18,2548,2,Cargos_Tecnologia,Video,5º Lançamento | Leads
3572,2025 | Maio,Segunda-Feira,Dia útil,Leads,2025-05-05,midfunnel_rmkt_60d_video_v1,44.32,47,2980,13,Remarketing_60dias,Video,5º Lançamento | Leads
4337,2025 | Maio,Segunda-Feira,Dia útil,Leads,2025-05-05,topfunnel_broad_tech_video_v1,113.65,178,10181,16,Broad_Tecnologia,Video,5º Lançamento | Leads
4579,2025 | Maio,Segunda-Feira,Dia útil,Leads,2025-05-05,topfunnel_interesses_cloud_estatico_v1,47.52,67,4808,12,Interesses_Cloud,Estático,5º Lançamento | Leads
5346,2025 | Maio,Segunda-Feira,Dia útil,Leads,2025-05-05,topfunnel_cargos_tech_estatico_v2,28.39,24,1263,6,Cargos_Tecnologia,Estático,5º Lançamento | Leads
5725,2025 | Maio,Segunda-Feira,Dia útil,Leads,2025-05-05,topfunnel_cargos_tech_video_v2,24.11,35,1414,5,Cargos_Tecnologia,Video,5º Lançamento | Leads
1230,2025 | Maio,Terça-Feira,Dia útil,Leads,2025-05-06,midfunnel_rmkt_60d_video_v2,10.15,8,605,3,Remarketing_60dias,Video,5º Lançamento | Leads
1269,2025 | Maio,Terça-Feira,Dia útil,Leads,2025-05-06,midfunnel_rmkt_60d_estatico_v1,94.02,155,5976,28,Remarketing_60dias,Estático,5º Lançamento | Leads
1323,2025 | Maio,Terça-Feira,Dia útil,Awareness,2025-05-06,topfunnel_cargos_tech_estatico_v2,42.73,18,2623,3,Cargos_Tecnologia,Estático,5º Lançamento | Live
1544,2025 | Maio,Terça-Feira,Dia útil,Leads,2025-05-06,midfunnel_rmkt_60d_video_v3,45.08,41,2358,6,Remarketing_60dias,Video,5º Lançamento | Leads
2233,2025 | Maio,Terça-Feira,Dia útil,Awareness,2025-05-06,topfunnel_broad_tech_video_v1,141.03,275,14355,16,Broad_Tecnologia,Video,5º Lançamento | Live
2424,2025 | Maio,Terça-Feira,Dia útil,Leads,2025-05-06,topfunnel_broad_tech_video_v1,16.01,10,833,,Broad_Tecnologia,Video,5º Lançamento | Vendas
2728,2025 | Maio,Terça-Feira,Dia útil,Leads,2025-05-06,topfunnel_lal1_clientes_video_v1,0.00,,0,,LookALike_Clientes_1,Video,5º Lançamento | Leads
2853,2025 | Maio,Terça-Feira,Dia útil,Leads,2025-05-06,midfunnel_rmkt_60d_estatico_v3,53.87,68,4248,6,Remarketing_60dias,Estático,5º Lançamento | Leads
2953,2025 | Maio,Terça-Feira,Dia útil,Leads,2025-05-06,midfunnel_rmkt_60d_video_v1,99.72,187,11782,29,Remarketing_60dias,Video,5º Lançamento | Vendas
3125,2025 | Maio,Terça-Feira,Dia útil,Leads,2025-05-06,topfunnel_interesses_programacao_video_v1,109.51,247,11915,16,Interesses_Programacao,Video,5º Lançamento | Leads
3544,2025 | Maio,Terça-Feira,Dia útil,Leads,2025-05-06,topfunnel_broad_tech_estatico_v2,22.59,9,1002,1,Broad_Tecnologia,Estático,5º Lançamento | Leads
4029,2025 | Maio,Terça-Feira,Dia útil,Leads,2025-05-06,topfunnel_cargos_tech_estatico_v1,59.77,69,4899,18,Cargos_Tecnologia,Estático,5º Lançamento | Leads
4332,2025 | Maio,Terça-Feira,Dia útil,Leads,2025-05-06,topfunnel_broad_tech_video_v2,144.89,195,9522,39,Broad_Tecnologia,Video,5º Lançamento | Leads
4353,2025 | Maio,Terça-Feira,Dia útil,Awareness,2025-05-06,topfunnel_lal1_clientes_video_v3,68.32,67,4988,6,LookALike_Clientes_1,Video,5º Lançamento | Live
4732,2025 | Maio,Terça-Feira,Dia útil,Leads,2025-05-06,topfunnel_interesses_programacao_video_v1,46.92,62,2977,5,Interesses_Programacao,Video,5º Lançamento | Leads
4884,2025 | Maio,Terça-Feira,Dia útil,Awareness,2025-05-06,topfunnel_broad_tech_estatico_v3,28.55,17,1886,2,Broad_Tecnologia,Estático,5º Lançamento | Live
5182,2025 | Maio,Terça-Feira,Dia útil,Leads,2025-05-06,topfunnel_broad_tech_estatico_v1,194.92,138,10046,16,Broad_Tecnologia,Estático,5º Lançamento | Leads
5677,2025 | Maio,Terça-Feira,Dia útil,Leads,2025-05-06,midfunnel_rmkt_60d_video_v1,24.72,53,2146,2,Remarketing_60dias,Video,5º Lançamento | Vendas
5703,2025 | Maio,Terça-Feira,Dia útil,Leads,2025-05-06,topfunnel_cargos_tech_video_v2,58.31,74,3573,20,Cargos_Tecnologia,Video,5º Lançamento | Leads
5814,2025 | Maio,Terça-Feira,Dia útil,Leads,2025-05-06,topfunnel_interesses_programacao_estatico_v2,50.75,60,3760,3,Interesses_Programacao,Estático,5º Lançamento | Leads
1533,2025 | Maio,Quarta-Feira,Dia útil,Leads,2025-05-07,midfunnel_rmkt_60d_video_v1,33.13,47,2440,12,Remarketing_60dias,Video,5º Lançamento | Leads
1610,2025 | Maio,Quarta-Feira,Dia útil,Leads,2025-05-07,topfunnel_interesses_programacao_video_v2,21.19,24,935,1,Interesses_Programacao,Video,5º Lançamento | Leads
2331,2025 | Maio,Quarta-Feira,Dia útil,Awareness,2025-05-07,topfunnel_lal1_clientes_estatico_v2,25.36,37,2668,4,LookALike_Clientes_1,Estático,5º Lançamento | Live
2335,2025 | Maio,Quarta-Feira,Dia útil,Leads,2025-05-07,topfunnel_interesses_cloud_estatico_v1,29.75,11,1591,1,Interesses_Cloud,Estático,5º Lançamento | Leads
3168,2025 | Maio,Quarta-Feira,Dia útil,Leads,2025-05-07,topfunnel_broad_tech_estatico_v2,114.30,76,8753,9,Broad_Tecnologia,Estático,5º Lançamento | Leads
3999,2025 | Maio,Quarta-Feira,Dia útil,Leads,2025-05-07,topfunnel_broad_tech_video_v1,95.70,52,4122,6,Broad_Tecnologia,Video,5º Lançamento | Leads
5407,2025 | Maio,Quarta-Feira,Dia útil,Leads,2025-05-07,topfunnel_broad_tech_video_v2,20.04,22,1034,1,Broad_Tecnologia,Video,5º Lançamento | Vendas
5446,2025 | Maio,Quarta-Feira,Dia útil,Leads,2025-05-07,topfunnel_interesses_programacao_estatico_v1,31.02,47,2409,3,Interesses_Programacao,Estático,5º Lançamento | Leads
5800,2025 | Maio,Quarta-Feira,Dia útil,Leads,2025-05-07,topfunnel_interesses_programacao_estatico_v2,45.34,16,2378,2,Interesses_Programacao,Estático,5º Lançamento | Leads
5892,2025 | Maio,Quarta-Feira,Dia útil,Leads,2025-05-07,topfunnel_broad_tech_video_v1,58.82,17,3028,2,Broad_Tecnologia,Video,5º Lançamento | Leads
1222,2025 | Maio,Quinta-Feira,Dia útil,Leads,2025-05-08,topfunnel_broad_tech_video_v2,25.04,33,1938,8,Broad_Tecnologia,Video,5º Lançamento | Leads
1783,2025 | Maio,Quinta-Feira,Dia útil,Leads,2025-05-08,midfunnel_rmkt_60d_video_v1,47.34,61,2531,17,Remarketing_60dias,Video,5º Lançamento | Leads
2428,2025 | Maio,Quinta-Feira,Dia útil,Leads,2025-05-08,topfunnel_broad_tech_estatico_v1,84.25,74,5525,10,Broad_Tecnologia,Estático,5º Lançamento | Vendas
2633,2025 | Maio,Quinta-Feira,Dia útil,Awareness,2025-05-08,topfunnel_broad_tech_video_v1,17.75,5,1319,1,Broad_Tecnologia,Video,5º Lançamento | Live
4719,2025 | Maio,Quinta-Feira,Dia útil,Leads,2025-05-08,midfunnel_rmkt_60d_estatico_v2,19.44,31,1688,7,Remarketing_60dias,Estático,5º Lançamento | Leads
4753,2025 | Maio,Quinta-Feira,Dia útil,Leads,2025-05-08,midfunnel_rmkt_60d_video_v1,1.15,1,46,,Remarketing_60dias,Video,5º Lançamento | Leads
4966,2025 | Maio,Quinta-Feira,Dia útil,Leads,2025-05-08,topfunnel_interesses_programacao_estatico_v2,19.94,11,1834,2,Interesses_Programacao,Estático,5º Lançamento | Leads
5031,2025 | Maio,Quinta-Feira,Dia útil,Awareness,2025-05-08,midfunnel_rmkt_60d_video_v2,71.06,32,4209,6,Remarketing_60dias,Video,5º Lançamento | Live
5355,2025 | Maio,Quinta-Feira,Dia útil,Leads,2025-05-08,topfunnel_broad_tech_video_v1,67.78,141,7196,8,Broad_Tecnologia,Video,5º Lançamento | Leads
5456,2025 | Maio,Quinta-Feira,Dia útil,Leads,2025-05-08,midfunnel_rmkt_60d_video_v2,49.28,51,4969,7,Remarketing_60dias,Video,5º Lançamento | Vendas
1025,2025 | Maio,Sexta-Feira,Dia útil,Leads,2025-05-09,topfunnel_interesses_cloud_estatico_v1,158.57,264,12647,42,Interesses_Cloud,Estático,5º Lançamento | Vendas
1607,2025 | Maio,Sexta-Feira,Dia útil,Leads,2025-05-09,topfunnel_broad_tech_estatico_v1,55.17,240,10537,22,Broad_Tecnologia,Estático,5º Lançamento | Leads
1703,2025 | Maio,Sexta-Feira,Dia útil,Leads,2025-05-09,topfunnel_interesses_cloud_video_v1,126.24,53,7511,8,Interesses_Cloud,Video,5º Lançamento | Vendas
1977,2025 | Maio,Sexta-Feira,Dia útil,Leads,2025-05-09,topfunnel_interesses_cloud_video_v2,22.20,26,2831,1,Interesses_Cloud,Video,5º Lançamento | Leads
2136,2025 | Maio,Sexta-Feira,Dia útil,Leads,2025-05-09,midfunnel_rmkt_60d_video_v1,49.85,23,3328,4,Remarketing_60dias,Video,5º Lançamento | Leads
2177,2025 | Maio,Sexta-Feira,Dia útil,Awareness,2025-05-09,topfunnel_broad_tech_video_v1,16.77,12,1429,,Broad_Tecnologia,Video,5º Lançamento | Live
3451,2025 | Maio,Sexta-Feira,Dia útil,Leads,2025-05-09,topfunnel_broad_tech_estatico_v2,18.38,24,1542,1,Broad_Tecnologia,Estático,5º Lançamento | Leads
4046,2025 | Maio,Sexta-Feira,Dia útil,Awareness,2025-05-09,topfunnel_cargos_tech_estatico_v3,12.48,9,727,,Cargos_Tecnologia,Estático,5º Lançamento | Live
4143,2025 | Maio,Sexta-Feira,Dia útil,Leads,2025-05-09,topfunnel_broad_tech_estatico_v3,116.41,110,10196,6,Broad_Tecnologia,Estático,5º Lançamento | Vendas
4339,2025 | Maio,Sexta-Feira,Dia útil,Awareness,2025-05-09,topfunnel_lal1_clientes_video_v2,69.07,54,6448,4,LookALike_Clientes_1,Video,5º Lançamento | Live
4424,2025 | Maio,Sexta-Feira,Dia útil,Leads,2025-05-09,midfunnel_rmkt_60d_estatico_v2,9.16,8,1137,1,Remarketing_60dias,Estático,5º Lançamento | Leads
4546,2025 | Maio,Sexta-Feira,Dia útil,Awareness,2025-05-09,midfunnel_rmkt_60d_video_v1,34.90,48,2584,6,Remarketing_60dias,Video,5º Lançamento | Live
4904,2025 | Maio,Sexta-Feira,Dia útil,Leads,2025-05-09,topfunnel_lal1_clientes_video_v3,31.70,74,3775,13,LookALike_Clientes_1,Video,5º Lançamento | Vendas
5020,2025 | Maio,Sexta-Feira,Dia útil,Leads,2025-05-09,topfunnel_cargos_tech_estatico_v1,61.23,37,3458,7,Cargos_Tecnologia,Estático,5º Lançamento | Leads
5540,2025 | Maio,Sexta-Feira,Dia útil,Leads,2025-05-09,topfunnel_cargos_tech_video_v2,6.81,20,793,6,Cargos_Tecnologia,Video,5º Lançamento | Leads
5997,2025 | Maio,Sexta-Feira,Dia útil,Leads,2025-05-09,topfunnel_broad_tech_estatico_v3,64.91,97,10205,17,Broad_Tecnologia,Estático,5º Lançamento | Vendas
1090,2025 | Maio,Sábado,Final de Semana,Leads,2025-05-10,midfunnel_rmkt_60d_estatico_v2,4.56,4,341,,Remarketing_60dias,Estático,5º Lançamento | Leads
1624,2025 | Maio,Sábado,Final de Semana,Leads,2025-05-10,topfunnel_broad_tech_estatico_v1,23.13,33,1541,1,Broad_Tecnologia,Estático,5º Lançamento | Leads
2630,2025 | Maio,Sábado,Final de Semana,Leads,2025-05-10,topfunnel_broad_tech_video_v1,10.01,13,495,3,Broad_Tecnologia,Video,5º Lançamento | Leads
2954,2025 | Maio,Sábado,Final de Semana,Leads,2025-05-10,topfunnel_interesses_cloud_video_v3,64.39,98,4128,8,Interesses_Cloud,Video,5º Lançamento | Leads
3032,2025 | Maio,Sábado,Final de Semana,Leads,2025-05-10,topfunnel_interesses_programacao_video_v3,44.99,21,3179,2,Interesses_Programacao,Video,5º Lançamento | Leads
3245,2025 | Maio,Sábado,Final de Semana,Leads,2025-05-10,topfunnel_cargos_tech_estatico_v2,36.42,21,1907,3,Cargos_Tecnologia,Estático,5º Lançamento | Leads
4364,2025 | Maio,Sábado,Final de Semana,Leads,2025-05-10,midfunnel_rmkt_60d_estatico_v1,73.82,70,4127,18,Remarketing_60dias,Estático,5º Lançamento | Leads
4472,2025 | Maio,Sábado,Final de Semana,Leads,2025-05-10,topfunnel_interesses_cloud_video_v2,4.25,3,179,1,Interesses_Cloud,Video,5º Lançamento | Leads
1373,2025 | Maio,Domingo,Final de Semana,Leads,2025-05-11,topfunnel_cargos_tech_video_v1,59.91,68,3698,14,Cargos_Tecnologia,Video,5º Lançamento | Leads
1501,2025 | Maio,Domingo,Final de Semana,Leads,2025-05-11,topfunnel_interesses_cloud_video_v1,19.83,8,1121,2,Interesses_Cloud,Video,5º Lançamento | Leads
2500,2025 | Maio,Domingo,Final de Semana,Leads,2025-05-11,topfunnel_broad_tech_estatico_v1,0.00,,0,,Broad_Tecnologia,Estático,5º Lançamento | Leads
2841,2025 | Maio,Domingo,Final de Semana,Leads,2025-05-11,topfunnel_lal1_clientes_video_v3,18.81,27,1183,6,LookALike_Clientes_1,Video,5º Lançamento | Leads
2981,2025 | Maio,Domingo,Final de Semana,Leads,2025-05-11,topfunnel_interesses_cloud_video_v1,26.72,40,1965,8,Interesses_Cloud,Video,5º Lançamento | Leads
3255,2025 | Maio,Domingo,Final de Semana,Leads,2025-05-11,midfunnel_rmkt_60d_estatico_v3,46.16,29,3988,4,Remarketing_60dias,Estático,5º Lançamento | Leads
3569,2025 | Maio,Domingo,Final de Semana,Leads,2025-05-11,topfunnel_interesses_cloud_estatico_v1,79.58,86,5311,4,Interesses_Cloud,Estático,5º Lançamento | Leads
4115,2025 | Maio,Domingo,Final de Semana,Awareness,2025-05-11,topfunnel_broad_tech_video_v1,24.18,9,1212,,Broad_Tecnologia,Video,5º Lançamento | Live
4278,2025 | Maio,Domingo,Final de Semana,Leads,2025-05-11,topfunnel_cargos_tech_video_v1,0.00,,0,,Cargos_Tecnologia,Video,5º Lançamento | Vendas
5072,2025 | Maio,Domingo,Final de Semana,Leads,2025-05-11,topfunnel_lal1_clientes_estatico_v1,18.48,12,2349,3,LookALike_Clientes_1,Estático,5º Lançamento | Leads
5569,2025 | Maio,Domingo,Final de Semana,Leads,2025-05-11,topfunnel_lal1_clientes_estatico_v3,17.26,8,1281,1,LookALike_Clientes_1,Estático,5º Lançamento | Leads
5885,2025 | Maio,Domingo,Final de Semana,Leads,2025-05-11,topfunnel_lal1_clientes_video_v1,83.51,104,3979,25,LookALike_Clientes_1,Video,5º Lançamento | Leads
5924,2025 | Maio,Domingo,Final de Semana,Awareness,2025-05-11,midfunnel_rmkt_60d_video_v2,26.83,35,2021,4,Remarketing_60dias,Video,5º Lançamento | Live
1032,2025 | Maio,Segunda-Feira,Dia útil,Leads,2025-05-12,topfunnel_interesses_cloud_video_v2,48.93,91,3682,22,Interesses_Cloud,Video,5º Lançamento | Leads
1483,2025 | Maio,Segunda-Feira,Dia útil,Leads,2025-05-12,topfunnel_broad_tech_estatico_v2,35.29,91,5013,21,Broad_Tecnologia,Estático,5º Lançamento | Leads
1847,2025 | Maio,Segunda-Feira,Dia útil,Leads,2025-05-12,midfunnel_rmkt_60d_video_v1,65.50,121,4516,28,Remarketing_60dias,Video,5º Lançamento | Vendas
3088,2025 | Maio,Segunda-Feira,Dia útil,Awareness,2025-05-12,topfunnel_broad_tech_video_v2,28.12,40,2203,4,Broad_Tecnologia,Video,5º Lançamento | Live
3108,2025 | Maio,Segunda-Feira,Dia útil,Leads,2025-05-12,topfunnel_broad_tech_video_v2,70.23,101,4297,10,Broad_Tecnologia,Video,5º Lançamento | Leads
3153,2025 | Maio,Segunda-Feira,Dia útil,Leads,2025-05-12,topfunnel_interesses_programacao_video_v3,0.00,,0,,Interesses_Programacao,Video,5º Lançamento | Leads
4618,2025 | Maio,Segunda-Feira,Dia útil,Awareness,2025-05-12,topfunnel_interesses_programacao_video_v1,39.87,31,2267,2,Interesses_Programacao,Video,5º Lançamento | Live
5034,2025 | Maio,Segunda-Feira,Dia útil,Leads,2025-05-12,topfunnel_lal1_clientes_video_v1,102.48,127,9444,23,LookALike_Clientes_1,Video,5º Lançamento | Leads
5876,2025 | Maio,Segunda-Feira,Dia útil,Awareness,2025-05-12,topfunnel_cargos_tech_video_v1,55.78,67,4093,9,Cargos_Tecnologia,Video,5º Lançamento | Live
5966,2025 | Maio,Segunda-Feira,Dia útil,Leads,2025-05-12,topfunnel_interesses_cloud_video_v3,40.28,61,3134,13,Interesses_Cloud,Video,5º Lançamento | Leads
1066,2025 | Maio,Terça-Feira,Dia útil,Awareness,2025-05-13,topfunnel_interesses_programacao_video_v1,9.31,8,615,1,Interesses_Programacao,Video,5º Lançamento | Live
1267,2025 | Maio,Terça-Feira,Dia útil,Leads,2025-05-13,topfunnel_interesses_cloud_video_v1,3.77,8,215,2,Interesses_Cloud,Video,5º Lançamento | Leads
1639,2025 | Maio,Terça-Feira,Dia útil,Leads,2025-05-13,topfunnel_interesses_cloud_video_v3,101.13,124,6661,22,Interesses_Cloud,Video,5º Lançamento | Leads
1700,2025 | Maio,Terça-Feira,Dia útil,Leads,2025-05-13,topfunnel_interesses_programacao_video_v2,6.32,3,358,1,Interesses_Programacao,Video,5º Lançamento | Leads
1803,2025 | Maio,Terça-Feira,Dia útil,Awareness,2025-05-13,topfunnel_interesses_cloud_estatico_v2,28.22,25,2522,4,Interesses_Cloud,Estático,5º Lançamento | Live
2190,2025 | Maio,Terça-Feira,Dia útil,Leads,2025-05-13,topfunnel_interesses_programacao_video_v3,81.45,71,4831,6,Interesses_Programacao,Video,5º Lançamento | Leads
2194,2025 | Maio,Terça-Feira,Dia útil,Leads,2025-05-13,topfunnel_broad_tech_video_v1,68.53,111,6109,21,Broad_Tecnologia,Video,5º Lançamento | Leads
2371,2025 | Maio,Terça-Feira,Dia útil,Leads,2025-05-13,topfunnel_cargos_tech_video_v1,37.24,51,2219,10,Cargos_Tecnologia,Video,5º Lançamento | Leads
2638,2025 | Maio,Terça-Feira,Dia útil,Leads,2025-05-13,topfunnel_interesses_cloud_video_v2,33.13,51,2252,3,Interesses_Cloud,Video,5º Lançamento | Leads
3489,2025 | Maio,Terça-Feira,Dia útil,Leads,2025-05-13,topfunnel_broad_tech_estatico_v1,58.24,47,2358,9,Broad_Tecnologia,Estático,5º Lançamento | Leads
3758,2025 | Maio,Terça-Feira,Dia útil,Leads,2025-05-13,topfunnel_broad_tech_estatico_v3,76.12,103,4824,11,Broad_Tecnologia,Estático,5º Lançamento | Leads
3779,2025 | Maio,Terça-Feira,Dia útil,Leads,2025-05-13,topfunnel_interesses_cloud_estatico_v2,44.36,24,3677,2,Interesses_Cloud,Estático,5º Lançamento | Leads
4248,2025 | Maio,Terça-Feira,Dia útil,Leads,2025-05-13,midfunnel_rmkt_60d_estatico_v1,69.07,43,3112,10,Remarketing_60dias,Estático,5º Lançamento | Leads
4565,2025 | Maio,Terça-Feira,Dia útil,Leads,2025-05-13,midfunnel_rmkt_60d_estatico_v2,48.17,56,8094,4,Remarketing_60dias,Estático,5º Lançamento | Vendas
4856,2025 | Maio,Terça-Feira,Dia útil,Leads,2025-05-13,topfunnel_broad_tech_estatico_v1,4.39,,261,,Broad_Tecnologia,Estático,5º Lançamento | Leads
5517,2025 | Maio,Terça-Feira,Dia útil,Leads,2025-05-13,topfunnel_lal1_clientes_video_v1,11.30,9,754,1,LookALike_Clientes_1,Video,5º Lançamento | Vendas
5701,2025 | Maio,Terça-Feira,Dia útil,Leads,2025-05-13,topfunnel_broad_tech_video_v3,63.50,121,6255,15,Broad_Tecnologia,Video,5º Lançamento | Leads
5772,2025 | Maio,Terça-Feira,Dia útil,Leads,2025-05-13,topfunnel_cargos_tech_video_v2,131.42,154,7592,11,Cargos_Tecnologia,Video,5º Lançamento | Vendas
1309,2025 | Maio,Quarta-Feira,Dia útil,Leads,2025-05-14,topfunnel_interesses_cloud_video_v1,9.62,32,1583,3,Interesses_Cloud,Video,5º Lançamento | Leads
1418,2025 | Maio,Quarta-Feira,Dia útil,Leads,2025-05-14,topfunnel_broad_tech_video_v1,38.88,19,2083,2,Broad_Tecnologia,Video,5º Lançamento | Leads
1804,2025 | Maio,Quarta-Feira,Dia útil,Leads,2025-05-14,topfunnel_broad_tech_estatico_v3,8.24,11,749,3,Broad_Tecnologia,Estático,5º Lançamento | Leads
2383,2025 | Maio,Quarta-Feira,Dia útil,Leads,2025-05-14,midfunnel_rmkt_60d_video_v1,10.28,11,401,,Remarketing_60dias,Video,5º Lançamento | Leads
3117,2025 | Maio,Quarta-Feira,Dia útil,Leads,2025-05-14,topfunnel_interesses_cloud_estatico_v2,60.91,119,9033,23,Interesses_Cloud,Estático,5º Lançamento | Leads
3281,2025 | Maio,Quarta-Feira,Dia útil,Awareness,2025-05-14,topfunnel_broad_tech_video_v3,5.84,2,374,,Broad_Tecnologia,Video,5º Lançamento | Live
3321,2025 | Maio,Quarta-Feira,Dia útil,Leads,2025-05-14,midfunnel_rmkt_60d_estatico_v1,130.76,71,6815,17,Remarketing_60dias,Estático,5º Lançamento | Vendas
3401,2025 | Maio,Quarta-Feira,Dia útil,Leads,2025-05-14,topfunnel_broad_tech_estatico_v1,76.85,90,5280,12,Broad_Tecnologia,Estático,5º Lançamento | Vendas
4065,2025 | Maio,Quarta-Feira,Dia útil,Leads,2025-05-14,topfunnel_interesses_programacao_video_v1,10.90,12,624,2,Interesses_Programacao,Video,5º Lançamento | Leads
4111,2025 | Maio,Quarta-Feira,Dia útil,Leads,2025-05-14,topfunnel_cargos_tech_video_v2,13.36,23,756,5,Cargos_Tecnologia,Video,5º Lançamento | Leads
4230,2025 | Maio,Quarta-Feira,Dia útil,Leads,2025-05-14,topfunnel_interesses_programacao_video_v1,26.36,81,5249,16,Interesses_Programacao,Video,5º Lançamento | Leads
4690,2025 | Maio,Quarta-Feira,Dia útil,Leads,2025-05-14,topfunnel_interesses_cloud_estatico_v3,32.44,29,2081,3,Interesses_Cloud,Estático,5º Lançamento | Vendas
4744,2025 | Maio,Quarta-Feira,Dia útil,Leads,2025-05-14,midfunnel_rmkt_60d_video_v2,57.09,79,3496,10,Remarketing_60dias,Video,5º Lançamento | Leads
4878,2025 | Maio,Quarta-Feira,Dia útil,Leads,2025-05-14,topfunnel_broad_tech_video_v3,18.77,22,1017,2,Broad_Tecnologia,Video,5º Lançamento | Leads
5301,2025 | Maio,Quarta-Feira,Dia útil,Leads,2025-05-14,topfunnel_lal1_clientes_video_v2,176.88,253,8877,50,LookALike_Clientes_1,Video,5º Lançamento | Leads
5419,2025 | Maio,Quarta-Feira,Dia útil,Awareness,2025-05-14,topfunnel_cargos_tech_video_v2,42.68,28,3497,1,Cargos_Tecnologia,Video,5º Lançamento | Live
5853,2025 | Maio,Quarta-Feira,Dia útil,Awareness,2025-05-14,midfunnel_rmkt_60d_video_v1,18.82,9,1535,2,Remarketing_60dias,Video,5º Lançamento | Live
1286,2025 | Maio,Quinta-Feira,Dia útil,Leads,2025-05-15,topfunnel_interesses_programacao_estatico_v2,83.16,78,5866,16,Interesses_Programacao,Estático,5º Lançamento | Leads
1500,2025 | Maio,Quinta-Feira,Dia útil,Leads,2025-05-15,topfunnel_interesses_programacao_video_v2,20.82,12,1132,2,Interesses_Programacao,Video,5º Lançamento | Leads
1851,2025 | Maio,Quinta-Feira,Dia útil,Leads,2025-05-15,topfunnel_interesses_cloud_video_v1,63.81,83,5143,13,Interesses_Cloud,Video,5º Lançamento | Leads
1930,2025 | Maio,Quinta-Feira,Dia útil,Leads,2025-05-15,topfunnel_lal1_clientes_estatico_v3,25.50,31,1547,6,LookALike_Clientes_1,Estático,5º Lançamento | Vendas
2384,2025 | Maio,Quinta-Feira,Dia útil,Awareness,2025-05-15,topfunnel_broad_tech_video_v1,71.38,92,5726,8,Broad_Tecnologia,Video,5º Lançamento | Live
2753,2025 | Maio,Quinta-Feira,Dia útil,Awareness,2025-05-15,topfunnel_interesses_cloud_video_v1,0.00,,0,,Interesses_Cloud,Video,5º Lançamento | Live
2881,2025 | Maio,Quinta-Feira,Dia útil,Leads,2025-05-15,topfunnel_broad_tech_video_v3,24.74,36,1795,6,Broad_Tecnologia,Video,5º Lançamento | Vendas
3106,2025 | Maio,Quinta-Feira,Dia útil,Leads,2025-05-15,topfunnel_interesses_programacao_video_v2,97.41,111,6950,27,Interesses_Programacao,Video,5º Lançamento | Leads
3129,2025 | Maio,Quinta-Feira,Dia útil,Leads,2025-05-15,topfunnel_broad_tech_estatico_v1,0.00,,0,,Broad_Tecnologia,Estático,5º Lançamento | Leads
3468,2025 | Maio,Quinta-Feira,Dia útil,Leads,2025-05-15,midfunnel_rmkt_60d_video_v1,93.96,71,4762,8,Remarketing_60dias,Video,5º Lançamento | Leads
3501,2025 | Maio,Quinta-Feira,Dia útil,Awareness,2025-05-15,midfunnel_rmkt_60d_estatico_v2,6.78,4,487,,Remarketing_60dias,Estático,5º Lançamento | Live
4243,2025 | Maio,Quinta-Feira,Dia útil,Awareness,2025-05-15,topfunnel_interesses_cloud_video_v1,27.05,16,1300,,Interesses_Cloud,Video,5º Lançamento | Live
5052,2025 | Maio,Quinta-Feira,Dia útil,Leads,2025-05-15,topfunnel_cargos_tech_video_v2,20.27,30,1163,6,Cargos_Tecnologia,Video,5º Lançamento | Leads
5362,2025 | Maio,Quinta-Feira,Dia útil,Leads,2025-05-15,midfunnel_rmkt_60d_estatico_v1,56.09,25,4686,6,Remarketing_60dias,Estático,5º Lançamento | Leads
5785,2025 | Maio,Quinta-Feira,Dia útil,Leads,2025-05-15,topfunnel_interesses_programacao_video_v2,162.01,79,12881,18,Interesses_Programacao,Video,5º Lançamento | Leads
1265,2025 | Maio,Sexta-Feira,Dia útil,Leads,2025-05-16,topfunnel_interesses_programacao_estatico_v2,45.56,50,3187,13,Interesses_Programacao,Estático,5º Lançamento | Leads
1318,2025 | Maio,Sexta-Feira,Dia útil,Leads,2025-05-16,topfunnel_interesses_cloud_video_v3,6.75,3,364,,Interesses_Cloud,Video,5º Lançamento | Leads
1448,2025 | Maio,Sexta-Feira,Dia útil,Awareness,2025-05-16,midfunnel_rmkt_60d_estatico_v2,26.28,12,2202,1,Remarketing_60dias,Estático,5º Lançamento | Live
2154,2025 | Maio,Sexta-Feira,Dia útil,Leads,2025-05-16,topfunnel_broad_tech_video_v2,77.70,32,3505,3,Broad_Tecnologia,Video,5º Lançamento | Leads
2271,2025 | Maio,Sexta-Feira,Dia útil,Leads,2025-05-16,topfunnel_broad_tech_video_v1,28.79,53,2277,4,Broad_Tecnologia,Video,5º Lançamento | Vendas
2346,2025 | Maio,Sexta-Feira,Dia útil,Leads,2025-05-16,topfunnel_interesses_programacao_video_v2,67.46,37,3125,5,Interesses_Programacao,Video,5º Lançamento | Leads
2666,2025 | Maio,Sexta-Feira,Dia útil,Leads,2025-05-16,topfunnel_broad_tech_estatico_v2,36.77,24,2258,2,Broad_Tecnologia,Estático,5º Lançamento | Leads
2703,2025 | Maio,Sexta-Feira,Dia útil,Leads,2025-05-16,topfunnel_interesses_cloud_estatico_v2,253.52,200,15104,31,Interesses_Cloud,Estático,5º Lançamento | Vendas
3114,2025 | Maio,Sexta-Feira,Dia útil,Leads,2025-05-16,topfunnel_interesses_cloud_estatico_v1,53.09,114,5090,7,Interesses_Cloud,Estático,5º Lançamento | Leads
3692,2025 | Maio,Sexta-Feira,Dia útil,Leads,2025-05-16,topfunnel_broad_tech_video_v3,32.16,38,2749,5,Broad_Tecnologia,Video,5º Lançamento | Leads
4234,2025 | Maio,Sexta-Feira,Dia útil,Leads,2025-05-16,topfunnel_cargos_tech_video_v1,35.15,39,1661,4,Cargos_Tecnologia,Video,5º Lançamento | Leads
4284,2025 | Maio,Sexta-Feira,Dia útil,Leads,2025-05-16,topfunnel_broad_tech_estatico_v3,20.65,12,1563,1,Broad_Tecnologia,Estático,5º Lançamento | Leads
4351,2025 | Maio,Sexta-Feira,Dia útil,Leads,2025-05-16,topfunnel_interesses_cloud_video_v1,67.57,96,5144,8,Interesses_Cloud,Video,5º Lançamento | Leads
4394,2025 | Maio,Sexta-Feira,Dia útil,Leads,2025-05-16,topfunnel_broad_tech_video_v1,66.74,78,5987,3,Broad_Tecnologia,Video,5º Lançamento | Leads
4708,2025 | Maio,Sexta-Feira,Dia útil,Awareness,2025-05-16,topfunnel_interesses_cloud_video_v1,29.59,11,1560,1,Interesses_Cloud,Video,5º Lançamento | Live
4987,2025 | Maio,Sexta-Feira,Dia útil,Leads,2025-05-16,midfunnel_rmkt_60d_estatico_v1,118.27,170,6901,56,Remarketing_60dias,Estático,5º Lançamento | Leads
5265,2025 | Maio,Sexta-Feira,Dia útil,Leads,2025-05-16,topfunnel_lal1_clientes_video_v1,24.52,10,1765,,LookALike_Clientes_1,Video,5º Lançamento | Leads
5580,2025 | Maio,Sexta-Feira,Dia útil,Leads,2025-05-16,topfunnel_interesses_cloud_video_v1,39.78,38,2475,6,Interesses_Cloud,Video,5º Lançamento | Leads
5730,2025 | Maio,Sexta-Feira,Dia útil,Leads,2025-05-16,topfunnel_lal1_clientes_video_v2,18.23,21,1310,1,LookALike_Clientes_1,Video,5º Lançamento | Leads
5817,2025 | Maio,Sexta-Feira,Dia útil,Leads,2025-05-16,topfunnel_interesses_programacao_video_v1,1.53,1,95,,Interesses_Programacao,Video,5º Lançamento | Leads
1115,2025 | Maio,Sábado,Final de Semana,Leads,2025-05-17,topfunnel_cargos_tech_estatico_v1,13.80,12,1158,2,Cargos_Tecnologia,Estático,5º Lançamento | Leads
1543,2025 | Maio,Sábado,Final de Semana,Awareness,2025-05-17,topfunnel_interesses_programacao_video_v1,31.65,74,5011,10,Interesses_Programacao,Video,5º Lançamento | Live
1983,2025 | Maio,Sábado,Final de Semana,Leads,2025-05-17,topfunnel_lal1_clientes_estatico_v1,41.83,60,2360,13,LookALike_Clientes_1,Estático,5º Lançamento | Leads
2451,2025 | Maio,Sábado,Final de Semana,Leads,2025-05-17,topfunnel_interesses_cloud_video_v1,56.68,96,4448,22,Interesses_Cloud,Video,5º Lançamento | Leads
2497,2025 | Maio,Sábado,Final de Semana,Awareness,2025-05-17,topfunnel_lal1_clientes_estatico_v1,11.32,16,1362,3,LookALike_Clientes_1,Estático,5º Lançamento | Live
3424,2025 | Maio,Sábado,Final de Semana,Leads,2025-05-17,topfunnel_broad_tech_video_v2,23.92,15,1799,3,Broad_Tecnologia,Video,5º Lançamento | Leads
3729,2025 | Maio,Sábado,Final de Semana,Leads,2025-05-17,topfunnel_broad_tech_estatico_v2,27.84,18,1595,5,Broad_Tecnologia,Estático,5º Lançamento | Leads
4268,2025 | Maio,Sábado,Final de Semana,Awareness,2025-05-17,topfunnel_cargos_tech_video_v1,34.08,12,1392,1,Cargos_Tecnologia,Video,5º Lançamento | Live
4277,2025 | Maio,Sábado,Final de Semana,Leads,2025-05-17,midfunnel_rmkt_60d_video_v2,22.88,15,1176,2,Remarketing_60dias,Video,5º Lançamento | Leads
4684,2025 | Maio,Sábado,Final de Semana,Leads,2025-05-17,topfunnel_interesses_cloud_estatico_v1,30.35,57,2625,6,Interesses_Cloud,Estático,5º Lançamento | Leads
5801,2025 | Maio,Sábado,Final de Semana,Leads,2025-05-17,topfunnel_broad_tech_estatico_v3,5.99,5,362,,Broad_Tecnologia,Estático,5º Lançamento | Leads
1719,2025 | Maio,Domingo,Final de Semana,Leads,2025-05-18,topfunnel_lal1_clientes_estatico_v2,63.55,41,3243,4,LookALike_Clientes_1,Estático,5º Lançamento | Leads
1730,2025 | Maio,Domingo,Final de Semana,Leads,2025-05-18,topfunnel_cargos_tech_estatico_v1,47.62,57,3263,10,Cargos_Tecnologia,Estático,5º Lançamento | Leads
1744,2025 | Maio,Domingo,Final de Semana,Awareness,2025-05-18,topfunnel_interesses_programacao_estatico_v3,27.29,24,2227,1,Interesses_Programacao,Estático,5º Lançamento | Live
1852,2025 | Maio,Domingo,Final de Semana,Leads,2025-05-18,topfunnel_interesses_programacao_video_v1,7.50,11,463,2,Interesses_Programacao,Video,5º Lançamento | Leads
2227,2025 | Maio,Domingo,Final de Semana,Leads,2025-05-18,topfunnel_broad_tech_estatico_v1,25.07,20,1303,4,Broad_Tecnologia,Estático,5º Lançamento | Leads
2401,2025 | Maio,Domingo,Final de Semana,Leads,2025-05-18,topfunnel_cargos_tech_video_v1,151.89,156,5990,35,Cargos_Tecnologia,Video,5º Lançamento | Leads
2462,2025 | Maio,Domingo,Final de Semana,Leads,2025-05-18,topfunnel_interesses_programacao_estatico_v2,3.15,2,254,,Interesses_Programacao,Estático,5º Lançamento | Leads
2593,2025 | Maio,Domingo,Final de Semana,Leads,2025-05-18,topfunnel_broad_tech_estatico_v1,6.11,4,458,,Broad_Tecnologia,Estático,5º Lançamento | Leads
3217,2025 | Maio,Domingo,Final de Semana,Leads,2025-05-18,topfunnel_cargos_tech_video_v3,12.88,6,790,,Cargos_Tecnologia,Video,5º Lançamento | Vendas
3290,2025 | Maio,Domingo,Final de Semana,Leads,2025-05-18,topfunnel_lal1_clientes_estatico_v3,40.24,104,6217,26,LookALike_Clientes_1,Estático,5º Lançamento | Leads
3679,2025 | Maio,Domingo,Final de Semana,Leads,2025-05-18,topfunnel_lal1_clientes_estatico_v2,23.77,31,1558,2,LookALike_Clientes_1,Estático,5º Lançamento | Leads
3887,2025 | Maio,Domingo,Final de Semana,Awareness,2025-05-18,topfunnel_broad_tech_estatico_v3,20.21,11,1101,,Broad_Tecnologia,Estático,5º Lançamento | Live
3980,2025 | Maio,Domingo,Final de Semana,Leads,2025-05-18,topfunnel_cargos_tech_estatico_v1,34.33,41,2012,3,Cargos_Tecnologia,Estático,5º Lançamento | Leads
4382,2025 | Maio,Domingo,Final de Semana,Leads,2025-05-18,topfunnel_broad_tech_estatico_v1,38.56,36,2620,5,Broad_Tecnologia,Estático,5º Lançamento | Vendas
4669,2025 | Maio,Domingo,Final de Semana,Leads,2025-05-18,topfunnel_interesses_cloud_video_v1,84.88,36,4233,5,Interesses_Cloud,Video,5º Lançamento | Leads
4695,2025 | Maio,Domingo,Final de Semana,Awareness,2025-05-18,topfunnel_interesses_programacao_estatico_v1,0.00,,0,,Interesses_Programacao,Estático,5º Lançamento | Live
4923,2025 | Maio,Domingo,Final de Semana,Leads,2025-05-18,midfunnel_rmkt_60d_estatico_v2,18.81,51,1974,8,Remarketing_60dias,Estático,5º Lançamento | Leads
5269,2025 | Maio,Domingo,Final de Semana,Leads,2025-05-18,topfunnel_lal1_clientes_estatico_v1,82.47,180,8218,26,LookALike_Clientes_1,Estático,5º Lançamento | Leads
5619,2025 | Maio,Domingo,Final de Semana,Awareness,2025-05-18,topfunnel_lal1_clientes_estatico_v1,0.00,,0,,LookALike_Clientes_1,Estático,5º Lançamento | Live
5629,2025 | Maio,Domingo,Final de Semana,Leads,2025-05-18,topfunnel_broad_tech_video_v1,42.33,88,4295,17,Broad_Tecnologia,Video,5º Lançamento | Leads
5697,2025 | Maio,Domingo,Final de Semana,Leads,2025-05-18,midfunnel_rmkt_60d_video_v3,13.61,22,1176,3,Remarketing_60dias,Video,5º Lançamento | Vendas
1743,2025 | Maio,Segunda-Feira,Dia útil,Leads,2025-05-19,topfunnel_interesses_programacao_video_v2,13.99,13,873,2,Interesses_Programacao,Video,5º Lançamento | Leads
2104,2025 | Maio,Segunda-Feira,Dia útil,Leads,2025-05-19,topfunnel_broad_tech_estatico_v1,47.88,67,3785,2,Broad_Tecnologia,Estático,5º Lançamento | Leads
2347,2025 | Maio,Segunda-Feira,Dia útil,Leads,2025-05-19,topfunnel_cargos_tech_video_v2,50.38,25,4242,3,Cargos_Tecnologia,Video,5º Lançamento | Leads
2859,2025 | Maio,Segunda-Feira,Dia útil,Leads,2025-05-19,topfunnel_interesses_programacao_estatico_v3,13.00,9,1072,1,Interesses_Programacao,Estático,5º Lançamento | Leads
3173,2025 | Maio,Segunda-Feira,Dia útil,Leads,2025-05-19,topfunnel_interesses_cloud_estatico_v2,12.60,3,691,,Interesses_Cloud,Estático,5º Lançamento | Leads
3583,2025 | Maio,Segunda-Feira,Dia útil,Leads,2025-05-19,midfunnel_rmkt_60d_video_v1,38.39,49,2960,5,Remarketing_60dias,Video,5º Lançamento | Leads
3938,2025 | Maio,Segunda-Feira,Dia útil,Leads,2025-05-19,topfunnel_interesses_programacao_video_v3,10.83,6,623,1,Interesses_Programacao,Video,5º Lançamento | Leads
3996,2025 | Maio,Segunda-Feira,Dia útil,Awareness,2025-05-19,topfunnel_interesses_cloud_video_v1,20.01,9,970,,Interesses_Cloud,Video,5º Lançamento | Live
4261,2025 | Maio,Segunda-Feira,Dia útil,Leads,2025-05-19,topfunnel_interesses_cloud_video_v2,0.00,,0,,Interesses_Cloud,Video,5º Lançamento | Leads
4710,2025 | Maio,Segunda-Feira,Dia útil,Leads,2025-05-19,topfunnel_interesses_programacao_estatico_v1,108.92,47,6510,3,Interesses_Programacao,Estático,5º Lançamento | Leads
4943,2025 | Maio,Segunda-Feira,Dia útil,Awareness,2025-05-19,midfunnel_rmkt_60d_video_v3,12.72,6,1020,,Remarketing_60dias,Video,5º Lançamento | Live
5039,2025 | Maio,Segunda-Feira,Dia útil,Leads,2025-05-19,topfunnel_interesses_cloud_estatico_v2,151.92,214,13063,40,Interesses_Cloud,Estático,5º Lançamento | Leads
5193,2025 | Maio,Segunda-Feira,Dia útil,Awareness,2025-05-19,topfunnel_broad_tech_video_v3,15.60,12,1004,,Broad_Tecnologia,Video,5º Lançamento | Live
5447,2025 | Maio,Segunda-Feira,Dia útil,Awareness,2025-05-19,topfunnel_cargos_tech_estatico_v1,22.67,6,1417,1,Cargos_Tecnologia,Estático,5º Lançamento | Live
5620,2025 | Maio,Segunda-Feira,Dia útil,Awareness,2025-05-19,topfunnel_cargos_tech_video_v1,37.47,100,5055,14,Cargos_Tecnologia,Video,5º Lançamento | Live
5927,2025 | Maio,Segunda-Feira,Dia útil,Awareness,2025-05-19,topfunnel_lal1_clientes_estatico_v2,13.48,3,703,,LookALike_Clientes_1,Estático,5º Lançamento | Live
5942,2025 | Maio,Segunda-Feira,Dia útil,Leads,2025-05-19,topfunnel_broad_tech_estatico_v2,31.65,33,2568,2,Broad_Tecnologia,Estático,5º Lançamento | Leads
1333,2025 | Maio,Terça-Feira,Dia útil,Leads,2025-05-20,midfunnel_rmkt_60d_estatico_v1,44.97,33,2907,5,Remarketing_60dias,Estático,5º Lançamento | Leads
1499,2025 | Maio,Terça-Feira,Dia útil,Leads,2025-05-20,topfunnel_lal1_clientes_estatico_v1,61.92,67,5954,10,LookALike_Clientes_1,Estático,5º Lançamento | Leads
1554,2025 | Maio,Terça-Feira,Dia útil,Leads,2025-05-20,topfunnel_interesses_cloud_estatico_v2,12.18,25,1112,3,Interesses_Cloud,Estático,5º Lançamento | Leads
1775,2025 | Maio,Terça-Feira,Dia útil,Leads,2025-05-20,topfunnel_cargos_tech_video_v1,65.79,50,2953,8,Cargos_Tecnologia,Video,5º Lançamento | Leads
2167,2025 | Maio,Terça-Feira,Dia útil,Awareness,2025-05-20,midfunnel_rmkt_60d_video_v3,21.58,10,1059,,Remarketing_60dias,Video,5º Lançamento | Live
2439,2025 | Maio,Terça-Feira,Dia útil,Leads,2025-05-20,topfunnel_interesses_cloud_estatico_v1,50.95,63,3976,11,Interesses_Cloud,Estático,5º Lançamento | Leads
2489,2025 | Maio,Terça-Feira,Dia útil,Leads,2025-05-20,topfunnel_broad_tech_video_v2,24.82,26,1436,3,Broad_Tecnologia,Video,5º Lançamento | Leads
2560,2025 | Maio,Terça-Feira,Dia útil,Leads,2025-05-20,topfunnel_broad_tech_video_v1,16.49,31,1399,6,Broad_Tecnologia,Video,5º Lançamento | Leads
2907,2025 | Maio,Terça-Feira,Dia útil,Leads,2025-05-20,topfunnel_interesses_programacao_estatico_v1,74.77,139,11820,7,Interesses_Programacao,Estático,5º Lançamento | Vendas
3197,2025 | Maio,Terça-Feira,Dia útil,Leads,2025-05-20,topfunnel_interesses_programacao_estatico_v1,36.41,15,3226,1,Interesses_Programacao,Estático,5º Lançamento | Vendas
3291,2025 | Maio,Terça-Feira,Dia útil,Leads,2025-05-20,topfunnel_interesses_cloud_video_v2,76.52,28,4707,5,Interesses_Cloud,Video,5º Lançamento | Leads
3603,2025 | Maio,Terça-Feira,Dia útil,Leads,2025-05-20,topfunnel_broad_tech_video_v2,52.70,76,4773,5,Broad_Tecnologia,Video,5º Lançamento | Vendas
3633,2025 | Maio,Terça-Feira,Dia útil,Leads,2025-05-20,topfunnel_broad_tech_estatico_v1,75.13,34,3025,2,Broad_Tecnologia,Estático,5º Lançamento | Leads
3714,2025 | Maio,Terça-Feira,Dia útil,Awareness,2025-05-20,topfunnel_cargos_tech_video_v2,43.34,9,1911,,Cargos_Tecnologia,Video,5º Lançamento | Live
3884,2025 | Maio,Terça-Feira,Dia útil,Leads,2025-05-20,topfunnel_interesses_programacao_video_v1,51.66,49,2544,7,Interesses_Programacao,Video,5º Lançamento | Leads
4536,2025 | Maio,Terça-Feira,Dia útil,Leads,2025-05-20,midfunnel_rmkt_60d_estatico_v1,71.73,82,4806,28,Remarketing_60dias,Estático,5º Lançamento | Leads
5248,2025 | Maio,Terça-Feira,Dia útil,Leads,2025-05-20,topfunnel_broad_tech_video_v2,6.02,7,558,1,Broad_Tecnologia,Video,5º Lançamento | Leads
1003,2025 | Maio,Quarta-Feira,Dia útil,Leads,2025-05-21,topfunnel_cargos_tech_video_v1,31.46,35,2128,8,Cargos_Tecnologia,Video,5º Lançamento | Leads
1398,2025 | Maio,Quarta-Feira,Dia útil,Awareness,2025-05-21,topfunnel_lal1_clientes_estatico_v1,23.40,21,1196,1,LookALike_Clientes_1,Estático,5º Lançamento | Live
1566,2025 | Maio,Quarta-Feira,Dia útil,Leads,2025-05-21,topfunnel_interesses_cloud_video_v3,56.18,149,6679,12,Interesses_Cloud,Video,5º Lançamento | Leads
1869,2025 | Maio,Quarta-Feira,Dia útil,Leads,2025-05-21,topfunnel_interesses_programacao_video_v3,25.03,30,1563,3,Interesses_Programacao,Video,5º Lançamento | Leads
1927,2025 | Maio,Quarta-Feira,Dia útil,Leads,2025-05-21,topfunnel_lal1_clientes_estatico_v2,66.14,131,6726,18,LookALike_Clientes_1,Estático,5º Lançamento | Vendas
2485,2025 | Maio,Quarta-Feira,Dia útil,Leads,2025-05-21,topfunnel_cargos_tech_video_v1,102.87,304,11522,52,Cargos_Tecnologia,Video,5º Lançamento | Leads
2782,2025 | Maio,Quarta-Feira,Dia útil,Leads,2025-05-21,topfunnel_interesses_programacao_estatico_v3,26.60,29,2164,3,Interesses_Programacao,Estático,5º Lançamento | Leads
3107,2025 | Maio,Quarta-Feira,Dia útil,Leads,2025-05-21,topfunnel_interesses_programacao_video_v1,63.29,98,5849,8,Interesses_Programacao,Video,5º Lançamento | Leads
4134,2025 | Maio,Quarta-Feira,Dia útil,Leads,2025-05-21,topfunnel_cargos_tech_video_v1,31.18,60,3697,7,Cargos_Tecnologia,Video,5º Lançamento | Vendas
4372,2025 | Maio,Quarta-Feira,Dia útil,Leads,2025-05-21,topfunnel_interesses_cloud_video_v1,2.86,2,184,,Interesses_Cloud,Video,5º Lançamento | Leads
4842,2025 | Maio,Quarta-Feira,Dia útil,Leads,2025-05-21,topfunnel_interesses_programacao_estatico_v1,17.18,50,2989,13,Interesses_Programacao,Estático,5º Lançamento | Leads
5065,2025 | Maio,Quarta-Feira,Dia útil,Leads,2025-05-21,topfunnel_interesses_programacao_video_v1,8.24,5,435,,Interesses_Programacao,Video,5º Lançamento | Leads
5090,2025 | Maio,Quarta-Feira,Dia útil,Leads,2025-05-21,topfunnel_interesses_programacao_estatico_v1,33.33,51,2566,5,Interesses_Programacao,Estático,5º Lançamento | Leads
5803,2025 | Maio,Quarta-Feira,Dia útil,Leads,2025-05-21,topfunnel_interesses_cloud_video_v1,9.40,4,646,,Interesses_Cloud,Video,5º Lançamento | Vendas
1022,2025 | Maio,Quinta-Feira,Dia útil,Leads,2025-05-22,midfunnel_rmkt_60d_estatico_v2,43.98,18,2868,3,Remarketing_60dias,Estático,5º Lançamento | Leads
1494,2025 | Maio,Quinta-Feira,Dia útil,Leads,2025-05-22,topfunnel_lal1_clientes_estatico_v2,87.37,54,4890,6,LookALike_Clientes_1,Estático,5º Lançamento | Leads
1693,2025 | Maio,Quinta-Feira,Dia útil,Leads,2025-05-22,topfunnel_broad_tech_estatico_v1,100.02,73,6497,19,Broad_Tecnologia,Estático,5º Lançamento | Leads
2484,2025 | Maio,Quinta-Feira,Dia útil,Leads,2025-05-22,topfunnel_interesses_cloud_video_v2,59.40,27,3396,3,Interesses_Cloud,Video,5º Lançamento | Leads
2562,2025 | Maio,Quinta-Feira,Dia útil,Awareness,2025-05-22,topfunnel_cargos_tech_estatico_v3,75.51,54,8182,6,Cargos_Tecnologia,Estático,5º Lançamento | Live
2694,2025 | Maio,Quinta-Feira,Dia útil,Leads,2025-05-22,topfunnel_cargos_tech_video_v3,46.86,33,2846,6,Cargos_Tecnologia,Video,5º Lançamento | Leads
2866,2025 | Maio,Quinta-Feira,Dia útil,Leads,2025-05-22,topfunnel_broad_tech_video_v3,8.29,10,546,,Broad_Tecnologia,Video,5º Lançamento | Leads
2888,2025 | Maio,Quinta-Feira,Dia útil,Leads,2025-05-22,topfunnel_broad_tech_estatico_v1,68.62,67,2970,15,Broad_Tecnologia,Estático,5º Lançamento | Leads
3295,2025 | Maio,Quinta-Feira,Dia útil,Leads,2025-05-22,midfunnel_rmkt_60d_video_v1,13.60,27,999,2,Remarketing_60dias,Video,5º Lançamento | Leads
3413,2025 | Maio,Quinta-Feira,Dia útil,Leads,2025-05-22,topfunnel_interesses_programacao_video_v3,5.17,6,536,1,Interesses_Programacao,Video,5º Lançamento | Leads
3557,2025 | Maio,Quinta-Feira,Dia útil,Leads,2025-05-22,topfunnel_interesses_cloud_estatico_v1,104.15,125,6496,33,Interesses_Cloud,Estático,5º Lançamento | Leads
4323,2025 | Maio,Quinta-Feira,Dia útil,Leads,2025-05-22,topfunnel_broad_tech_video_v1,21.39,29,1661,1,Broad_Tecnologia,Video,5º Lançamento | Leads
4451,2025 | Maio,Quinta-Feira,Dia útil,Leads,2025-05-22,topfunnel_cargos_tech_estatico_v1,60.60,68,3637,6,Cargos_Tecnologia,Estático,5º Lançamento | Leads
4679,2025 | Maio,Quinta-Feira,Dia útil,Leads,2025-05-22,topfunnel_broad_tech_estatico_v1,42.07,42,2701,3,Broad_Tecnologia,Estático,5º Lançamento | Leads
4848,2025 | Maio,Quinta-Feira,Dia útil,Leads,2025-05-22,topfunnel_lal1_clientes_video_v2,50.68,52,2458,5,LookALike_Clientes_1,Video,5º Lançamento | Leads
4951,2025 | Maio,Quinta-Feira,Dia útil,Leads,2025-05-22,midfunnel_rmkt_60d_video_v2,23.56,22,1714,4,Remarketing_60dias,Video,5º Lançamento | Leads
5530,2025 | Maio,Quinta-Feira,Dia útil,Leads,2025-05-22,topfunnel_interesses_cloud_video_v3,0.00,,0,,Interesses_Cloud,Video,5º Lançamento | Leads
5550,2025 | Maio,Quinta-Feira,Dia útil,Leads,2025-05-22,midfunnel_rmkt_60d_estatico_v2,90.89,189,10385,14,Remarketing_60dias,Estático,5º Lançamento | Leads
5787,2025 | Maio,Quinta-Feira,Dia útil,Leads,2025-05-22,topfunnel_interesses_cloud_estatico_v1,38.02,52,2381,7,Interesses_Cloud,Estático,5º Lançamento | Vendas
1165,2025 | Maio,Sexta-Feira,Dia útil,Leads,2025-05-23,topfunnel_cargos_tech_estatico_v3,14.07,10,1595,1,Cargos_Tecnologia,Estático,5º Lançamento | Vendas
1185,2025 | Maio,Sexta-Feira,Dia útil,Leads,2025-05-23,topfunnel_interesses_cloud_video_v2,7.98,6,449,1,Interesses_Cloud,Video,5º Lançamento | Leads
1686,2025 | Maio,Sexta-Feira,Dia útil,Leads,2025-05-23,midfunnel_rmkt_60d_video_v1,72.19,127,5075,25,Remarketing_60dias,Video,5º Lançamento | Leads
2239,2025 | Maio,Sexta-Feira,Dia útil,Leads,2025-05-23,topfunnel_cargos_tech_video_v1,92.56,40,7170,6,Cargos_Tecnologia,Video,5º Lançamento | Leads
2296,2025 | Maio,Sexta-Feira,Dia útil,Leads,2025-05-23,topfunnel_broad_tech_video_v1,78.48,86,4586,16,Broad_Tecnologia,Video,5º Lançamento | Leads
2471,2025 | Maio,Sexta-Feira,Dia útil,Leads,2025-05-23,topfunnel_interesses_cloud_video_v2,10.94,14,818,,Interesses_Cloud,Video,5º Lançamento | Leads
4272,2025 | Maio,Sexta-Feira,Dia útil,Leads,2025-05-23,topfunnel_cargos_tech_estatico_v1,42.66,49,2635,7,Cargos_Tecnologia,Estático,5º Lançamento | Vendas
4851,2025 | Maio,Sexta-Feira,Dia útil,Awareness,2025-05-23,topfunnel_interesses_cloud_video_v2,25.22,7,1168,,Interesses_Cloud,Video,5º Lançamento | Live
5035,2025 | Maio,Sexta-Feira,Dia útil,Leads,2025-05-23,topfunnel_interesses_programacao_video_v3,64.94,69,4118,13,Interesses_Programacao,Video,5º Lançamento | Leads
5113,2025 | Maio,Sexta-Feira,Dia útil,Leads,2025-05-23,topfunnel_lal1_clientes_estatico_v1,15.37,7,881,,LookALike_Clientes_1,Estático,5º Lançamento | Leads
5117,2025 | Maio,Sexta-Feira,Dia útil,Leads,2025-05-23,topfunnel_broad_tech_video_v1,11.77,6,718,1,Broad_Tecnologia,Video,5º Lançamento | Vendas
5137,2025 | Maio,Sexta-Feira,Dia útil,Leads,2025-05-23,topfunnel_interesses_cloud_estatico_v2,83.69,134,9484,29,Interesses_Cloud,Estático,5º Lançamento | Leads
5206,2025 | Maio,Sexta-Feira,Dia útil,Leads,2025-05-23,topfunnel_interesses_cloud_estatico_v1,44.09,21,2605,3,Interesses_Cloud,Estático,5º Lançamento | Leads
5548,2025 | Maio,Sexta-Feira,Dia útil,Leads,2025-05-23,topfunnel_cargos_tech_video_v1,51.76,120,5496,10,Cargos_Tecnologia,Video,5º Lançamento | Vendas
5794,2025 | Maio,Sexta-Feira,Dia útil,Leads,2025-05-23,topfunnel_interesses_cloud_video_v2,19.32,22,1014,1,Interesses_Cloud,Video,5º Lançamento | Leads
1341,2025 | Maio,Sábado,Final de Semana,Leads,2025-05-24,topfunnel_interesses_programacao_video_v2,24.00,26,1183,2,Interesses_Programacao,Video,5º Lançamento | Leads
1881,2025 | Maio,Sábado,Final de Semana,Leads,2025-05-24,topfunnel_cargos_tech_video_v2,56.25,59,2641,15,Cargos_Tecnologia,Video,5º Lançamento | Leads
1886,2025 | Maio,Sábado,Final de Semana,Leads,2025-05-24,topfunnel_interesses_programacao_video_v2,63.41,61,3380,11,Interesses_Programacao,Video,5º Lançamento | Vendas
1951,2025 | Maio,Sábado,Final de Semana,Leads,2025-05-24,topfunnel_broad_tech_estatico_v2,60.31,83,3914,15,Broad_Tecnologia,Estático,5º Lançamento | Vendas
2453,2025 | Maio,Sábado,Final de Semana,Leads,2025-05-24,topfunnel_cargos_tech_video_v2,11.32,7,559,1,Cargos_Tecnologia,Video,5º Lançamento | Leads
2880,2025 | Maio,Sábado,Final de Semana,Leads,2025-05-24,topfunnel_interesses_programacao_video_v3,37.78,17,1494,3,Interesses_Programacao,Video,5º Lançamento | Leads
3436,2025 | Maio,Sábado,Final de Semana,Leads,2025-05-24,topfunnel_interesses_programacao_video_v1,51.32,68,3125,7,Interesses_Programacao,Video,5º Lançamento | Leads
3721,2025 | Maio,Sábado,Final de Semana,Leads,2025-05-24,topfunnel_interesses_programacao_video_v1,51.54,157,6885,15,Interesses_Programacao,Video,5º Lançamento | Vendas
3752,2025 | Maio,Sábado,Final de Semana,Leads,2025-05-24,topfunnel_lal1_clientes_estatico_v2,91.47,221,11928,33,LookALike_Clientes_1,Estático,5º Lançamento | Leads
4047,2025 | Maio,Sábado,Final de Semana,Leads,2025-05-24,topfunnel_lal1_clientes_estatico_v1,32.18,15,1832,3,LookALike_Clientes_1,Estático,5º Lançamento | Leads
4050,2025 | Maio,Sábado,Final de Semana,Leads,2025-05-24,topfunnel_broad_tech_estatico_v3,62.91,39,5610,10,Broad_Tecnologia,Estático,5º Lançamento | Leads
4992,2025 | Maio,Sábado,Final de Semana,Leads,2025-05-24,midfunnel_rmkt_60d_estatico_v3,24.56,33,1271,8,Remarketing_60dias,Estático,5º Lançamento | Leads
5142,2025 | Maio,Sábado,Final de Semana,Awareness,2025-05-24,topfunnel_interesses_cloud_estatico_v2,6.73,9,841,,Interesses_Cloud,Estático,5º Lançamento | Live
2476,2025 | Maio,Domingo,Final de Semana,Leads,2025-05-25,midfunnel_rmkt_60d_video_v1,21.51,19,1237,1,Remarketing_60dias,Video,5º Lançamento | Leads
2646,2025 | Maio,Domingo,Final de Semana,Awareness,2025-05-25,midfunnel_rmkt_60d_video_v1,44.81,37,2633,7,Remarketing_60dias,Video,5º Lançamento | Live
2932,2025 | Maio,Domingo,Final de Semana,Leads,2025-05-25,topfunnel_broad_tech_estatico_v1,42.03,26,3074,6,Broad_Tecnologia,Estático,5º Lançamento | Leads
3157,2025 | Maio,Domingo,Final de Semana,Leads,2025-05-25,midfunnel_rmkt_60d_estatico_v1,31.42,21,2491,2,Remarketing_60dias,Estático,5º Lançamento | Vendas
3885,2025 | Maio,Domingo,Final de Semana,Leads,2025-05-25,topfunnel_broad_tech_estatico_v2,140.12,90,13306,13,Broad_Tecnologia,Estático,5º Lançamento | Vendas
3888,2025 | Maio,Domingo,Final de Semana,Leads,2025-05-25,topfunnel_broad_tech_video_v1,35.25,22,1674,5,Broad_Tecnologia,Video,5º Lançamento | Leads
3952,2025 | Maio,Domingo,Final de Semana,Leads,2025-05-25,midfunnel_rmkt_60d_estatico_v1,21.28,19,1164,4,Remarketing_60dias,Estático,5º Lançamento | Leads
4097,2025 | Maio,Domingo,Final de Semana,Awareness,2025-05-25,midfunnel_rmkt_60d_video_v1,54.81,50,4546,4,Remarketing_60dias,Video,5º Lançamento | Live
4409,2025 | Maio,Domingo,Final de Semana,Leads,2025-05-25,topfunnel_broad_tech_estatico_v1,21.59,24,1961,4,Broad_Tecnologia,Estático,5º Lançamento | Leads
4420,2025 | Maio,Domingo,Final de Semana,Awareness,2025-05-25,topfunnel_interesses_programacao_estatico_v1,15.00,8,695,,Interesses_Programacao,Estático,5º Lançamento | Live
4528,2025 | Maio,Domingo,Final de Semana,Leads,2025-05-25,midfunnel_rmkt_60d_video_v2,20.47,25,1159,4,Remarketing_60dias,Video,5º Lançamento | Leads
4945,2025 | Maio,Domingo,Final de Semana,Leads,2025-05-25,midfunnel_rmkt_60d_video_v1,114.94,232,8216,20,Remarketing_60dias,Video,5º Lançamento | Leads
5024,2025 | Maio,Domingo,Final de Semana,Awareness,2025-05-25,topfunnel_cargos_tech_video_v2,33.11,29,2306,5,Cargos_Tecnologia,Video,5º Lançamento | Live
5109,2025 | Maio,Domingo,Final de Semana,Leads,2025-05-25,midfunnel_rmkt_60d_estatico_v1,23.45,33,1430,5,Remarketing_60dias,Estático,5º Lançamento | Leads
5169,2025 | Maio,Domingo,Final de Semana,Leads,2025-05-25,topfunnel_broad_tech_estatico_v3,23.88,34,2791,5,Broad_Tecnologia,Estático,5º Lançamento | Leads
5519,2025 | Maio,Domingo,Final de Semana,Awareness,2025-05-25,midfunnel_rmkt_60d_video_v1,18.02,21,1270,1,Remarketing_60dias,Video,5º Lançamento | Live
5745,2025 | Maio,Domingo,Final de Semana,Awareness,2025-05-25,topfunnel_lal1_clientes_video_v1,31.93,47,2253,5,LookALike_Clientes_1,Video,5º Lançamento | Live
5783,2025 | Maio,Domingo,Final de Semana,Leads,2025-05-25,topfunnel_cargos_tech_estatico_v1,94.37,60,7017,12,Cargos_Tecnologia,Estático,5º Lançamento | Leads
3420,2025 | Maio,Segunda-Feira,Dia útil,Leads,2025-05-26,midfunnel_rmkt_60d_video_v2,86.59,101,6547,25,Remarketing_60dias,Video,5º Lançamento | Vendas
3831,2025 | Maio,Segunda-Feira,Dia útil,Awareness,2025-05-26,midfunnel_rmkt_60d_estatico_v2,20.26,25,1449,,Remarketing_60dias,Estático,5º Lançamento | Live
4014,2025 | Maio,Segunda-Feira,Dia útil,Leads,2025-05-26,topfunnel_interesses_programacao_estatico_v2,62.61,43,3257,4,Interesses_Programacao,Estático,5º Lançamento | Leads
4221,2025 | Maio,Segunda-Feira,Dia útil,Leads,2025-05-26,topfunnel_lal1_clientes_video_v3,69.39,89,4800,20,LookALike_Clientes_1,Video,5º Lançamento | Vendas
4423,2025 | Maio,Segunda-Feira,Dia útil,Leads,2025-05-26,midfunnel_rmkt_60d_estatico_v1,40.00,55,2847,9,Remarketing_60dias,Estático,5º Lançamento | Leads
5062,2025 | Maio,Segunda-Feira,Dia útil,Leads,2025-05-26,topfunnel_lal1_clientes_video_v2,0.00,,0,,LookALike_Clientes_1,Video,5º Lançamento | Leads
5220,2025 | Maio,Segunda-Feira,Dia útil,Leads,2025-05-26,topfunnel_interesses_cloud_video_v1,44.71,43,3196,3,Interesses_Cloud,Video,5º Lançamento | Vendas
5328,2025 | Maio,Segunda-Feira,Dia útil,Leads,2025-05-26,topfunnel_broad_tech_video_v3,76.14,68,9923,11,Broad_Tecnologia,Video,5º Lançamento | Leads
5585,2025 | Maio,Segunda-Feira,Dia útil,Awareness,2025-05-26,midfunnel_rmkt_60d_video_v2,59.32,39,3464,4,Remarketing_60dias,Video,5º Lançamento | Live
5825,2025 | Maio,Segunda-Feira,Dia útil,Leads,2025-05-26,midfunnel_rmkt_60d_video_v2,43.10,42,2416,9,Remarketing_60dias,Video,5º Lançamento | Leads
1056,2025 | Maio,Terça-Feira,Dia útil,Leads,2025-05-27,topfunnel_interesses_programacao_estatico_v1,61.58,43,3426,5,Interesses_Programacao,Estático,5º Lançamento | Leads
1226,2025 | Maio,Terça-Feira,Dia útil,Leads,2025-05-27,midfunnel_rmkt_60d_estatico_v1,123.03,263,9539,30,Remarketing_60dias,Estático,5º Lançamento | Leads
1343,2025 | Maio,Terça-Feira,Dia útil,Leads,2025-05-27,topfunnel_interesses_cloud_estatico_v2,67.03,143,6663,30,Interesses_Cloud,Estático,5º Lançamento | Vendas
1351,2025 | Maio,Terça-Feira,Dia útil,Leads,2025-05-27,topfunnel_cargos_tech_video_v2,2.60,6,242,2,Cargos_Tecnologia,Video,5º Lançamento | Leads
1594,2025 | Maio,Terça-Feira,Dia útil,Leads,2025-05-27,topfunnel_broad_tech_video_v1,0.00,,0,,Broad_Tecnologia,Video,5º Lançamento | Leads
1660,2025 | Maio,Terça-Feira,Dia útil,Leads,2025-05-27,topfunnel_interesses_programacao_video_v1,12.71,13,948,,Interesses_Programacao,Video,5º Lançamento | Leads
2209,2025 | Maio,Terça-Feira,Dia útil,Leads,2025-05-27,topfunnel_broad_tech_estatico_v2,128.19,59,9947,4,Broad_Tecnologia,Estático,5º Lançamento | Vendas
2819,2025 | Maio,Terça-Feira,Dia útil,Leads,2025-05-27,topfunnel_cargos_tech_estatico_v1,29.12,9,2018,,Cargos_Tecnologia,Estático,5º Lançamento | Leads
3238,2025 | Maio,Terça-Feira,Dia útil,Leads,2025-05-27,topfunnel_interesses_programacao_estatico_v2,21.47,4,937,,Interesses_Programacao,Estático,5º Lançamento | Leads
3239,2025 | Maio,Terça-Feira,Dia útil,Leads,2025-05-27,topfunnel_broad_tech_estatico_v1,25.48,15,2088,2,Broad_Tecnologia,Estático,5º Lançamento | Leads
3415,2025 | Maio,Terça-Feira,Dia útil,Leads,2025-05-27,topfunnel_interesses_cloud_estatico_v2,44.00,42,3244,6,Interesses_Cloud,Estático,5º Lançamento | Leads
3491,2025 | Maio,Terça-Feira,Dia útil,Awareness,2025-05-27,topfunnel_broad_tech_video_v3,23.55,18,1393,1,Broad_Tecnologia,Video,5º Lançamento | Live
3801,2025 | Maio,Terça-Feira,Dia útil,Leads,2025-05-27,topfunnel_broad_tech_video_v1,67.20,113,7705,12,Broad_Tecnologia,Video,5º Lançamento | Leads
3811,2025 | Maio,Terça-Feira,Dia útil,Leads,2025-05-27,topfunnel_cargos_tech_estatico_v2,6.18,8,343,,Cargos_Tecnologia,Estático,5º Lançamento | Leads
4060,2025 | Maio,Terça-Feira,Dia útil,Leads,2025-05-27,topfunnel_lal1_clientes_video_v1,0.00,,0,,LookALike_Clientes_1,Video,5º Lançamento | Leads
5140,2025 | Maio,Terça-Feira,Dia útil,Awareness,2025-05-27,topfunnel_interesses_cloud_video_v1,39.73,25,4249,2,Interesses_Cloud,Video,5º Lançamento | Live
5366,2025 | Maio,Terça-Feira,Dia útil,Leads,2025-05-27,midfunnel_rmkt_60d_estatico_v1,24.81,135,5584,18,Remarketing_60dias,Estático,5º Lançamento | Leads
5557,2025 | Maio,Terça-Feira,Dia útil,Leads,2025-05-27,topfunnel_interesses_cloud_video_v2,92.89,80,5091,8,Interesses_Cloud,Video,5º Lançamento | Leads
1131,2025 | Maio,Quarta-Feira,Dia útil,Leads,2025-05-28,topfunnel_interesses_cloud_video_v1,92.98,74,8142,14,Interesses_Cloud,Video,5º Lançamento | Leads
1529,2025 | Maio,Quarta-Feira,Dia útil,Leads,2025-05-28,midfunnel_rmkt_60d_estatico_v2,52.32,34,4769,11,Remarketing_60dias,Estático,5º Lançamento | Leads
1827,2025 | Maio,Quarta-Feira,Dia útil,Leads,2025-05-28,topfunnel_lal1_clientes_estatico_v3,9.09,9,813,2,LookALike_Clientes_1,Estático,5º Lançamento | Leads
2089,2025 | Maio,Quarta-Feira,Dia útil,Awareness,2025-05-28,topfunnel_interesses_cloud_video_v1,62.64,33,4565,4,Interesses_Cloud,Video,5º Lançamento | Live
2288,2025 | Maio,Quarta-Feira,Dia útil,Leads,2025-05-28,topfunnel_broad_tech_estatico_v1,5.99,2,344,1,Broad_Tecnologia,Estático,5º Lançamento | Vendas
2388,2025 | Maio,Quarta-Feira,Dia útil,Leads,2025-05-28,topfunnel_broad_tech_video_v2,10.03,12,541,1,Broad_Tecnologia,Video,5º Lançamento | Vendas
3078,2025 | Maio,Quarta-Feira,Dia útil,Leads,2025-05-28,topfunnel_interesses_programacao_estatico_v1,23.78,27,1320,7,Interesses_Programacao,Estático,5º Lançamento | Leads
3194,2025 | Maio,Quarta-Feira,Dia útil,Leads,2025-05-28,topfunnel_broad_tech_video_v1,113.45,206,10069,36,Broad_Tecnologia,Video,5º Lançamento | Leads
3764,2025 | Maio,Quarta-Feira,Dia útil,Leads,2025-05-28,topfunnel_broad_tech_video_v1,86.59,72,4852,4,Broad_Tecnologia,Video,5º Lançamento | Leads
4124,2025 | Maio,Quarta-Feira,Dia útil,Leads,2025-05-28,topfunnel_broad_tech_estatico_v2,62.14,87,3582,20,Broad_Tecnologia,Estático,5º Lançamento | Leads
5005,2025 | Maio,Quarta-Feira,Dia útil,Leads,2025-05-28,topfunnel_interesses_programacao_estatico_v2,15.28,14,887,,Interesses_Programacao,Estático,5º Lançamento | Leads
5125,2025 | Maio,Quarta-Feira,Dia útil,Leads,2025-05-28,topfunnel_interesses_programacao_video_v3,77.85,25,4324,4,Interesses_Programacao,Video,5º Lançamento | Leads
5711,2025 | Maio,Quarta-Feira,Dia útil,Leads,2025-05-28,topfunnel_interesses_cloud_estatico_v1,47.99,79,4262,14,Interesses_Cloud,Estático,5º Lançamento | Leads
1163,2025 | Maio,Quinta-Feira,Dia útil,Awareness,2025-05-29,topfunnel_interesses_programacao_video_v1,21.39,25,1369,1,Interesses_Programacao,Video,5º Lançamento | Live
1220,2025 | Maio,Quinta-Feira,Dia útil,Leads,2025-05-29,topfunnel_lal1_clientes_video_v1,21.42,28,1625,1,LookALike_Clientes_1,Video,5º Lançamento | Leads
1347,2025 | Maio,Quinta-Feira,Dia útil,Leads,2025-05-29,topfunnel_lal1_clientes_video_v2,46.54,155,5872,29,LookALike_Clientes_1,Video,5º Lançamento | Leads
1685,2025 | Maio,Quinta-Feira,Dia útil,Leads,2025-05-29,topfunnel_cargos_tech_estatico_v1,25.21,41,2144,3,Cargos_Tecnologia,Estático,5º Lançamento | Leads
1878,2025 | Maio,Quinta-Feira,Dia útil,Leads,2025-05-29,midfunnel_rmkt_60d_estatico_v1,26.04,49,2052,12,Remarketing_60dias,Estático,5º Lançamento | Leads
2249,2025 | Maio,Quinta-Feira,Dia útil,Leads,2025-05-29,midfunnel_rmkt_60d_estatico_v1,24.87,26,1413,7,Remarketing_60dias,Estático,5º Lançamento | Leads
2481,2025 | Maio,Quinta-Feira,Dia útil,Leads,2025-05-29,midfunnel_rmkt_60d_video_v2,18.58,9,998,1,Remarketing_60dias,Video,5º Lançamento | Leads
2951,2025 | Maio,Quinta-Feira,Dia útil,Leads,2025-05-29,topfunnel_interesses_programacao_video_v3,8.10,10,614,2,Interesses_Programacao,Video,5º Lançamento | Leads
2999,2025 | Maio,Quinta-Feira,Dia útil,Leads,2025-05-29,topfunnel_interesses_programacao_estatico_v1,63.10,34,4288,9,Interesses_Programacao,Estático,5º Lançamento | Leads
3267,2025 | Maio,Quinta-Feira,Dia útil,Leads,2025-05-29,topfunnel_lal1_clientes_video_v2,16.40,17,993,4,LookALike_Clientes_1,Video,5º Lançamento | Leads
3480,2025 | Maio,Quinta-Feira,Dia útil,Leads,2025-05-29,topfunnel_broad_tech_video_v1,33.33,19,2340,4,Broad_Tecnologia,Video,5º Lançamento | Leads
3482,2025 | Maio,Quinta-Feira,Dia útil,Awareness,2025-05-29,topfunnel_interesses_cloud_video_v2,54.18,24,2670,1,Interesses_Cloud,Video,5º Lançamento | Live
3833,2025 | Maio,Quinta-Feira,Dia útil,Leads,2025-05-29,topfunnel_interesses_programacao_estatico_v1,0.00,,0,,Interesses_Programacao,Estático,5º Lançamento | Leads
4012,2025 | Maio,Quinta-Feira,Dia útil,Leads,2025-05-29,topfunnel_interesses_programacao_video_v1,24.21,39,1668,10,Interesses_Programacao,Video,5º Lançamento | Leads
4028,2025 | Maio,Quinta-Feira,Dia útil,Leads,2025-05-29,topfunnel_interesses_programacao_estatico_v2,62.95,80,7140,19,Interesses_Programacao,Estático,5º Lançamento | Leads
4138,2025 | Maio,Quinta-Feira,Dia útil,Leads,2025-05-29,topfunnel_interesses_cloud_video_v3,16.03,18,865,3,Interesses_Cloud,Video,5º Lançamento | Leads
4991,2025 | Maio,Quinta-Feira,Dia útil,Leads,2025-05-29,topfunnel_cargos_tech_estatico_v1,35.78,48,1953,9,Cargos_Tecnologia,Estático,5º Lançamento | Leads
5032,2025 | Maio,Quinta-Feira,Dia útil,Awareness,2025-05-29,topfunnel_interesses_cloud_video_v1,28.63,38,2133,4,Interesses_Cloud,Video,5º Lançamento | Live
5074,2025 | Maio,Quinta-Feira,Dia útil,Awareness,2025-05-29,topfunnel_cargos_tech_video_v2,93.83,43,4944,4,Cargos_Tecnologia,Video,5º Lançamento | Live
5518,2025 | Maio,Quinta-Feira,Dia útil,Leads,2025-05-29,topfunnel_lal1_clientes_video_v1,78.32,103,6681,17,LookALike_Clientes_1,Video,5º Lançamento | Leads
5562,2025 | Maio,Quinta-Feira,Dia útil,Leads,2025-05-29,topfunnel_interesses_cloud_video_v2,43.69,131,8886,22,Interesses_Cloud,Video,5º Lançamento | Leads
1634,2025 | Maio,Sexta-Feira,Dia útil,Leads,2025-05-30,topfunnel_broad_tech_video_v2,96.81,114,6248,17,Broad_Tecnologia,Video,5º Lançamento | Vendas
1859,2025 | Maio,Sexta-Feira,Dia útil,Leads,2025-05-30,topfunnel_broad_tech_video_v2,24.80,22,1581,5,Broad_Tecnologia,Video,5º Lançamento | Leads
1938,2025 | Maio,Sexta-Feira,Dia útil,Leads,2025-05-30,midfunnel_rmkt_60d_estatico_v1,46.56,51,2058,16,Remarketing_60dias,Estático,5º Lançamento | Leads
2796,2025 | Maio,Sexta-Feira,Dia útil,Leads,2025-05-30,topfunnel_broad_tech_estatico_v1,21.67,5,1475,1,Broad_Tecnologia,Estático,5º Lançamento | Leads
3269,2025 | Maio,Sexta-Feira,Dia útil,Leads,2025-05-30,topfunnel_cargos_tech_video_v2,30.27,18,2156,2,Cargos_Tecnologia,Video,5º Lançamento | Vendas
3570,2025 | Maio,Sexta-Feira,Dia útil,Awareness,2025-05-30,midfunnel_rmkt_60d_estatico_v1,18.09,34,3926,4,Remarketing_60dias,Estático,5º Lançamento | Live
3774,2025 | Maio,Sexta-Feira,Dia útil,Leads,2025-05-30,topfunnel_lal1_clientes_video_v2,62.75,80,4580,18,LookALike_Clientes_1,Video,5º Lançamento | Leads
4401,2025 | Maio,Sexta-Feira,Dia útil,Leads,2025-05-30,topfunnel_broad_tech_estatico_v1,33.54,93,5759,8,Broad_Tecnologia,Estático,5º Lançamento | Leads
5071,2025 | Maio,Sexta-Feira,Dia útil,Leads,2025-05-30,topfunnel_broad_tech_video_v3,105.83,94,6985,16,Broad_Tecnologia,Video,5º Lançamento | Vendas
5209,2025 | Maio,Sexta-Feira,Dia útil,Awareness,2025-05-30,midfunnel_rmkt_60d_video_v2,32.65,23,1847,3,Remarketing_60dias,Video,5º Lançamento | Live
5249,2025 | Maio,Sexta-Feira,Dia útil,Awareness,2025-05-30,topfunnel_cargos_tech_video_v1,12.14,12,595,1,Cargos_Tecnologia,Video,5º Lançamento | Live
5335,2025 | Maio,Sexta-Feira,Dia útil,Awareness,2025-05-30,topfunnel_interesses_cloud_estatico_v1,24.07,15,2363,,Interesses_Cloud,Estático,5º Lançamento | Live
1243,2025 | Maio,Sábado,Final de Semana,Awareness,2025-05-31,topfunnel_interesses_cloud_video_v2,23.51,45,3365,3,Interesses_Cloud,Video,5º Lançamento | Live
1392,2025 | Maio,Sábado,Final de Semana,Leads,2025-05-31,topfunnel_broad_tech_estatico_v3,69.94,105,5789,24,Broad_Tecnologia,Estático,5º Lançamento | Vendas
2526,2025 | Maio,Sábado,Final de Semana,Leads,2025-05-31,topfunnel_interesses_programacao_video_v1,14.60,7,793,,Interesses_Programacao,Video,5º Lançamento | Vendas
3073,2025 | Maio,Sábado,Final de Semana,Leads,2025-05-31,topfunnel_broad_tech_video_v2,27.30,51,2046,9,Broad_Tecnologia,Video,5º Lançamento | Leads
3776,2025 | Maio,Sábado,Final de Semana,Leads,2025-05-31,topfunnel_cargos_tech_video_v1,53.84,37,5725,6,Cargos_Tecnologia,Video,5º Lançamento | Leads
3897,2025 | Maio,Sábado,Final de Semana,Leads,2025-05-31,topfunnel_broad_tech_video_v3,0.00,,0,,Broad_Tecnologia,Video,5º Lançamento | Leads
4052,2025 | Maio,Sábado,Final de Semana,Leads,2025-05-31,midfunnel_rmkt_60d_video_v1,10.81,13,727,2,Remarketing_60dias,Video,5º Lançamento | Leads
4083,2025 | Maio,Sábado,Final de Semana,Leads,2025-05-31,topfunnel_broad_tech_video_v1,17.39,10,949,,Broad_Tecnologia,Video,5º Lançamento | Leads
5743,2025 | Maio,Sábado,Final de Semana,Leads,2025-05-31,topfunnel_broad_tech_estatico_v2,50.23,49,2816,7,Broad_Tecnologia,Estático,5º Lançamento | Leads
1823,2025 | Junho,Domingo,Final de Semana,Leads,2025-06-01,topfunnel_interesses_cloud_video_v2,9.48,17,744,1,Interesses_Cloud,Video,6º Lançamento | Vendas
1844,2025 | Junho,Domingo,Final de Semana,Leads,2025-06-01,topfunnel_cargos_tech_estatico_v1,40.38,20,1758,2,Cargos_Tecnologia,Estático,6º Lançamento | Leads
2122,2025 | Junho,Domingo,Final de Semana,Awareness,2025-06-01,topfunnel_broad_tech_estatico_v3,16.04,7,1031,1,Broad_Tecnologia,Estático,6º Lançamento | Live
2257,2025 | Junho,Domingo,Final de Semana,Leads,2025-06-01,topfunnel_lal1_clientes_video_v2,31.85,16,1871,2,LookALike_Clientes_1,Video,6º Lançamento | Leads
2898,2025 | Junho,Domingo,Final de Semana,Leads,2025-06-01,topfunnel_interesses_cloud_video_v1,41.38,61,5456,5,Interesses_Cloud,Video,6º Lançamento | Leads
3648,2025 | Junho,Domingo,Final de Semana,Leads,2025-06-01,topfunnel_cargos_tech_video_v1,0.00,,0,,Cargos_Tecnologia,Video,6º Lançamento | Leads
3690,2025 | Junho,Domingo,Final de Semana,Leads,2025-06-01,topfunnel_broad_tech_video_v2,31.48,42,2374,8,Broad_Tecnologia,Video,6º Lançamento | Leads
4169,2025 | Junho,Domingo,Final de Semana,Leads,2025-06-01,topfunnel_cargos_tech_estatico_v2,64.13,43,4486,11,Cargos_Tecnologia,Estático,6º Lançamento | Leads
5094,2025 | Junho,Domingo,Final de Semana,Awareness,2025-06-01,topfunnel_interesses_programacao_estatico_v3,1.94,,110,,Interesses_Programacao,Estático,6º Lançamento | Live
5146,2025 | Junho,Domingo,Final de Semana,Leads,2025-06-01,topfunnel_broad_tech_estatico_v2,0.00,,0,,Broad_Tecnologia,Estático,6º Lançamento | Leads
5555,2025 | Junho,Domingo,Final de Semana,Leads,2025-06-01,topfunnel_interesses_cloud_video_v2,62.86,107,4060,12,Interesses_Cloud,Video,6º Lançamento | Vendas
1252,2025 | Junho,Segunda-Feira,Dia útil,Leads,2025-06-02,topfunnel_interesses_cloud_estatico_v1,114.65,102,8892,13,Interesses_Cloud,Estático,6º Lançamento | Leads
2411,2025 | Junho,Segunda-Feira,Dia útil,Awareness,2025-06-02,topfunnel_interesses_cloud_video_v2,6.97,9,650,,Interesses_Cloud,Video,6º Lançamento | Live
2828,2025 | Junho,Segunda-Feira,Dia útil,Leads,2025-06-02,topfunnel_interesses_cloud_estatico_v2,118.84,161,7174,45,Interesses_Cloud,Estático,6º Lançamento | Leads
3171,2025 | Junho,Segunda-Feira,Dia útil,Leads,2025-06-02,topfunnel_broad_tech_estatico_v1,0.00,,0,,Broad_Tecnologia,Estático,6º Lançamento | Leads
3650,2025 | Junho,Segunda-Feira,Dia útil,Leads,2025-06-02,topfunnel_broad_tech_estatico_v1,44.77,35,2792,5,Broad_Tecnologia,Estático,6º Lançamento | Leads
4358,2025 | Junho,Segunda-Feira,Dia útil,Leads,2025-06-02,topfunnel_broad_tech_video_v2,120.52,164,7279,20,Broad_Tecnologia,Video,6º Lançamento | Leads
4556,2025 | Junho,Segunda-Feira,Dia útil,Leads,2025-06-02,topfunnel_lal1_clientes_estatico_v1,167.46,383,19872,65,LookALike_Clientes_1,Estático,6º Lançamento | Leads
4712,2025 | Junho,Segunda-Feira,Dia útil,Leads,2025-06-02,topfunnel_interesses_programacao_estatico_v1,29.75,26,1656,8,Interesses_Programacao,Estático,6º Lançamento | Leads
4715,2025 | Junho,Segunda-Feira,Dia útil,Leads,2025-06-02,topfunnel_lal1_clientes_estatico_v3,28.02,60,2758,6,LookALike_Clientes_1,Estático,6º Lançamento | Leads
4724,2025 | Junho,Segunda-Feira,Dia útil,Leads,2025-06-02,topfunnel_broad_tech_video_v1,55.07,102,4621,18,Broad_Tecnologia,Video,6º Lançamento | Vendas
4731,2025 | Junho,Segunda-Feira,Dia útil,Leads,2025-06-02,topfunnel_interesses_programacao_video_v2,26.61,23,1855,1,Interesses_Programacao,Video,6º Lançamento | Vendas
4869,2025 | Junho,Segunda-Feira,Dia útil,Leads,2025-06-02,topfunnel_lal1_clientes_estatico_v1,11.08,8,736,1,LookALike_Clientes_1,Estático,6º Lançamento | Leads
5675,2025 | Junho,Segunda-Feira,Dia útil,Awareness,2025-06-02,topfunnel_interesses_cloud_video_v1,72.85,91,5175,11,Interesses_Cloud,Video,6º Lançamento | Live
5776,2025 | Junho,Segunda-Feira,Dia útil,Leads,2025-06-02,topfunnel_broad_tech_estatico_v3,0.00,,0,,Broad_Tecnologia,Estático,6º Lançamento | Leads
1461,2025 | Junho,Terça-Feira,Dia útil,Leads,2025-06-03,midfunnel_rmkt_60d_video_v3,43.12,59,3397,10,Remarketing_60dias,Video,6º Lançamento | Vendas
2224,2025 | Junho,Terça-Feira,Dia útil,Leads,2025-06-03,topfunnel_cargos_tech_video_v1,45.19,20,2768,3,Cargos_Tecnologia,Video,6º Lançamento | Leads
2457,2025 | Junho,Terça-Feira,Dia útil,Awareness,2025-06-03,topfunnel_interesses_programacao_video_v1,58.30,38,2835,1,Interesses_Programacao,Video,6º Lançamento | Live
2626,2025 | Junho,Terça-Feira,Dia útil,Leads,2025-06-03,topfunnel_cargos_tech_video_v2,0.00,,0,,Cargos_Tecnologia,Video,6º Lançamento | Leads
3094,2025 | Junho,Terça-Feira,Dia útil,Leads,2025-06-03,topfunnel_interesses_programacao_video_v2,10.06,12,747,,Interesses_Programacao,Video,6º Lançamento | Leads
4119,2025 | Junho,Terça-Feira,Dia útil,Awareness,2025-06-03,midfunnel_rmkt_60d_video_v1,33.96,23,3420,2,Remarketing_60dias,Video,6º Lançamento | Live
4318,2025 | Junho,Terça-Feira,Dia útil,Awareness,2025-06-03,topfunnel_cargos_tech_estatico_v2,12.35,13,698,,Cargos_Tecnologia,Estático,6º Lançamento | Live
5339,2025 | Junho,Terça-Feira,Dia útil,Leads,2025-06-03,topfunnel_broad_tech_estatico_v2,115.32,63,9538,14,Broad_Tecnologia,Estático,6º Lançamento | Leads
5373,2025 | Junho,Terça-Feira,Dia útil,Leads,2025-06-03,topfunnel_lal1_clientes_video_v2,0.00,,0,,LookALike_Clientes_1,Video,6º Lançamento | Leads
5694,2025 | Junho,Terça-Feira,Dia útil,Leads,2025-06-03,midfunnel_rmkt_60d_video_v2,0.00,,0,,Remarketing_60dias,Video,6º Lançamento | Leads
5840,2025 | Junho,Terça-Feira,Dia útil,Leads,2025-06-03,topfunnel_broad_tech_estatico_v1,73.53,95,6872,7,Broad_Tecnologia,Estático,6º Lançamento | Leads
1073,2025 | Junho,Quarta-Feira,Dia útil,Leads,2025-06-04,topfunnel_lal1_clientes_video_v1,21.95,3,1091,,LookALike_Clientes_1,Video,6º Lançamento | Vendas
1126,2025 | Junho,Quarta-Feira,Dia útil,Leads,2025-06-04,topfunnel_broad_tech_estatico_v1,52.25,96,4519,18,Broad_Tecnologia,Estático,6º Lançamento | Leads
1670,2025 | Junho,Quarta-Feira,Dia útil,Leads,2025-06-04,topfunnel_broad_tech_video_v1,79.63,97,5920,5,Broad_Tecnologia,Video,6º Lançamento | Leads
1697,2025 | Junho,Quarta-Feira,Dia útil,Leads,2025-06-04,midfunnel_rmkt_60d_estatico_v2,31.67,14,1675,2,Remarketing_60dias,Estático,6º Lançamento | Leads
1814,2025 | Junho,Quarta-Feira,Dia útil,Leads,2025-06-04,midfunnel_rmkt_60d_video_v3,63.86,92,3296,12,Remarketing_60dias,Video,6º Lançamento | Leads
1922,2025 | Junho,Quarta-Feira,Dia útil,Leads,2025-06-04,topfunnel_broad_tech_video_v3,59.76,19,3636,2,Broad_Tecnologia,Video,6º Lançamento | Leads
2082,2025 | Junho,Quarta-Feira,Dia útil,Leads,2025-06-04,topfunnel_broad_tech_estatico_v2,76.65,35,3149,2,Broad_Tecnologia,Estático,6º Lançamento | Vendas
2143,2025 | Junho,Quarta-Feira,Dia útil,Leads,2025-06-04,topfunnel_broad_tech_estatico_v1,21.59,10,1032,1,Broad_Tecnologia,Estático,6º Lançamento | Leads
2525,2025 | Junho,Quarta-Feira,Dia útil,Leads,2025-06-04,topfunnel_interesses_programacao_estatico_v3,23.56,13,1457,,Interesses_Programacao,Estático,6º Lançamento | Vendas
2731,2025 | Junho,Quarta-Feira,Dia útil,Leads,2025-06-04,topfunnel_lal1_clientes_estatico_v1,46.93,53,3036,4,LookALike_Clientes_1,Estático,6º Lançamento | Leads
2925,2025 | Junho,Quarta-Feira,Dia útil,Leads,2025-06-04,midfunnel_rmkt_60d_video_v2,55.13,95,4136,11,Remarketing_60dias,Video,6º Lançamento | Vendas
3736,2025 | Junho,Quarta-Feira,Dia útil,Leads,2025-06-04,topfunnel_broad_tech_estatico_v1,23.90,19,1296,4,Broad_Tecnologia,Estático,6º Lançamento | Leads
3816,2025 | Junho,Quarta-Feira,Dia útil,Leads,2025-06-04,topfunnel_interesses_programacao_estatico_v1,15.02,4,1450,1,Interesses_Programacao,Estático,6º Lançamento | Vendas
3853,2025 | Junho,Quarta-Feira,Dia útil,Leads,2025-06-04,midfunnel_rmkt_60d_video_v2,8.19,15,578,2,Remarketing_60dias,Video,6º Lançamento | Leads
4453,2025 | Junho,Quarta-Feira,Dia útil,Awareness,2025-06-04,topfunnel_interesses_programacao_video_v3,69.41,35,4539,5,Interesses_Programacao,Video,6º Lançamento | Live
4469,2025 | Junho,Quarta-Feira,Dia útil,Leads,2025-06-04,midfunnel_rmkt_60d_estatico_v2,78.85,70,6776,8,Remarketing_60dias,Estático,6º Lançamento | Vendas
4526,2025 | Junho,Quarta-Feira,Dia útil,Leads,2025-06-04,topfunnel_interesses_programacao_estatico_v1,14.14,15,934,2,Interesses_Programacao,Estático,6º Lançamento | Leads
5498,2025 | Junho,Quarta-Feira,Dia útil,Awareness,2025-06-04,midfunnel_rmkt_60d_estatico_v1,70.80,68,5930,6,Remarketing_60dias,Estático,6º Lançamento | Live
5996,2025 | Junho,Quarta-Feira,Dia útil,Leads,2025-06-04,topfunnel_lal1_clientes_video_v2,43.79,83,3043,10,LookALike_Clientes_1,Video,6º Lançamento | Leads
1044,2025 | Junho,Quinta-Feira,Dia útil,Leads,2025-06-05,topfunnel_cargos_tech_video_v2,64.35,52,3645,13,Cargos_Tecnologia,Video,6º Lançamento | Leads
1225,2025 | Junho,Quinta-Feira,Dia útil,Leads,2025-06-05,topfunnel_interesses_cloud_estatico_v2,20.79,25,1545,3,Interesses_Cloud,Estático,6º Lançamento | Leads
1268,2025 | Junho,Quinta-Feira,Dia útil,Leads,2025-06-05,topfunnel_broad_tech_estatico_v1,77.47,168,9293,18,Broad_Tecnologia,Estático,6º Lançamento | Leads
1865,2025 | Junho,Quinta-Feira,Dia útil,Leads,2025-06-05,topfunnel_cargos_tech_estatico_v1,53.10,57,3173,5,Cargos_Tecnologia,Estático,6º Lançamento | Leads
2195,2025 | Junho,Quinta-Feira,Dia útil,Awareness,2025-06-05,midfunnel_rmkt_60d_video_v1,35.06,34,1717,6,Remarketing_60dias,Video,6º Lançamento | Live
2741,2025 | Junho,Quinta-Feira,Dia útil,Leads,2025-06-05,topfunnel_broad_tech_estatico_v2,73.33,89,6377,9,Broad_Tecnologia,Estático,6º Lançamento | Leads
2816,2025 | Junho,Quinta-Feira,Dia útil,Leads,2025-06-05,topfunnel_broad_tech_video_v1,64.48,91,6480,11,Broad_Tecnologia,Video,6º Lançamento | Vendas
4211,2025 | Junho,Quinta-Feira,Dia útil,Leads,2025-06-05,topfunnel_interesses_cloud_estatico_v3,24.13,24,1242,3,Interesses_Cloud,Estático,6º Lançamento | Leads
4402,2025 | Junho,Quinta-Feira,Dia útil,Awareness,2025-06-05,topfunnel_lal1_clientes_video_v2,15.92,23,1815,3,LookALike_Clientes_1,Video,6º Lançamento | Live
4412,2025 | Junho,Quinta-Feira,Dia útil,Leads,2025-06-05,topfunnel_broad_tech_video_v1,67.40,88,4416,5,Broad_Tecnologia,Video,6º Lançamento | Leads
4416,2025 | Junho,Quinta-Feira,Dia útil,Awareness,2025-06-05,midfunnel_rmkt_60d_estatico_v1,32.41,19,1922,1,Remarketing_60dias,Estático,6º Lançamento | Live
5136,2025 | Junho,Quinta-Feira,Dia útil,Leads,2025-06-05,topfunnel_lal1_clientes_estatico_v3,4.09,3,474,1,LookALike_Clientes_1,Estático,6º Lançamento | Vendas
5828,2025 | Junho,Quinta-Feira,Dia útil,Leads,2025-06-05,topfunnel_cargos_tech_estatico_v1,30.13,14,2220,2,Cargos_Tecnologia,Estático,6º Lançamento | Leads
1151,2025 | Junho,Sexta-Feira,Dia útil,Leads,2025-06-06,topfunnel_cargos_tech_video_v3,20.77,72,4003,20,Cargos_Tecnologia,Video,6º Lançamento | Leads
1214,2025 | Junho,Sexta-Feira,Dia útil,Leads,2025-06-06,midfunnel_rmkt_60d_video_v2,7.29,12,537,3,Remarketing_60dias,Video,6º Lançamento | Leads
1460,2025 | Junho,Sexta-Feira,Dia útil,Leads,2025-06-06,topfunnel_lal1_clientes_estatico_v3,50.10,115,7174,27,LookALike_Clientes_1,Estático,6º Lançamento | Leads
1870,2025 | Junho,Sexta-Feira,Dia útil,Leads,2025-06-06,topfunnel_interesses_cloud_video_v1,0.00,,0,,Interesses_Cloud,Video,6º Lançamento | Leads
2007,2025 | Junho,Sexta-Feira,Dia útil,Leads,2025-06-06,midfunnel_rmkt_60d_video_v2,31.62,21,1539,5,Remarketing_60dias,Video,6º Lançamento | Leads
2379,2025 | Junho,Sexta-Feira,Dia útil,Leads,2025-06-06,topfunnel_interesses_cloud_video_v3,98.08,190,12362,27,Interesses_Cloud,Video,6º Lançamento | Leads
3026,2025 | Junho,Sexta-Feira,Dia útil,Leads,2025-06-06,midfunnel_rmkt_60d_video_v2,24.44,52,1902,8,Remarketing_60dias,Video,6º Lançamento | Leads
3560,2025 | Junho,Sexta-Feira,Dia útil,Leads,2025-06-06,topfunnel_cargos_tech_video_v2,30.60,89,3965,15,Cargos_Tecnologia,Video,6º Lançamento | Vendas
3578,2025 | Junho,Sexta-Feira,Dia útil,Leads,2025-06-06,topfunnel_broad_tech_estatico_v2,7.16,4,408,1,Broad_Tecnologia,Estático,6º Lançamento | Leads
3704,2025 | Junho,Sexta-Feira,Dia útil,Awareness,2025-06-06,topfunnel_broad_tech_video_v1,0.00,,0,,Broad_Tecnologia,Video,6º Lançamento | Live
4041,2025 | Junho,Sexta-Feira,Dia útil,Leads,2025-06-06,midfunnel_rmkt_60d_estatico_v2,67.28,61,7247,4,Remarketing_60dias,Estático,6º Lançamento | Leads
4681,2025 | Junho,Sexta-Feira,Dia útil,Leads,2025-06-06,topfunnel_interesses_cloud_video_v2,14.38,5,670,1,Interesses_Cloud,Video,6º Lançamento | Leads
5003,2025 | Junho,Sexta-Feira,Dia útil,Leads,2025-06-06,topfunnel_interesses_programacao_estatico_v2,19.06,19,950,5,Interesses_Programacao,Estático,6º Lançamento | Leads
1023,2025 | Junho,Sábado,Final de Semana,Leads,2025-06-07,midfunnel_rmkt_60d_estatico_v1,66.08,150,6802,41,Remarketing_60dias,Estático,6º Lançamento | Leads
1668,2025 | Junho,Sábado,Final de Semana,Leads,2025-06-07,topfunnel_broad_tech_estatico_v3,25.45,64,5493,11,Broad_Tecnologia,Estático,6º Lançamento | Leads
2065,2025 | Junho,Sábado,Final de Semana,Leads,2025-06-07,topfunnel_interesses_programacao_video_v1,38.56,56,3296,6,Interesses_Programacao,Video,6º Lançamento | Leads
2664,2025 | Junho,Sábado,Final de Semana,Leads,2025-06-07,topfunnel_interesses_cloud_estatico_v3,10.44,6,627,1,Interesses_Cloud,Estático,6º Lançamento | Leads
2698,2025 | Junho,Sábado,Final de Semana,Leads,2025-06-07,topfunnel_broad_tech_video_v3,16.01,15,1581,3,Broad_Tecnologia,Video,6º Lançamento | Leads
2722,2025 | Junho,Sábado,Final de Semana,Leads,2025-06-07,topfunnel_interesses_programacao_video_v1,75.16,92,10336,8,Interesses_Programacao,Video,6º Lançamento | Leads
3109,2025 | Junho,Sábado,Final de Semana,Leads,2025-06-07,topfunnel_cargos_tech_video_v1,9.56,8,480,1,Cargos_Tecnologia,Video,6º Lançamento | Leads
3302,2025 | Junho,Sábado,Final de Semana,Leads,2025-06-07,topfunnel_interesses_cloud_video_v1,21.37,27,1130,3,Interesses_Cloud,Video,6º Lançamento | Leads
3374,2025 | Junho,Sábado,Final de Semana,Leads,2025-06-07,midfunnel_rmkt_60d_video_v2,11.66,13,1334,1,Remarketing_60dias,Video,6º Lançamento | Leads
3597,2025 | Junho,Sábado,Final de Semana,Leads,2025-06-07,midfunnel_rmkt_60d_estatico_v3,20.08,25,1326,3,Remarketing_60dias,Estático,6º Lançamento | Leads
4257,2025 | Junho,Sábado,Final de Semana,Leads,2025-06-07,topfunnel_cargos_tech_video_v2,17.62,22,1361,3,Cargos_Tecnologia,Video,6º Lançamento | Leads
4454,2025 | Junho,Sábado,Final de Semana,Leads,2025-06-07,topfunnel_interesses_cloud_estatico_v3,27.82,31,1913,1,Interesses_Cloud,Estático,6º Lançamento | Leads
4858,2025 | Junho,Sábado,Final de Semana,Leads,2025-06-07,topfunnel_interesses_programacao_estatico_v2,12.12,15,1471,3,Interesses_Programacao,Estático,6º Lançamento | Leads
5321,2025 | Junho,Sábado,Final de Semana,Leads,2025-06-07,topfunnel_broad_tech_video_v2,142.38,260,14180,53,Broad_Tecnologia,Video,6º Lançamento | Leads
5976,2025 | Junho,Sábado,Final de Semana,Leads,2025-06-07,topfunnel_cargos_tech_estatico_v1,11.77,10,905,2,Cargos_Tecnologia,Estático,6º Lançamento | Vendas
1134,2025 | Junho,Domingo,Final de Semana,Leads,2025-06-08,midfunnel_rmkt_60d_estatico_v2,41.28,50,2259,8,Remarketing_60dias,Estático,6º Lançamento | Leads
1469,2025 | Junho,Domingo,Final de Semana,Leads,2025-06-08,topfunnel_broad_tech_estatico_v3,9.94,10,670,,Broad_Tecnologia,Estático,6º Lançamento | Leads
4037,2025 | Junho,Domingo,Final de Semana,Leads,2025-06-08,topfunnel_interesses_programacao_video_v3,45.30,22,2910,2,Interesses_Programacao,Video,6º Lançamento | Leads
4175,2025 | Junho,Domingo,Final de Semana,Leads,2025-06-08,topfunnel_interesses_cloud_estatico_v2,57.38,56,2899,5,Interesses_Cloud,Estático,6º Lançamento | Leads
4217,2025 | Junho,Domingo,Final de Semana,Leads,2025-06-08,topfunnel_broad_tech_estatico_v2,5.26,8,509,1,Broad_Tecnologia,Estático,6º Lançamento | Leads
5041,2025 | Junho,Domingo,Final de Semana,Leads,2025-06-08,topfunnel_lal1_clientes_estatico_v2,34.97,17,2422,4,LookALike_Clientes_1,Estático,6º Lançamento | Leads
5073,2025 | Junho,Domingo,Final de Semana,Awareness,2025-06-08,topfunnel_broad_tech_video_v1,40.30,25,2462,1,Broad_Tecnologia,Video,6º Lançamento | Live
1087,2025 | Junho,Segunda-Feira,Dia útil,Leads,2025-06-09,topfunnel_cargos_tech_estatico_v2,32.16,17,1473,3,Cargos_Tecnologia,Estático,6º Lançamento | Leads
1160,2025 | Junho,Segunda-Feira,Dia útil,Leads,2025-06-09,topfunnel_broad_tech_video_v2,16.00,25,1170,1,Broad_Tecnologia,Video,6º Lançamento | Leads
1454,2025 | Junho,Segunda-Feira,Dia útil,Leads,2025-06-09,topfunnel_interesses_programacao_video_v1,24.18,17,1242,3,Interesses_Programacao,Video,6º Lançamento | Leads
2032,2025 | Junho,Segunda-Feira,Dia útil,Leads,2025-06-09,midfunnel_rmkt_60d_estatico_v2,62.17,57,3657,10,Remarketing_60dias,Estático,6º Lançamento | Leads
2050,2025 | Junho,Segunda-Feira,Dia útil,Leads,2025-06-09,midfunnel_rmkt_60d_estatico_v2,98.06,74,4866,8,Remarketing_60dias,Estático,6º Lançamento | Vendas
2883,2025 | Junho,Segunda-Feira,Dia útil,Leads,2025-06-09,topfunnel_lal1_clientes_video_v2,58.09,150,5521,37,LookALike_Clientes_1,Video,6º Lançamento | Leads
3040,2025 | Junho,Segunda-Feira,Dia útil,Leads,2025-06-09,midfunnel_rmkt_60d_estatico_v2,42.25,57,3216,18,Remarketing_60dias,Estático,6º Lançamento | Leads
4190,2025 | Junho,Segunda-Feira,Dia útil,Leads,2025-06-09,topfunnel_broad_tech_estatico_v3,14.07,36,2253,6,Broad_Tecnologia,Estático,6º Lançamento | Leads
4368,2025 | Junho,Segunda-Feira,Dia útil,Leads,2025-06-09,midfunnel_rmkt_60d_video_v3,60.83,27,2770,5,Remarketing_60dias,Video,6º Lançamento | Leads
5105,2025 | Junho,Segunda-Feira,Dia útil,Leads,2025-06-09,midfunnel_rmkt_60d_estatico_v2,29.78,35,1863,6,Remarketing_60dias,Estático,6º Lançamento | Leads
5505,2025 | Junho,Segunda-Feira,Dia útil,Leads,2025-06-09,topfunnel_lal1_clientes_video_v2,33.04,52,2284,6,LookALike_Clientes_1,Video,6º Lançamento | Leads
5635,2025 | Junho,Segunda-Feira,Dia útil,Leads,2025-06-09,topfunnel_broad_tech_video_v2,11.28,13,924,2,Broad_Tecnologia,Video,6º Lançamento | Leads
5723,2025 | Junho,Segunda-Feira,Dia útil,Leads,2025-06-09,topfunnel_broad_tech_estatico_v2,36.10,46,2190,6,Broad_Tecnologia,Estático,6º Lançamento | Leads
1082,2025 | Junho,Terça-Feira,Dia útil,Leads,2025-06-10,topfunnel_interesses_cloud_estatico_v3,78.90,65,4142,12,Interesses_Cloud,Estático,6º Lançamento | Vendas
1278,2025 | Junho,Terça-Feira,Dia útil,Leads,2025-06-10,topfunnel_lal1_clientes_estatico_v1,16.23,25,1634,4,LookALike_Clientes_1,Estático,6º Lançamento | Vendas
1420,2025 | Junho,Terça-Feira,Dia útil,Leads,2025-06-10,topfunnel_interesses_programacao_video_v1,101.88,51,8075,8,Interesses_Programacao,Video,6º Lançamento | Leads
1733,2025 | Junho,Terça-Feira,Dia útil,Leads,2025-06-10,topfunnel_lal1_clientes_video_v1,18.02,14,1181,3,LookALike_Clientes_1,Video,6º Lançamento | Leads
3347,2025 | Junho,Terça-Feira,Dia útil,Leads,2025-06-10,topfunnel_interesses_cloud_video_v3,4.51,7,446,,Interesses_Cloud,Video,6º Lançamento | Leads
3492,2025 | Junho,Terça-Feira,Dia útil,Leads,2025-06-10,topfunnel_interesses_cloud_estatico_v1,50.75,76,4121,17,Interesses_Cloud,Estático,6º Lançamento | Leads
4168,2025 | Junho,Terça-Feira,Dia útil,Awareness,2025-06-10,topfunnel_broad_tech_video_v2,98.91,49,8327,2,Broad_Tecnologia,Video,6º Lançamento | Live
4266,2025 | Junho,Terça-Feira,Dia útil,Leads,2025-06-10,topfunnel_interesses_cloud_video_v1,17.18,20,892,3,Interesses_Cloud,Video,6º Lançamento | Vendas
4739,2025 | Junho,Terça-Feira,Dia útil,Leads,2025-06-10,topfunnel_broad_tech_video_v2,51.04,82,4416,20,Broad_Tecnologia,Video,6º Lançamento | Leads
5145,2025 | Junho,Terça-Feira,Dia útil,Awareness,2025-06-10,topfunnel_broad_tech_video_v2,12.25,2,731,,Broad_Tecnologia,Video,6º Lançamento | Live
5341,2025 | Junho,Terça-Feira,Dia útil,Leads,2025-06-10,topfunnel_interesses_programacao_video_v1,21.41,42,3237,6,Interesses_Programacao,Video,6º Lançamento | Vendas
5759,2025 | Junho,Terça-Feira,Dia útil,Leads,2025-06-10,topfunnel_interesses_cloud_video_v1,40.55,127,6737,31,Interesses_Cloud,Video,6º Lançamento | Leads
5767,2025 | Junho,Terça-Feira,Dia útil,Leads,2025-06-10,topfunnel_broad_tech_video_v1,2.48,3,139,,Broad_Tecnologia,Video,6º Lançamento | Leads
5864,2025 | Junho,Terça-Feira,Dia útil,Leads,2025-06-10,topfunnel_interesses_programacao_video_v2,50.28,43,5964,2,Interesses_Programacao,Video,6º Lançamento | Leads
1503,2025 | Junho,Quarta-Feira,Dia útil,Leads,2025-06-11,topfunnel_broad_tech_estatico_v2,103.47,79,6308,9,Broad_Tecnologia,Estático,6º Lançamento | Leads
2056,2025 | Junho,Quarta-Feira,Dia útil,Leads,2025-06-11,topfunnel_cargos_tech_video_v2,50.98,31,2662,4,Cargos_Tecnologia,Video,6º Lançamento | Leads
2769,2025 | Junho,Quarta-Feira,Dia útil,Leads,2025-06-11,midfunnel_rmkt_60d_estatico_v2,0.00,,0,,Remarketing_60dias,Estático,6º Lançamento | Leads
3309,2025 | Junho,Quarta-Feira,Dia útil,Leads,2025-06-11,topfunnel_broad_tech_video_v2,77.74,57,5243,3,Broad_Tecnologia,Video,6º Lançamento | Leads
3797,2025 | Junho,Quarta-Feira,Dia útil,Leads,2025-06-11,topfunnel_cargos_tech_estatico_v2,55.90,43,3736,6,Cargos_Tecnologia,Estático,6º Lançamento | Leads
3892,2025 | Junho,Quarta-Feira,Dia útil,Leads,2025-06-11,topfunnel_interesses_programacao_estatico_v1,47.63,33,3033,5,Interesses_Programacao,Estático,6º Lançamento | Vendas
3894,2025 | Junho,Quarta-Feira,Dia útil,Leads,2025-06-11,midfunnel_rmkt_60d_video_v1,48.04,47,2200,12,Remarketing_60dias,Video,6º Lançamento | Leads
4185,2025 | Junho,Quarta-Feira,Dia útil,Leads,2025-06-11,topfunnel_broad_tech_video_v3,65.47,65,3010,6,Broad_Tecnologia,Video,6º Lançamento | Leads
4672,2025 | Junho,Quarta-Feira,Dia útil,Leads,2025-06-11,topfunnel_lal1_clientes_estatico_v1,22.10,21,1667,4,LookALike_Clientes_1,Estático,6º Lançamento | Leads
1028,2025 | Junho,Quinta-Feira,Dia útil,Leads,2025-06-12,topfunnel_broad_tech_estatico_v3,0.00,,0,,Broad_Tecnologia,Estático,6º Lançamento | Vendas
1578,2025 | Junho,Quinta-Feira,Dia útil,Leads,2025-06-12,topfunnel_interesses_programacao_estatico_v2,53.21,8,2500,,Interesses_Programacao,Estático,6º Lançamento | Vendas
3755,2025 | Junho,Quinta-Feira,Dia útil,Leads,2025-06-12,topfunnel_interesses_cloud_video_v1,39.54,46,2409,9,Interesses_Cloud,Video,6º Lançamento | Leads
4677,2025 | Junho,Quinta-Feira,Dia útil,Awareness,2025-06-12,topfunnel_interesses_programacao_video_v1,11.47,3,737,,Interesses_Programacao,Video,6º Lançamento | Live
4767,2025 | Junho,Quinta-Feira,Dia útil,Leads,2025-06-12,topfunnel_cargos_tech_estatico_v2,52.56,107,6481,18,Cargos_Tecnologia,Estático,6º Lançamento | Vendas
5665,2025 | Junho,Quinta-Feira,Dia útil,Awareness,2025-06-12,topfunnel_broad_tech_estatico_v1,12.64,7,671,,Broad_Tecnologia,Estático,6º Lançamento | Live
1074,2025 | Junho,Sexta-Feira,Dia útil,Awareness,2025-06-13,midfunnel_rmkt_60d_estatico_v1,40.87,38,4021,8,Remarketing_60dias,Estático,6º Lançamento | Live
1311,2025 | Junho,Sexta-Feira,Dia útil,Leads,2025-06-13,topfunnel_interesses_cloud_video_v1,39.63,63,3065,6,Interesses_Cloud,Video,6º Lançamento | Leads
1414,2025 | Junho,Sexta-Feira,Dia útil,Leads,2025-06-13,topfunnel_interesses_programacao_estatico_v2,39.78,34,1955,10,Interesses_Programacao,Estático,6º Lançamento | Leads
1486,2025 | Junho,Sexta-Feira,Dia útil,Leads,2025-06-13,topfunnel_interesses_cloud_video_v3,118.32,51,8059,7,Interesses_Cloud,Video,6º Lançamento | Leads
1729,2025 | Junho,Sexta-Feira,Dia útil,Leads,2025-06-13,midfunnel_rmkt_60d_estatico_v1,67.41,128,6187,30,Remarketing_60dias,Estático,6º Lançamento | Leads
1849,2025 | Junho,Sexta-Feira,Dia útil,Leads,2025-06-13,topfunnel_interesses_programacao_estatico_v1,81.85,56,4595,17,Interesses_Programacao,Estático,6º Lançamento | Leads
2310,2025 | Junho,Sexta-Feira,Dia útil,Leads,2025-06-13,midfunnel_rmkt_60d_video_v2,42.92,17,2617,2,Remarketing_60dias,Video,6º Lançamento | Vendas
2594,2025 | Junho,Sexta-Feira,Dia útil,Leads,2025-06-13,topfunnel_interesses_programacao_estatico_v2,45.66,40,2915,8,Interesses_Programacao,Estático,6º Lançamento | Leads
3435,2025 | Junho,Sexta-Feira,Dia útil,Leads,2025-06-13,topfunnel_broad_tech_estatico_v1,54.81,104,5513,11,Broad_Tecnologia,Estático,6º Lançamento | Vendas
3708,2025 | Junho,Sexta-Feira,Dia útil,Leads,2025-06-13,midfunnel_rmkt_60d_estatico_v2,29.29,48,2582,8,Remarketing_60dias,Estático,6º Lançamento | Leads
4886,2025 | Junho,Sexta-Feira,Dia útil,Leads,2025-06-13,topfunnel_cargos_tech_video_v1,26.89,8,1824,1,Cargos_Tecnologia,Video,6º Lançamento | Vendas
5914,2025 | Junho,Sexta-Feira,Dia útil,Leads,2025-06-13,topfunnel_lal1_clientes_video_v1,24.45,23,1756,3,LookALike_Clientes_1,Video,6º Lançamento | Leads
2129,2025 | Junho,Sábado,Final de Semana,Leads,2025-06-14,midfunnel_rmkt_60d_estatico_v1,18.19,25,1470,3,Remarketing_60dias,Estático,6º Lançamento | Vendas
2496,2025 | Junho,Sábado,Final de Semana,Leads,2025-06-14,topfunnel_interesses_programacao_estatico_v1,22.02,4,1206,,Interesses_Programacao,Estático,6º Lançamento | Leads
2539,2025 | Junho,Sábado,Final de Semana,Leads,2025-06-14,topfunnel_broad_tech_estatico_v2,16.68,4,776,,Broad_Tecnologia,Estático,6º Lançamento | Leads
2554,2025 | Junho,Sábado,Final de Semana,Leads,2025-06-14,topfunnel_interesses_programacao_video_v2,70.51,42,7006,4,Interesses_Programacao,Video,6º Lançamento | Leads
2662,2025 | Junho,Sábado,Final de Semana,Leads,2025-06-14,topfunnel_lal1_clientes_video_v1,38.74,39,1798,4,LookALike_Clientes_1,Video,6º Lançamento | Leads
3391,2025 | Junho,Sábado,Final de Semana,Leads,2025-06-14,topfunnel_lal1_clientes_estatico_v1,28.96,18,1698,2,LookALike_Clientes_1,Estático,6º Lançamento | Leads
4440,2025 | Junho,Sábado,Final de Semana,Leads,2025-06-14,topfunnel_lal1_clientes_video_v1,10.03,2,541,,LookALike_Clientes_1,Video,6º Lançamento | Leads
4597,2025 | Junho,Sábado,Final de Semana,Leads,2025-06-14,topfunnel_interesses_cloud_video_v3,20.86,13,2218,3,Interesses_Cloud,Video,6º Lançamento | Leads
5277,2025 | Junho,Sábado,Final de Semana,Leads,2025-06-14,topfunnel_broad_tech_estatico_v1,8.19,8,607,1,Broad_Tecnologia,Estático,6º Lançamento | Leads
5279,2025 | Junho,Sábado,Final de Semana,Awareness,2025-06-14,topfunnel_cargos_tech_video_v2,37.53,47,8682,3,Cargos_Tecnologia,Video,6º Lançamento | Live
5829,2025 | Junho,Sábado,Final de Semana,Leads,2025-06-14,topfunnel_broad_tech_video_v1,27.92,34,1839,8,Broad_Tecnologia,Video,6º Lançamento | Leads
1012,2025 | Junho,Domingo,Final de Semana,Leads,2025-06-15,topfunnel_interesses_cloud_estatico_v3,38.10,61,4806,3,Interesses_Cloud,Estático,6º Lançamento | Leads
1589,2025 | Junho,Domingo,Final de Semana,Leads,2025-06-15,topfunnel_broad_tech_estatico_v1,27.68,15,1435,3,Broad_Tecnologia,Estático,6º Lançamento | Leads
1767,2025 | Junho,Domingo,Final de Semana,Leads,2025-06-15,midfunnel_rmkt_60d_estatico_v1,0.00,,0,,Remarketing_60dias,Estático,6º Lançamento | Leads
1769,2025 | Junho,Domingo,Final de Semana,Leads,2025-06-15,topfunnel_cargos_tech_video_v3,26.33,36,1622,2,Cargos_Tecnologia,Video,6º Lançamento | Leads
1779,2025 | Junho,Domingo,Final de Semana,Leads,2025-06-15,topfunnel_broad_tech_video_v2,24.75,27,1489,3,Broad_Tecnologia,Video,6º Lançamento | Leads
1901,2025 | Junho,Domingo,Final de Semana,Leads,2025-06-15,topfunnel_cargos_tech_video_v1,18.42,7,1431,2,Cargos_Tecnologia,Video,6º Lançamento | Leads
2911,2025 | Junho,Domingo,Final de Semana,Leads,2025-06-15,topfunnel_broad_tech_estatico_v3,67.73,72,3680,8,Broad_Tecnologia,Estático,6º Lançamento | Leads
3505,2025 | Junho,Domingo,Final de Semana,Leads,2025-06-15,topfunnel_interesses_cloud_estatico_v2,40.68,57,3324,15,Interesses_Cloud,Estático,6º Lançamento | Leads
3547,2025 | Junho,Domingo,Final de Semana,Leads,2025-06-15,topfunnel_interesses_programacao_estatico_v2,8.00,5,565,1,Interesses_Programacao,Estático,6º Lançamento | Leads
3636,2025 | Junho,Domingo,Final de Semana,Leads,2025-06-15,topfunnel_cargos_tech_video_v2,45.71,71,3956,16,Cargos_Tecnologia,Video,6º Lançamento | Leads
3705,2025 | Junho,Domingo,Final de Semana,Leads,2025-06-15,topfunnel_interesses_cloud_video_v1,2.08,3,140,,Interesses_Cloud,Video,6º Lançamento | Leads
3746,2025 | Junho,Domingo,Final de Semana,Leads,2025-06-15,midfunnel_rmkt_60d_estatico_v2,79.49,242,9768,80,Remarketing_60dias,Estático,6º Lançamento | Leads
4427,2025 | Junho,Domingo,Final de Semana,Leads,2025-06-15,topfunnel_lal1_clientes_estatico_v3,26.52,25,2096,2,LookALike_Clientes_1,Estático,6º Lançamento | Leads
4899,2025 | Junho,Domingo,Final de Semana,Leads,2025-06-15,topfunnel_interesses_cloud_video_v3,21.11,22,1258,2,Interesses_Cloud,Video,6º Lançamento | Leads
5042,2025 | Junho,Domingo,Final de Semana,Leads,2025-06-15,midfunnel_rmkt_60d_video_v1,38.94,22,3367,3,Remarketing_60dias,Video,6º Lançamento | Vendas
5292,2025 | Junho,Domingo,Final de Semana,Leads,2025-06-15,topfunnel_broad_tech_video_v1,17.54,13,1231,1,Broad_Tecnologia,Video,6º Lançamento | Vendas
5466,2025 | Junho,Domingo,Final de Semana,Leads,2025-06-15,topfunnel_broad_tech_video_v3,17.17,25,1570,3,Broad_Tecnologia,Video,6º Lançamento | Leads
1425,2025 | Junho,Segunda-Feira,Dia útil,Leads,2025-06-16,topfunnel_interesses_cloud_video_v3,59.21,122,5576,8,Interesses_Cloud,Video,6º Lançamento | Vendas
2479,2025 | Junho,Segunda-Feira,Dia útil,Leads,2025-06-16,topfunnel_lal1_clientes_video_v2,23.63,29,1092,,LookALike_Clientes_1,Video,6º Lançamento | Vendas
3344,2025 | Junho,Segunda-Feira,Dia útil,Leads,2025-06-16,topfunnel_lal1_clientes_estatico_v3,32.58,23,2167,3,LookALike_Clientes_1,Estático,6º Lançamento | Leads
3471,2025 | Junho,Segunda-Feira,Dia útil,Leads,2025-06-16,midfunnel_rmkt_60d_video_v1,11.93,10,603,1,Remarketing_60dias,Video,6º Lançamento | Leads
3986,2025 | Junho,Segunda-Feira,Dia útil,Leads,2025-06-16,topfunnel_broad_tech_estatico_v3,84.40,101,5741,12,Broad_Tecnologia,Estático,6º Lançamento | Leads
4756,2025 | Junho,Segunda-Feira,Dia útil,Leads,2025-06-16,topfunnel_interesses_programacao_video_v1,96.91,82,7129,12,Interesses_Programacao,Video,6º Lançamento | Leads
4823,2025 | Junho,Segunda-Feira,Dia útil,Leads,2025-06-16,topfunnel_cargos_tech_video_v1,77.15,77,3962,6,Cargos_Tecnologia,Video,6º Lançamento | Leads
4861,2025 | Junho,Segunda-Feira,Dia útil,Leads,2025-06-16,topfunnel_interesses_cloud_video_v2,95.39,111,6277,19,Interesses_Cloud,Video,6º Lançamento | Leads
5401,2025 | Junho,Segunda-Feira,Dia útil,Leads,2025-06-16,topfunnel_cargos_tech_estatico_v1,0.00,,0,,Cargos_Tecnologia,Estático,6º Lançamento | Leads
5644,2025 | Junho,Segunda-Feira,Dia útil,Leads,2025-06-16,topfunnel_interesses_programacao_estatico_v1,28.82,26,2018,2,Interesses_Programacao,Estático,6º Lançamento | Vendas
5937,2025 | Junho,Segunda-Feira,Dia útil,Leads,2025-06-16,topfunnel_broad_tech_video_v1,20.29,12,2532,2,Broad_Tecnologia,Video,6º Lançamento | Leads
1019,2025 | Junho,Terça-Feira,Dia útil,Leads,2025-06-17,topfunnel_interesses_cloud_video_v1,55.86,22,4342,2,Interesses_Cloud,Video,6º Lançamento | Leads
1162,2025 | Junho,Terça-Feira,Dia útil,Leads,2025-06-17,topfunnel_broad_tech_estatico_v1,42.18,60,4048,3,Broad_Tecnologia,Estático,6º Lançamento | Leads
1348,2025 | Junho,Terça-Feira,Dia útil,Leads,2025-06-17,midfunnel_rmkt_60d_video_v2,0.00,,0,,Remarketing_60dias,Video,6º Lançamento | Leads
2438,2025 | Junho,Terça-Feira,Dia útil,Leads,2025-06-17,topfunnel_interesses_programacao_video_v1,98.66,69,6400,11,Interesses_Programacao,Video,6º Lançamento | Leads
2686,2025 | Junho,Terça-Feira,Dia útil,Leads,2025-06-17,topfunnel_broad_tech_video_v2,63.72,70,5506,3,Broad_Tecnologia,Video,6º Lançamento | Leads
2689,2025 | Junho,Terça-Feira,Dia útil,Leads,2025-06-17,topfunnel_lal1_clientes_video_v2,119.63,44,7276,9,LookALike_Clientes_1,Video,6º Lançamento | Leads
3163,2025 | Junho,Terça-Feira,Dia útil,Leads,2025-06-17,midfunnel_rmkt_60d_estatico_v1,41.10,57,4095,14,Remarketing_60dias,Estático,6º Lançamento | Leads
4568,2025 | Junho,Terça-Feira,Dia útil,Leads,2025-06-17,topfunnel_interesses_programacao_video_v2,44.79,31,2533,2,Interesses_Programacao,Video,6º Lançamento | Leads
4570,2025 | Junho,Terça-Feira,Dia útil,Leads,2025-06-17,topfunnel_interesses_programacao_estatico_v1,25.30,9,1270,,Interesses_Programacao,Estático,6º Lançamento | Leads
4693,2025 | Junho,Terça-Feira,Dia útil,Leads,2025-06-17,midfunnel_rmkt_60d_video_v3,33.29,54,2583,8,Remarketing_60dias,Video,6º Lançamento | Leads
4738,2025 | Junho,Terça-Feira,Dia útil,Leads,2025-06-17,topfunnel_broad_tech_estatico_v1,24.81,21,1240,4,Broad_Tecnologia,Estático,6º Lançamento | Leads
4757,2025 | Junho,Terça-Feira,Dia útil,Awareness,2025-06-17,midfunnel_rmkt_60d_estatico_v2,22.94,26,1428,2,Remarketing_60dias,Estático,6º Lançamento | Live
5640,2025 | Junho,Terça-Feira,Dia útil,Awareness,2025-06-17,topfunnel_cargos_tech_estatico_v2,64.10,30,3645,4,Cargos_Tecnologia,Estático,6º Lançamento | Live
1274,2025 | Junho,Quarta-Feira,Dia útil,Leads,2025-06-18,topfunnel_interesses_cloud_video_v2,16.66,23,1062,2,Interesses_Cloud,Video,6º Lançamento | Leads
1609,2025 | Junho,Quarta-Feira,Dia útil,Leads,2025-06-18,topfunnel_cargos_tech_estatico_v2,111.41,95,5675,9,Cargos_Tecnologia,Estático,6º Lançamento | Leads
2341,2025 | Junho,Quarta-Feira,Dia útil,Leads,2025-06-18,topfunnel_lal1_clientes_estatico_v1,26.35,43,2836,6,LookALike_Clientes_1,Estático,6º Lançamento | Leads
2592,2025 | Junho,Quarta-Feira,Dia útil,Awareness,2025-06-18,topfunnel_interesses_cloud_video_v1,0.00,,0,,Interesses_Cloud,Video,6º Lançamento | Live
2906,2025 | Junho,Quarta-Feira,Dia útil,Leads,2025-06-18,topfunnel_broad_tech_video_v3,34.21,38,1897,3,Broad_Tecnologia,Video,6º Lançamento | Leads
2964,2025 | Junho,Quarta-Feira,Dia útil,Leads,2025-06-18,topfunnel_interesses_programacao_video_v1,64.74,105,6626,17,Interesses_Programacao,Video,6º Lançamento | Vendas
3514,2025 | Junho,Quarta-Feira,Dia útil,Leads,2025-06-18,topfunnel_cargos_tech_estatico_v2,30.32,28,2886,2,Cargos_Tecnologia,Estático,6º Lançamento | Leads
3602,2025 | Junho,Quarta-Feira,Dia útil,Leads,2025-06-18,topfunnel_broad_tech_estatico_v1,84.76,34,3415,9,Broad_Tecnologia,Estático,6º Lançamento | Leads
3669,2025 | Junho,Quarta-Feira,Dia útil,Leads,2025-06-18,midfunnel_rmkt_60d_estatico_v1,24.64,19,1990,1,Remarketing_60dias,Estático,6º Lançamento | Vendas
3790,2025 | Junho,Quarta-Feira,Dia útil,Leads,2025-06-18,topfunnel_lal1_clientes_video_v2,18.09,23,1364,5,LookALike_Clientes_1,Video,6º Lançamento | Leads
3862,2025 | Junho,Quarta-Feira,Dia útil,Leads,2025-06-18,topfunnel_broad_tech_estatico_v1,147.42,200,10144,16,Broad_Tecnologia,Estático,6º Lançamento | Vendas
4247,2025 | Junho,Quarta-Feira,Dia útil,Leads,2025-06-18,topfunnel_cargos_tech_estatico_v2,21.76,17,1155,2,Cargos_Tecnologia,Estático,6º Lançamento | Leads
4369,2025 | Junho,Quarta-Feira,Dia útil,Leads,2025-06-18,topfunnel_broad_tech_video_v1,42.69,43,3057,3,Broad_Tecnologia,Video,6º Lançamento | Vendas
4374,2025 | Junho,Quarta-Feira,Dia útil,Leads,2025-06-18,topfunnel_cargos_tech_video_v1,48.87,87,5022,15,Cargos_Tecnologia,Video,6º Lançamento | Leads
4751,2025 | Junho,Quarta-Feira,Dia útil,Leads,2025-06-18,topfunnel_interesses_programacao_video_v3,27.28,16,2475,1,Interesses_Programacao,Video,6º Lançamento | Leads
4928,2025 | Junho,Quarta-Feira,Dia útil,Leads,2025-06-18,topfunnel_broad_tech_video_v1,151.51,115,8675,23,Broad_Tecnologia,Video,6º Lançamento | Leads
4957,2025 | Junho,Quarta-Feira,Dia útil,Leads,2025-06-18,topfunnel_cargos_tech_video_v2,14.42,6,846,1,Cargos_Tecnologia,Video,6º Lançamento | Leads
5067,2025 | Junho,Quarta-Feira,Dia útil,Leads,2025-06-18,topfunnel_cargos_tech_estatico_v3,78.41,53,4661,5,Cargos_Tecnologia,Estático,6º Lançamento | Leads
5369,2025 | Junho,Quarta-Feira,Dia útil,Leads,2025-06-18,topfunnel_interesses_cloud_estatico_v3,40.99,54,3504,9,Interesses_Cloud,Estático,6º Lançamento | Leads
5467,2025 | Junho,Quarta-Feira,Dia útil,Leads,2025-06-18,topfunnel_broad_tech_estatico_v1,92.73,99,7005,25,Broad_Tecnologia,Estático,6º Lançamento | Leads
5571,2025 | Junho,Quarta-Feira,Dia útil,Leads,2025-06-18,topfunnel_broad_tech_estatico_v2,62.82,50,4370,7,Broad_Tecnologia,Estático,6º Lançamento | Leads
5602,2025 | Junho,Quarta-Feira,Dia útil,Leads,2025-06-18,topfunnel_lal1_clientes_video_v1,0.00,,0,,LookALike_Clientes_1,Video,6º Lançamento | Vendas
5952,2025 | Junho,Quarta-Feira,Dia útil,Awareness,2025-06-18,midfunnel_rmkt_60d_estatico_v3,24.10,12,2060,1,Remarketing_60dias,Estático,6º Lançamento | Live
3284,2025 | Junho,Quinta-Feira,Dia útil,Leads,2025-06-19,topfunnel_interesses_programacao_video_v1,62.35,89,3809,17,Interesses_Programacao,Video,6º Lançamento | Leads
3324,2025 | Junho,Quinta-Feira,Dia útil,Leads,2025-06-19,topfunnel_broad_tech_estatico_v1,17.69,16,1334,1,Broad_Tecnologia,Estático,6º Lançamento | Leads
3606,2025 | Junho,Quinta-Feira,Dia útil,Awareness,2025-06-19,topfunnel_broad_tech_video_v3,27.00,29,3181,3,Broad_Tecnologia,Video,6º Lançamento | Live
4740,2025 | Junho,Quinta-Feira,Dia útil,Leads,2025-06-19,topfunnel_lal1_clientes_estatico_v1,34.37,32,1827,1,LookALike_Clientes_1,Estático,6º Lançamento | Vendas
5773,2025 | Junho,Quinta-Feira,Dia útil,Leads,2025-06-19,topfunnel_interesses_cloud_video_v1,16.66,10,886,1,Interesses_Cloud,Video,6º Lançamento | Leads
5858,2025 | Junho,Quinta-Feira,Dia útil,Leads,2025-06-19,topfunnel_cargos_tech_video_v1,26.27,48,1942,3,Cargos_Tecnologia,Video,6º Lançamento | Leads
5956,2025 | Junho,Quinta-Feira,Dia útil,Leads,2025-06-19,topfunnel_broad_tech_estatico_v1,103.24,25,4712,4,Broad_Tecnologia,Estático,6º Lançamento | Leads
1170,2025 | Junho,Sexta-Feira,Dia útil,Leads,2025-06-20,topfunnel_broad_tech_estatico_v1,65.61,154,13008,19,Broad_Tecnologia,Estático,6º Lançamento | Leads
1478,2025 | Junho,Sexta-Feira,Dia útil,Leads,2025-06-20,topfunnel_broad_tech_video_v1,94.88,62,5379,2,Broad_Tecnologia,Video,6º Lançamento | Leads
1815,2025 | Junho,Sexta-Feira,Dia útil,Leads,2025-06-20,midfunnel_rmkt_60d_estatico_v2,128.18,114,7233,24,Remarketing_60dias,Estático,6º Lançamento | Leads
1969,2025 | Junho,Sexta-Feira,Dia útil,Leads,2025-06-20,topfunnel_cargos_tech_video_v1,63.68,42,3410,5,Cargos_Tecnologia,Video,6º Lançamento | Vendas
2717,2025 | Junho,Sexta-Feira,Dia útil,Leads,2025-06-20,topfunnel_interesses_programacao_video_v2,43.41,44,4092,3,Interesses_Programacao,Video,6º Lançamento | Leads
3620,2025 | Junho,Sexta-Feira,Dia útil,Leads,2025-06-20,topfunnel_broad_tech_estatico_v2,31.73,9,1954,2,Broad_Tecnologia,Estático,6º Lançamento | Leads
5176,2025 | Junho,Sexta-Feira,Dia útil,Leads,2025-06-20,topfunnel_broad_tech_video_v1,16.45,14,1076,3,Broad_Tecnologia,Video,6º Lançamento | Leads
5842,2025 | Junho,Sexta-Feira,Dia útil,Leads,2025-06-20,topfunnel_interesses_programacao_estatico_v1,9.56,3,480,2,Interesses_Programacao,Estático,6º Lançamento | Leads
5843,2025 | Junho,Sexta-Feira,Dia útil,Leads,2025-06-20,topfunnel_lal1_clientes_video_v2,119.82,515,22846,35,LookALike_Clientes_1,Video,6º Lançamento | Leads
5984,2025 | Junho,Sexta-Feira,Dia útil,Awareness,2025-06-20,topfunnel_cargos_tech_estatico_v2,52.81,29,3303,2,Cargos_Tecnologia,Estático,6º Lançamento | Live
1194,2025 | Junho,Sábado,Final de Semana,Leads,2025-06-21,topfunnel_interesses_cloud_estatico_v1,42.86,46,4591,6,Interesses_Cloud,Estático,6º Lançamento | Vendas
1319,2025 | Junho,Sábado,Final de Semana,Leads,2025-06-21,topfunnel_interesses_programacao_video_v3,80.00,76,4434,3,Interesses_Programacao,Video,6º Lançamento | Vendas
1855,2025 | Junho,Sábado,Final de Semana,Leads,2025-06-21,midfunnel_rmkt_60d_video_v1,21.47,27,1284,4,Remarketing_60dias,Video,6º Lançamento | Leads
2160,2025 | Junho,Sábado,Final de Semana,Leads,2025-06-21,topfunnel_broad_tech_video_v1,0.00,,0,,Broad_Tecnologia,Video,6º Lançamento | Leads
2524,2025 | Junho,Sábado,Final de Semana,Leads,2025-06-21,topfunnel_broad_tech_video_v2,61.07,126,5921,6,Broad_Tecnologia,Video,6º Lançamento | Leads
2759,2025 | Junho,Sábado,Final de Semana,Leads,2025-06-21,midfunnel_rmkt_60d_video_v2,50.04,30,2208,1,Remarketing_60dias,Video,6º Lançamento | Vendas
2855,2025 | Junho,Sábado,Final de Semana,Awareness,2025-06-21,midfunnel_rmkt_60d_video_v2,15.73,19,1830,3,Remarketing_60dias,Video,6º Lançamento | Live
2987,2025 | Junho,Sábado,Final de Semana,Leads,2025-06-21,topfunnel_broad_tech_estatico_v1,64.95,31,4877,8,Broad_Tecnologia,Estático,6º Lançamento | Leads
3080,2025 | Junho,Sábado,Final de Semana,Leads,2025-06-21,midfunnel_rmkt_60d_estatico_v1,32.66,41,2297,3,Remarketing_60dias,Estático,6º Lançamento | Leads
5622,2025 | Junho,Sábado,Final de Semana,Awareness,2025-06-21,topfunnel_interesses_cloud_video_v1,24.80,15,1311,2,Interesses_Cloud,Video,6º Lançamento | Live
1320,2025 | Junho,Domingo,Final de Semana,Awareness,2025-06-22,topfunnel_interesses_cloud_video_v1,36.01,28,2769,1,Interesses_Cloud,Video,6º Lançamento | Live
1714,2025 | Junho,Domingo,Final de Semana,Leads,2025-06-22,midfunnel_rmkt_60d_estatico_v1,17.26,17,1316,4,Remarketing_60dias,Estático,6º Lançamento | Leads
1732,2025 | Junho,Domingo,Final de Semana,Leads,2025-06-22,topfunnel_cargos_tech_video_v2,70.29,65,6561,16,Cargos_Tecnologia,Video,6º Lançamento | Leads
2162,2025 | Junho,Domingo,Final de Semana,Leads,2025-06-22,topfunnel_interesses_programacao_video_v1,20.45,31,1720,8,Interesses_Programacao,Video,6º Lançamento | Leads
2279,2025 | Junho,Domingo,Final de Semana,Leads,2025-06-22,topfunnel_interesses_cloud_estatico_v1,143.40,97,10546,8,Interesses_Cloud,Estático,6º Lançamento | Leads
3244,2025 | Junho,Domingo,Final de Semana,Leads,2025-06-22,topfunnel_broad_tech_estatico_v2,35.38,52,2920,6,Broad_Tecnologia,Estático,6º Lançamento | Vendas
3437,2025 | Junho,Domingo,Final de Semana,Leads,2025-06-22,topfunnel_interesses_programacao_video_v1,0.00,,0,,Interesses_Programacao,Video,6º Lançamento | Leads
3804,2025 | Junho,Domingo,Final de Semana,Leads,2025-06-22,topfunnel_lal1_clientes_video_v1,19.07,34,2079,6,LookALike_Clientes_1,Video,6º Lançamento | Leads
3998,2025 | Junho,Domingo,Final de Semana,Leads,2025-06-22,topfunnel_interesses_programacao_video_v1,64.50,33,3096,5,Interesses_Programacao,Video,6º Lançamento | Leads
4117,2025 | Junho,Domingo,Final de Semana,Leads,2025-06-22,topfunnel_interesses_cloud_estatico_v1,66.91,49,7468,3,Interesses_Cloud,Estático,6º Lançamento | Leads
4225,2025 | Junho,Domingo,Final de Semana,Leads,2025-06-22,topfunnel_interesses_cloud_video_v2,3.44,4,190,,Interesses_Cloud,Video,6º Lançamento | Leads
4270,2025 | Junho,Domingo,Final de Semana,Awareness,2025-06-22,midfunnel_rmkt_60d_video_v3,6.60,3,458,,Remarketing_60dias,Video,6º Lançamento | Live
5970,2025 | Junho,Domingo,Final de Semana,Awareness,2025-06-22,topfunnel_cargos_tech_estatico_v1,22.81,19,1478,1,Cargos_Tecnologia,Estático,6º Lançamento | Live
1036,2025 | Junho,Segunda-Feira,Dia útil,Leads,2025-06-23,topfunnel_interesses_cloud_estatico_v1,49.72,61,4164,7,Interesses_Cloud,Estático,6º Lançamento | Leads
1863,2025 | Junho,Segunda-Feira,Dia útil,Leads,2025-06-23,midfunnel_rmkt_60d_video_v1,50.97,73,2557,14,Remarketing_60dias,Video,6º Lançamento | Vendas
1897,2025 | Junho,Segunda-Feira,Dia útil,Leads,2025-06-23,topfunnel_interesses_cloud_estatico_v1,111.83,78,7284,6,Interesses_Cloud,Estático,6º Lançamento | Vendas
2505,2025 | Junho,Segunda-Feira,Dia útil,Leads,2025-06-23,topfunnel_lal1_clientes_estatico_v1,106.79,67,8972,13,LookALike_Clientes_1,Estático,6º Lançamento | Leads
2844,2025 | Junho,Segunda-Feira,Dia útil,Awareness,2025-06-23,midfunnel_rmkt_60d_estatico_v2,11.11,4,673,1,Remarketing_60dias,Estático,6º Lançamento | Live
3184,2025 | Junho,Segunda-Feira,Dia útil,Leads,2025-06-23,topfunnel_broad_tech_video_v1,96.72,85,5703,12,Broad_Tecnologia,Video,6º Lançamento | Leads
3565,2025 | Junho,Segunda-Feira,Dia útil,Leads,2025-06-23,topfunnel_cargos_tech_video_v1,112.65,51,5692,4,Cargos_Tecnologia,Video,6º Lançamento | Vendas
3826,2025 | Junho,Segunda-Feira,Dia útil,Leads,2025-06-23,topfunnel_broad_tech_estatico_v1,10.26,12,744,4,Broad_Tecnologia,Estático,6º Lançamento | Leads
3828,2025 | Junho,Segunda-Feira,Dia útil,Awareness,2025-06-23,midfunnel_rmkt_60d_video_v1,30.82,29,1500,,Remarketing_60dias,Video,6º Lançamento | Live
4123,2025 | Junho,Segunda-Feira,Dia útil,Leads,2025-06-23,topfunnel_lal1_clientes_estatico_v1,4.73,8,307,1,LookALike_Clientes_1,Estático,6º Lançamento | Leads
5261,2025 | Junho,Segunda-Feira,Dia útil,Leads,2025-06-23,topfunnel_interesses_cloud_video_v3,28.62,21,1788,2,Interesses_Cloud,Video,6º Lançamento | Leads
5741,2025 | Junho,Segunda-Feira,Dia útil,Leads,2025-06-23,topfunnel_cargos_tech_estatico_v1,12.78,19,962,3,Cargos_Tecnologia,Estático,6º Lançamento | Leads
5813,2025 | Junho,Segunda-Feira,Dia útil,Leads,2025-06-23,midfunnel_rmkt_60d_video_v1,14.35,4,760,,Remarketing_60dias,Video,6º Lançamento | Leads
1334,2025 | Junho,Terça-Feira,Dia útil,Leads,2025-06-24,midfunnel_rmkt_60d_video_v3,22.45,38,2331,13,Remarketing_60dias,Video,6º Lançamento | Leads
2047,2025 | Junho,Terça-Feira,Dia útil,Leads,2025-06-24,topfunnel_interesses_programacao_video_v1,28.04,19,1966,2,Interesses_Programacao,Video,6º Lançamento | Leads
2058,2025 | Junho,Terça-Feira,Dia útil,Leads,2025-06-24,midfunnel_rmkt_60d_video_v1,16.96,45,1810,10,Remarketing_60dias,Video,6º Lançamento | Leads
2700,2025 | Junho,Terça-Feira,Dia útil,Leads,2025-06-24,topfunnel_cargos_tech_video_v2,40.18,37,2214,2,Cargos_Tecnologia,Video,6º Lançamento | Leads
3205,2025 | Junho,Terça-Feira,Dia útil,Leads,2025-06-24,topfunnel_interesses_cloud_estatico_v1,54.48,42,3004,10,Interesses_Cloud,Estático,6º Lançamento | Leads
4651,2025 | Junho,Terça-Feira,Dia útil,Leads,2025-06-24,midfunnel_rmkt_60d_video_v3,17.89,14,1243,3,Remarketing_60dias,Video,6º Lançamento | Leads
4912,2025 | Junho,Terça-Feira,Dia útil,Leads,2025-06-24,midfunnel_rmkt_60d_estatico_v1,39.36,102,3896,24,Remarketing_60dias,Estático,6º Lançamento | Vendas
5591,2025 | Junho,Terça-Feira,Dia útil,Leads,2025-06-24,midfunnel_rmkt_60d_estatico_v1,39.65,25,1476,1,Remarketing_60dias,Estático,6º Lançamento | Leads
1470,2025 | Junho,Quarta-Feira,Dia útil,Awareness,2025-06-25,topfunnel_broad_tech_video_v2,2.10,,130,,Broad_Tecnologia,Video,6º Lançamento | Live
1647,2025 | Junho,Quarta-Feira,Dia útil,Awareness,2025-06-25,topfunnel_lal1_clientes_estatico_v1,18.30,12,1183,1,LookALike_Clientes_1,Estático,6º Lançamento | Live
1672,2025 | Junho,Quarta-Feira,Dia útil,Leads,2025-06-25,topfunnel_interesses_programacao_video_v3,20.81,5,1041,,Interesses_Programacao,Video,6º Lançamento | Leads
1762,2025 | Junho,Quarta-Feira,Dia útil,Leads,2025-06-25,topfunnel_lal1_clientes_video_v1,26.69,47,1934,9,LookALike_Clientes_1,Video,6º Lançamento | Leads
2085,2025 | Junho,Quarta-Feira,Dia útil,Awareness,2025-06-25,topfunnel_lal1_clientes_video_v3,17.39,41,2221,4,LookALike_Clientes_1,Video,6º Lançamento | Live
2375,2025 | Junho,Quarta-Feira,Dia útil,Leads,2025-06-25,midfunnel_rmkt_60d_video_v2,19.57,31,1243,5,Remarketing_60dias,Video,6º Lançamento | Leads
2643,2025 | Junho,Quarta-Feira,Dia útil,Leads,2025-06-25,topfunnel_broad_tech_estatico_v2,9.39,34,1722,2,Broad_Tecnologia,Estático,6º Lançamento | Leads
2710,2025 | Junho,Quarta-Feira,Dia útil,Leads,2025-06-25,topfunnel_broad_tech_video_v1,0.00,,0,,Broad_Tecnologia,Video,6º Lançamento | Leads
2789,2025 | Junho,Quarta-Feira,Dia útil,Leads,2025-06-25,topfunnel_lal1_clientes_video_v1,40.20,80,4237,21,LookALike_Clientes_1,Video,6º Lançamento | Leads
3634,2025 | Junho,Quarta-Feira,Dia útil,Leads,2025-06-25,topfunnel_interesses_programacao_video_v2,54.41,70,5612,14,Interesses_Programacao,Video,6º Lançamento | Leads
3748,2025 | Junho,Quarta-Feira,Dia útil,Leads,2025-06-25,topfunnel_broad_tech_video_v1,2.53,1,135,,Broad_Tecnologia,Video,6º Lançamento | Leads
3822,2025 | Junho,Quarta-Feira,Dia útil,Leads,2025-06-25,topfunnel_broad_tech_video_v1,17.66,13,906,1,Broad_Tecnologia,Video,6º Lançamento | Leads
3876,2025 | Junho,Quarta-Feira,Dia útil,Leads,2025-06-25,topfunnel_interesses_cloud_estatico_v2,193.54,284,15403,31,Interesses_Cloud,Estático,6º Lançamento | Vendas
4240,2025 | Junho,Quarta-Feira,Dia útil,Leads,2025-06-25,topfunnel_lal1_clientes_video_v1,117.08,131,8265,31,LookALike_Clientes_1,Video,6º Lançamento | Leads
5560,2025 | Junho,Quarta-Feira,Dia útil,Leads,2025-06-25,topfunnel_interesses_cloud_estatico_v1,62.51,12,2663,2,Interesses_Cloud,Estático,6º Lançamento | Leads
5609,2025 | Junho,Quarta-Feira,Dia útil,Leads,2025-06-25,topfunnel_interesses_cloud_estatico_v1,34.46,18,1692,,Interesses_Cloud,Estático,6º Lançamento | Leads
5990,2025 | Junho,Quarta-Feira,Dia útil,Leads,2025-06-25,topfunnel_interesses_cloud_estatico_v1,48.38,49,2876,3,Interesses_Cloud,Estático,6º Lançamento | Leads
1004,2025 | Junho,Quinta-Feira,Dia útil,Leads,2025-06-26,topfunnel_lal1_clientes_estatico_v1,56.70,91,4913,12,LookALike_Clientes_1,Estático,6º Lançamento | Leads
1197,2025 | Junho,Quinta-Feira,Dia útil,Leads,2025-06-26,topfunnel_lal1_clientes_estatico_v1,35.15,44,2241,10,LookALike_Clientes_1,Estático,6º Lançamento | Leads
1301,2025 | Junho,Quinta-Feira,Dia útil,Leads,2025-06-26,topfunnel_broad_tech_estatico_v2,41.84,66,3088,7,Broad_Tecnologia,Estático,6º Lançamento | Leads
1315,2025 | Junho,Quinta-Feira,Dia útil,Leads,2025-06-26,topfunnel_broad_tech_estatico_v2,81.02,26,5316,4,Broad_Tecnologia,Estático,6º Lançamento | Leads
1615,2025 | Junho,Quinta-Feira,Dia útil,Leads,2025-06-26,topfunnel_broad_tech_video_v1,26.29,44,2002,7,Broad_Tecnologia,Video,6º Lançamento | Leads
1617,2025 | Junho,Quinta-Feira,Dia útil,Leads,2025-06-26,midfunnel_rmkt_60d_video_v1,46.55,142,4706,14,Remarketing_60dias,Video,6º Lançamento | Leads
2100,2025 | Junho,Quinta-Feira,Dia útil,Leads,2025-06-26,topfunnel_interesses_programacao_estatico_v1,52.63,60,4877,18,Interesses_Programacao,Estático,6º Lançamento | Leads
2230,2025 | Junho,Quinta-Feira,Dia útil,Leads,2025-06-26,topfunnel_broad_tech_video_v2,112.76,111,5302,8,Broad_Tecnologia,Video,6º Lançamento | Vendas
2426,2025 | Junho,Quinta-Feira,Dia útil,Leads,2025-06-26,topfunnel_interesses_programacao_estatico_v1,37.43,86,5025,8,Interesses_Programacao,Estático,6º Lançamento | Leads
2596,2025 | Junho,Quinta-Feira,Dia útil,Leads,2025-06-26,topfunnel_lal1_clientes_estatico_v3,116.37,139,11454,25,LookALike_Clientes_1,Estático,6º Lançamento | Leads
2966,2025 | Junho,Quinta-Feira,Dia útil,Leads,2025-06-26,midfunnel_rmkt_60d_estatico_v2,83.81,123,5372,31,Remarketing_60dias,Estático,6º Lançamento | Leads
3473,2025 | Junho,Quinta-Feira,Dia útil,Leads,2025-06-26,topfunnel_broad_tech_estatico_v3,13.51,14,1215,1,Broad_Tecnologia,Estático,6º Lançamento | Leads
3474,2025 | Junho,Quinta-Feira,Dia útil,Awareness,2025-06-26,topfunnel_lal1_clientes_video_v2,43.18,72,4356,5,LookALike_Clientes_1,Video,6º Lançamento | Live
3787,2025 | Junho,Quinta-Feira,Dia útil,Leads,2025-06-26,topfunnel_interesses_programacao_estatico_v2,29.79,25,1663,1,Interesses_Programacao,Estático,6º Lançamento | Leads
4256,2025 | Junho,Quinta-Feira,Dia útil,Leads,2025-06-26,topfunnel_interesses_programacao_video_v1,71.58,67,6033,12,Interesses_Programacao,Video,6º Lançamento | Leads
4567,2025 | Junho,Quinta-Feira,Dia útil,Leads,2025-06-26,topfunnel_lal1_clientes_video_v1,7.35,13,560,1,LookALike_Clientes_1,Video,6º Lançamento | Leads
4721,2025 | Junho,Quinta-Feira,Dia útil,Leads,2025-06-26,topfunnel_lal1_clientes_video_v2,33.01,28,2663,1,LookALike_Clientes_1,Video,6º Lançamento | Leads
4805,2025 | Junho,Quinta-Feira,Dia útil,Leads,2025-06-26,topfunnel_broad_tech_video_v3,55.34,18,4229,1,Broad_Tecnologia,Video,6º Lançamento | Vendas
5103,2025 | Junho,Quinta-Feira,Dia útil,Leads,2025-06-26,topfunnel_lal1_clientes_estatico_v1,15.96,32,1357,7,LookALike_Clientes_1,Estático,6º Lançamento | Leads
5196,2025 | Junho,Quinta-Feira,Dia útil,Leads,2025-06-26,topfunnel_lal1_clientes_estatico_v1,15.49,16,2016,,LookALike_Clientes_1,Estático,6º Lançamento | Leads
1302,2025 | Junho,Sexta-Feira,Dia útil,Leads,2025-06-27,midfunnel_rmkt_60d_estatico_v1,63.36,98,5441,21,Remarketing_60dias,Estático,6º Lançamento | Leads
1603,2025 | Junho,Sexta-Feira,Dia útil,Leads,2025-06-27,topfunnel_cargos_tech_video_v1,41.17,17,2834,2,Cargos_Tecnologia,Video,6º Lançamento | Leads
2504,2025 | Junho,Sexta-Feira,Dia útil,Awareness,2025-06-27,topfunnel_lal1_clientes_estatico_v1,55.10,50,5067,5,LookALike_Clientes_1,Estático,6º Lançamento | Live
2544,2025 | Junho,Sexta-Feira,Dia útil,Leads,2025-06-27,midfunnel_rmkt_60d_video_v1,29.37,51,2152,13,Remarketing_60dias,Video,6º Lançamento | Leads
3548,2025 | Junho,Sexta-Feira,Dia útil,Leads,2025-06-27,topfunnel_broad_tech_video_v3,55.95,45,4760,7,Broad_Tecnologia,Video,6º Lançamento | Leads
3881,2025 | Junho,Sexta-Feira,Dia útil,Leads,2025-06-27,topfunnel_interesses_programacao_estatico_v2,1.63,1,100,,Interesses_Programacao,Estático,6º Lançamento | Vendas
4703,2025 | Junho,Sexta-Feira,Dia útil,Leads,2025-06-27,midfunnel_rmkt_60d_video_v2,27.42,34,1774,2,Remarketing_60dias,Video,6º Lançamento | Leads
5945,2025 | Junho,Sexta-Feira,Dia útil,Leads,2025-06-27,topfunnel_cargos_tech_video_v2,12.05,7,1246,1,Cargos_Tecnologia,Video,6º Lançamento | Leads
1007,2025 | Junho,Sábado,Final de Semana,Leads,2025-06-28,topfunnel_cargos_tech_estatico_v1,87.02,57,10596,14,Cargos_Tecnologia,Estático,6º Lançamento | Leads
1362,2025 | Junho,Sábado,Final de Semana,Leads,2025-06-28,topfunnel_interesses_programacao_estatico_v2,53.38,23,3236,4,Interesses_Programacao,Estático,6º Lançamento | Leads
1546,2025 | Junho,Sábado,Final de Semana,Leads,2025-06-28,topfunnel_interesses_cloud_estatico_v1,12.91,13,1032,3,Interesses_Cloud,Estático,6º Lançamento | Leads
1591,2025 | Junho,Sábado,Final de Semana,Leads,2025-06-28,topfunnel_interesses_cloud_estatico_v1,41.26,57,2879,12,Interesses_Cloud,Estático,6º Lançamento | Leads
2232,2025 | Junho,Sábado,Final de Semana,Leads,2025-06-28,topfunnel_cargos_tech_video_v1,47.73,16,2773,2,Cargos_Tecnologia,Video,6º Lançamento | Leads
2529,2025 | Junho,Sábado,Final de Semana,Leads,2025-06-28,topfunnel_interesses_cloud_video_v2,36.66,36,1796,4,Interesses_Cloud,Video,6º Lançamento | Leads
2695,2025 | Junho,Sábado,Final de Semana,Awareness,2025-06-28,topfunnel_broad_tech_video_v1,10.84,2,599,,Broad_Tecnologia,Video,6º Lançamento | Live
3006,2025 | Junho,Sábado,Final de Semana,Leads,2025-06-28,topfunnel_lal1_clientes_estatico_v2,30.62,39,1625,6,LookALike_Clientes_1,Estático,6º Lançamento | Vendas
3362,2025 | Junho,Sábado,Final de Semana,Leads,2025-06-28,midfunnel_rmkt_60d_video_v2,29.06,48,2469,4,Remarketing_60dias,Video,6º Lançamento | Leads
3499,2025 | Junho,Sábado,Final de Semana,Leads,2025-06-28,topfunnel_interesses_programacao_video_v1,23.36,36,1482,2,Interesses_Programacao,Video,6º Lançamento | Leads
3681,2025 | Junho,Sábado,Final de Semana,Leads,2025-06-28,topfunnel_cargos_tech_estatico_v2,17.28,13,906,1,Cargos_Tecnologia,Estático,6º Lançamento | Leads
4341,2025 | Junho,Sábado,Final de Semana,Leads,2025-06-28,topfunnel_cargos_tech_video_v1,21.24,28,1161,1,Cargos_Tecnologia,Video,6º Lançamento | Leads
4599,2025 | Junho,Sábado,Final de Semana,Leads,2025-06-28,topfunnel_interesses_programacao_estatico_v1,41.96,52,2666,5,Interesses_Programacao,Estático,6º Lançamento | Leads
5680,2025 | Junho,Sábado,Final de Semana,Leads,2025-06-28,topfunnel_broad_tech_estatico_v2,17.50,17,1453,2,Broad_Tecnologia,Estático,6º Lançamento | Leads
5760,2025 | Junho,Sábado,Final de Semana,Leads,2025-06-28,topfunnel_broad_tech_estatico_v3,55.01,37,2672,2,Broad_Tecnologia,Estático,6º Lançamento | Vendas
5830,2025 | Junho,Sábado,Final de Semana,Leads,2025-06-28,topfunnel_lal1_clientes_estatico_v2,26.03,34,2227,6,LookALike_Clientes_1,Estático,6º Lançamento | Leads
2292,2025 | Junho,Domingo,Final de Semana,Leads,2025-06-29,topfunnel_interesses_programacao_video_v1,13.23,17,983,1,Interesses_Programacao,Video,6º Lançamento | Vendas
2321,2025 | Junho,Domingo,Final de Semana,Awareness,2025-06-29,midfunnel_rmkt_60d_estatico_v3,0.00,,0,,Remarketing_60dias,Estático,6º Lançamento | Live
2584,2025 | Junho,Domingo,Final de Semana,Leads,2025-06-29,topfunnel_interesses_programacao_video_v2,50.06,33,2839,6,Interesses_Programacao,Video,6º Lançamento | Leads
2937,2025 | Junho,Domingo,Final de Semana,Leads,2025-06-29,midfunnel_rmkt_60d_video_v2,24.93,33,2332,3,Remarketing_60dias,Video,6º Lançamento | Leads
2971,2025 | Junho,Domingo,Final de Semana,Leads,2025-06-29,topfunnel_broad_tech_video_v2,29.12,52,2312,6,Broad_Tecnologia,Video,6º Lançamento | Leads
3053,2025 | Junho,Domingo,Final de Semana,Leads,2025-06-29,topfunnel_broad_tech_video_v1,42.07,65,5376,13,Broad_Tecnologia,Video,6º Lançamento | Leads
3202,2025 | Junho,Domingo,Final de Semana,Leads,2025-06-29,topfunnel_cargos_tech_video_v2,24.48,12,1238,,Cargos_Tecnologia,Video,6º Lançamento | Vendas
3432,2025 | Junho,Domingo,Final de Semana,Leads,2025-06-29,topfunnel_lal1_clientes_estatico_v1,48.18,29,3477,4,LookALike_Clientes_1,Estático,6º Lançamento | Vendas
4195,2025 | Junho,Domingo,Final de Semana,Leads,2025-06-29,topfunnel_interesses_programacao_video_v3,66.95,52,3039,6,Interesses_Programacao,Video,6º Lançamento | Vendas
4292,2025 | Junho,Domingo,Final de Semana,Leads,2025-06-29,topfunnel_broad_tech_estatico_v1,85.19,75,7674,6,Broad_Tecnologia,Estático,6º Lançamento | Leads
4300,2025 | Junho,Domingo,Final de Semana,Leads,2025-06-29,topfunnel_lal1_clientes_estatico_v1,48.85,66,3586,13,LookALike_Clientes_1,Estático,6º Lançamento | Leads
4638,2025 | Junho,Domingo,Final de Semana,Leads,2025-06-29,topfunnel_cargos_tech_estatico_v2,18.53,21,912,1,Cargos_Tecnologia,Estático,6º Lançamento | Leads
5289,2025 | Junho,Domingo,Final de Semana,Leads,2025-06-29,topfunnel_interesses_cloud_estatico_v1,12.62,11,1707,1,Interesses_Cloud,Estático,6º Lançamento | Leads
5444,2025 | Junho,Domingo,Final de Semana,Leads,2025-06-29,topfunnel_lal1_clientes_video_v1,35.25,73,2675,11,LookALike_Clientes_1,Video,6º Lançamento | Leads
5539,2025 | Junho,Domingo,Final de Semana,Leads,2025-06-29,topfunnel_broad_tech_estatico_v1,12.29,12,810,3,Broad_Tecnologia,Estático,6º Lançamento | Leads
5678,2025 | Junho,Domingo,Final de Semana,Leads,2025-06-29,topfunnel_interesses_programacao_video_v2,29.84,14,1528,3,Interesses_Programacao,Video,6º Lançamento | Leads
1224,2025 | Junho,Segunda-Feira,Dia útil,Leads,2025-06-30,topfunnel_interesses_programacao_video_v1,65.81,126,5875,8,Interesses_Programacao,Video,6º Lançamento | Leads
1356,2025 | Junho,Segunda-Feira,Dia útil,Leads,2025-06-30,topfunnel_interesses_cloud_estatico_v1,7.18,15,525,3,Interesses_Cloud,Estático,6º Lançamento | Leads
2095,2025 | Junho,Segunda-Feira,Dia útil,Awareness,2025-06-30,topfunnel_interesses_cloud_estatico_v2,24.26,17,1355,2,Interesses_Cloud,Estático,6º Lançamento | Live
2590,2025 | Junho,Segunda-Feira,Dia útil,Leads,2025-06-30,topfunnel_interesses_cloud_estatico_v3,6.39,4,266,1,Interesses_Cloud,Estático,6º Lançamento | Leads
2620,2025 | Junho,Segunda-Feira,Dia útil,Leads,2025-06-30,midfunnel_rmkt_60d_video_v3,46.72,41,3098,3,Remarketing_60dias,Video,6º Lançamento | Vendas
2835,2025 | Junho,Segunda-Feira,Dia útil,Leads,2025-06-30,topfunnel_interesses_programacao_video_v2,90.18,29,6035,4,Interesses_Programacao,Video,6º Lançamento | Vendas
3403,2025 | Junho,Segunda-Feira,Dia útil,Leads,2025-06-30,topfunnel_broad_tech_video_v2,18.52,31,1596,1,Broad_Tecnologia,Video,6º Lançamento | Leads
3966,2025 | Junho,Segunda-Feira,Dia útil,Leads,2025-06-30,midfunnel_rmkt_60d_video_v2,59.49,117,6255,19,Remarketing_60dias,Video,6º Lançamento | Leads
4510,2025 | Junho,Segunda-Feira,Dia útil,Leads,2025-06-30,topfunnel_broad_tech_estatico_v3,13.60,8,1051,1,Broad_Tecnologia,Estático,6º Lançamento | Leads
5153,2025 | Junho,Segunda-Feira,Dia útil,Leads,2025-06-30,topfunnel_lal1_clientes_estatico_v3,27.20,23,1345,2,LookALike_Clientes_1,Estático,6º Lançamento | Leads
5272,2025 | Junho,Segunda-Feira,Dia útil,Awareness,2025-06-30,topfunnel_interesses_cloud_video_v2,57.09,21,4010,2,Interesses_Cloud,Video,6º Lançamento | Live
5345,2025 | Junho,Segunda-Feira,Dia útil,Leads,2025-06-30,topfunnel_interesses_programacao_video_v2,13.79,15,849,2,Interesses_Programacao,Video,6º Lançamento | Vendas
5693,2025 | Junho,Segunda-Feira,Dia útil,Awareness,2025-06-30,topfunnel_lal1_clientes_video_v1,36.01,27,3358,2,LookALike_Clientes_1,Video,6º Lançamento | Live
5811,2025 | Junho,Segunda-Feira,Dia útil,Leads,2025-06-30,topfunnel_broad_tech_video_v2,18.03,21,1509,6,Broad_Tecnologia,Video,6º Lançamento | Leads
1238,2025 | Julho,Terça-Feira,Dia útil,Leads,2025-07-01,topfunnel_interesses_cloud_video_v1,47.83,58,3419,8,Interesses_Cloud,Video,7º Lançamento | Leads
1325,2025 | Julho,Terça-Feira,Dia útil,Leads,2025-07-01,midfunnel_rmkt_60d_estatico_v2,35.78,52,2940,4,Remarketing_60dias,Estático,7º Lançamento | Leads
1581,2025 | Julho,Terça-Feira,Dia útil,Leads,2025-07-01,topfunnel_broad_tech_video_v1,85.27,76,5154,11,Broad_Tecnologia,Video,7º Lançamento | Leads
2184,2025 | Julho,Terça-Feira,Dia útil,Leads,2025-07-01,midfunnel_rmkt_60d_video_v3,46.95,76,2716,7,Remarketing_60dias,Video,7º Lançamento | Leads
2191,2025 | Julho,Terça-Feira,Dia útil,Leads,2025-07-01,midfunnel_rmkt_60d_video_v1,46.79,47,3260,10,Remarketing_60dias,Video,7º Lançamento | Leads
3143,2025 | Julho,Terça-Feira,Dia útil,Leads,2025-07-01,topfunnel_cargos_tech_video_v1,27.00,41,2002,7,Cargos_Tecnologia,Video,7º Lançamento | Leads
3459,2025 | Julho,Terça-Feira,Dia útil,Leads,2025-07-01,topfunnel_interesses_cloud_video_v3,5.60,5,329,,Interesses_Cloud,Video,7º Lançamento | Leads
3991,2025 | Julho,Terça-Feira,Dia útil,Leads,2025-07-01,topfunnel_interesses_cloud_video_v2,23.60,27,1504,,Interesses_Cloud,Video,7º Lançamento | Leads
4187,2025 | Julho,Terça-Feira,Dia útil,Leads,2025-07-01,midfunnel_rmkt_60d_estatico_v1,43.86,56,3602,7,Remarketing_60dias,Estático,7º Lançamento | Vendas
4405,2025 | Julho,Terça-Feira,Dia útil,Leads,2025-07-01,midfunnel_rmkt_60d_estatico_v1,22.57,43,1823,6,Remarketing_60dias,Estático,7º Lançamento | Leads
4518,2025 | Julho,Terça-Feira,Dia útil,Awareness,2025-07-01,midfunnel_rmkt_60d_video_v1,11.83,27,1083,5,Remarketing_60dias,Video,7º Lançamento | Live
5692,2025 | Julho,Terça-Feira,Dia útil,Leads,2025-07-01,topfunnel_interesses_programacao_video_v1,62.08,130,5015,23,Interesses_Programacao,Video,7º Lançamento | Leads
1368,2025 | Julho,Quarta-Feira,Dia útil,Awareness,2025-07-02,midfunnel_rmkt_60d_video_v2,33.03,33,1616,4,Remarketing_60dias,Video,7º Lançamento | Live
2146,2025 | Julho,Quarta-Feira,Dia útil,Leads,2025-07-02,topfunnel_broad_tech_video_v3,92.30,35,4609,1,Broad_Tecnologia,Video,7º Lançamento | Leads
2680,2025 | Julho,Quarta-Feira,Dia útil,Leads,2025-07-02,topfunnel_broad_tech_estatico_v2,35.00,33,2166,1,Broad_Tecnologia,Estático,7º Lançamento | Leads
3920,2025 | Julho,Quarta-Feira,Dia útil,Awareness,2025-07-02,topfunnel_lal1_clientes_estatico_v1,11.76,10,603,1,LookALike_Clientes_1,Estático,7º Lançamento | Live
3988,2025 | Julho,Quarta-Feira,Dia útil,Leads,2025-07-02,topfunnel_interesses_programacao_video_v1,0.00,,0,,Interesses_Programacao,Video,7º Lançamento | Leads
4542,2025 | Julho,Quarta-Feira,Dia útil,Leads,2025-07-02,topfunnel_broad_tech_video_v1,92.82,30,5145,5,Broad_Tecnologia,Video,7º Lançamento | Leads
4563,2025 | Julho,Quarta-Feira,Dia útil,Leads,2025-07-02,topfunnel_interesses_cloud_estatico_v1,23.92,12,1480,1,Interesses_Cloud,Estático,7º Lançamento | Leads
4993,2025 | Julho,Quarta-Feira,Dia útil,Leads,2025-07-02,topfunnel_interesses_cloud_video_v2,23.61,16,1097,1,Interesses_Cloud,Video,7º Lançamento | Leads
5649,2025 | Julho,Quarta-Feira,Dia útil,Leads,2025-07-02,topfunnel_broad_tech_video_v2,37.44,67,3259,15,Broad_Tecnologia,Video,7º Lançamento | Leads
5695,2025 | Julho,Quarta-Feira,Dia útil,Leads,2025-07-02,topfunnel_interesses_programacao_video_v1,0.00,,0,,Interesses_Programacao,Video,7º Lançamento | Leads
1297,2025 | Julho,Quinta-Feira,Dia útil,Leads,2025-07-03,topfunnel_broad_tech_video_v2,21.92,22,942,1,Broad_Tecnologia,Video,7º Lançamento | Leads
1974,2025 | Julho,Quinta-Feira,Dia útil,Leads,2025-07-03,topfunnel_cargos_tech_estatico_v2,70.91,35,4797,1,Cargos_Tecnologia,Estático,7º Lançamento | Leads
1979,2025 | Julho,Quinta-Feira,Dia útil,Leads,2025-07-03,topfunnel_interesses_cloud_estatico_v3,69.82,74,4639,4,Interesses_Cloud,Estático,7º Lançamento | Leads
2048,2025 | Julho,Quinta-Feira,Dia útil,Leads,2025-07-03,topfunnel_interesses_programacao_video_v1,14.84,16,883,1,Interesses_Programacao,Video,7º Lançamento | Leads
2760,2025 | Julho,Quinta-Feira,Dia útil,Leads,2025-07-03,midfunnel_rmkt_60d_estatico_v1,28.12,15,1649,2,Remarketing_60dias,Estático,7º Lançamento | Leads
3498,2025 | Julho,Quinta-Feira,Dia útil,Leads,2025-07-03,topfunnel_cargos_tech_estatico_v1,20.98,8,1203,1,Cargos_Tecnologia,Estático,7º Lançamento | Leads
3671,2025 | Julho,Quinta-Feira,Dia útil,Leads,2025-07-03,topfunnel_lal1_clientes_estatico_v2,125.25,137,6590,30,LookALike_Clientes_1,Estático,7º Lançamento | Leads
3750,2025 | Julho,Quinta-Feira,Dia útil,Awareness,2025-07-03,topfunnel_interesses_cloud_estatico_v2,10.40,9,789,1,Interesses_Cloud,Estático,7º Lançamento | Live
3969,2025 | Julho,Quinta-Feira,Dia útil,Awareness,2025-07-03,topfunnel_lal1_clientes_estatico_v2,4.08,3,331,1,LookALike_Clientes_1,Estático,7º Lançamento | Live
4874,2025 | Julho,Quinta-Feira,Dia útil,Leads,2025-07-03,topfunnel_interesses_programacao_video_v1,80.74,164,7189,13,Interesses_Programacao,Video,7º Lançamento | Leads
1434,2025 | Julho,Sexta-Feira,Dia útil,Awareness,2025-07-04,topfunnel_cargos_tech_estatico_v1,27.57,6,2088,2,Cargos_Tecnologia,Estático,7º Lançamento | Live
1984,2025 | Julho,Sexta-Feira,Dia útil,Leads,2025-07-04,topfunnel_broad_tech_video_v1,10.06,9,578,,Broad_Tecnologia,Video,7º Lançamento | Leads
2415,2025 | Julho,Sexta-Feira,Dia útil,Leads,2025-07-04,topfunnel_interesses_cloud_video_v3,144.51,82,7274,7,Interesses_Cloud,Video,7º Lançamento | Leads
2746,2025 | Julho,Sexta-Feira,Dia útil,Leads,2025-07-04,topfunnel_lal1_clientes_video_v3,30.57,38,2026,3,LookALike_Clientes_1,Video,7º Lançamento | Leads
2862,2025 | Julho,Sexta-Feira,Dia útil,Leads,2025-07-04,topfunnel_interesses_programacao_estatico_v2,50.62,16,3639,2,Interesses_Programacao,Estático,7º Lançamento | Vendas
3196,2025 | Julho,Sexta-Feira,Dia útil,Leads,2025-07-04,midfunnel_rmkt_60d_video_v1,61.26,42,3306,8,Remarketing_60dias,Video,7º Lançamento | Leads
3248,2025 | Julho,Sexta-Feira,Dia útil,Leads,2025-07-04,topfunnel_interesses_programacao_video_v1,40.58,37,1883,2,Interesses_Programacao,Video,7º Lançamento | Leads
4370,2025 | Julho,Sexta-Feira,Dia útil,Leads,2025-07-04,topfunnel_interesses_programacao_estatico_v1,62.65,117,5478,17,Interesses_Programacao,Estático,7º Lançamento | Leads
4623,2025 | Julho,Sexta-Feira,Dia útil,Leads,2025-07-04,topfunnel_broad_tech_video_v2,18.25,6,823,1,Broad_Tecnologia,Video,7º Lançamento | Leads
4876,2025 | Julho,Sexta-Feira,Dia útil,Leads,2025-07-04,topfunnel_interesses_programacao_video_v1,37.52,62,3028,8,Interesses_Programacao,Video,7º Lançamento | Leads
5526,2025 | Julho,Sexta-Feira,Dia útil,Leads,2025-07-04,midfunnel_rmkt_60d_estatico_v1,133.20,46,7999,5,Remarketing_60dias,Estático,7º Lançamento | Leads
1166,2025 | Julho,Sábado,Final de Semana,Awareness,2025-07-05,topfunnel_lal1_clientes_estatico_v1,15.60,10,979,1,LookALike_Clientes_1,Estático,7º Lançamento | Live
1294,2025 | Julho,Sábado,Final de Semana,Leads,2025-07-05,topfunnel_interesses_programacao_video_v1,19.36,56,3334,2,Interesses_Programacao,Video,7º Lançamento | Leads
1808,2025 | Julho,Sábado,Final de Semana,Leads,2025-07-05,topfunnel_interesses_cloud_estatico_v2,24.07,14,2093,2,Interesses_Cloud,Estático,7º Lançamento | Leads
2465,2025 | Julho,Sábado,Final de Semana,Leads,2025-07-05,topfunnel_interesses_programacao_estatico_v3,30.16,21,1629,4,Interesses_Programacao,Estático,7º Lançamento | Leads
2813,2025 | Julho,Sábado,Final de Semana,Leads,2025-07-05,topfunnel_cargos_tech_estatico_v1,18.05,19,1484,3,Cargos_Tecnologia,Estático,7º Lançamento | Leads
3799,2025 | Julho,Sábado,Final de Semana,Leads,2025-07-05,topfunnel_cargos_tech_video_v1,40.16,45,2515,5,Cargos_Tecnologia,Video,7º Lançamento | Leads
4279,2025 | Julho,Sábado,Final de Semana,Leads,2025-07-05,topfunnel_interesses_programacao_estatico_v2,0.00,,0,,Interesses_Programacao,Estático,7º Lançamento | Leads
4891,2025 | Julho,Sábado,Final de Semana,Leads,2025-07-05,topfunnel_interesses_programacao_video_v3,9.06,5,471,1,Interesses_Programacao,Video,7º Lançamento | Leads
5251,2025 | Julho,Sábado,Final de Semana,Leads,2025-07-05,topfunnel_interesses_programacao_estatico_v2,0.00,,0,,Interesses_Programacao,Estático,7º Lançamento | Leads
5637,2025 | Julho,Sábado,Final de Semana,Leads,2025-07-05,topfunnel_broad_tech_video_v1,129.22,260,12102,14,Broad_Tecnologia,Video,7º Lançamento | Vendas
5676,2025 | Julho,Sábado,Final de Semana,Awareness,2025-07-05,topfunnel_lal1_clientes_video_v2,10.77,9,929,,LookALike_Clientes_1,Video,7º Lançamento | Live
5875,2025 | Julho,Sábado,Final de Semana,Leads,2025-07-05,topfunnel_interesses_cloud_video_v1,48.57,55,3456,6,Interesses_Cloud,Video,7º Lançamento | Leads
2243,2025 | Julho,Domingo,Final de Semana,Awareness,2025-07-06,topfunnel_interesses_cloud_estatico_v2,2.15,1,189,,Interesses_Cloud,Estático,7º Lançamento | Live
2792,2025 | Julho,Domingo,Final de Semana,Leads,2025-07-06,topfunnel_broad_tech_video_v1,36.33,41,2514,3,Broad_Tecnologia,Video,7º Lançamento | Leads
3277,2025 | Julho,Domingo,Final de Semana,Leads,2025-07-06,topfunnel_interesses_programacao_video_v1,6.48,16,684,1,Interesses_Programacao,Video,7º Lançamento | Leads
3431,2025 | Julho,Domingo,Final de Semana,Leads,2025-07-06,topfunnel_broad_tech_estatico_v1,0.00,,0,,Broad_Tecnologia,Estático,7º Lançamento | Leads
3532,2025 | Julho,Domingo,Final de Semana,Leads,2025-07-06,topfunnel_broad_tech_video_v3,13.13,14,895,2,Broad_Tecnologia,Video,7º Lançamento | Leads
3607,2025 | Julho,Domingo,Final de Semana,Leads,2025-07-06,topfunnel_interesses_cloud_video_v2,4.70,5,338,,Interesses_Cloud,Video,7º Lançamento | Vendas
3720,2025 | Julho,Domingo,Final de Semana,Leads,2025-07-06,midfunnel_rmkt_60d_estatico_v2,34.78,14,1838,6,Remarketing_60dias,Estático,7º Lançamento | Leads
3902,2025 | Julho,Domingo,Final de Semana,Leads,2025-07-06,topfunnel_interesses_cloud_estatico_v1,82.66,138,7910,32,Interesses_Cloud,Estático,7º Lançamento | Leads
4057,2025 | Julho,Domingo,Final de Semana,Awareness,2025-07-06,topfunnel_lal1_clientes_video_v1,31.02,14,1563,1,LookALike_Clientes_1,Video,7º Lançamento | Live
4489,2025 | Julho,Domingo,Final de Semana,Awareness,2025-07-06,topfunnel_cargos_tech_video_v1,9.33,5,416,1,Cargos_Tecnologia,Video,7º Lançamento | Live
4508,2025 | Julho,Domingo,Final de Semana,Leads,2025-07-06,topfunnel_cargos_tech_video_v3,23.36,29,1631,5,Cargos_Tecnologia,Video,7º Lançamento | Leads
4521,2025 | Julho,Domingo,Final de Semana,Leads,2025-07-06,topfunnel_cargos_tech_video_v1,1.05,,72,,Cargos_Tecnologia,Video,7º Lançamento | Leads
5344,2025 | Julho,Domingo,Final de Semana,Leads,2025-07-06,topfunnel_lal1_clientes_video_v2,53.02,72,2990,10,LookALike_Clientes_1,Video,7º Lançamento | Vendas
5406,2025 | Julho,Domingo,Final de Semana,Leads,2025-07-06,topfunnel_interesses_programacao_video_v3,76.12,84,7395,16,Interesses_Programacao,Video,7º Lançamento | Vendas
1127,2025 | Julho,Segunda-Feira,Dia útil,Awareness,2025-07-07,topfunnel_lal1_clientes_video_v2,47.91,71,3002,2,LookALike_Clientes_1,Video,7º Lançamento | Live
2601,2025 | Julho,Segunda-Feira,Dia útil,Leads,2025-07-07,midfunnel_rmkt_60d_estatico_v2,28.02,35,1894,4,Remarketing_60dias,Estático,7º Lançamento | Leads
5225,2025 | Julho,Segunda-Feira,Dia útil,Leads,2025-07-07,topfunnel_broad_tech_video_v1,22.26,10,1315,1,Broad_Tecnologia,Video,7º Lançamento | Leads
5656,2025 | Julho,Segunda-Feira,Dia útil,Leads,2025-07-07,midfunnel_rmkt_60d_estatico_v1,26.57,13,1602,2,Remarketing_60dias,Estático,7º Lançamento | Leads
5827,2025 | Julho,Segunda-Feira,Dia útil,Leads,2025-07-07,topfunnel_lal1_clientes_estatico_v2,29.79,29,1736,6,LookALike_Clientes_1,Estático,7º Lançamento | Vendas
5901,2025 | Julho,Segunda-Feira,Dia útil,Leads,2025-07-07,topfunnel_interesses_cloud_video_v1,0.00,,0,,Interesses_Cloud,Video,7º Lançamento | Vendas
1766,2025 | Julho,Terça-Feira,Dia útil,Leads,2025-07-08,midfunnel_rmkt_60d_video_v2,12.18,12,1337,3,Remarketing_60dias,Video,7º Lançamento | Leads
1924,2025 | Julho,Terça-Feira,Dia útil,Leads,2025-07-08,topfunnel_broad_tech_estatico_v3,0.00,,0,,Broad_Tecnologia,Estático,7º Lançamento | Leads
2037,2025 | Julho,Terça-Feira,Dia útil,Leads,2025-07-08,midfunnel_rmkt_60d_video_v1,76.10,76,8187,18,Remarketing_60dias,Video,7º Lançamento | Leads
3077,2025 | Julho,Terça-Feira,Dia útil,Leads,2025-07-08,topfunnel_interesses_cloud_estatico_v1,27.59,37,5838,4,Interesses_Cloud,Estático,7º Lançamento | Leads
3278,2025 | Julho,Terça-Feira,Dia útil,Leads,2025-07-08,topfunnel_interesses_programacao_video_v2,27.21,36,2339,4,Interesses_Programacao,Video,7º Lançamento | Leads
3667,2025 | Julho,Terça-Feira,Dia útil,Leads,2025-07-08,topfunnel_broad_tech_video_v3,18.34,23,1211,1,Broad_Tecnologia,Video,7º Lançamento | Leads
3689,2025 | Julho,Terça-Feira,Dia útil,Leads,2025-07-08,topfunnel_lal1_clientes_estatico_v3,61.66,72,3171,11,LookALike_Clientes_1,Estático,7º Lançamento | Leads
4224,2025 | Julho,Terça-Feira,Dia útil,Leads,2025-07-08,midfunnel_rmkt_60d_estatico_v1,60.02,33,2857,3,Remarketing_60dias,Estático,7º Lançamento | Vendas
4360,2025 | Julho,Terça-Feira,Dia útil,Leads,2025-07-08,midfunnel_rmkt_60d_video_v2,6.90,6,445,1,Remarketing_60dias,Video,7º Lançamento | Leads
4458,2025 | Julho,Terça-Feira,Dia útil,Leads,2025-07-08,topfunnel_broad_tech_video_v1,8.28,8,550,,Broad_Tecnologia,Video,7º Lançamento | Leads
4660,2025 | Julho,Terça-Feira,Dia útil,Leads,2025-07-08,topfunnel_interesses_cloud_video_v2,14.34,15,699,4,Interesses_Cloud,Video,7º Lançamento | Leads
4678,2025 | Julho,Terça-Feira,Dia útil,Awareness,2025-07-08,midfunnel_rmkt_60d_estatico_v1,20.83,6,1293,1,Remarketing_60dias,Estático,7º Lançamento | Live
5114,2025 | Julho,Terça-Feira,Dia útil,Leads,2025-07-08,topfunnel_interesses_cloud_video_v1,77.09,74,4418,15,Interesses_Cloud,Video,7º Lançamento | Leads
5337,2025 | Julho,Terça-Feira,Dia útil,Leads,2025-07-08,topfunnel_broad_tech_estatico_v1,24.65,27,1614,5,Broad_Tecnologia,Estático,7º Lançamento | Vendas
5537,2025 | Julho,Terça-Feira,Dia útil,Awareness,2025-07-08,topfunnel_interesses_programacao_video_v3,29.18,35,2605,,Interesses_Programacao,Video,7º Lançamento | Live
5932,2025 | Julho,Terça-Feira,Dia útil,Leads,2025-07-08,topfunnel_lal1_clientes_estatico_v1,123.11,76,7944,18,LookALike_Clientes_1,Estático,7º Lançamento | Leads
1957,2025 | Julho,Quarta-Feira,Dia útil,Leads,2025-07-09,topfunnel_lal1_clientes_video_v1,9.63,22,838,3,LookALike_Clientes_1,Video,7º Lançamento | Leads
2178,2025 | Julho,Quarta-Feira,Dia útil,Leads,2025-07-09,topfunnel_cargos_tech_video_v1,34.27,17,1413,1,Cargos_Tecnologia,Video,7º Lançamento | Leads
2482,2025 | Julho,Quarta-Feira,Dia útil,Leads,2025-07-09,topfunnel_broad_tech_video_v3,48.22,48,6132,11,Broad_Tecnologia,Video,7º Lançamento | Leads
2493,2025 | Julho,Quarta-Feira,Dia útil,Awareness,2025-07-09,topfunnel_broad_tech_estatico_v1,25.43,14,1901,1,Broad_Tecnologia,Estático,7º Lançamento | Live
2669,2025 | Julho,Quarta-Feira,Dia útil,Leads,2025-07-09,topfunnel_interesses_cloud_video_v3,72.66,89,6182,16,Interesses_Cloud,Video,7º Lançamento | Vendas
2720,2025 | Julho,Quarta-Feira,Dia útil,Leads,2025-07-09,topfunnel_interesses_programacao_video_v1,41.02,8,1960,1,Interesses_Programacao,Video,7º Lançamento | Leads
2736,2025 | Julho,Quarta-Feira,Dia útil,Awareness,2025-07-09,topfunnel_broad_tech_estatico_v2,30.68,8,1868,1,Broad_Tecnologia,Estático,7º Lançamento | Live
3368,2025 | Julho,Quarta-Feira,Dia útil,Awareness,2025-07-09,topfunnel_broad_tech_video_v2,54.36,27,3718,,Broad_Tecnologia,Video,7º Lançamento | Live
3506,2025 | Julho,Quarta-Feira,Dia útil,Leads,2025-07-09,topfunnel_lal1_clientes_video_v3,25.53,11,1800,,LookALike_Clientes_1,Video,7º Lançamento | Leads
3581,2025 | Julho,Quarta-Feira,Dia útil,Leads,2025-07-09,topfunnel_cargos_tech_video_v1,0.00,,0,,Cargos_Tecnologia,Video,7º Lançamento | Leads
4641,2025 | Julho,Quarta-Feira,Dia útil,Awareness,2025-07-09,topfunnel_cargos_tech_video_v1,13.43,3,956,1,Cargos_Tecnologia,Video,7º Lançamento | Live
4644,2025 | Julho,Quarta-Feira,Dia útil,Leads,2025-07-09,topfunnel_interesses_programacao_video_v2,62.19,64,4145,4,Interesses_Programacao,Video,7º Lançamento | Leads
4683,2025 | Julho,Quarta-Feira,Dia útil,Leads,2025-07-09,topfunnel_interesses_programacao_video_v2,40.25,42,2964,7,Interesses_Programacao,Video,7º Lançamento | Leads
5015,2025 | Julho,Quarta-Feira,Dia útil,Leads,2025-07-09,topfunnel_interesses_cloud_estatico_v2,56.71,21,2498,2,Interesses_Cloud,Estático,7º Lançamento | Leads
5306,2025 | Julho,Quarta-Feira,Dia útil,Leads,2025-07-09,topfunnel_interesses_cloud_video_v2,37.26,52,1951,7,Interesses_Cloud,Video,7º Lançamento | Leads
5710,2025 | Julho,Quarta-Feira,Dia útil,Leads,2025-07-09,midfunnel_rmkt_60d_video_v3,11.15,9,595,2,Remarketing_60dias,Video,7º Lançamento | Leads
5716,2025 | Julho,Quarta-Feira,Dia útil,Leads,2025-07-09,topfunnel_interesses_programacao_estatico_v1,27.41,17,1681,2,Interesses_Programacao,Estático,7º Lançamento | Vendas
1217,2025 | Julho,Quinta-Feira,Dia útil,Leads,2025-07-10,midfunnel_rmkt_60d_video_v2,6.52,4,369,,Remarketing_60dias,Video,7º Lançamento | Leads
1378,2025 | Julho,Quinta-Feira,Dia útil,Leads,2025-07-10,topfunnel_interesses_programacao_video_v2,122.58,106,10397,12,Interesses_Programacao,Video,7º Lançamento | Leads
1435,2025 | Julho,Quinta-Feira,Dia útil,Leads,2025-07-10,topfunnel_broad_tech_video_v1,14.73,8,1095,,Broad_Tecnologia,Video,7º Lançamento | Leads
1551,2025 | Julho,Quinta-Feira,Dia útil,Awareness,2025-07-10,topfunnel_interesses_programacao_video_v2,38.07,33,2416,1,Interesses_Programacao,Video,7º Lançamento | Live
1724,2025 | Julho,Quinta-Feira,Dia útil,Leads,2025-07-10,midfunnel_rmkt_60d_video_v3,77.42,98,3772,7,Remarketing_60dias,Video,7º Lançamento | Leads
1894,2025 | Julho,Quinta-Feira,Dia útil,Leads,2025-07-10,topfunnel_interesses_cloud_video_v1,61.82,89,6246,14,Interesses_Cloud,Video,7º Lançamento | Leads
2019,2025 | Julho,Quinta-Feira,Dia útil,Leads,2025-07-10,topfunnel_cargos_tech_estatico_v1,36.82,45,3390,7,Cargos_Tecnologia,Estático,7º Lançamento | Leads
2207,2025 | Julho,Quinta-Feira,Dia útil,Leads,2025-07-10,midfunnel_rmkt_60d_estatico_v1,70.69,148,6559,20,Remarketing_60dias,Estático,7º Lançamento | Leads
2463,2025 | Julho,Quinta-Feira,Dia útil,Leads,2025-07-10,topfunnel_lal1_clientes_estatico_v2,26.20,48,2881,7,LookALike_Clientes_1,Estático,7º Lançamento | Leads
2825,2025 | Julho,Quinta-Feira,Dia útil,Leads,2025-07-10,topfunnel_interesses_programacao_estatico_v1,15.34,15,1065,1,Interesses_Programacao,Estático,7º Lançamento | Leads
2887,2025 | Julho,Quinta-Feira,Dia útil,Leads,2025-07-10,topfunnel_broad_tech_video_v2,146.60,198,18623,38,Broad_Tecnologia,Video,7º Lançamento | Leads
3017,2025 | Julho,Quinta-Feira,Dia útil,Leads,2025-07-10,midfunnel_rmkt_60d_video_v1,31.45,50,2681,14,Remarketing_60dias,Video,7º Lançamento | Leads
3203,2025 | Julho,Quinta-Feira,Dia útil,Leads,2025-07-10,topfunnel_broad_tech_video_v1,0.00,,0,,Broad_Tecnologia,Video,7º Lançamento | Leads
3355,2025 | Julho,Quinta-Feira,Dia útil,Leads,2025-07-10,topfunnel_interesses_cloud_video_v1,28.58,79,3850,14,Interesses_Cloud,Video,7º Lançamento | Leads
3384,2025 | Julho,Quinta-Feira,Dia útil,Leads,2025-07-10,topfunnel_interesses_cloud_video_v2,0.00,,0,,Interesses_Cloud,Video,7º Lançamento | Vendas
3454,2025 | Julho,Quinta-Feira,Dia útil,Leads,2025-07-10,topfunnel_broad_tech_estatico_v2,26.43,16,1302,1,Broad_Tecnologia,Estático,7º Lançamento | Leads
3773,2025 | Julho,Quinta-Feira,Dia útil,Leads,2025-07-10,topfunnel_interesses_cloud_estatico_v1,6.40,7,464,,Interesses_Cloud,Estático,7º Lançamento | Leads
4051,2025 | Julho,Quinta-Feira,Dia útil,Leads,2025-07-10,topfunnel_broad_tech_video_v2,102.45,102,4503,8,Broad_Tecnologia,Video,7º Lançamento | Leads
4820,2025 | Julho,Quinta-Feira,Dia útil,Leads,2025-07-10,topfunnel_interesses_cloud_video_v1,28.89,36,2687,7,Interesses_Cloud,Video,7º Lançamento | Leads
5415,2025 | Julho,Quinta-Feira,Dia útil,Leads,2025-07-10,topfunnel_interesses_cloud_estatico_v2,35.82,20,3480,6,Interesses_Cloud,Estático,7º Lançamento | Leads
1390,2025 | Julho,Sexta-Feira,Dia útil,Leads,2025-07-11,topfunnel_broad_tech_estatico_v3,0.00,,0,,Broad_Tecnologia,Estático,7º Lançamento | Leads
1694,2025 | Julho,Sexta-Feira,Dia útil,Leads,2025-07-11,topfunnel_broad_tech_video_v2,41.11,37,2257,3,Broad_Tecnologia,Video,7º Lançamento | Leads
2043,2025 | Julho,Sexta-Feira,Dia útil,Leads,2025-07-11,topfunnel_cargos_tech_video_v1,36.62,28,3312,2,Cargos_Tecnologia,Video,7º Lançamento | Leads
2502,2025 | Julho,Sexta-Feira,Dia útil,Leads,2025-07-11,topfunnel_interesses_cloud_video_v3,46.04,69,3210,11,Interesses_Cloud,Video,7º Lançamento | Leads
2576,2025 | Julho,Sexta-Feira,Dia útil,Leads,2025-07-11,topfunnel_lal1_clientes_video_v2,53.15,50,3452,3,LookALike_Clientes_1,Video,7º Lançamento | Leads
3000,2025 | Julho,Sexta-Feira,Dia útil,Leads,2025-07-11,topfunnel_interesses_cloud_estatico_v1,87.84,104,5971,15,Interesses_Cloud,Estático,7º Lançamento | Leads
3070,2025 | Julho,Sexta-Feira,Dia útil,Leads,2025-07-11,topfunnel_broad_tech_estatico_v1,69.84,73,4222,14,Broad_Tecnologia,Estático,7º Lançamento | Vendas
3085,2025 | Julho,Sexta-Feira,Dia útil,Leads,2025-07-11,topfunnel_interesses_programacao_video_v2,28.36,12,1534,2,Interesses_Programacao,Video,7º Lançamento | Leads
3325,2025 | Julho,Sexta-Feira,Dia útil,Leads,2025-07-11,midfunnel_rmkt_60d_estatico_v1,15.04,7,987,2,Remarketing_60dias,Estático,7º Lançamento | Leads
3493,2025 | Julho,Sexta-Feira,Dia útil,Leads,2025-07-11,topfunnel_interesses_cloud_video_v1,27.36,18,1822,,Interesses_Cloud,Video,7º Lançamento | Leads
4422,2025 | Julho,Sexta-Feira,Dia útil,Leads,2025-07-11,topfunnel_interesses_programacao_video_v1,33.46,46,2139,9,Interesses_Programacao,Video,7º Lançamento | Leads
4480,2025 | Julho,Sexta-Feira,Dia útil,Awareness,2025-07-11,midfunnel_rmkt_60d_estatico_v1,47.80,29,3255,4,Remarketing_60dias,Estático,7º Lançamento | Live
5111,2025 | Julho,Sexta-Feira,Dia útil,Awareness,2025-07-11,topfunnel_cargos_tech_video_v2,37.78,34,2799,4,Cargos_Tecnologia,Video,7º Lançamento | Live
5511,2025 | Julho,Sexta-Feira,Dia útil,Leads,2025-07-11,topfunnel_interesses_cloud_estatico_v1,34.05,96,5107,16,Interesses_Cloud,Estático,7º Lançamento | Leads
5947,2025 | Julho,Sexta-Feira,Dia útil,Leads,2025-07-11,midfunnel_rmkt_60d_video_v3,30.18,42,2892,5,Remarketing_60dias,Video,7º Lançamento | Leads
1355,2025 | Julho,Sábado,Final de Semana,Leads,2025-07-12,topfunnel_lal1_clientes_video_v3,21.65,11,1291,1,LookALike_Clientes_1,Video,7º Lançamento | Leads
1444,2025 | Julho,Sábado,Final de Semana,Awareness,2025-07-12,midfunnel_rmkt_60d_estatico_v2,8.15,3,525,,Remarketing_60dias,Estático,7º Lançamento | Live
1797,2025 | Julho,Sábado,Final de Semana,Leads,2025-07-12,topfunnel_broad_tech_video_v2,16.58,37,2085,3,Broad_Tecnologia,Video,7º Lançamento | Leads
1918,2025 | Julho,Sábado,Final de Semana,Leads,2025-07-12,topfunnel_broad_tech_estatico_v3,14.19,17,1293,3,Broad_Tecnologia,Estático,7º Lançamento | Leads
2084,2025 | Julho,Sábado,Final de Semana,Awareness,2025-07-12,topfunnel_lal1_clientes_video_v1,28.70,24,1464,,LookALike_Clientes_1,Video,7º Lançamento | Live
2905,2025 | Julho,Sábado,Final de Semana,Leads,2025-07-12,topfunnel_interesses_programacao_estatico_v2,15.09,27,1691,2,Interesses_Programacao,Estático,7º Lançamento | Leads
3868,2025 | Julho,Sábado,Final de Semana,Leads,2025-07-12,topfunnel_lal1_clientes_estatico_v1,80.32,116,4892,8,LookALike_Clientes_1,Estático,7º Lançamento | Vendas
4307,2025 | Julho,Sábado,Final de Semana,Leads,2025-07-12,topfunnel_interesses_programacao_estatico_v1,24.18,14,1606,2,Interesses_Programacao,Estático,7º Lançamento | Leads
4716,2025 | Julho,Sábado,Final de Semana,Leads,2025-07-12,topfunnel_broad_tech_video_v2,19.60,7,1001,,Broad_Tecnologia,Video,7º Lançamento | Leads
1159,2025 | Julho,Domingo,Final de Semana,Leads,2025-07-13,topfunnel_lal1_clientes_video_v1,18.37,12,1313,3,LookALike_Clientes_1,Video,7º Lançamento | Leads
1321,2025 | Julho,Domingo,Final de Semana,Leads,2025-07-13,topfunnel_cargos_tech_video_v1,56.63,47,2879,8,Cargos_Tecnologia,Video,7º Lançamento | Leads
1884,2025 | Julho,Domingo,Final de Semana,Leads,2025-07-13,topfunnel_interesses_cloud_video_v3,0.00,,0,,Interesses_Cloud,Video,7º Lançamento | Leads
2322,2025 | Julho,Domingo,Final de Semana,Leads,2025-07-13,topfunnel_interesses_programacao_video_v1,0.00,,0,,Interesses_Programacao,Video,7º Lançamento | Leads
2624,2025 | Julho,Domingo,Final de Semana,Leads,2025-07-13,topfunnel_cargos_tech_video_v2,43.58,55,2676,8,Cargos_Tecnologia,Video,7º Lançamento | Leads
3407,2025 | Julho,Domingo,Final de Semana,Leads,2025-07-13,topfunnel_interesses_programacao_estatico_v3,7.90,7,504,,Interesses_Programacao,Estático,7º Lançamento | Vendas
3770,2025 | Julho,Domingo,Final de Semana,Awareness,2025-07-13,topfunnel_broad_tech_video_v1,23.76,17,1286,,Broad_Tecnologia,Video,7º Lançamento | Live
4421,2025 | Julho,Domingo,Final de Semana,Leads,2025-07-13,topfunnel_cargos_tech_video_v2,6.61,9,479,2,Cargos_Tecnologia,Video,7º Lançamento | Leads
4762,2025 | Julho,Domingo,Final de Semana,Leads,2025-07-13,midfunnel_rmkt_60d_estatico_v1,19.73,16,1559,5,Remarketing_60dias,Estático,7º Lançamento | Leads
4783,2025 | Julho,Domingo,Final de Semana,Awareness,2025-07-13,topfunnel_interesses_programacao_estatico_v1,32.34,25,2190,3,Interesses_Programacao,Estático,7º Lançamento | Live
5588,2025 | Julho,Domingo,Final de Semana,Leads,2025-07-13,topfunnel_interesses_programacao_estatico_v1,122.59,63,10459,10,Interesses_Programacao,Estático,7º Lançamento | Leads
5963,2025 | Julho,Domingo,Final de Semana,Awareness,2025-07-13,topfunnel_interesses_cloud_estatico_v2,18.19,5,1223,,Interesses_Cloud,Estático,7º Lançamento | Live
1773,2025 | Julho,Segunda-Feira,Dia útil,Leads,2025-07-14,midfunnel_rmkt_60d_estatico_v2,35.39,57,1937,15,Remarketing_60dias,Estático,7º Lançamento | Leads
2012,2025 | Julho,Segunda-Feira,Dia útil,Leads,2025-07-14,midfunnel_rmkt_60d_video_v2,56.55,91,3743,21,Remarketing_60dias,Video,7º Lançamento | Leads
2598,2025 | Julho,Segunda-Feira,Dia útil,Leads,2025-07-14,topfunnel_broad_tech_video_v1,92.83,131,5920,15,Broad_Tecnologia,Video,7º Lançamento | Leads
2922,2025 | Julho,Segunda-Feira,Dia útil,Leads,2025-07-14,topfunnel_interesses_cloud_estatico_v1,29.38,27,2000,4,Interesses_Cloud,Estático,7º Lançamento | Leads
3034,2025 | Julho,Segunda-Feira,Dia útil,Leads,2025-07-14,topfunnel_interesses_cloud_video_v1,24.35,33,2303,7,Interesses_Cloud,Video,7º Lançamento | Leads
3092,2025 | Julho,Segunda-Feira,Dia útil,Leads,2025-07-14,topfunnel_interesses_cloud_video_v3,17.24,10,985,2,Interesses_Cloud,Video,7º Lançamento | Leads
3823,2025 | Julho,Segunda-Feira,Dia útil,Awareness,2025-07-14,topfunnel_interesses_programacao_video_v2,5.69,4,474,,Interesses_Programacao,Video,7º Lançamento | Live
3874,2025 | Julho,Segunda-Feira,Dia útil,Awareness,2025-07-14,topfunnel_broad_tech_video_v3,90.76,87,8406,4,Broad_Tecnologia,Video,7º Lançamento | Live
4198,2025 | Julho,Segunda-Feira,Dia útil,Leads,2025-07-14,topfunnel_broad_tech_video_v2,44.18,33,2601,5,Broad_Tecnologia,Video,7º Lançamento | Vendas
4334,2025 | Julho,Segunda-Feira,Dia útil,Leads,2025-07-14,topfunnel_interesses_cloud_video_v1,37.43,175,8759,18,Interesses_Cloud,Video,7º Lançamento | Leads
4671,2025 | Julho,Segunda-Feira,Dia útil,Leads,2025-07-14,topfunnel_interesses_cloud_video_v1,0.00,,0,,Interesses_Cloud,Video,7º Lançamento | Leads
4697,2025 | Julho,Segunda-Feira,Dia útil,Leads,2025-07-14,topfunnel_broad_tech_estatico_v1,127.96,51,6883,13,Broad_Tecnologia,Estático,7º Lançamento | Leads
4699,2025 | Julho,Segunda-Feira,Dia útil,Awareness,2025-07-14,midfunnel_rmkt_60d_video_v3,43.85,42,1986,6,Remarketing_60dias,Video,7º Lançamento | Live
5592,2025 | Julho,Segunda-Feira,Dia útil,Leads,2025-07-14,topfunnel_lal1_clientes_estatico_v1,91.65,99,6308,16,LookALike_Clientes_1,Estático,7º Lançamento | Leads
5645,2025 | Julho,Segunda-Feira,Dia útil,Awareness,2025-07-14,topfunnel_cargos_tech_estatico_v1,6.01,6,357,,Cargos_Tecnologia,Estático,7º Lançamento | Live
5668,2025 | Julho,Segunda-Feira,Dia útil,Leads,2025-07-14,midfunnel_rmkt_60d_estatico_v1,19.75,17,1684,1,Remarketing_60dias,Estático,7º Lançamento | Leads
5861,2025 | Julho,Segunda-Feira,Dia útil,Leads,2025-07-14,topfunnel_lal1_clientes_estatico_v2,128.67,159,7883,33,LookALike_Clientes_1,Estático,7º Lançamento | Leads
5880,2025 | Julho,Segunda-Feira,Dia útil,Leads,2025-07-14,midfunnel_rmkt_60d_estatico_v2,1.61,1,75,,Remarketing_60dias,Estático,7º Lançamento | Leads
1485,2025 | Julho,Terça-Feira,Dia útil,Awareness,2025-07-15,topfunnel_broad_tech_estatico_v1,3.80,,205,,Broad_Tecnologia,Estático,7º Lançamento | Live
1810,2025 | Julho,Terça-Feira,Dia útil,Leads,2025-07-15,topfunnel_interesses_cloud_video_v3,24.31,14,1530,1,Interesses_Cloud,Video,7º Lançamento | Leads
2255,2025 | Julho,Terça-Feira,Dia útil,Leads,2025-07-15,topfunnel_lal1_clientes_video_v3,10.28,1,404,,LookALike_Clientes_1,Video,7º Lançamento | Leads
3442,2025 | Julho,Terça-Feira,Dia útil,Leads,2025-07-15,midfunnel_rmkt_60d_estatico_v1,25.54,24,1315,4,Remarketing_60dias,Estático,7º Lançamento | Leads
4365,2025 | Julho,Terça-Feira,Dia útil,Leads,2025-07-15,topfunnel_interesses_programacao_estatico_v1,50.97,48,4307,9,Interesses_Programacao,Estático,7º Lançamento | Leads
4789,2025 | Julho,Terça-Feira,Dia útil,Leads,2025-07-15,topfunnel_broad_tech_video_v3,45.45,42,4051,5,Broad_Tecnologia,Video,7º Lançamento | Leads
4929,2025 | Julho,Terça-Feira,Dia útil,Leads,2025-07-15,topfunnel_lal1_clientes_video_v1,61.75,41,3485,6,LookALike_Clientes_1,Video,7º Lançamento | Leads
4998,2025 | Julho,Terça-Feira,Dia útil,Leads,2025-07-15,topfunnel_interesses_programacao_estatico_v2,22.93,10,1676,1,Interesses_Programacao,Estático,7º Lançamento | Vendas
5425,2025 | Julho,Terça-Feira,Dia útil,Leads,2025-07-15,topfunnel_cargos_tech_video_v1,55.08,37,3686,8,Cargos_Tecnologia,Video,7º Lançamento | Leads
5461,2025 | Julho,Terça-Feira,Dia útil,Awareness,2025-07-15,topfunnel_interesses_cloud_video_v3,2.88,2,278,,Interesses_Cloud,Video,7º Lançamento | Live
2297,2025 | Julho,Quarta-Feira,Dia útil,Leads,2025-07-16,topfunnel_lal1_clientes_video_v2,58.60,57,4613,6,LookALike_Clientes_1,Video,7º Lançamento | Vendas
2374,2025 | Julho,Quarta-Feira,Dia útil,Leads,2025-07-16,topfunnel_lal1_clientes_video_v2,48.48,61,2644,13,LookALike_Clientes_1,Video,7º Lançamento | Leads
2389,2025 | Julho,Quarta-Feira,Dia útil,Leads,2025-07-16,midfunnel_rmkt_60d_video_v1,57.72,55,4096,14,Remarketing_60dias,Video,7º Lançamento | Leads
2487,2025 | Julho,Quarta-Feira,Dia útil,Leads,2025-07-16,topfunnel_lal1_clientes_estatico_v3,26.61,12,2030,3,LookALike_Clientes_1,Estático,7º Lançamento | Leads
2733,2025 | Julho,Quarta-Feira,Dia útil,Leads,2025-07-16,topfunnel_broad_tech_estatico_v1,32.49,5,1618,,Broad_Tecnologia,Estático,7º Lançamento | Leads
3015,2025 | Julho,Quarta-Feira,Dia útil,Leads,2025-07-16,topfunnel_cargos_tech_video_v1,20.20,33,1670,7,Cargos_Tecnologia,Video,7º Lançamento | Leads
3497,2025 | Julho,Quarta-Feira,Dia útil,Leads,2025-07-16,topfunnel_broad_tech_video_v1,6.07,4,487,1,Broad_Tecnologia,Video,7º Lançamento | Leads
3813,2025 | Julho,Quarta-Feira,Dia útil,Leads,2025-07-16,topfunnel_lal1_clientes_video_v1,11.12,35,1337,4,LookALike_Clientes_1,Video,7º Lançamento | Leads
3927,2025 | Julho,Quarta-Feira,Dia útil,Leads,2025-07-16,topfunnel_interesses_cloud_estatico_v2,70.72,72,3800,10,Interesses_Cloud,Estático,7º Lançamento | Leads
4319,2025 | Julho,Quarta-Feira,Dia útil,Leads,2025-07-16,topfunnel_broad_tech_video_v1,118.53,213,11908,23,Broad_Tecnologia,Video,7º Lançamento | Leads
4658,2025 | Julho,Quarta-Feira,Dia útil,Awareness,2025-07-16,topfunnel_broad_tech_video_v1,5.16,9,512,,Broad_Tecnologia,Video,7º Lançamento | Live
5661,2025 | Julho,Quarta-Feira,Dia útil,Leads,2025-07-16,midfunnel_rmkt_60d_video_v1,50.05,25,2684,2,Remarketing_60dias,Video,7º Lançamento | Leads
5960,2025 | Julho,Quarta-Feira,Dia útil,Leads,2025-07-16,topfunnel_interesses_cloud_estatico_v3,44.07,24,2960,1,Interesses_Cloud,Estático,7º Lançamento | Vendas
5978,2025 | Julho,Quarta-Feira,Dia útil,Awareness,2025-07-16,topfunnel_cargos_tech_video_v3,19.67,13,879,,Cargos_Tecnologia,Video,7º Lançamento | Live
1189,2025 | Julho,Quinta-Feira,Dia útil,Leads,2025-07-17,topfunnel_interesses_programacao_video_v1,18.91,11,1095,,Interesses_Programacao,Video,7º Lançamento | Leads
2215,2025 | Julho,Quinta-Feira,Dia útil,Leads,2025-07-17,topfunnel_interesses_cloud_video_v1,31.73,11,2834,2,Interesses_Cloud,Video,7º Lançamento | Leads
2246,2025 | Julho,Quinta-Feira,Dia útil,Leads,2025-07-17,topfunnel_broad_tech_video_v2,148.40,116,15918,22,Broad_Tecnologia,Video,7º Lançamento | Leads
2537,2025 | Julho,Quinta-Feira,Dia útil,Leads,2025-07-17,topfunnel_lal1_clientes_estatico_v2,28.79,23,2273,5,LookALike_Clientes_1,Estático,7º Lançamento | Leads
2805,2025 | Julho,Quinta-Feira,Dia útil,Leads,2025-07-17,topfunnel_broad_tech_video_v1,38.73,28,1933,2,Broad_Tecnologia,Video,7º Lançamento | Leads
2821,2025 | Julho,Quinta-Feira,Dia útil,Leads,2025-07-17,topfunnel_interesses_programacao_video_v2,129.33,62,7033,5,Interesses_Programacao,Video,7º Lançamento | Leads
3087,2025 | Julho,Quinta-Feira,Dia útil,Leads,2025-07-17,topfunnel_broad_tech_video_v3,80.54,140,7792,5,Broad_Tecnologia,Video,7º Lançamento | Leads
3091,2025 | Julho,Quinta-Feira,Dia útil,Leads,2025-07-17,topfunnel_broad_tech_estatico_v1,7.97,,495,,Broad_Tecnologia,Estático,7º Lançamento | Leads
3150,2025 | Julho,Quinta-Feira,Dia útil,Leads,2025-07-17,topfunnel_interesses_cloud_estatico_v2,60.49,35,3543,6,Interesses_Cloud,Estático,7º Lançamento | Vendas
3836,2025 | Julho,Quinta-Feira,Dia útil,Leads,2025-07-17,topfunnel_interesses_cloud_video_v2,1.25,2,80,2,Interesses_Cloud,Video,7º Lançamento | Leads
4186,2025 | Julho,Quinta-Feira,Dia útil,Awareness,2025-07-17,topfunnel_lal1_clientes_estatico_v1,8.36,5,869,,LookALike_Clientes_1,Estático,7º Lançamento | Live
4228,2025 | Julho,Quinta-Feira,Dia útil,Awareness,2025-07-17,topfunnel_interesses_cloud_estatico_v1,65.96,41,3596,4,Interesses_Cloud,Estático,7º Lançamento | Live
4273,2025 | Julho,Quinta-Feira,Dia útil,Awareness,2025-07-17,topfunnel_interesses_cloud_estatico_v2,31.24,56,7523,4,Interesses_Cloud,Estático,7º Lançamento | Live
4445,2025 | Julho,Quinta-Feira,Dia útil,Awareness,2025-07-17,topfunnel_lal1_clientes_video_v2,41.30,50,4369,1,LookALike_Clientes_1,Video,7º Lançamento | Live
4841,2025 | Julho,Quinta-Feira,Dia útil,Leads,2025-07-17,topfunnel_interesses_programacao_estatico_v1,47.41,48,4111,8,Interesses_Programacao,Estático,7º Lançamento | Leads
4906,2025 | Julho,Quinta-Feira,Dia útil,Leads,2025-07-17,topfunnel_broad_tech_video_v3,18.81,21,1199,2,Broad_Tecnologia,Video,7º Lançamento | Leads
5610,2025 | Julho,Quinta-Feira,Dia útil,Leads,2025-07-17,midfunnel_rmkt_60d_video_v1,57.88,133,4380,32,Remarketing_60dias,Video,7º Lançamento | Leads
1112,2025 | Julho,Sexta-Feira,Dia útil,Leads,2025-07-18,topfunnel_cargos_tech_video_v1,4.24,2,268,,Cargos_Tecnologia,Video,7º Lançamento | Leads
2809,2025 | Julho,Sexta-Feira,Dia útil,Leads,2025-07-18,topfunnel_interesses_programacao_video_v3,64.83,81,3793,7,Interesses_Programacao,Video,7º Lançamento | Leads
2857,2025 | Julho,Sexta-Feira,Dia útil,Leads,2025-07-18,topfunnel_cargos_tech_estatico_v2,8.27,3,585,,Cargos_Tecnologia,Estático,7º Lançamento | Leads
3716,2025 | Julho,Sexta-Feira,Dia útil,Awareness,2025-07-18,topfunnel_lal1_clientes_video_v2,49.03,69,3243,4,LookALike_Clientes_1,Video,7º Lançamento | Live
3850,2025 | Julho,Sexta-Feira,Dia útil,Awareness,2025-07-18,topfunnel_interesses_programacao_video_v2,71.45,76,5124,5,Interesses_Programacao,Video,7º Lançamento | Live
4265,2025 | Julho,Sexta-Feira,Dia útil,Leads,2025-07-18,topfunnel_interesses_programacao_video_v2,19.76,23,1341,4,Interesses_Programacao,Video,7º Lançamento | Leads
4969,2025 | Julho,Sexta-Feira,Dia útil,Leads,2025-07-18,topfunnel_broad_tech_estatico_v2,48.86,24,2221,2,Broad_Tecnologia,Estático,7º Lançamento | Leads
1712,2025 | Julho,Sábado,Final de Semana,Leads,2025-07-19,topfunnel_lal1_clientes_estatico_v2,62.77,59,3734,17,LookALike_Clientes_1,Estático,7º Lançamento | Leads
2206,2025 | Julho,Sábado,Final de Semana,Leads,2025-07-19,topfunnel_interesses_programacao_video_v2,45.95,42,2949,6,Interesses_Programacao,Video,7º Lançamento | Vendas
2444,2025 | Julho,Sábado,Final de Semana,Leads,2025-07-19,topfunnel_interesses_cloud_estatico_v1,26.68,27,1883,5,Interesses_Cloud,Estático,7º Lançamento | Leads
2988,2025 | Julho,Sábado,Final de Semana,Leads,2025-07-19,topfunnel_lal1_clientes_video_v1,70.49,49,3220,2,LookALike_Clientes_1,Video,7º Lançamento | Leads
3054,2025 | Julho,Sábado,Final de Semana,Leads,2025-07-19,topfunnel_interesses_programacao_video_v2,69.76,15,2442,,Interesses_Programacao,Video,7º Lançamento | Leads
3901,2025 | Julho,Sábado,Final de Semana,Leads,2025-07-19,topfunnel_broad_tech_video_v1,68.53,91,4761,23,Broad_Tecnologia,Video,7º Lançamento | Leads
4657,2025 | Julho,Sábado,Final de Semana,Leads,2025-07-19,midfunnel_rmkt_60d_estatico_v1,46.65,31,3308,6,Remarketing_60dias,Estático,7º Lançamento | Leads
5069,2025 | Julho,Sábado,Final de Semana,Leads,2025-07-19,topfunnel_broad_tech_video_v1,11.96,5,733,1,Broad_Tecnologia,Video,7º Lançamento | Leads
1755,2025 | Julho,Domingo,Final de Semana,Leads,2025-07-20,topfunnel_interesses_cloud_estatico_v2,16.25,13,1029,2,Interesses_Cloud,Estático,7º Lançamento | Leads
2071,2025 | Julho,Domingo,Final de Semana,Leads,2025-07-20,midfunnel_rmkt_60d_estatico_v1,34.28,36,2011,13,Remarketing_60dias,Estático,7º Lançamento | Leads
2830,2025 | Julho,Domingo,Final de Semana,Leads,2025-07-20,topfunnel_cargos_tech_estatico_v1,78.30,86,8539,4,Cargos_Tecnologia,Estático,7º Lançamento | Leads
2879,2025 | Julho,Domingo,Final de Semana,Leads,2025-07-20,topfunnel_broad_tech_video_v1,0.00,,0,,Broad_Tecnologia,Video,7º Lançamento | Leads
2948,2025 | Julho,Domingo,Final de Semana,Leads,2025-07-20,topfunnel_interesses_programacao_video_v1,52.39,103,5038,19,Interesses_Programacao,Video,7º Lançamento | Leads
3012,2025 | Julho,Domingo,Final de Semana,Leads,2025-07-20,midfunnel_rmkt_60d_video_v2,37.11,60,2786,11,Remarketing_60dias,Video,7º Lançamento | Leads
4602,2025 | Julho,Domingo,Final de Semana,Leads,2025-07-20,topfunnel_lal1_clientes_video_v2,47.17,38,3486,4,LookALike_Clientes_1,Video,7º Lançamento | Leads
4655,2025 | Julho,Domingo,Final de Semana,Awareness,2025-07-20,topfunnel_interesses_programacao_video_v2,19.26,3,880,,Interesses_Programacao,Video,7º Lançamento | Live
4687,2025 | Julho,Domingo,Final de Semana,Leads,2025-07-20,topfunnel_broad_tech_estatico_v1,49.47,33,5081,2,Broad_Tecnologia,Estático,7º Lançamento | Leads
4905,2025 | Julho,Domingo,Final de Semana,Leads,2025-07-20,topfunnel_broad_tech_estatico_v1,33.89,25,2379,2,Broad_Tecnologia,Estático,7º Lançamento | Leads
5294,2025 | Julho,Domingo,Final de Semana,Leads,2025-07-20,topfunnel_lal1_clientes_video_v1,19.85,39,1509,8,LookALike_Clientes_1,Video,7º Lançamento | Leads
5479,2025 | Julho,Domingo,Final de Semana,Leads,2025-07-20,topfunnel_lal1_clientes_video_v2,12.55,7,839,2,LookALike_Clientes_1,Video,7º Lançamento | Leads
5721,2025 | Julho,Domingo,Final de Semana,Leads,2025-07-20,topfunnel_broad_tech_estatico_v1,50.45,73,3795,17,Broad_Tecnologia,Estático,7º Lançamento | Leads
5771,2025 | Julho,Domingo,Final de Semana,Leads,2025-07-20,midfunnel_rmkt_60d_estatico_v1,19.80,25,1125,7,Remarketing_60dias,Estático,7º Lançamento | Leads
5934,2025 | Julho,Domingo,Final de Semana,Awareness,2025-07-20,topfunnel_interesses_cloud_video_v1,137.48,100,13751,7,Interesses_Cloud,Video,7º Lançamento | Live
2090,2025 | Julho,Segunda-Feira,Dia útil,Leads,2025-07-21,topfunnel_broad_tech_video_v2,94.14,148,8891,8,Broad_Tecnologia,Video,7º Lançamento | Vendas
2112,2025 | Julho,Segunda-Feira,Dia útil,Leads,2025-07-21,topfunnel_cargos_tech_video_v2,53.53,151,9666,20,Cargos_Tecnologia,Video,7º Lançamento | Vendas
2706,2025 | Julho,Segunda-Feira,Dia útil,Leads,2025-07-21,topfunnel_broad_tech_video_v3,50.48,55,4905,12,Broad_Tecnologia,Video,7º Lançamento | Leads
2829,2025 | Julho,Segunda-Feira,Dia útil,Awareness,2025-07-21,topfunnel_interesses_programacao_estatico_v3,26.56,26,2350,,Interesses_Programacao,Estático,7º Lançamento | Live
2843,2025 | Julho,Segunda-Feira,Dia útil,Leads,2025-07-21,topfunnel_interesses_cloud_video_v1,76.80,73,4464,5,Interesses_Cloud,Video,7º Lançamento | Leads
2851,2025 | Julho,Segunda-Feira,Dia útil,Leads,2025-07-21,topfunnel_lal1_clientes_video_v1,16.64,6,1057,2,LookALike_Clientes_1,Video,7º Lançamento | Leads
3409,2025 | Julho,Segunda-Feira,Dia útil,Leads,2025-07-21,midfunnel_rmkt_60d_estatico_v2,0.00,,0,,Remarketing_60dias,Estático,7º Lançamento | Leads
3449,2025 | Julho,Segunda-Feira,Dia útil,Leads,2025-07-21,topfunnel_broad_tech_video_v1,26.14,21,1969,5,Broad_Tecnologia,Video,7º Lançamento | Leads
3656,2025 | Julho,Segunda-Feira,Dia útil,Leads,2025-07-21,midfunnel_rmkt_60d_estatico_v1,3.65,3,325,,Remarketing_60dias,Estático,7º Lançamento | Leads
3674,2025 | Julho,Segunda-Feira,Dia útil,Awareness,2025-07-21,midfunnel_rmkt_60d_video_v1,27.49,16,2968,2,Remarketing_60dias,Video,7º Lançamento | Live
4419,2025 | Julho,Segunda-Feira,Dia útil,Leads,2025-07-21,topfunnel_interesses_programacao_estatico_v1,132.51,105,6423,19,Interesses_Programacao,Estático,7º Lançamento | Leads
4566,2025 | Julho,Segunda-Feira,Dia útil,Leads,2025-07-21,topfunnel_interesses_programacao_video_v1,8.88,5,542,1,Interesses_Programacao,Video,7º Lançamento | Leads
4604,2025 | Julho,Segunda-Feira,Dia útil,Leads,2025-07-21,topfunnel_broad_tech_video_v2,23.57,10,1847,1,Broad_Tecnologia,Video,7º Lançamento | Leads
4803,2025 | Julho,Segunda-Feira,Dia útil,Leads,2025-07-21,topfunnel_broad_tech_estatico_v1,203.22,177,11837,28,Broad_Tecnologia,Estático,7º Lançamento | Vendas
5040,2025 | Julho,Segunda-Feira,Dia útil,Leads,2025-07-21,topfunnel_lal1_clientes_estatico_v1,83.19,39,4424,3,LookALike_Clientes_1,Estático,7º Lançamento | Leads
5139,2025 | Julho,Segunda-Feira,Dia útil,Leads,2025-07-21,topfunnel_broad_tech_video_v1,3.08,9,323,2,Broad_Tecnologia,Video,7º Lançamento | Leads
1259,2025 | Julho,Terça-Feira,Dia útil,Leads,2025-07-22,topfunnel_interesses_programacao_video_v1,153.75,235,10216,18,Interesses_Programacao,Video,7º Lançamento | Leads
1736,2025 | Julho,Terça-Feira,Dia útil,Awareness,2025-07-22,midfunnel_rmkt_60d_estatico_v2,32.08,14,2974,,Remarketing_60dias,Estático,7º Lançamento | Live
2197,2025 | Julho,Terça-Feira,Dia útil,Leads,2025-07-22,topfunnel_lal1_clientes_video_v2,48.15,48,3783,7,LookALike_Clientes_1,Video,7º Lançamento | Leads
2263,2025 | Julho,Terça-Feira,Dia útil,Leads,2025-07-22,midfunnel_rmkt_60d_video_v1,147.67,340,13928,27,Remarketing_60dias,Video,7º Lançamento | Vendas
2952,2025 | Julho,Terça-Feira,Dia útil,Leads,2025-07-22,midfunnel_rmkt_60d_video_v2,0.00,,0,,Remarketing_60dias,Video,7º Lançamento | Leads
3460,2025 | Julho,Terça-Feira,Dia útil,Leads,2025-07-22,topfunnel_cargos_tech_estatico_v3,41.30,25,2543,3,Cargos_Tecnologia,Estático,7º Lançamento | Leads
4392,2025 | Julho,Terça-Feira,Dia útil,Leads,2025-07-22,topfunnel_broad_tech_estatico_v2,2.89,,224,,Broad_Tecnologia,Estático,7º Lançamento | Leads
4533,2025 | Julho,Terça-Feira,Dia útil,Leads,2025-07-22,topfunnel_interesses_cloud_video_v1,7.85,9,572,,Interesses_Cloud,Video,7º Lançamento | Leads
4600,2025 | Julho,Terça-Feira,Dia útil,Leads,2025-07-22,topfunnel_interesses_programacao_video_v1,48.43,43,2804,7,Interesses_Programacao,Video,7º Lançamento | Leads
4606,2025 | Julho,Terça-Feira,Dia útil,Leads,2025-07-22,topfunnel_interesses_programacao_video_v2,30.58,37,2845,8,Interesses_Programacao,Video,7º Lançamento | Leads
4619,2025 | Julho,Terça-Feira,Dia útil,Leads,2025-07-22,midfunnel_rmkt_60d_estatico_v2,53.86,56,3546,11,Remarketing_60dias,Estático,7º Lançamento | Leads
5148,2025 | Julho,Terça-Feira,Dia útil,Leads,2025-07-22,topfunnel_interesses_cloud_video_v3,8.33,1,368,,Interesses_Cloud,Video,7º Lançamento | Leads
5902,2025 | Julho,Terça-Feira,Dia útil,Leads,2025-07-22,topfunnel_cargos_tech_video_v2,70.60,67,8884,5,Cargos_Tecnologia,Video,7º Lançamento | Leads
1943,2025 | Julho,Quarta-Feira,Dia útil,Awareness,2025-07-23,topfunnel_broad_tech_video_v1,24.49,20,1525,1,Broad_Tecnologia,Video,7º Lançamento | Live
1952,2025 | Julho,Quarta-Feira,Dia útil,Leads,2025-07-23,midfunnel_rmkt_60d_estatico_v3,28.34,10,1533,2,Remarketing_60dias,Estático,7º Lançamento | Vendas
2023,2025 | Julho,Quarta-Feira,Dia útil,Leads,2025-07-23,topfunnel_interesses_cloud_video_v1,9.74,7,439,1,Interesses_Cloud,Video,7º Lançamento | Leads
2096,2025 | Julho,Quarta-Feira,Dia útil,Leads,2025-07-23,topfunnel_lal1_clientes_video_v2,21.67,18,1275,2,LookALike_Clientes_1,Video,7º Lançamento | Leads
2682,2025 | Julho,Quarta-Feira,Dia útil,Leads,2025-07-23,topfunnel_broad_tech_estatico_v3,117.72,47,9431,2,Broad_Tecnologia,Estático,7º Lançamento | Vendas
3120,2025 | Julho,Quarta-Feira,Dia útil,Awareness,2025-07-23,topfunnel_broad_tech_estatico_v2,53.07,23,2890,,Broad_Tecnologia,Estático,7º Lançamento | Live
3133,2025 | Julho,Quarta-Feira,Dia útil,Leads,2025-07-23,topfunnel_interesses_programacao_estatico_v3,3.88,,249,,Interesses_Programacao,Estático,7º Lançamento | Leads
3340,2025 | Julho,Quarta-Feira,Dia útil,Leads,2025-07-23,topfunnel_interesses_programacao_estatico_v2,62.50,51,4181,7,Interesses_Programacao,Estático,7º Lançamento | Leads
3922,2025 | Julho,Quarta-Feira,Dia útil,Leads,2025-07-23,topfunnel_interesses_programacao_estatico_v3,102.12,142,7817,27,Interesses_Programacao,Estático,7º Lançamento | Leads
4210,2025 | Julho,Quarta-Feira,Dia útil,Awareness,2025-07-23,topfunnel_broad_tech_video_v2,39.81,46,2831,4,Broad_Tecnologia,Video,7º Lançamento | Live
4860,2025 | Julho,Quarta-Feira,Dia útil,Leads,2025-07-23,topfunnel_cargos_tech_estatico_v1,16.81,15,855,1,Cargos_Tecnologia,Estático,7º Lançamento | Leads
5106,2025 | Julho,Quarta-Feira,Dia útil,Leads,2025-07-23,topfunnel_broad_tech_estatico_v1,24.95,23,2469,2,Broad_Tecnologia,Estático,7º Lançamento | Vendas
5213,2025 | Julho,Quarta-Feira,Dia útil,Leads,2025-07-23,topfunnel_lal1_clientes_estatico_v2,10.73,4,634,,LookALike_Clientes_1,Estático,7º Lançamento | Vendas
5226,2025 | Julho,Quarta-Feira,Dia útil,Leads,2025-07-23,topfunnel_interesses_programacao_video_v1,60.32,55,3223,7,Interesses_Programacao,Video,7º Lançamento | Leads
5368,2025 | Julho,Quarta-Feira,Dia útil,Leads,2025-07-23,topfunnel_interesses_programacao_estatico_v3,23.74,16,1086,2,Interesses_Programacao,Estático,7º Lançamento | Leads
5870,2025 | Julho,Quarta-Feira,Dia útil,Leads,2025-07-23,topfunnel_interesses_programacao_video_v2,21.27,21,1191,2,Interesses_Programacao,Video,7º Lançamento | Leads
5935,2025 | Julho,Quarta-Feira,Dia útil,Leads,2025-07-23,topfunnel_broad_tech_video_v2,44.69,95,7461,13,Broad_Tecnologia,Video,7º Lançamento | Leads
1289,2025 | Julho,Quinta-Feira,Dia útil,Awareness,2025-07-24,topfunnel_lal1_clientes_video_v2,22.03,17,1733,,LookALike_Clientes_1,Video,7º Lançamento | Live
2216,2025 | Julho,Quinta-Feira,Dia útil,Leads,2025-07-24,midfunnel_rmkt_60d_video_v1,49.24,84,3092,6,Remarketing_60dias,Video,7º Lançamento | Leads
2303,2025 | Julho,Quinta-Feira,Dia útil,Leads,2025-07-24,topfunnel_lal1_clientes_estatico_v3,22.11,29,1723,6,LookALike_Clientes_1,Estático,7º Lançamento | Leads
2326,2025 | Julho,Quinta-Feira,Dia útil,Leads,2025-07-24,midfunnel_rmkt_60d_estatico_v1,0.00,,0,,Remarketing_60dias,Estático,7º Lançamento | Leads
2588,2025 | Julho,Quinta-Feira,Dia útil,Awareness,2025-07-24,topfunnel_broad_tech_video_v1,68.72,20,5548,1,Broad_Tecnologia,Video,7º Lançamento | Live
3061,2025 | Julho,Quinta-Feira,Dia útil,Awareness,2025-07-24,topfunnel_broad_tech_estatico_v3,38.81,18,2902,2,Broad_Tecnologia,Estático,7º Lançamento | Live
3282,2025 | Julho,Quinta-Feira,Dia útil,Awareness,2025-07-24,topfunnel_lal1_clientes_estatico_v1,13.24,14,1003,2,LookALike_Clientes_1,Estático,7º Lançamento | Live
3393,2025 | Julho,Quinta-Feira,Dia útil,Leads,2025-07-24,topfunnel_lal1_clientes_video_v3,30.91,43,1959,4,LookALike_Clientes_1,Video,7º Lançamento | Leads
3423,2025 | Julho,Quinta-Feira,Dia útil,Leads,2025-07-24,topfunnel_broad_tech_video_v2,9.35,13,667,2,Broad_Tecnologia,Video,7º Lançamento | Vendas
3428,2025 | Julho,Quinta-Feira,Dia útil,Leads,2025-07-24,topfunnel_broad_tech_video_v2,7.08,3,608,1,Broad_Tecnologia,Video,7º Lançamento | Leads
3433,2025 | Julho,Quinta-Feira,Dia útil,Leads,2025-07-24,topfunnel_interesses_cloud_video_v3,72.45,39,3760,10,Interesses_Cloud,Video,7º Lançamento | Leads
3495,2025 | Julho,Quinta-Feira,Dia útil,Awareness,2025-07-24,midfunnel_rmkt_60d_video_v2,92.60,93,4932,6,Remarketing_60dias,Video,7º Lançamento | Live
3916,2025 | Julho,Quinta-Feira,Dia útil,Awareness,2025-07-24,topfunnel_broad_tech_estatico_v3,3.66,1,239,,Broad_Tecnologia,Estático,7º Lançamento | Live
4166,2025 | Julho,Quinta-Feira,Dia útil,Awareness,2025-07-24,topfunnel_lal1_clientes_video_v3,4.41,4,335,,LookALike_Clientes_1,Video,7º Lançamento | Live
4297,2025 | Julho,Quinta-Feira,Dia útil,Leads,2025-07-24,topfunnel_broad_tech_video_v1,82.42,46,5017,8,Broad_Tecnologia,Video,7º Lançamento | Leads
4659,2025 | Julho,Quinta-Feira,Dia útil,Awareness,2025-07-24,topfunnel_cargos_tech_estatico_v2,12.85,8,934,,Cargos_Tecnologia,Estático,7º Lançamento | Live
4774,2025 | Julho,Quinta-Feira,Dia útil,Leads,2025-07-24,topfunnel_lal1_clientes_video_v3,0.00,,0,,LookALike_Clientes_1,Video,7º Lançamento | Leads
4971,2025 | Julho,Quinta-Feira,Dia útil,Leads,2025-07-24,topfunnel_cargos_tech_video_v1,93.07,126,5329,10,Cargos_Tecnologia,Video,7º Lançamento | Vendas
5375,2025 | Julho,Quinta-Feira,Dia útil,Leads,2025-07-24,topfunnel_broad_tech_video_v1,24.46,39,2174,6,Broad_Tecnologia,Video,7º Lançamento | Leads
1078,2025 | Julho,Sexta-Feira,Dia útil,Leads,2025-07-25,topfunnel_lal1_clientes_video_v2,73.10,52,4346,3,LookALike_Clientes_1,Video,7º Lançamento | Leads
1306,2025 | Julho,Sexta-Feira,Dia útil,Awareness,2025-07-25,topfunnel_broad_tech_estatico_v1,37.74,14,2698,1,Broad_Tecnologia,Estático,7º Lançamento | Live
1620,2025 | Julho,Sexta-Feira,Dia útil,Leads,2025-07-25,topfunnel_lal1_clientes_video_v2,58.72,181,6564,10,LookALike_Clientes_1,Video,7º Lançamento | Leads
1916,2025 | Julho,Sexta-Feira,Dia útil,Leads,2025-07-25,topfunnel_interesses_programacao_video_v1,0.37,,22,,Interesses_Programacao,Video,7º Lançamento | Leads
2200,2025 | Julho,Sexta-Feira,Dia útil,Leads,2025-07-25,topfunnel_cargos_tech_video_v1,23.95,25,1812,3,Cargos_Tecnologia,Video,7º Lançamento | Leads
2314,2025 | Julho,Sexta-Feira,Dia útil,Leads,2025-07-25,topfunnel_interesses_programacao_estatico_v2,51.40,40,3050,6,Interesses_Programacao,Estático,7º Lançamento | Leads
2523,2025 | Julho,Sexta-Feira,Dia útil,Leads,2025-07-25,topfunnel_interesses_programacao_video_v2,147.51,129,9202,28,Interesses_Programacao,Video,7º Lançamento | Vendas
4324,2025 | Julho,Sexta-Feira,Dia útil,Leads,2025-07-25,topfunnel_broad_tech_video_v2,46.02,73,3094,10,Broad_Tecnologia,Video,7º Lançamento | Vendas
4383,2025 | Julho,Sexta-Feira,Dia útil,Leads,2025-07-25,midfunnel_rmkt_60d_estatico_v1,9.59,3,792,,Remarketing_60dias,Estático,7º Lançamento | Vendas
4628,2025 | Julho,Sexta-Feira,Dia útil,Leads,2025-07-25,topfunnel_cargos_tech_estatico_v2,0.00,,0,,Cargos_Tecnologia,Estático,7º Lançamento | Leads
5001,2025 | Julho,Sexta-Feira,Dia útil,Leads,2025-07-25,topfunnel_interesses_cloud_video_v2,6.14,6,353,1,Interesses_Cloud,Video,7º Lançamento | Leads
5320,2025 | Julho,Sexta-Feira,Dia útil,Leads,2025-07-25,topfunnel_interesses_cloud_video_v3,0.00,,0,,Interesses_Cloud,Video,7º Lançamento | Leads
5402,2025 | Julho,Sexta-Feira,Dia útil,Leads,2025-07-25,topfunnel_broad_tech_video_v2,27.59,44,1895,4,Broad_Tecnologia,Video,7º Lançamento | Leads
5411,2025 | Julho,Sexta-Feira,Dia útil,Leads,2025-07-25,topfunnel_interesses_programacao_video_v1,41.32,41,2315,7,Interesses_Programacao,Video,7º Lançamento | Leads
5734,2025 | Julho,Sexta-Feira,Dia útil,Leads,2025-07-25,topfunnel_interesses_cloud_video_v2,10.75,12,719,1,Interesses_Cloud,Video,7º Lançamento | Leads
5982,2025 | Julho,Sexta-Feira,Dia útil,Leads,2025-07-25,topfunnel_lal1_clientes_estatico_v1,7.78,5,386,,LookALike_Clientes_1,Estático,7º Lançamento | Leads
1129,2025 | Julho,Sábado,Final de Semana,Awareness,2025-07-26,topfunnel_interesses_programacao_video_v3,70.65,97,7337,10,Interesses_Programacao,Video,7º Lançamento | Live
1386,2025 | Julho,Sábado,Final de Semana,Leads,2025-07-26,topfunnel_interesses_programacao_video_v3,19.09,25,1505,4,Interesses_Programacao,Video,7º Lançamento | Vendas
1450,2025 | Julho,Sábado,Final de Semana,Leads,2025-07-26,topfunnel_broad_tech_video_v2,25.95,11,1283,1,Broad_Tecnologia,Video,7º Lançamento | Leads
2708,2025 | Julho,Sábado,Final de Semana,Leads,2025-07-26,topfunnel_broad_tech_estatico_v1,35.32,25,2686,4,Broad_Tecnologia,Estático,7º Lançamento | Vendas
3140,2025 | Julho,Sábado,Final de Semana,Awareness,2025-07-26,topfunnel_broad_tech_video_v2,6.00,6,319,,Broad_Tecnologia,Video,7º Lançamento | Live
3226,2025 | Julho,Sábado,Final de Semana,Awareness,2025-07-26,topfunnel_interesses_cloud_video_v3,4.91,6,357,1,Interesses_Cloud,Video,7º Lançamento | Live
3276,2025 | Julho,Sábado,Final de Semana,Leads,2025-07-26,topfunnel_broad_tech_video_v1,46.30,126,7590,15,Broad_Tecnologia,Video,7º Lançamento | Vendas
3825,2025 | Julho,Sábado,Final de Semana,Leads,2025-07-26,topfunnel_broad_tech_video_v1,46.13,19,2686,3,Broad_Tecnologia,Video,7º Lançamento | Leads
4196,2025 | Julho,Sábado,Final de Semana,Leads,2025-07-26,midfunnel_rmkt_60d_video_v2,39.25,52,2272,3,Remarketing_60dias,Video,7º Lançamento | Leads
4594,2025 | Julho,Sábado,Final de Semana,Leads,2025-07-26,topfunnel_broad_tech_video_v3,24.86,22,1523,2,Broad_Tecnologia,Video,7º Lançamento | Leads
4735,2025 | Julho,Sábado,Final de Semana,Leads,2025-07-26,topfunnel_broad_tech_video_v3,79.94,40,4497,8,Broad_Tecnologia,Video,7º Lançamento | Leads
4793,2025 | Julho,Sábado,Final de Semana,Leads,2025-07-26,midfunnel_rmkt_60d_video_v1,23.21,38,1971,3,Remarketing_60dias,Video,7º Lançamento | Leads
4827,2025 | Julho,Sábado,Final de Semana,Leads,2025-07-26,topfunnel_interesses_cloud_video_v2,16.22,25,2360,7,Interesses_Cloud,Video,7º Lançamento | Leads
5737,2025 | Julho,Sábado,Final de Semana,Leads,2025-07-26,topfunnel_interesses_cloud_video_v1,12.06,4,780,,Interesses_Cloud,Video,7º Lançamento | Leads
1275,2025 | Julho,Domingo,Final de Semana,Leads,2025-07-27,topfunnel_broad_tech_estatico_v1,34.69,17,1678,3,Broad_Tecnologia,Estático,7º Lançamento | Leads
1758,2025 | Julho,Domingo,Final de Semana,Leads,2025-07-27,topfunnel_cargos_tech_video_v1,57.70,44,2938,4,Cargos_Tecnologia,Video,7º Lançamento | Leads
3123,2025 | Julho,Domingo,Final de Semana,Leads,2025-07-27,midfunnel_rmkt_60d_video_v1,36.88,22,1838,6,Remarketing_60dias,Video,7º Lançamento | Leads
3179,2025 | Julho,Domingo,Final de Semana,Leads,2025-07-27,topfunnel_broad_tech_estatico_v2,33.00,41,3809,9,Broad_Tecnologia,Estático,7º Lançamento | Leads
3587,2025 | Julho,Domingo,Final de Semana,Leads,2025-07-27,topfunnel_interesses_cloud_estatico_v2,27.18,15,1330,1,Interesses_Cloud,Estático,7º Lançamento | Vendas
4934,2025 | Julho,Domingo,Final de Semana,Leads,2025-07-27,topfunnel_lal1_clientes_video_v3,51.19,20,2213,3,LookALike_Clientes_1,Video,7º Lançamento | Leads
5184,2025 | Julho,Domingo,Final de Semana,Leads,2025-07-27,topfunnel_broad_tech_video_v1,54.02,57,2353,7,Broad_Tecnologia,Video,7º Lançamento | Leads
1925,2025 | Julho,Segunda-Feira,Dia útil,Leads,2025-07-28,topfunnel_cargos_tech_video_v3,0.00,,0,,Cargos_Tecnologia,Video,7º Lançamento | Leads
2265,2025 | Julho,Segunda-Feira,Dia útil,Leads,2025-07-28,topfunnel_broad_tech_video_v1,30.52,58,2400,5,Broad_Tecnologia,Video,7º Lançamento | Vendas
2473,2025 | Julho,Segunda-Feira,Dia útil,Awareness,2025-07-28,topfunnel_lal1_clientes_video_v2,14.20,6,866,1,LookALike_Clientes_1,Video,7º Lançamento | Live
2597,2025 | Julho,Segunda-Feira,Dia útil,Leads,2025-07-28,topfunnel_interesses_cloud_video_v1,54.96,63,2687,8,Interesses_Cloud,Video,7º Lançamento | Leads
2653,2025 | Julho,Segunda-Feira,Dia útil,Leads,2025-07-28,topfunnel_broad_tech_estatico_v3,96.99,88,7012,18,Broad_Tecnologia,Estático,7º Lançamento | Leads
2784,2025 | Julho,Segunda-Feira,Dia útil,Leads,2025-07-28,topfunnel_interesses_programacao_video_v1,26.88,33,5375,1,Interesses_Programacao,Video,7º Lançamento | Leads
2985,2025 | Julho,Segunda-Feira,Dia útil,Leads,2025-07-28,topfunnel_broad_tech_estatico_v3,137.39,82,5064,11,Broad_Tecnologia,Estático,7º Lançamento | Leads
3280,2025 | Julho,Segunda-Feira,Dia útil,Leads,2025-07-28,topfunnel_broad_tech_estatico_v1,18.09,17,897,2,Broad_Tecnologia,Estático,7º Lançamento | Vendas
3800,2025 | Julho,Segunda-Feira,Dia útil,Leads,2025-07-28,topfunnel_interesses_cloud_estatico_v3,11.72,8,941,1,Interesses_Cloud,Estático,7º Lançamento | Leads
3889,2025 | Julho,Segunda-Feira,Dia útil,Leads,2025-07-28,topfunnel_interesses_cloud_video_v1,72.55,252,12730,19,Interesses_Cloud,Video,7º Lançamento | Leads
3948,2025 | Julho,Segunda-Feira,Dia útil,Leads,2025-07-28,midfunnel_rmkt_60d_video_v2,19.53,25,999,5,Remarketing_60dias,Video,7º Lançamento | Leads
4885,2025 | Julho,Segunda-Feira,Dia útil,Leads,2025-07-28,topfunnel_broad_tech_video_v2,15.47,6,1027,,Broad_Tecnologia,Video,7º Lançamento | Leads
5268,2025 | Julho,Segunda-Feira,Dia útil,Awareness,2025-07-28,midfunnel_rmkt_60d_estatico_v2,19.09,11,1238,1,Remarketing_60dias,Estático,7º Lançamento | Live
2132,2025 | Julho,Terça-Feira,Dia útil,Leads,2025-07-29,topfunnel_broad_tech_video_v2,39.32,36,3051,6,Broad_Tecnologia,Video,7º Lançamento | Leads
2827,2025 | Julho,Terça-Feira,Dia útil,Leads,2025-07-29,topfunnel_interesses_programacao_estatico_v1,27.18,29,1358,2,Interesses_Programacao,Estático,7º Lançamento | Leads
2950,2025 | Julho,Terça-Feira,Dia útil,Awareness,2025-07-29,topfunnel_broad_tech_estatico_v1,0.00,,0,,Broad_Tecnologia,Estático,7º Lançamento | Live
2972,2025 | Julho,Terça-Feira,Dia útil,Leads,2025-07-29,topfunnel_broad_tech_video_v1,12.47,14,810,,Broad_Tecnologia,Video,7º Lançamento | Vendas
3273,2025 | Julho,Terça-Feira,Dia útil,Leads,2025-07-29,topfunnel_lal1_clientes_estatico_v2,34.38,18,2991,,LookALike_Clientes_1,Estático,7º Lançamento | Leads
3306,2025 | Julho,Terça-Feira,Dia útil,Leads,2025-07-29,midfunnel_rmkt_60d_estatico_v1,23.76,65,3948,12,Remarketing_60dias,Estático,7º Lançamento | Leads
3647,2025 | Julho,Terça-Feira,Dia útil,Leads,2025-07-29,topfunnel_broad_tech_estatico_v1,121.23,43,7965,5,Broad_Tecnologia,Estático,7º Lançamento | Vendas
3873,2025 | Julho,Terça-Feira,Dia útil,Leads,2025-07-29,topfunnel_broad_tech_estatico_v2,84.68,45,7758,7,Broad_Tecnologia,Estático,7º Lançamento | Leads
4320,2025 | Julho,Terça-Feira,Dia útil,Leads,2025-07-29,topfunnel_broad_tech_video_v1,114.89,57,9114,1,Broad_Tecnologia,Video,7º Lançamento | Leads
4429,2025 | Julho,Terça-Feira,Dia útil,Leads,2025-07-29,topfunnel_interesses_programacao_estatico_v2,26.25,42,1728,4,Interesses_Programacao,Estático,7º Lançamento | Leads
4689,2025 | Julho,Terça-Feira,Dia útil,Leads,2025-07-29,topfunnel_lal1_clientes_video_v2,21.63,16,1338,5,LookALike_Clientes_1,Video,7º Lançamento | Leads
4895,2025 | Julho,Terça-Feira,Dia útil,Leads,2025-07-29,topfunnel_lal1_clientes_estatico_v1,14.04,19,984,3,LookALike_Clientes_1,Estático,7º Lançamento | Leads
4983,2025 | Julho,Terça-Feira,Dia útil,Awareness,2025-07-29,topfunnel_lal1_clientes_video_v2,48.27,56,2357,7,LookALike_Clientes_1,Video,7º Lançamento | Live
5780,2025 | Julho,Terça-Feira,Dia útil,Leads,2025-07-29,topfunnel_interesses_programacao_video_v1,11.63,7,613,,Interesses_Programacao,Video,7º Lançamento | Leads
1255,2025 | Julho,Quarta-Feira,Dia útil,Leads,2025-07-30,midfunnel_rmkt_60d_video_v1,13.39,53,1931,10,Remarketing_60dias,Video,7º Lançamento | Leads
1354,2025 | Julho,Quarta-Feira,Dia útil,Leads,2025-07-30,topfunnel_broad_tech_video_v1,26.22,8,1283,,Broad_Tecnologia,Video,7º Lançamento | Leads
1691,2025 | Julho,Quarta-Feira,Dia útil,Leads,2025-07-30,topfunnel_broad_tech_video_v1,66.41,93,5542,10,Broad_Tecnologia,Video,7º Lançamento | Leads
2790,2025 | Julho,Quarta-Feira,Dia útil,Leads,2025-07-30,topfunnel_interesses_cloud_estatico_v1,0.00,,0,,Interesses_Cloud,Estático,7º Lançamento | Vendas
3024,2025 | Julho,Quarta-Feira,Dia útil,Leads,2025-07-30,midfunnel_rmkt_60d_video_v2,32.83,36,3015,9,Remarketing_60dias,Video,7º Lançamento | Leads
3207,2025 | Julho,Quarta-Feira,Dia útil,Leads,2025-07-30,topfunnel_broad_tech_video_v2,52.76,28,4520,3,Broad_Tecnologia,Video,7º Lançamento | Leads
3421,2025 | Julho,Quarta-Feira,Dia útil,Leads,2025-07-30,topfunnel_broad_tech_estatico_v2,57.17,59,3055,13,Broad_Tecnologia,Estático,7º Lançamento | Leads
3486,2025 | Julho,Quarta-Feira,Dia útil,Leads,2025-07-30,topfunnel_cargos_tech_video_v1,14.06,9,1609,1,Cargos_Tecnologia,Video,7º Lançamento | Leads
3582,2025 | Julho,Quarta-Feira,Dia útil,Leads,2025-07-30,topfunnel_interesses_programacao_video_v2,71.24,167,9959,43,Interesses_Programacao,Video,7º Lançamento | Leads
4019,2025 | Julho,Quarta-Feira,Dia útil,Leads,2025-07-30,topfunnel_lal1_clientes_estatico_v2,31.98,18,2159,4,LookALike_Clientes_1,Estático,7º Lançamento | Leads
4158,2025 | Julho,Quarta-Feira,Dia útil,Leads,2025-07-30,topfunnel_interesses_cloud_video_v3,95.55,418,18172,43,Interesses_Cloud,Video,7º Lançamento | Leads
4214,2025 | Julho,Quarta-Feira,Dia útil,Leads,2025-07-30,topfunnel_interesses_programacao_estatico_v1,14.47,18,1207,2,Interesses_Programacao,Estático,7º Lançamento | Leads
4483,2025 | Julho,Quarta-Feira,Dia útil,Leads,2025-07-30,topfunnel_interesses_cloud_estatico_v1,22.33,8,1552,,Interesses_Cloud,Estático,7º Lançamento | Leads
4914,2025 | Julho,Quarta-Feira,Dia útil,Leads,2025-07-30,topfunnel_interesses_cloud_estatico_v1,123.50,120,9970,8,Interesses_Cloud,Estático,7º Lançamento | Vendas
5854,2025 | Julho,Quarta-Feira,Dia útil,Leads,2025-07-30,topfunnel_interesses_cloud_estatico_v2,10.72,15,1022,1,Interesses_Cloud,Estático,7º Lançamento | Leads
1548,2025 | Julho,Quinta-Feira,Dia útil,Leads,2025-07-31,midfunnel_rmkt_60d_video_v1,82.30,328,13220,81,Remarketing_60dias,Video,7º Lançamento | Leads
1623,2025 | Julho,Quinta-Feira,Dia útil,Leads,2025-07-31,topfunnel_interesses_cloud_estatico_v1,7.13,6,397,,Interesses_Cloud,Estático,7º Lançamento | Leads
2861,2025 | Julho,Quinta-Feira,Dia útil,Awareness,2025-07-31,topfunnel_broad_tech_estatico_v2,19.16,16,1141,,Broad_Tecnologia,Estático,7º Lançamento | Live
2864,2025 | Julho,Quinta-Feira,Dia útil,Leads,2025-07-31,topfunnel_broad_tech_estatico_v2,23.01,31,2037,2,Broad_Tecnologia,Estático,7º Lançamento | Leads
2917,2025 | Julho,Quinta-Feira,Dia útil,Leads,2025-07-31,topfunnel_broad_tech_video_v2,29.06,41,4720,7,Broad_Tecnologia,Video,7º Lançamento | Leads
3154,2025 | Julho,Quinta-Feira,Dia útil,Leads,2025-07-31,topfunnel_broad_tech_video_v2,24.75,44,4724,5,Broad_Tecnologia,Video,7º Lançamento | Leads
3297,2025 | Julho,Quinta-Feira,Dia útil,Leads,2025-07-31,topfunnel_interesses_programacao_video_v1,42.25,24,3034,2,Interesses_Programacao,Video,7º Lançamento | Leads
3346,2025 | Julho,Quinta-Feira,Dia útil,Leads,2025-07-31,topfunnel_broad_tech_video_v2,2.11,,116,,Broad_Tecnologia,Video,7º Lançamento | Leads
3624,2025 | Julho,Quinta-Feira,Dia útil,Leads,2025-07-31,topfunnel_interesses_cloud_estatico_v3,81.94,116,5529,10,Interesses_Cloud,Estático,7º Lançamento | Leads
3837,2025 | Julho,Quinta-Feira,Dia útil,Awareness,2025-07-31,topfunnel_broad_tech_video_v1,0.00,,0,,Broad_Tecnologia,Video,7º Lançamento | Live
3951,2025 | Julho,Quinta-Feira,Dia útil,Leads,2025-07-31,topfunnel_interesses_programacao_video_v1,14.65,33,2105,2,Interesses_Programacao,Video,7º Lançamento | Vendas
4598,2025 | Julho,Quinta-Feira,Dia útil,Awareness,2025-07-31,midfunnel_rmkt_60d_estatico_v2,3.23,3,253,,Remarketing_60dias,Estático,7º Lançamento | Live
5403,2025 | Julho,Quinta-Feira,Dia útil,Leads,2025-07-31,topfunnel_interesses_programacao_video_v1,15.59,5,836,,Interesses_Programacao,Video,7º Lançamento | Leads
5453,2025 | Julho,Quinta-Feira,Dia útil,Leads,2025-07-31,topfunnel_interesses_cloud_video_v2,18.52,4,833,1,Interesses_Cloud,Video,7º Lançamento | Leads
5472,2025 | Julho,Quinta-Feira,Dia útil,Awareness,2025-07-31,midfunnel_rmkt_60d_estatico_v1,8.14,3,457,,Remarketing_60dias,Estático,7º Lançamento | Live
1337,2025 | Agosto,Sexta-Feira,Dia útil,Leads,2025-08-01,midfunnel_rmkt_60d_video_v2,45.46,53,2678,5,Remarketing_60dias,Video,8º Lançamento | Leads
1458,2025 | Agosto,Sexta-Feira,Dia útil,Leads,2025-08-01,midfunnel_rmkt_60d_video_v2,10.07,22,1011,4,Remarketing_60dias,Video,8º Lançamento | Leads
1516,2025 | Agosto,Sexta-Feira,Dia útil,Leads,2025-08-01,topfunnel_lal1_clientes_estatico_v3,29.83,19,1998,3,LookALike_Clientes_1,Estático,8º Lançamento | Leads
1614,2025 | Agosto,Sexta-Feira,Dia útil,Awareness,2025-08-01,topfunnel_cargos_tech_video_v2,3.56,1,240,,Cargos_Tecnologia,Video,8º Lançamento | Live
2038,2025 | Agosto,Sexta-Feira,Dia útil,Leads,2025-08-01,topfunnel_interesses_cloud_estatico_v1,13.81,4,690,,Interesses_Cloud,Estático,8º Lançamento | Leads
4558,2025 | Agosto,Sexta-Feira,Dia útil,Leads,2025-08-01,topfunnel_interesses_cloud_video_v1,37.04,61,2690,12,Interesses_Cloud,Video,8º Lançamento | Leads
4648,2025 | Agosto,Sexta-Feira,Dia útil,Leads,2025-08-01,topfunnel_broad_tech_estatico_v1,19.96,35,1884,7,Broad_Tecnologia,Estático,8º Lançamento | Leads
4784,2025 | Agosto,Sexta-Feira,Dia útil,Leads,2025-08-01,topfunnel_broad_tech_video_v3,37.92,42,4334,6,Broad_Tecnologia,Video,8º Lançamento | Vendas
5085,2025 | Agosto,Sexta-Feira,Dia útil,Leads,2025-08-01,topfunnel_broad_tech_video_v2,17.16,12,1054,1,Broad_Tecnologia,Video,8º Lançamento | Leads
5449,2025 | Agosto,Sexta-Feira,Dia útil,Awareness,2025-08-01,midfunnel_rmkt_60d_video_v1,39.47,28,2495,2,Remarketing_60dias,Video,8º Lançamento | Live
2458,2025 | Agosto,Sábado,Final de Semana,Awareness,2025-08-02,topfunnel_interesses_cloud_estatico_v3,18.78,48,2635,9,Interesses_Cloud,Estático,8º Lançamento | Live
2915,2025 | Agosto,Sábado,Final de Semana,Awareness,2025-08-02,midfunnel_rmkt_60d_estatico_v1,37.94,13,3198,1,Remarketing_60dias,Estático,8º Lançamento | Live
2958,2025 | Agosto,Sábado,Final de Semana,Leads,2025-08-02,midfunnel_rmkt_60d_video_v1,52.41,95,3423,17,Remarketing_60dias,Video,8º Lançamento | Vendas
2980,2025 | Agosto,Sábado,Final de Semana,Leads,2025-08-02,topfunnel_broad_tech_video_v1,25.23,30,1345,5,Broad_Tecnologia,Video,8º Lançamento | Leads
3274,2025 | Agosto,Sábado,Final de Semana,Leads,2025-08-02,topfunnel_interesses_cloud_video_v1,7.33,8,666,,Interesses_Cloud,Video,8º Lançamento | Leads
3701,2025 | Agosto,Sábado,Final de Semana,Leads,2025-08-02,topfunnel_broad_tech_video_v2,110.18,153,8211,12,Broad_Tecnologia,Video,8º Lançamento | Leads
5138,2025 | Agosto,Sábado,Final de Semana,Leads,2025-08-02,topfunnel_interesses_cloud_estatico_v1,65.77,72,3346,17,Interesses_Cloud,Estático,8º Lançamento | Leads
5325,2025 | Agosto,Sábado,Final de Semana,Leads,2025-08-02,topfunnel_broad_tech_video_v1,174.87,71,9586,7,Broad_Tecnologia,Video,8º Lançamento | Vendas
5700,2025 | Agosto,Sábado,Final de Semana,Leads,2025-08-02,topfunnel_broad_tech_video_v1,73.19,133,7642,14,Broad_Tecnologia,Video,8º Lançamento | Leads
1422,2025 | Agosto,Domingo,Final de Semana,Leads,2025-08-03,midfunnel_rmkt_60d_video_v3,59.29,29,2547,2,Remarketing_60dias,Video,8º Lançamento | Leads
1696,2025 | Agosto,Domingo,Final de Semana,Leads,2025-08-03,topfunnel_interesses_programacao_estatico_v1,34.70,31,3656,2,Interesses_Programacao,Estático,8º Lançamento | Leads
2035,2025 | Agosto,Domingo,Final de Semana,Leads,2025-08-03,topfunnel_broad_tech_video_v1,60.52,229,9745,18,Broad_Tecnologia,Video,8º Lançamento | Leads
2045,2025 | Agosto,Domingo,Final de Semana,Leads,2025-08-03,midfunnel_rmkt_60d_video_v2,50.53,67,4664,8,Remarketing_60dias,Video,8º Lançamento | Leads
2673,2025 | Agosto,Domingo,Final de Semana,Leads,2025-08-03,topfunnel_lal1_clientes_video_v1,22.65,34,1221,7,LookALike_Clientes_1,Video,8º Lançamento | Leads
2940,2025 | Agosto,Domingo,Final de Semana,Leads,2025-08-03,topfunnel_cargos_tech_estatico_v2,18.08,9,887,1,Cargos_Tecnologia,Estático,8º Lançamento | Vendas
3953,2025 | Agosto,Domingo,Final de Semana,Awareness,2025-08-03,topfunnel_interesses_programacao_estatico_v1,38.68,19,2805,,Interesses_Programacao,Estático,8º Lançamento | Live
4199,2025 | Agosto,Domingo,Final de Semana,Leads,2025-08-03,topfunnel_interesses_cloud_estatico_v1,43.47,54,2683,7,Interesses_Cloud,Estático,8º Lançamento | Leads
4435,2025 | Agosto,Domingo,Final de Semana,Leads,2025-08-03,midfunnel_rmkt_60d_estatico_v2,16.57,31,1747,4,Remarketing_60dias,Estático,8º Lançamento | Leads
4743,2025 | Agosto,Domingo,Final de Semana,Leads,2025-08-03,topfunnel_interesses_cloud_video_v1,40.13,34,2051,6,Interesses_Cloud,Video,8º Lançamento | Leads
5426,2025 | Agosto,Domingo,Final de Semana,Awareness,2025-08-03,topfunnel_lal1_clientes_estatico_v2,6.09,5,686,,LookALike_Clientes_1,Estático,8º Lançamento | Live
5715,2025 | Agosto,Domingo,Final de Semana,Leads,2025-08-03,topfunnel_interesses_programacao_video_v1,32.33,18,1603,1,Interesses_Programacao,Video,8º Lançamento | Leads
1256,2025 | Agosto,Segunda-Feira,Dia útil,Leads,2025-08-04,topfunnel_cargos_tech_video_v3,36.55,53,4019,4,Cargos_Tecnologia,Video,8º Lançamento | Leads
1429,2025 | Agosto,Segunda-Feira,Dia útil,Leads,2025-08-04,topfunnel_interesses_programacao_video_v1,44.78,44,2725,4,Interesses_Programacao,Video,8º Lançamento | Leads
1642,2025 | Agosto,Segunda-Feira,Dia útil,Leads,2025-08-04,topfunnel_interesses_cloud_estatico_v1,2.19,,101,,Interesses_Cloud,Estático,8º Lançamento | Leads
1813,2025 | Agosto,Segunda-Feira,Dia útil,Leads,2025-08-04,topfunnel_interesses_cloud_video_v1,31.03,32,2255,6,Interesses_Cloud,Video,8º Lançamento | Leads
2854,2025 | Agosto,Segunda-Feira,Dia útil,Leads,2025-08-04,midfunnel_rmkt_60d_estatico_v1,17.09,32,1069,8,Remarketing_60dias,Estático,8º Lançamento | Leads
3375,2025 | Agosto,Segunda-Feira,Dia útil,Leads,2025-08-04,midfunnel_rmkt_60d_estatico_v3,16.49,9,978,1,Remarketing_60dias,Estático,8º Lançamento | Leads
3400,2025 | Agosto,Segunda-Feira,Dia útil,Awareness,2025-08-04,topfunnel_broad_tech_video_v1,17.62,16,1155,1,Broad_Tecnologia,Video,8º Lançamento | Live
3820,2025 | Agosto,Segunda-Feira,Dia útil,Leads,2025-08-04,topfunnel_broad_tech_video_v1,8.74,15,733,2,Broad_Tecnologia,Video,8º Lançamento | Leads
4725,2025 | Agosto,Segunda-Feira,Dia útil,Leads,2025-08-04,topfunnel_lal1_clientes_video_v2,42.99,66,3913,9,LookALike_Clientes_1,Video,8º Lançamento | Vendas
4816,2025 | Agosto,Segunda-Feira,Dia útil,Leads,2025-08-04,topfunnel_interesses_programacao_video_v3,29.68,31,2676,3,Interesses_Programacao,Video,8º Lançamento | Leads
5214,2025 | Agosto,Segunda-Feira,Dia útil,Leads,2025-08-04,midfunnel_rmkt_60d_video_v1,77.16,120,5202,13,Remarketing_60dias,Video,8º Lançamento | Leads
5258,2025 | Agosto,Segunda-Feira,Dia útil,Awareness,2025-08-04,topfunnel_lal1_clientes_video_v2,8.06,14,1169,,LookALike_Clientes_1,Video,8º Lançamento | Live
1030,2025 | Agosto,Terça-Feira,Dia útil,Leads,2025-08-05,midfunnel_rmkt_60d_estatico_v2,75.50,110,16891,15,Remarketing_60dias,Estático,8º Lançamento | Leads
1105,2025 | Agosto,Terça-Feira,Dia útil,Awareness,2025-08-05,topfunnel_broad_tech_video_v2,26.19,24,1655,2,Broad_Tecnologia,Video,8º Lançamento | Live
1641,2025 | Agosto,Terça-Feira,Dia útil,Leads,2025-08-05,topfunnel_lal1_clientes_estatico_v1,25.27,18,1202,3,LookALike_Clientes_1,Estático,8º Lançamento | Leads
3075,2025 | Agosto,Terça-Feira,Dia útil,Leads,2025-08-05,midfunnel_rmkt_60d_video_v2,44.95,62,2332,15,Remarketing_60dias,Video,8º Lançamento | Vendas
3098,2025 | Agosto,Terça-Feira,Dia útil,Leads,2025-08-05,topfunnel_cargos_tech_estatico_v1,27.33,38,1880,6,Cargos_Tecnologia,Estático,8º Lançamento | Vendas
3115,2025 | Agosto,Terça-Feira,Dia útil,Awareness,2025-08-05,topfunnel_lal1_clientes_video_v1,7.60,19,1860,,LookALike_Clientes_1,Video,8º Lançamento | Live
3289,2025 | Agosto,Terça-Feira,Dia útil,Leads,2025-08-05,topfunnel_lal1_clientes_estatico_v1,43.64,63,4667,7,LookALike_Clientes_1,Estático,8º Lançamento | Leads
3545,2025 | Agosto,Terça-Feira,Dia útil,Leads,2025-08-05,topfunnel_interesses_cloud_estatico_v1,40.05,25,3552,2,Interesses_Cloud,Estático,8º Lançamento | Vendas
3744,2025 | Agosto,Terça-Feira,Dia útil,Leads,2025-08-05,topfunnel_lal1_clientes_estatico_v1,18.80,12,1183,2,LookALike_Clientes_1,Estático,8º Lançamento | Vendas
3777,2025 | Agosto,Terça-Feira,Dia útil,Leads,2025-08-05,topfunnel_interesses_cloud_estatico_v1,97.07,86,6508,10,Interesses_Cloud,Estático,8º Lançamento | Leads
4220,2025 | Agosto,Terça-Feira,Dia útil,Leads,2025-08-05,topfunnel_interesses_programacao_video_v3,60.33,45,2970,3,Interesses_Programacao,Video,8º Lançamento | Leads
5147,2025 | Agosto,Terça-Feira,Dia útil,Leads,2025-08-05,topfunnel_lal1_clientes_video_v1,66.03,36,6114,1,LookALike_Clientes_1,Video,8º Lançamento | Leads
5473,2025 | Agosto,Terça-Feira,Dia útil,Leads,2025-08-05,topfunnel_interesses_programacao_video_v2,227.56,277,16367,41,Interesses_Programacao,Video,8º Lançamento | Leads
5756,2025 | Agosto,Terça-Feira,Dia útil,Leads,2025-08-05,topfunnel_broad_tech_estatico_v2,56.03,77,4405,19,Broad_Tecnologia,Estático,8º Lançamento | Leads
5816,2025 | Agosto,Terça-Feira,Dia útil,Leads,2025-08-05,midfunnel_rmkt_60d_video_v2,14.81,19,1235,,Remarketing_60dias,Video,8º Lançamento | Leads
5868,2025 | Agosto,Terça-Feira,Dia útil,Leads,2025-08-05,topfunnel_interesses_cloud_video_v1,29.44,16,1755,,Interesses_Cloud,Video,8º Lançamento | Leads
1438,2025 | Agosto,Quarta-Feira,Dia útil,Leads,2025-08-06,topfunnel_broad_tech_video_v3,18.76,9,1156,2,Broad_Tecnologia,Video,8º Lançamento | Leads
2323,2025 | Agosto,Quarta-Feira,Dia útil,Leads,2025-08-06,midfunnel_rmkt_60d_video_v2,24.16,30,1691,2,Remarketing_60dias,Video,8º Lançamento | Vendas
2483,2025 | Agosto,Quarta-Feira,Dia útil,Leads,2025-08-06,midfunnel_rmkt_60d_video_v3,76.19,101,5029,29,Remarketing_60dias,Video,8º Lançamento | Leads
2645,2025 | Agosto,Quarta-Feira,Dia útil,Leads,2025-08-06,topfunnel_interesses_cloud_estatico_v1,32.29,43,2986,3,Interesses_Cloud,Estático,8º Lançamento | Leads
2761,2025 | Agosto,Quarta-Feira,Dia útil,Leads,2025-08-06,topfunnel_interesses_programacao_estatico_v1,58.67,44,5123,3,Interesses_Programacao,Estático,8º Lançamento | Leads
2787,2025 | Agosto,Quarta-Feira,Dia útil,Leads,2025-08-06,topfunnel_lal1_clientes_video_v1,8.85,6,733,1,LookALike_Clientes_1,Video,8º Lançamento | Leads
3543,2025 | Agosto,Quarta-Feira,Dia útil,Leads,2025-08-06,topfunnel_interesses_cloud_video_v1,95.53,251,10990,17,Interesses_Cloud,Video,8º Lançamento | Leads
4239,2025 | Agosto,Quarta-Feira,Dia útil,Leads,2025-08-06,topfunnel_lal1_clientes_video_v2,12.77,19,829,5,LookALike_Clientes_1,Video,8º Lançamento | Leads
5083,2025 | Agosto,Quarta-Feira,Dia útil,Leads,2025-08-06,topfunnel_interesses_programacao_estatico_v1,8.56,3,493,,Interesses_Programacao,Estático,8º Lançamento | Vendas
5812,2025 | Agosto,Quarta-Feira,Dia útil,Awareness,2025-08-06,topfunnel_interesses_cloud_estatico_v1,25.44,25,2024,2,Interesses_Cloud,Estático,8º Lançamento | Live
1072,2025 | Agosto,Quinta-Feira,Dia útil,Leads,2025-08-07,topfunnel_interesses_cloud_estatico_v3,28.82,17,1935,1,Interesses_Cloud,Estático,8º Lançamento | Leads
1101,2025 | Agosto,Quinta-Feira,Dia útil,Leads,2025-08-07,topfunnel_interesses_programacao_estatico_v2,2.55,3,323,,Interesses_Programacao,Estático,8º Lançamento | Leads
1136,2025 | Agosto,Quinta-Feira,Dia útil,Leads,2025-08-07,topfunnel_interesses_cloud_estatico_v1,49.47,12,2574,1,Interesses_Cloud,Estático,8º Lançamento | Leads
1741,2025 | Agosto,Quinta-Feira,Dia útil,Leads,2025-08-07,topfunnel_interesses_cloud_video_v1,54.84,79,3493,6,Interesses_Cloud,Video,8º Lançamento | Vendas
2713,2025 | Agosto,Quinta-Feira,Dia útil,Leads,2025-08-07,topfunnel_interesses_cloud_video_v1,78.28,23,4442,4,Interesses_Cloud,Video,8º Lançamento | Leads
3105,2025 | Agosto,Quinta-Feira,Dia útil,Leads,2025-08-07,topfunnel_lal1_clientes_video_v2,79.74,146,6869,24,LookALike_Clientes_1,Video,8º Lançamento | Leads
3268,2025 | Agosto,Quinta-Feira,Dia útil,Leads,2025-08-07,topfunnel_interesses_cloud_video_v1,18.47,29,2372,5,Interesses_Cloud,Video,8º Lançamento | Leads
3628,2025 | Agosto,Quinta-Feira,Dia útil,Leads,2025-08-07,topfunnel_broad_tech_video_v1,45.54,37,4050,5,Broad_Tecnologia,Video,8º Lançamento | Vendas
3724,2025 | Agosto,Quinta-Feira,Dia útil,Leads,2025-08-07,midfunnel_rmkt_60d_estatico_v1,25.58,42,2355,12,Remarketing_60dias,Estático,8º Lançamento | Leads
4507,2025 | Agosto,Quinta-Feira,Dia útil,Leads,2025-08-07,topfunnel_broad_tech_estatico_v1,12.01,16,749,2,Broad_Tecnologia,Estático,8º Lançamento | Leads
4880,2025 | Agosto,Quinta-Feira,Dia útil,Leads,2025-08-07,midfunnel_rmkt_60d_video_v1,55.10,22,2669,1,Remarketing_60dias,Video,8º Lançamento | Leads
5709,2025 | Agosto,Quinta-Feira,Dia útil,Leads,2025-08-07,topfunnel_lal1_clientes_estatico_v2,19.68,34,1436,5,LookALike_Clientes_1,Estático,8º Lançamento | Vendas
5839,2025 | Agosto,Quinta-Feira,Dia útil,Leads,2025-08-07,topfunnel_lal1_clientes_video_v3,11.77,18,809,1,LookALike_Clientes_1,Video,8º Lançamento | Leads
1084,2025 | Agosto,Sexta-Feira,Dia útil,Leads,2025-08-08,topfunnel_cargos_tech_video_v1,30.74,48,3634,8,Cargos_Tecnologia,Video,8º Lançamento | Leads
1107,2025 | Agosto,Sexta-Feira,Dia útil,Leads,2025-08-08,topfunnel_lal1_clientes_video_v3,26.02,53,2451,8,LookALike_Clientes_1,Video,8º Lançamento | Leads
1232,2025 | Agosto,Sexta-Feira,Dia útil,Leads,2025-08-08,topfunnel_interesses_cloud_estatico_v2,23.77,17,1747,1,Interesses_Cloud,Estático,8º Lançamento | Leads
1248,2025 | Agosto,Sexta-Feira,Dia útil,Leads,2025-08-08,topfunnel_broad_tech_estatico_v1,11.42,6,679,1,Broad_Tecnologia,Estático,8º Lançamento | Leads
1538,2025 | Agosto,Sexta-Feira,Dia útil,Leads,2025-08-08,topfunnel_broad_tech_estatico_v1,18.69,10,1102,2,Broad_Tecnologia,Estático,8º Lançamento | Leads
1997,2025 | Agosto,Sexta-Feira,Dia útil,Leads,2025-08-08,topfunnel_interesses_cloud_video_v2,57.61,53,3982,4,Interesses_Cloud,Video,8º Lançamento | Leads
2270,2025 | Agosto,Sexta-Feira,Dia útil,Leads,2025-08-08,topfunnel_broad_tech_video_v1,8.66,5,477,,Broad_Tecnologia,Video,8º Lançamento | Leads
2495,2025 | Agosto,Sexta-Feira,Dia útil,Leads,2025-08-08,topfunnel_cargos_tech_estatico_v1,62.10,78,3736,10,Cargos_Tecnologia,Estático,8º Lançamento | Vendas
2567,2025 | Agosto,Sexta-Feira,Dia útil,Leads,2025-08-08,topfunnel_interesses_programacao_video_v2,17.83,3,766,,Interesses_Programacao,Video,8º Lançamento | Leads
2613,2025 | Agosto,Sexta-Feira,Dia útil,Leads,2025-08-08,topfunnel_broad_tech_estatico_v1,59.78,26,3452,4,Broad_Tecnologia,Estático,8º Lançamento | Vendas
3059,2025 | Agosto,Sexta-Feira,Dia útil,Leads,2025-08-08,topfunnel_interesses_cloud_estatico_v2,10.62,12,617,1,Interesses_Cloud,Estático,8º Lançamento | Leads
3395,2025 | Agosto,Sexta-Feira,Dia útil,Leads,2025-08-08,topfunnel_interesses_programacao_estatico_v1,49.31,45,2978,6,Interesses_Programacao,Estático,8º Lançamento | Leads
3759,2025 | Agosto,Sexta-Feira,Dia útil,Leads,2025-08-08,topfunnel_interesses_cloud_video_v3,32.25,36,1923,8,Interesses_Cloud,Video,8º Lançamento | Leads
4096,2025 | Agosto,Sexta-Feira,Dia útil,Leads,2025-08-08,topfunnel_interesses_programacao_video_v1,24.82,26,1335,3,Interesses_Programacao,Video,8º Lançamento | Leads
4465,2025 | Agosto,Sexta-Feira,Dia útil,Leads,2025-08-08,topfunnel_cargos_tech_video_v1,3.81,4,197,,Cargos_Tecnologia,Video,8º Lançamento | Vendas
5977,2025 | Agosto,Sexta-Feira,Dia útil,Leads,2025-08-08,topfunnel_interesses_programacao_video_v1,19.92,22,1258,4,Interesses_Programacao,Video,8º Lançamento | Leads
1054,2025 | Agosto,Sábado,Final de Semana,Leads,2025-08-09,topfunnel_broad_tech_estatico_v1,3.42,2,143,,Broad_Tecnologia,Estático,8º Lançamento | Leads
1113,2025 | Agosto,Sábado,Final de Semana,Leads,2025-08-09,midfunnel_rmkt_60d_video_v1,69.69,57,3180,6,Remarketing_60dias,Video,8º Lançamento | Leads
1725,2025 | Agosto,Sábado,Final de Semana,Leads,2025-08-09,topfunnel_lal1_clientes_video_v1,64.01,27,3839,3,LookALike_Clientes_1,Video,8º Lançamento | Leads
1854,2025 | Agosto,Sábado,Final de Semana,Leads,2025-08-09,midfunnel_rmkt_60d_estatico_v3,4.79,6,273,1,Remarketing_60dias,Estático,8º Lançamento | Leads
2392,2025 | Agosto,Sábado,Final de Semana,Leads,2025-08-09,topfunnel_broad_tech_estatico_v3,35.13,46,2645,6,Broad_Tecnologia,Estático,8º Lançamento | Leads
2618,2025 | Agosto,Sábado,Final de Semana,Leads,2025-08-09,topfunnel_interesses_programacao_video_v3,72.30,61,3055,13,Interesses_Programacao,Video,8º Lançamento | Leads
2705,2025 | Agosto,Sábado,Final de Semana,Leads,2025-08-09,topfunnel_broad_tech_video_v2,60.92,72,6503,18,Broad_Tecnologia,Video,8º Lançamento | Leads
3050,2025 | Agosto,Sábado,Final de Semana,Leads,2025-08-09,topfunnel_broad_tech_estatico_v3,49.29,71,4075,12,Broad_Tecnologia,Estático,8º Lançamento | Leads
3180,2025 | Agosto,Sábado,Final de Semana,Awareness,2025-08-09,topfunnel_interesses_cloud_estatico_v1,24.75,27,1812,3,Interesses_Cloud,Estático,8º Lançamento | Live
3271,2025 | Agosto,Sábado,Final de Semana,Leads,2025-08-09,topfunnel_broad_tech_estatico_v1,50.04,35,5361,3,Broad_Tecnologia,Estático,8º Lançamento | Leads
3447,2025 | Agosto,Sábado,Final de Semana,Leads,2025-08-09,topfunnel_interesses_cloud_video_v3,139.41,75,12041,16,Interesses_Cloud,Video,8º Lançamento | Vendas
3595,2025 | Agosto,Sábado,Final de Semana,Awareness,2025-08-09,midfunnel_rmkt_60d_video_v3,38.99,19,2489,1,Remarketing_60dias,Video,8º Lançamento | Live
3629,2025 | Agosto,Sábado,Final de Semana,Leads,2025-08-09,topfunnel_cargos_tech_video_v1,14.17,23,930,1,Cargos_Tecnologia,Video,8º Lançamento | Leads
3944,2025 | Agosto,Sábado,Final de Semana,Leads,2025-08-09,topfunnel_broad_tech_video_v3,19.33,16,1665,,Broad_Tecnologia,Video,8º Lançamento | Leads
3949,2025 | Agosto,Sábado,Final de Semana,Leads,2025-08-09,topfunnel_broad_tech_estatico_v1,14.90,11,1135,,Broad_Tecnologia,Estático,8º Lançamento | Leads
4852,2025 | Agosto,Sábado,Final de Semana,Leads,2025-08-09,topfunnel_interesses_programacao_estatico_v1,48.19,26,3012,4,Interesses_Programacao,Estático,8º Lançamento | Vendas
4865,2025 | Agosto,Sábado,Final de Semana,Leads,2025-08-09,topfunnel_cargos_tech_video_v2,7.10,6,435,,Cargos_Tecnologia,Video,8º Lançamento | Leads
4968,2025 | Agosto,Sábado,Final de Semana,Leads,2025-08-09,topfunnel_cargos_tech_estatico_v1,32.01,20,1609,3,Cargos_Tecnologia,Estático,8º Lançamento | Leads
5400,2025 | Agosto,Sábado,Final de Semana,Awareness,2025-08-09,topfunnel_interesses_programacao_video_v1,27.10,5,1491,,Interesses_Programacao,Video,8º Lançamento | Live
5533,2025 | Agosto,Sábado,Final de Semana,Leads,2025-08-09,midfunnel_rmkt_60d_estatico_v1,95.92,143,7053,27,Remarketing_60dias,Estático,8º Lançamento | Leads
5954,2025 | Agosto,Sábado,Final de Semana,Leads,2025-08-09,topfunnel_cargos_tech_estatico_v3,106.81,95,4626,10,Cargos_Tecnologia,Estático,8º Lançamento | Leads
1515,2025 | Agosto,Domingo,Final de Semana,Awareness,2025-08-10,topfunnel_broad_tech_video_v1,39.65,23,3524,1,Broad_Tecnologia,Video,8º Lançamento | Live
1605,2025 | Agosto,Domingo,Final de Semana,Leads,2025-08-10,topfunnel_interesses_cloud_estatico_v1,31.64,34,2165,,Interesses_Cloud,Estático,8º Lançamento | Leads
2300,2025 | Agosto,Domingo,Final de Semana,Leads,2025-08-10,topfunnel_broad_tech_estatico_v1,47.45,48,5552,9,Broad_Tecnologia,Estático,8º Lançamento | Leads
2348,2025 | Agosto,Domingo,Final de Semana,Leads,2025-08-10,topfunnel_cargos_tech_video_v2,79.19,65,2811,6,Cargos_Tecnologia,Video,8º Lançamento | Leads
2755,2025 | Agosto,Domingo,Final de Semana,Awareness,2025-08-10,topfunnel_lal1_clientes_video_v2,48.60,49,3400,4,LookALike_Clientes_1,Video,8º Lançamento | Live
2871,2025 | Agosto,Domingo,Final de Semana,Leads,2025-08-10,topfunnel_lal1_clientes_video_v1,45.11,25,4323,3,LookALike_Clientes_1,Video,8º Lançamento | Leads
3349,2025 | Agosto,Domingo,Final de Semana,Leads,2025-08-10,topfunnel_broad_tech_estatico_v1,18.27,20,1047,4,Broad_Tecnologia,Estático,8º Lançamento | Leads
3775,2025 | Agosto,Domingo,Final de Semana,Leads,2025-08-10,topfunnel_interesses_programacao_estatico_v1,53.23,142,6514,12,Interesses_Programacao,Estático,8º Lançamento | Vendas
3789,2025 | Agosto,Domingo,Final de Semana,Leads,2025-08-10,topfunnel_broad_tech_video_v1,30.07,18,1786,3,Broad_Tecnologia,Video,8º Lançamento | Vendas
4329,2025 | Agosto,Domingo,Final de Semana,Leads,2025-08-10,topfunnel_broad_tech_video_v2,19.43,31,2314,2,Broad_Tecnologia,Video,8º Lançamento | Vendas
4907,2025 | Agosto,Domingo,Final de Semana,Leads,2025-08-10,topfunnel_interesses_programacao_estatico_v2,24.10,21,1121,4,Interesses_Programacao,Estático,8º Lançamento | Leads
4910,2025 | Agosto,Domingo,Final de Semana,Leads,2025-08-10,topfunnel_lal1_clientes_estatico_v1,39.70,50,3185,8,LookALike_Clientes_1,Estático,8º Lançamento | Leads
5222,2025 | Agosto,Domingo,Final de Semana,Awareness,2025-08-10,topfunnel_broad_tech_video_v1,14.03,5,742,,Broad_Tecnologia,Video,8º Lançamento | Live
5253,2025 | Agosto,Domingo,Final de Semana,Leads,2025-08-10,topfunnel_lal1_clientes_video_v3,56.26,45,3854,11,LookALike_Clientes_1,Video,8º Lançamento | Leads
5758,2025 | Agosto,Domingo,Final de Semana,Leads,2025-08-10,topfunnel_interesses_programacao_video_v1,46.86,38,3616,6,Interesses_Programacao,Video,8º Lançamento | Leads
1029,2025 | Agosto,Segunda-Feira,Dia útil,Awareness,2025-08-11,topfunnel_broad_tech_estatico_v1,15.69,16,1177,,Broad_Tecnologia,Estático,8º Lançamento | Live
1946,2025 | Agosto,Segunda-Feira,Dia útil,Leads,2025-08-11,topfunnel_interesses_programacao_estatico_v1,31.52,13,1723,,Interesses_Programacao,Estático,8º Lançamento | Leads
1999,2025 | Agosto,Segunda-Feira,Dia útil,Leads,2025-08-11,topfunnel_interesses_programacao_video_v2,15.80,12,897,,Interesses_Programacao,Video,8º Lançamento | Leads
2896,2025 | Agosto,Segunda-Feira,Dia útil,Leads,2025-08-11,topfunnel_lal1_clientes_estatico_v1,21.51,9,1486,,LookALike_Clientes_1,Estático,8º Lançamento | Leads
3251,2025 | Agosto,Segunda-Feira,Dia útil,Leads,2025-08-11,topfunnel_interesses_programacao_video_v1,34.93,25,2310,2,Interesses_Programacao,Video,8º Lançamento | Leads
4088,2025 | Agosto,Segunda-Feira,Dia útil,Awareness,2025-08-11,topfunnel_lal1_clientes_video_v1,78.68,48,4023,8,LookALike_Clientes_1,Video,8º Lançamento | Live
4184,2025 | Agosto,Segunda-Feira,Dia útil,Leads,2025-08-11,topfunnel_interesses_cloud_estatico_v1,0.00,,0,,Interesses_Cloud,Estático,8º Lançamento | Leads
4398,2025 | Agosto,Segunda-Feira,Dia útil,Leads,2025-08-11,topfunnel_broad_tech_video_v1,30.48,18,2933,1,Broad_Tecnologia,Video,8º Lançamento | Leads
5338,2025 | Agosto,Segunda-Feira,Dia útil,Awareness,2025-08-11,topfunnel_lal1_clientes_estatico_v1,75.12,90,5161,7,LookALike_Clientes_1,Estático,8º Lançamento | Live
1522,2025 | Agosto,Terça-Feira,Dia útil,Leads,2025-08-12,topfunnel_cargos_tech_video_v1,84.51,68,4660,8,Cargos_Tecnologia,Video,8º Lançamento | Leads
2276,2025 | Agosto,Terça-Feira,Dia útil,Leads,2025-08-12,topfunnel_broad_tech_estatico_v3,95.32,105,10496,17,Broad_Tecnologia,Estático,8º Lançamento | Leads
2692,2025 | Agosto,Terça-Feira,Dia útil,Leads,2025-08-12,topfunnel_interesses_programacao_estatico_v2,37.97,48,2282,8,Interesses_Programacao,Estático,8º Lançamento | Leads
2770,2025 | Agosto,Terça-Feira,Dia útil,Leads,2025-08-12,topfunnel_interesses_programacao_estatico_v1,13.25,11,931,,Interesses_Programacao,Estático,8º Lançamento | Leads
2842,2025 | Agosto,Terça-Feira,Dia útil,Leads,2025-08-12,topfunnel_interesses_cloud_estatico_v1,25.65,28,1488,2,Interesses_Cloud,Estático,8º Lançamento | Leads
3016,2025 | Agosto,Terça-Feira,Dia útil,Leads,2025-08-12,midfunnel_rmkt_60d_video_v1,153.02,186,11970,36,Remarketing_60dias,Video,8º Lançamento | Leads
3069,2025 | Agosto,Terça-Feira,Dia útil,Leads,2025-08-12,topfunnel_interesses_programacao_video_v1,62.14,57,3876,10,Interesses_Programacao,Video,8º Lançamento | Leads
3099,2025 | Agosto,Terça-Feira,Dia útil,Awareness,2025-08-12,topfunnel_interesses_cloud_video_v2,24.93,29,1628,2,Interesses_Cloud,Video,8º Lançamento | Live
4078,2025 | Agosto,Terça-Feira,Dia útil,Leads,2025-08-12,topfunnel_cargos_tech_estatico_v3,9.95,11,741,,Cargos_Tecnologia,Estático,8º Lançamento | Leads
4135,2025 | Agosto,Terça-Feira,Dia útil,Leads,2025-08-12,topfunnel_broad_tech_estatico_v1,258.33,427,21214,73,Broad_Tecnologia,Estático,8º Lançamento | Leads
4144,2025 | Agosto,Terça-Feira,Dia útil,Leads,2025-08-12,midfunnel_rmkt_60d_estatico_v2,56.94,87,4234,7,Remarketing_60dias,Estático,8º Lançamento | Leads
5054,2025 | Agosto,Terça-Feira,Dia útil,Leads,2025-08-12,topfunnel_broad_tech_video_v2,119.46,260,11882,45,Broad_Tecnologia,Video,8º Lançamento | Leads
5281,2025 | Agosto,Terça-Feira,Dia útil,Awareness,2025-08-12,topfunnel_cargos_tech_video_v1,21.40,9,1036,1,Cargos_Tecnologia,Video,8º Lançamento | Live
5398,2025 | Agosto,Terça-Feira,Dia útil,Leads,2025-08-12,topfunnel_lal1_clientes_estatico_v1,70.80,149,7326,15,LookALike_Clientes_1,Estático,8º Lançamento | Vendas
5835,2025 | Agosto,Terça-Feira,Dia útil,Awareness,2025-08-12,topfunnel_interesses_cloud_video_v1,18.76,24,1541,1,Interesses_Cloud,Video,8º Lançamento | Live
1704,2025 | Agosto,Quarta-Feira,Dia útil,Leads,2025-08-13,topfunnel_lal1_clientes_estatico_v1,51.79,58,3293,9,LookALike_Clientes_1,Estático,8º Lançamento | Leads
2203,2025 | Agosto,Quarta-Feira,Dia útil,Awareness,2025-08-13,topfunnel_interesses_cloud_video_v2,63.44,21,3368,,Interesses_Cloud,Video,8º Lançamento | Live
3886,2025 | Agosto,Quarta-Feira,Dia útil,Awareness,2025-08-13,topfunnel_broad_tech_estatico_v3,41.67,6,2082,,Broad_Tecnologia,Estático,8º Lançamento | Live
4033,2025 | Agosto,Quarta-Feira,Dia útil,Leads,2025-08-13,midfunnel_rmkt_60d_video_v2,23.65,17,1629,2,Remarketing_60dias,Video,8º Lançamento | Leads
4141,2025 | Agosto,Quarta-Feira,Dia útil,Leads,2025-08-13,topfunnel_interesses_programacao_estatico_v3,30.89,20,1996,3,Interesses_Programacao,Estático,8º Lançamento | Leads
5894,2025 | Agosto,Quarta-Feira,Dia útil,Leads,2025-08-13,topfunnel_interesses_cloud_video_v1,67.19,77,4712,12,Interesses_Cloud,Video,8º Lançamento | Vendas
5948,2025 | Agosto,Quarta-Feira,Dia útil,Leads,2025-08-13,topfunnel_broad_tech_video_v1,0.00,,0,,Broad_Tecnologia,Video,8º Lançamento | Leads
1357,2025 | Agosto,Quinta-Feira,Dia útil,Awareness,2025-08-14,topfunnel_interesses_cloud_estatico_v1,30.10,14,1928,,Interesses_Cloud,Estático,8º Lançamento | Live
1649,2025 | Agosto,Quinta-Feira,Dia útil,Leads,2025-08-14,topfunnel_broad_tech_estatico_v2,35.40,28,2719,5,Broad_Tecnologia,Estático,8º Lançamento | Leads
2534,2025 | Agosto,Quinta-Feira,Dia útil,Leads,2025-08-14,topfunnel_lal1_clientes_video_v2,10.71,9,379,1,LookALike_Clientes_1,Video,8º Lançamento | Leads
3096,2025 | Agosto,Quinta-Feira,Dia útil,Awareness,2025-08-14,topfunnel_broad_tech_video_v1,108.62,50,4576,4,Broad_Tecnologia,Video,8º Lançamento | Live
4235,2025 | Agosto,Quinta-Feira,Dia útil,Leads,2025-08-14,topfunnel_interesses_programacao_estatico_v3,58.73,86,5749,19,Interesses_Programacao,Estático,8º Lançamento | Leads
4490,2025 | Agosto,Quinta-Feira,Dia útil,Leads,2025-08-14,topfunnel_cargos_tech_estatico_v2,26.63,16,1513,3,Cargos_Tecnologia,Estático,8º Lançamento | Leads
5245,2025 | Agosto,Quinta-Feira,Dia útil,Leads,2025-08-14,topfunnel_interesses_cloud_estatico_v2,0.00,,0,,Interesses_Cloud,Estático,8º Lançamento | Leads
5841,2025 | Agosto,Quinta-Feira,Dia útil,Leads,2025-08-14,topfunnel_interesses_programacao_video_v2,14.40,40,2584,3,Interesses_Programacao,Video,8º Lançamento | Leads
5913,2025 | Agosto,Quinta-Feira,Dia útil,Awareness,2025-08-14,topfunnel_interesses_programacao_video_v3,4.50,5,318,,Interesses_Programacao,Video,8º Lançamento | Live
5923,2025 | Agosto,Quinta-Feira,Dia útil,Leads,2025-08-14,midfunnel_rmkt_60d_estatico_v2,93.60,76,4856,13,Remarketing_60dias,Estático,8º Lançamento | Leads
1512,2025 | Agosto,Sexta-Feira,Dia útil,Leads,2025-08-15,topfunnel_broad_tech_estatico_v1,20.33,20,1209,1,Broad_Tecnologia,Estático,8º Lançamento | Leads
1879,2025 | Agosto,Sexta-Feira,Dia útil,Leads,2025-08-15,topfunnel_cargos_tech_video_v2,78.33,161,7553,32,Cargos_Tecnologia,Video,8º Lançamento | Vendas
2503,2025 | Agosto,Sexta-Feira,Dia útil,Leads,2025-08-15,midfunnel_rmkt_60d_video_v1,77.74,103,4323,25,Remarketing_60dias,Video,8º Lançamento | Leads
2826,2025 | Agosto,Sexta-Feira,Dia útil,Leads,2025-08-15,topfunnel_broad_tech_estatico_v2,53.20,45,4517,5,Broad_Tecnologia,Estático,8º Lançamento | Leads
3065,2025 | Agosto,Sexta-Feira,Dia útil,Leads,2025-08-15,midfunnel_rmkt_60d_video_v3,69.12,46,4827,14,Remarketing_60dias,Video,8º Lançamento | Leads
3144,2025 | Agosto,Sexta-Feira,Dia útil,Leads,2025-08-15,topfunnel_interesses_programacao_video_v3,4.79,5,309,,Interesses_Programacao,Video,8º Lançamento | Vendas
3411,2025 | Agosto,Sexta-Feira,Dia útil,Awareness,2025-08-15,topfunnel_lal1_clientes_video_v1,32.13,29,2022,1,LookALike_Clientes_1,Video,8º Lançamento | Live
3781,2025 | Agosto,Sexta-Feira,Dia útil,Leads,2025-08-15,topfunnel_lal1_clientes_estatico_v3,37.16,47,2530,8,LookALike_Clientes_1,Estático,8º Lançamento | Leads
4379,2025 | Agosto,Sexta-Feira,Dia útil,Awareness,2025-08-15,topfunnel_interesses_programacao_video_v2,35.23,37,2866,3,Interesses_Programacao,Video,8º Lançamento | Live
4588,2025 | Agosto,Sexta-Feira,Dia útil,Leads,2025-08-15,topfunnel_interesses_cloud_video_v1,15.74,11,1200,,Interesses_Cloud,Video,8º Lançamento | Leads
5457,2025 | Agosto,Sexta-Feira,Dia útil,Leads,2025-08-15,topfunnel_broad_tech_estatico_v1,16.89,14,898,2,Broad_Tecnologia,Estático,8º Lançamento | Leads
5524,2025 | Agosto,Sexta-Feira,Dia útil,Leads,2025-08-15,topfunnel_broad_tech_video_v2,71.21,115,5526,21,Broad_Tecnologia,Video,8º Lançamento | Vendas
5528,2025 | Agosto,Sexta-Feira,Dia útil,Leads,2025-08-15,topfunnel_lal1_clientes_video_v2,21.13,26,1131,7,LookALike_Clientes_1,Video,8º Lançamento | Leads
5621,2025 | Agosto,Sexta-Feira,Dia útil,Leads,2025-08-15,topfunnel_broad_tech_estatico_v2,23.17,17,2135,1,Broad_Tecnologia,Estático,8º Lançamento | Vendas
1310,2025 | Agosto,Sábado,Final de Semana,Leads,2025-08-16,topfunnel_lal1_clientes_video_v1,1.83,2,95,,LookALike_Clientes_1,Video,8º Lançamento | Leads
2670,2025 | Agosto,Sábado,Final de Semana,Leads,2025-08-16,topfunnel_interesses_cloud_estatico_v3,98.57,62,7202,4,Interesses_Cloud,Estático,8º Lançamento | Vendas
3942,2025 | Agosto,Sábado,Final de Semana,Leads,2025-08-16,topfunnel_interesses_cloud_video_v1,97.34,93,5798,20,Interesses_Cloud,Video,8º Lançamento | Leads
4552,2025 | Agosto,Sábado,Final de Semana,Leads,2025-08-16,topfunnel_broad_tech_estatico_v3,0.00,,0,,Broad_Tecnologia,Estático,8º Lançamento | Vendas
5131,2025 | Agosto,Sábado,Final de Semana,Leads,2025-08-16,midfunnel_rmkt_60d_video_v3,17.47,40,2099,7,Remarketing_60dias,Video,8º Lançamento | Leads
5492,2025 | Agosto,Sábado,Final de Semana,Leads,2025-08-16,topfunnel_broad_tech_estatico_v2,37.97,29,1569,4,Broad_Tecnologia,Estático,8º Lançamento | Leads
5514,2025 | Agosto,Sábado,Final de Semana,Leads,2025-08-16,topfunnel_interesses_cloud_estatico_v2,55.34,26,2063,6,Interesses_Cloud,Estático,8º Lançamento | Leads
5818,2025 | Agosto,Sábado,Final de Semana,Leads,2025-08-16,midfunnel_rmkt_60d_estatico_v1,64.04,92,3551,17,Remarketing_60dias,Estático,8º Lançamento | Leads
5860,2025 | Agosto,Sábado,Final de Semana,Leads,2025-08-16,topfunnel_lal1_clientes_video_v1,113.92,178,7465,30,LookALike_Clientes_1,Video,8º Lançamento | Vendas
1552,2025 | Agosto,Domingo,Final de Semana,Leads,2025-08-17,topfunnel_interesses_programacao_estatico_v1,32.62,37,1893,10,Interesses_Programacao,Estático,8º Lançamento | Leads
1602,2025 | Agosto,Domingo,Final de Semana,Leads,2025-08-17,midfunnel_rmkt_60d_video_v2,149.97,211,9574,19,Remarketing_60dias,Video,8º Lançamento | Leads
1914,2025 | Agosto,Domingo,Final de Semana,Leads,2025-08-17,topfunnel_interesses_programacao_estatico_v3,102.90,67,7013,18,Interesses_Programacao,Estático,8º Lançamento | Vendas
3175,2025 | Agosto,Domingo,Final de Semana,Leads,2025-08-17,topfunnel_broad_tech_video_v3,33.03,13,2940,1,Broad_Tecnologia,Video,8º Lançamento | Leads
3919,2025 | Agosto,Domingo,Final de Semana,Leads,2025-08-17,topfunnel_broad_tech_video_v1,6.15,3,255,,Broad_Tecnologia,Video,8º Lançamento | Leads
3955,2025 | Agosto,Domingo,Final de Semana,Leads,2025-08-17,midfunnel_rmkt_60d_video_v2,22.32,9,1321,3,Remarketing_60dias,Video,8º Lançamento | Leads
4244,2025 | Agosto,Domingo,Final de Semana,Leads,2025-08-17,midfunnel_rmkt_60d_video_v2,27.36,39,1966,5,Remarketing_60dias,Video,8º Lançamento | Vendas
4386,2025 | Agosto,Domingo,Final de Semana,Leads,2025-08-17,topfunnel_interesses_cloud_video_v1,15.51,14,880,,Interesses_Cloud,Video,8º Lançamento | Vendas
4917,2025 | Agosto,Domingo,Final de Semana,Leads,2025-08-17,topfunnel_broad_tech_estatico_v2,33.85,37,1837,8,Broad_Tecnologia,Estático,8º Lançamento | Leads
5122,2025 | Agosto,Domingo,Final de Semana,Leads,2025-08-17,topfunnel_interesses_programacao_video_v2,90.72,96,9094,17,Interesses_Programacao,Video,8º Lançamento | Vendas
5274,2025 | Agosto,Domingo,Final de Semana,Leads,2025-08-17,topfunnel_lal1_clientes_video_v2,7.97,11,414,,LookALike_Clientes_1,Video,8º Lançamento | Leads
5291,2025 | Agosto,Domingo,Final de Semana,Leads,2025-08-17,midfunnel_rmkt_60d_video_v3,29.87,54,2553,10,Remarketing_60dias,Video,8º Lançamento | Leads
5919,2025 | Agosto,Domingo,Final de Semana,Leads,2025-08-17,topfunnel_interesses_programacao_estatico_v2,11.44,4,887,,Interesses_Programacao,Estático,8º Lançamento | Leads
2325,2025 | Agosto,Segunda-Feira,Dia útil,Leads,2025-08-18,topfunnel_cargos_tech_video_v1,76.24,59,3728,9,Cargos_Tecnologia,Video,8º Lançamento | Leads
2726,2025 | Agosto,Segunda-Feira,Dia útil,Leads,2025-08-18,topfunnel_interesses_cloud_estatico_v1,39.71,49,2579,6,Interesses_Cloud,Estático,8º Lançamento | Leads
3427,2025 | Agosto,Segunda-Feira,Dia útil,Leads,2025-08-18,topfunnel_cargos_tech_estatico_v2,4.18,4,447,,Cargos_Tecnologia,Estático,8º Lançamento | Leads
3568,2025 | Agosto,Segunda-Feira,Dia útil,Leads,2025-08-18,topfunnel_broad_tech_video_v1,52.50,66,3704,12,Broad_Tecnologia,Video,8º Lançamento | Leads
3749,2025 | Agosto,Segunda-Feira,Dia útil,Leads,2025-08-18,topfunnel_broad_tech_estatico_v1,65.37,34,5311,5,Broad_Tecnologia,Estático,8º Lançamento | Leads
3765,2025 | Agosto,Segunda-Feira,Dia útil,Leads,2025-08-18,topfunnel_broad_tech_estatico_v3,24.26,14,1630,1,Broad_Tecnologia,Estático,8º Lançamento | Leads
3990,2025 | Agosto,Segunda-Feira,Dia útil,Leads,2025-08-18,topfunnel_broad_tech_video_v2,9.83,1,491,,Broad_Tecnologia,Video,8º Lançamento | Leads
4452,2025 | Agosto,Segunda-Feira,Dia útil,Leads,2025-08-18,topfunnel_cargos_tech_video_v1,7.35,11,404,2,Cargos_Tecnologia,Video,8º Lançamento | Leads
4502,2025 | Agosto,Segunda-Feira,Dia útil,Leads,2025-08-18,topfunnel_broad_tech_video_v2,8.93,9,565,1,Broad_Tecnologia,Video,8º Lançamento | Vendas
4587,2025 | Agosto,Segunda-Feira,Dia útil,Leads,2025-08-18,topfunnel_cargos_tech_video_v2,37.68,44,1904,7,Cargos_Tecnologia,Video,8º Lançamento | Leads
4881,2025 | Agosto,Segunda-Feira,Dia útil,Leads,2025-08-18,topfunnel_broad_tech_estatico_v1,59.67,46,5243,4,Broad_Tecnologia,Estático,8º Lançamento | Vendas
5850,2025 | Agosto,Segunda-Feira,Dia útil,Leads,2025-08-18,midfunnel_rmkt_60d_estatico_v3,67.30,105,4738,17,Remarketing_60dias,Estático,8º Lançamento | Vendas
1630,2025 | Agosto,Terça-Feira,Dia útil,Leads,2025-08-19,midfunnel_rmkt_60d_video_v2,29.15,21,1968,3,Remarketing_60dias,Video,8º Lançamento | Leads
2201,2025 | Agosto,Terça-Feira,Dia útil,Leads,2025-08-19,topfunnel_interesses_cloud_video_v2,42.15,54,2801,17,Interesses_Cloud,Video,8º Lançamento | Leads
2440,2025 | Agosto,Terça-Feira,Dia útil,Leads,2025-08-19,midfunnel_rmkt_60d_estatico_v2,48.26,89,4878,7,Remarketing_60dias,Estático,8º Lançamento | Leads
2778,2025 | Agosto,Terça-Feira,Dia útil,Leads,2025-08-19,topfunnel_broad_tech_video_v2,41.91,43,5737,5,Broad_Tecnologia,Video,8º Lançamento | Leads
3170,2025 | Agosto,Terça-Feira,Dia útil,Leads,2025-08-19,topfunnel_cargos_tech_video_v2,76.53,103,7760,22,Cargos_Tecnologia,Video,8º Lançamento | Leads
3314,2025 | Agosto,Terça-Feira,Dia útil,Awareness,2025-08-19,topfunnel_interesses_cloud_estatico_v1,41.05,30,2112,3,Interesses_Cloud,Estático,8º Lançamento | Live
4439,2025 | Agosto,Terça-Feira,Dia útil,Leads,2025-08-19,topfunnel_interesses_programacao_video_v2,63.72,68,4266,13,Interesses_Programacao,Video,8º Lançamento | Vendas
4713,2025 | Agosto,Terça-Feira,Dia útil,Leads,2025-08-19,topfunnel_lal1_clientes_video_v2,18.91,15,1884,2,LookALike_Clientes_1,Video,8º Lançamento | Leads
4749,2025 | Agosto,Terça-Feira,Dia útil,Leads,2025-08-19,topfunnel_lal1_clientes_estatico_v2,57.19,69,3486,5,LookALike_Clientes_1,Estático,8º Lançamento | Vendas
4758,2025 | Agosto,Terça-Feira,Dia útil,Leads,2025-08-19,topfunnel_interesses_cloud_estatico_v3,91.60,109,8359,17,Interesses_Cloud,Estático,8º Lançamento | Leads
1216,2025 | Agosto,Quarta-Feira,Dia útil,Leads,2025-08-20,topfunnel_interesses_cloud_estatico_v1,169.36,66,14132,10,Interesses_Cloud,Estático,8º Lançamento | Vendas
1254,2025 | Agosto,Quarta-Feira,Dia útil,Awareness,2025-08-20,topfunnel_broad_tech_estatico_v1,45.69,22,2069,2,Broad_Tecnologia,Estático,8º Lançamento | Live
1467,2025 | Agosto,Quarta-Feira,Dia útil,Leads,2025-08-20,topfunnel_broad_tech_estatico_v2,12.92,7,1030,,Broad_Tecnologia,Estático,8º Lançamento | Leads
1681,2025 | Agosto,Quarta-Feira,Dia útil,Leads,2025-08-20,topfunnel_interesses_programacao_estatico_v1,4.18,4,394,,Interesses_Programacao,Estático,8º Lançamento | Leads
2549,2025 | Agosto,Quarta-Feira,Dia útil,Leads,2025-08-20,topfunnel_interesses_programacao_estatico_v1,15.35,22,1348,3,Interesses_Programacao,Estático,8º Lançamento | Leads
2654,2025 | Agosto,Quarta-Feira,Dia útil,Leads,2025-08-20,topfunnel_broad_tech_video_v1,61.55,146,6986,16,Broad_Tecnologia,Video,8º Lançamento | Leads
2751,2025 | Agosto,Quarta-Feira,Dia útil,Leads,2025-08-20,midfunnel_rmkt_60d_video_v2,62.11,102,4539,11,Remarketing_60dias,Video,8º Lançamento | Leads
3204,2025 | Agosto,Quarta-Feira,Dia útil,Leads,2025-08-20,topfunnel_lal1_clientes_estatico_v2,22.38,7,1380,,LookALike_Clientes_1,Estático,8º Lançamento | Leads
3464,2025 | Agosto,Quarta-Feira,Dia útil,Leads,2025-08-20,topfunnel_interesses_programacao_estatico_v1,77.96,83,3953,16,Interesses_Programacao,Estático,8º Lançamento | Vendas
3997,2025 | Agosto,Quarta-Feira,Dia útil,Leads,2025-08-20,topfunnel_interesses_cloud_video_v2,22.71,16,1190,1,Interesses_Cloud,Video,8º Lançamento | Leads
4208,2025 | Agosto,Quarta-Feira,Dia útil,Leads,2025-08-20,topfunnel_broad_tech_video_v2,13.37,15,809,1,Broad_Tecnologia,Video,8º Lançamento | Leads
4543,2025 | Agosto,Quarta-Feira,Dia útil,Leads,2025-08-20,topfunnel_broad_tech_video_v3,10.44,10,622,1,Broad_Tecnologia,Video,8º Lançamento | Leads
5430,2025 | Agosto,Quarta-Feira,Dia útil,Leads,2025-08-20,topfunnel_interesses_cloud_video_v1,5.99,6,386,,Interesses_Cloud,Video,8º Lançamento | Leads
5481,2025 | Agosto,Quarta-Feira,Dia útil,Leads,2025-08-20,topfunnel_interesses_cloud_estatico_v2,32.15,67,7270,5,Interesses_Cloud,Estático,8º Lançamento | Leads
5491,2025 | Agosto,Quarta-Feira,Dia útil,Leads,2025-08-20,topfunnel_interesses_cloud_estatico_v2,28.96,21,1242,2,Interesses_Cloud,Estático,8º Lançamento | Leads
5865,2025 | Agosto,Quarta-Feira,Dia útil,Leads,2025-08-20,midfunnel_rmkt_60d_estatico_v1,7.05,3,425,1,Remarketing_60dias,Estático,8º Lançamento | Leads
1611,2025 | Agosto,Quinta-Feira,Dia útil,Awareness,2025-08-21,topfunnel_lal1_clientes_estatico_v2,62.37,57,7662,1,LookALike_Clientes_1,Estático,8º Lançamento | Live
1986,2025 | Agosto,Quinta-Feira,Dia útil,Leads,2025-08-21,topfunnel_lal1_clientes_video_v2,5.58,11,351,,LookALike_Clientes_1,Video,8º Lançamento | Leads
2414,2025 | Agosto,Quinta-Feira,Dia útil,Leads,2025-08-21,topfunnel_broad_tech_estatico_v3,36.82,53,3201,6,Broad_Tecnologia,Estático,8º Lançamento | Vendas
2619,2025 | Agosto,Quinta-Feira,Dia útil,Leads,2025-08-21,topfunnel_interesses_programacao_video_v2,0.00,,0,,Interesses_Programacao,Video,8º Lançamento | Vendas
3230,2025 | Agosto,Quinta-Feira,Dia útil,Leads,2025-08-21,topfunnel_broad_tech_estatico_v1,39.88,20,2727,3,Broad_Tecnologia,Estático,8º Lançamento | Leads
3485,2025 | Agosto,Quinta-Feira,Dia útil,Leads,2025-08-21,topfunnel_interesses_programacao_estatico_v1,130.73,215,10703,49,Interesses_Programacao,Estático,8º Lançamento | Vendas
3566,2025 | Agosto,Quinta-Feira,Dia útil,Leads,2025-08-21,midfunnel_rmkt_60d_video_v2,60.34,31,3335,3,Remarketing_60dias,Video,8º Lançamento | Leads
3926,2025 | Agosto,Quinta-Feira,Dia útil,Leads,2025-08-21,topfunnel_interesses_cloud_estatico_v1,43.17,17,2477,,Interesses_Cloud,Estático,8º Lançamento | Leads
4113,2025 | Agosto,Quinta-Feira,Dia útil,Awareness,2025-08-21,topfunnel_broad_tech_estatico_v2,20.99,15,1398,,Broad_Tecnologia,Estático,8º Lançamento | Live
4201,2025 | Agosto,Quinta-Feira,Dia útil,Leads,2025-08-21,topfunnel_interesses_cloud_video_v2,50.57,63,3441,13,Interesses_Cloud,Video,8º Lançamento | Leads
4425,2025 | Agosto,Quinta-Feira,Dia útil,Leads,2025-08-21,midfunnel_rmkt_60d_video_v1,96.87,151,5682,37,Remarketing_60dias,Video,8º Lançamento | Leads
4550,2025 | Agosto,Quinta-Feira,Dia útil,Awareness,2025-08-21,topfunnel_lal1_clientes_estatico_v1,115.33,39,6602,,LookALike_Clientes_1,Estático,8º Lançamento | Live
4656,2025 | Agosto,Quinta-Feira,Dia útil,Leads,2025-08-21,topfunnel_broad_tech_video_v1,40.45,30,1887,3,Broad_Tecnologia,Video,8º Lançamento | Leads
4999,2025 | Agosto,Quinta-Feira,Dia útil,Leads,2025-08-21,topfunnel_cargos_tech_video_v1,38.10,32,3550,5,Cargos_Tecnologia,Video,8º Lançamento | Leads
5164,2025 | Agosto,Quinta-Feira,Dia útil,Leads,2025-08-21,topfunnel_interesses_programacao_video_v1,95.83,46,4952,3,Interesses_Programacao,Video,8º Lançamento | Leads
1208,2025 | Agosto,Sexta-Feira,Dia útil,Leads,2025-08-22,topfunnel_broad_tech_video_v2,17.28,11,1391,,Broad_Tecnologia,Video,8º Lançamento | Leads
1441,2025 | Agosto,Sexta-Feira,Dia útil,Awareness,2025-08-22,topfunnel_broad_tech_video_v1,83.04,62,5701,4,Broad_Tecnologia,Video,8º Lançamento | Live
1489,2025 | Agosto,Sexta-Feira,Dia útil,Leads,2025-08-22,topfunnel_broad_tech_video_v2,10.87,4,581,,Broad_Tecnologia,Video,8º Lançamento | Leads
1981,2025 | Agosto,Sexta-Feira,Dia útil,Leads,2025-08-22,topfunnel_lal1_clientes_video_v3,59.96,98,3737,18,LookALike_Clientes_1,Video,8º Lançamento | Leads
1992,2025 | Agosto,Sexta-Feira,Dia útil,Leads,2025-08-22,topfunnel_lal1_clientes_video_v3,39.19,62,4664,8,LookALike_Clientes_1,Video,8º Lançamento | Leads
2256,2025 | Agosto,Sexta-Feira,Dia útil,Leads,2025-08-22,midfunnel_rmkt_60d_video_v1,0.00,,0,,Remarketing_60dias,Video,8º Lançamento | Vendas
2316,2025 | Agosto,Sexta-Feira,Dia útil,Leads,2025-08-22,midfunnel_rmkt_60d_video_v2,0.00,,0,,Remarketing_60dias,Video,8º Lançamento | Vendas
2730,2025 | Agosto,Sexta-Feira,Dia útil,Leads,2025-08-22,topfunnel_interesses_cloud_video_v1,33.51,23,1734,5,Interesses_Cloud,Video,8º Lançamento | Leads
3417,2025 | Agosto,Sexta-Feira,Dia útil,Leads,2025-08-22,topfunnel_interesses_cloud_video_v2,47.46,41,3040,10,Interesses_Cloud,Video,8º Lançamento | Leads
4177,2025 | Agosto,Sexta-Feira,Dia útil,Leads,2025-08-22,midfunnel_rmkt_60d_video_v1,122.89,148,8055,12,Remarketing_60dias,Video,8º Lançamento | Leads
4718,2025 | Agosto,Sexta-Feira,Dia útil,Awareness,2025-08-22,topfunnel_interesses_programacao_estatico_v3,47.10,8,2864,2,Interesses_Programacao,Estático,8º Lançamento | Live
5023,2025 | Agosto,Sexta-Feira,Dia útil,Leads,2025-08-22,topfunnel_interesses_programacao_video_v2,35.40,39,2021,3,Interesses_Programacao,Video,8º Lançamento | Leads
5266,2025 | Agosto,Sexta-Feira,Dia útil,Leads,2025-08-22,topfunnel_cargos_tech_estatico_v1,41.36,31,2644,6,Cargos_Tecnologia,Estático,8º Lançamento | Vendas
5296,2025 | Agosto,Sexta-Feira,Dia útil,Leads,2025-08-22,topfunnel_interesses_programacao_estatico_v2,120.04,141,7585,23,Interesses_Programacao,Estático,8º Lançamento | Leads
5319,2025 | Agosto,Sexta-Feira,Dia útil,Leads,2025-08-22,topfunnel_interesses_cloud_video_v1,0.00,,0,,Interesses_Cloud,Video,8º Lançamento | Vendas
5563,2025 | Agosto,Sexta-Feira,Dia útil,Leads,2025-08-22,topfunnel_broad_tech_video_v2,18.44,27,1928,5,Broad_Tecnologia,Video,8º Lançamento | Leads
5689,2025 | Agosto,Sexta-Feira,Dia útil,Leads,2025-08-22,topfunnel_interesses_cloud_estatico_v1,39.97,37,2117,5,Interesses_Cloud,Estático,8º Lançamento | Leads
5719,2025 | Agosto,Sexta-Feira,Dia útil,Awareness,2025-08-22,topfunnel_interesses_cloud_video_v1,72.07,39,7174,2,Interesses_Cloud,Video,8º Lançamento | Live
5930,2025 | Agosto,Sexta-Feira,Dia útil,Leads,2025-08-22,topfunnel_interesses_cloud_estatico_v2,0.00,,0,,Interesses_Cloud,Estático,8º Lançamento | Leads
1035,2025 | Agosto,Sábado,Final de Semana,Leads,2025-08-23,topfunnel_lal1_clientes_video_v3,0.00,,0,,LookALike_Clientes_1,Video,8º Lançamento | Vendas
1173,2025 | Agosto,Sábado,Final de Semana,Leads,2025-08-23,topfunnel_interesses_cloud_estatico_v2,74.06,206,10139,62,Interesses_Cloud,Estático,8º Lançamento | Leads
1260,2025 | Agosto,Sábado,Final de Semana,Awareness,2025-08-23,topfunnel_interesses_cloud_estatico_v1,49.47,23,3237,1,Interesses_Cloud,Estático,8º Lançamento | Live
1961,2025 | Agosto,Sábado,Final de Semana,Leads,2025-08-23,topfunnel_interesses_programacao_video_v2,71.31,73,3301,4,Interesses_Programacao,Video,8º Lançamento | Vendas
2059,2025 | Agosto,Sábado,Final de Semana,Leads,2025-08-23,topfunnel_interesses_cloud_video_v1,29.45,23,2282,3,Interesses_Cloud,Video,8º Lançamento | Vendas
2317,2025 | Agosto,Sábado,Final de Semana,Leads,2025-08-23,topfunnel_cargos_tech_estatico_v2,11.81,12,615,3,Cargos_Tecnologia,Estático,8º Lançamento | Leads
3478,2025 | Agosto,Sábado,Final de Semana,Leads,2025-08-23,topfunnel_cargos_tech_estatico_v2,38.59,17,2854,4,Cargos_Tecnologia,Estático,8º Lançamento | Leads
4032,2025 | Agosto,Sábado,Final de Semana,Leads,2025-08-23,topfunnel_broad_tech_estatico_v1,0.00,,0,,Broad_Tecnologia,Estático,8º Lançamento | Leads
4153,2025 | Agosto,Sábado,Final de Semana,Leads,2025-08-23,topfunnel_lal1_clientes_video_v3,25.45,33,1829,2,LookALike_Clientes_1,Video,8º Lançamento | Leads
4180,2025 | Agosto,Sábado,Final de Semana,Leads,2025-08-23,topfunnel_interesses_cloud_video_v1,8.44,2,619,,Interesses_Cloud,Video,8º Lançamento | Leads
4625,2025 | Agosto,Sábado,Final de Semana,Leads,2025-08-23,topfunnel_broad_tech_video_v2,60.85,32,3900,8,Broad_Tecnologia,Video,8º Lançamento | Leads
4766,2025 | Agosto,Sábado,Final de Semana,Leads,2025-08-23,topfunnel_interesses_programacao_estatico_v2,52.02,57,3807,17,Interesses_Programacao,Estático,8º Lançamento | Leads
5008,2025 | Agosto,Sábado,Final de Semana,Leads,2025-08-23,topfunnel_interesses_programacao_estatico_v2,27.64,70,5637,12,Interesses_Programacao,Estático,8º Lançamento | Leads
5427,2025 | Agosto,Sábado,Final de Semana,Leads,2025-08-23,topfunnel_interesses_programacao_estatico_v1,126.51,95,7801,20,Interesses_Programacao,Estático,8º Lançamento | Leads
5691,2025 | Agosto,Sábado,Final de Semana,Leads,2025-08-23,topfunnel_cargos_tech_estatico_v3,0.00,,0,,Cargos_Tecnologia,Estático,8º Lançamento | Leads
1227,2025 | Agosto,Domingo,Final de Semana,Leads,2025-08-24,midfunnel_rmkt_60d_estatico_v1,56.98,122,4846,15,Remarketing_60dias,Estático,8º Lançamento | Leads
2380,2025 | Agosto,Domingo,Final de Semana,Leads,2025-08-24,midfunnel_rmkt_60d_video_v2,5.32,2,410,,Remarketing_60dias,Video,8º Lançamento | Leads
2507,2025 | Agosto,Domingo,Final de Semana,Leads,2025-08-24,topfunnel_cargos_tech_estatico_v2,32.97,32,1699,3,Cargos_Tecnologia,Estático,8º Lançamento | Vendas
2570,2025 | Agosto,Domingo,Final de Semana,Leads,2025-08-24,topfunnel_lal1_clientes_video_v1,9.66,7,574,1,LookALike_Clientes_1,Video,8º Lançamento | Leads
2873,2025 | Agosto,Domingo,Final de Semana,Leads,2025-08-24,midfunnel_rmkt_60d_video_v3,25.83,37,5289,7,Remarketing_60dias,Video,8º Lançamento | Leads
3011,2025 | Agosto,Domingo,Final de Semana,Leads,2025-08-24,topfunnel_broad_tech_video_v1,39.02,23,1763,2,Broad_Tecnologia,Video,8º Lançamento | Leads
3097,2025 | Agosto,Domingo,Final de Semana,Leads,2025-08-24,topfunnel_interesses_cloud_video_v1,157.61,131,7561,21,Interesses_Cloud,Video,8º Lançamento | Leads
3113,2025 | Agosto,Domingo,Final de Semana,Leads,2025-08-24,topfunnel_interesses_cloud_video_v2,65.93,71,3828,9,Interesses_Cloud,Video,8º Lançamento | Vendas
3169,2025 | Agosto,Domingo,Final de Semana,Leads,2025-08-24,topfunnel_interesses_cloud_estatico_v1,58.76,16,2788,4,Interesses_Cloud,Estático,8º Lançamento | Leads
3414,2025 | Agosto,Domingo,Final de Semana,Leads,2025-08-24,midfunnel_rmkt_60d_video_v2,31.01,20,2182,5,Remarketing_60dias,Video,8º Lançamento | Vendas
4000,2025 | Agosto,Domingo,Final de Semana,Leads,2025-08-24,midfunnel_rmkt_60d_video_v2,91.66,43,6635,7,Remarketing_60dias,Video,8º Lançamento | Leads
4068,2025 | Agosto,Domingo,Final de Semana,Leads,2025-08-24,topfunnel_broad_tech_video_v2,34.65,36,2293,8,Broad_Tecnologia,Video,8º Lançamento | Leads
4072,2025 | Agosto,Domingo,Final de Semana,Awareness,2025-08-24,topfunnel_broad_tech_estatico_v3,36.65,31,2412,,Broad_Tecnologia,Estático,8º Lançamento | Live
4512,2025 | Agosto,Domingo,Final de Semana,Leads,2025-08-24,topfunnel_cargos_tech_video_v2,53.10,72,2639,12,Cargos_Tecnologia,Video,8º Lançamento | Leads
2318,2025 | Agosto,Segunda-Feira,Dia útil,Leads,2025-08-25,topfunnel_cargos_tech_estatico_v1,73.06,71,4451,10,Cargos_Tecnologia,Estático,8º Lançamento | Vendas
2368,2025 | Agosto,Segunda-Feira,Dia útil,Leads,2025-08-25,topfunnel_interesses_cloud_estatico_v2,22.52,21,1234,4,Interesses_Cloud,Estático,8º Lançamento | Vendas
2606,2025 | Agosto,Segunda-Feira,Dia útil,Leads,2025-08-25,topfunnel_broad_tech_video_v1,41.83,72,3275,3,Broad_Tecnologia,Video,8º Lançamento | Leads
3222,2025 | Agosto,Segunda-Feira,Dia útil,Leads,2025-08-25,topfunnel_broad_tech_video_v2,175.40,76,12062,8,Broad_Tecnologia,Video,8º Lançamento | Vendas
3537,2025 | Agosto,Segunda-Feira,Dia útil,Leads,2025-08-25,midfunnel_rmkt_60d_video_v1,12.49,11,942,1,Remarketing_60dias,Video,8º Lançamento | Vendas
3858,2025 | Agosto,Segunda-Feira,Dia útil,Leads,2025-08-25,topfunnel_interesses_programacao_estatico_v1,72.25,157,7618,8,Interesses_Programacao,Estático,8º Lançamento | Leads
4795,2025 | Agosto,Segunda-Feira,Dia útil,Leads,2025-08-25,topfunnel_lal1_clientes_estatico_v1,47.14,60,3421,12,LookALike_Clientes_1,Estático,8º Lançamento | Leads
5241,2025 | Agosto,Segunda-Feira,Dia útil,Leads,2025-08-25,topfunnel_broad_tech_video_v1,1.60,1,88,,Broad_Tecnologia,Video,8º Lançamento | Leads
5606,2025 | Agosto,Segunda-Feira,Dia útil,Leads,2025-08-25,topfunnel_interesses_cloud_estatico_v2,33.52,30,1952,2,Interesses_Cloud,Estático,8º Lançamento | Leads
5642,2025 | Agosto,Segunda-Feira,Dia útil,Leads,2025-08-25,topfunnel_broad_tech_estatico_v1,2.14,,156,,Broad_Tecnologia,Estático,8º Lançamento | Leads
5962,2025 | Agosto,Segunda-Feira,Dia útil,Leads,2025-08-25,midfunnel_rmkt_60d_estatico_v3,0.00,,0,,Remarketing_60dias,Estático,8º Lançamento | Leads
1079,2025 | Agosto,Terça-Feira,Dia útil,Leads,2025-08-26,topfunnel_interesses_cloud_video_v3,61.47,98,5448,18,Interesses_Cloud,Video,8º Lançamento | Vendas
1778,2025 | Agosto,Terça-Feira,Dia útil,Leads,2025-08-26,topfunnel_interesses_programacao_estatico_v1,28.97,38,2394,7,Interesses_Programacao,Estático,8º Lançamento | Leads
1780,2025 | Agosto,Terça-Feira,Dia útil,Leads,2025-08-26,topfunnel_cargos_tech_video_v2,0.00,,0,,Cargos_Tecnologia,Video,8º Lançamento | Leads
2046,2025 | Agosto,Terça-Feira,Dia útil,Leads,2025-08-26,topfunnel_interesses_programacao_video_v3,27.73,23,1522,2,Interesses_Programacao,Video,8º Lançamento | Leads
2183,2025 | Agosto,Terça-Feira,Dia útil,Leads,2025-08-26,topfunnel_cargos_tech_video_v3,26.89,46,1720,8,Cargos_Tecnologia,Video,8º Lançamento | Leads
2690,2025 | Agosto,Terça-Feira,Dia útil,Leads,2025-08-26,topfunnel_broad_tech_estatico_v1,10.76,12,747,,Broad_Tecnologia,Estático,8º Lançamento | Leads
2899,2025 | Agosto,Terça-Feira,Dia útil,Leads,2025-08-26,topfunnel_interesses_cloud_estatico_v1,30.47,59,2408,14,Interesses_Cloud,Estático,8º Lançamento | Leads
3043,2025 | Agosto,Terça-Feira,Dia útil,Leads,2025-08-26,topfunnel_lal1_clientes_video_v2,90.15,112,4825,25,LookALike_Clientes_1,Video,8º Lançamento | Leads
3166,2025 | Agosto,Terça-Feira,Dia útil,Leads,2025-08-26,topfunnel_interesses_cloud_estatico_v3,34.47,21,2234,2,Interesses_Cloud,Estático,8º Lançamento | Leads
4011,2025 | Agosto,Terça-Feira,Dia útil,Leads,2025-08-26,topfunnel_cargos_tech_estatico_v3,18.68,83,4011,20,Cargos_Tecnologia,Estático,8º Lançamento | Vendas
4070,2025 | Agosto,Terça-Feira,Dia útil,Leads,2025-08-26,topfunnel_interesses_programacao_video_v3,10.31,,432,,Interesses_Programacao,Video,8º Lançamento | Leads
4336,2025 | Agosto,Terça-Feira,Dia útil,Leads,2025-08-26,topfunnel_interesses_programacao_video_v2,9.00,8,537,,Interesses_Programacao,Video,8º Lançamento | Leads
4378,2025 | Agosto,Terça-Feira,Dia útil,Leads,2025-08-26,topfunnel_interesses_programacao_estatico_v2,3.49,1,363,,Interesses_Programacao,Estático,8º Lançamento | Leads
4932,2025 | Agosto,Terça-Feira,Dia útil,Leads,2025-08-26,midfunnel_rmkt_60d_video_v1,28.52,48,2151,12,Remarketing_60dias,Video,8º Lançamento | Leads
4976,2025 | Agosto,Terça-Feira,Dia útil,Leads,2025-08-26,topfunnel_interesses_programacao_estatico_v3,14.97,21,1276,,Interesses_Programacao,Estático,8º Lançamento | Leads
5873,2025 | Agosto,Terça-Feira,Dia útil,Leads,2025-08-26,midfunnel_rmkt_60d_video_v2,23.88,57,2172,16,Remarketing_60dias,Video,8º Lançamento | Leads
1142,2025 | Agosto,Quarta-Feira,Dia útil,Leads,2025-08-27,topfunnel_lal1_clientes_estatico_v3,121.68,173,9073,44,LookALike_Clientes_1,Estático,8º Lançamento | Leads
1590,2025 | Agosto,Quarta-Feira,Dia útil,Awareness,2025-08-27,midfunnel_rmkt_60d_video_v2,24.21,60,2853,6,Remarketing_60dias,Video,8º Lançamento | Live
2340,2025 | Agosto,Quarta-Feira,Dia útil,Leads,2025-08-27,topfunnel_interesses_cloud_video_v2,59.79,43,4200,3,Interesses_Cloud,Video,8º Lançamento | Leads
4722,2025 | Agosto,Quarta-Feira,Dia útil,Leads,2025-08-27,midfunnel_rmkt_60d_video_v3,19.39,23,1324,5,Remarketing_60dias,Video,8º Lançamento | Leads
4809,2025 | Agosto,Quarta-Feira,Dia útil,Leads,2025-08-27,topfunnel_cargos_tech_estatico_v1,43.25,113,6466,18,Cargos_Tecnologia,Estático,8º Lançamento | Vendas
4965,2025 | Agosto,Quarta-Feira,Dia útil,Leads,2025-08-27,topfunnel_lal1_clientes_video_v1,3.04,1,262,,LookALike_Clientes_1,Video,8º Lançamento | Leads
5250,2025 | Agosto,Quarta-Feira,Dia útil,Leads,2025-08-27,topfunnel_interesses_cloud_estatico_v1,29.66,38,2200,5,Interesses_Cloud,Estático,8º Lançamento | Vendas
5899,2025 | Agosto,Quarta-Feira,Dia útil,Awareness,2025-08-27,midfunnel_rmkt_60d_estatico_v2,9.28,14,1157,2,Remarketing_60dias,Estático,8º Lançamento | Live
5929,2025 | Agosto,Quarta-Feira,Dia útil,Awareness,2025-08-27,topfunnel_broad_tech_estatico_v1,7.69,3,555,,Broad_Tecnologia,Estático,8º Lançamento | Live
2395,2025 | Agosto,Quinta-Feira,Dia útil,Leads,2025-08-28,midfunnel_rmkt_60d_video_v1,7.43,5,640,,Remarketing_60dias,Video,8º Lançamento | Leads
3100,2025 | Agosto,Quinta-Feira,Dia útil,Leads,2025-08-28,topfunnel_interesses_cloud_estatico_v1,0.00,,0,,Interesses_Cloud,Estático,8º Lançamento | Leads
3512,2025 | Agosto,Quinta-Feira,Dia útil,Awareness,2025-08-28,topfunnel_interesses_programacao_video_v1,11.70,8,801,,Interesses_Programacao,Video,8º Lançamento | Live
3762,2025 | Agosto,Quinta-Feira,Dia útil,Leads,2025-08-28,topfunnel_cargos_tech_estatico_v2,45.46,22,2681,2,Cargos_Tecnologia,Estático,8º Lançamento | Leads
4446,2025 | Agosto,Quinta-Feira,Dia útil,Leads,2025-08-28,topfunnel_cargos_tech_estatico_v2,45.91,59,2947,8,Cargos_Tecnologia,Estático,8º Lançamento | Leads
4522,2025 | Agosto,Quinta-Feira,Dia útil,Leads,2025-08-28,topfunnel_lal1_clientes_video_v1,13.66,14,831,,LookALike_Clientes_1,Video,8º Lançamento | Leads
4847,2025 | Agosto,Quinta-Feira,Dia útil,Leads,2025-08-28,topfunnel_lal1_clientes_estatico_v3,30.92,26,2499,3,LookALike_Clientes_1,Estático,8º Lançamento | Leads
5079,2025 | Agosto,Quinta-Feira,Dia útil,Leads,2025-08-28,midfunnel_rmkt_60d_video_v3,11.23,12,903,1,Remarketing_60dias,Video,8º Lançamento | Leads
5107,2025 | Agosto,Quinta-Feira,Dia útil,Leads,2025-08-28,topfunnel_interesses_cloud_estatico_v2,10.12,5,572,1,Interesses_Cloud,Estático,8º Lançamento | Vendas
5270,2025 | Agosto,Quinta-Feira,Dia útil,Leads,2025-08-28,topfunnel_interesses_cloud_estatico_v1,0.00,,0,,Interesses_Cloud,Estático,8º Lançamento | Leads
5443,2025 | Agosto,Quinta-Feira,Dia útil,Leads,2025-08-28,topfunnel_broad_tech_video_v1,0.00,,0,,Broad_Tecnologia,Video,8º Lançamento | Leads
5871,2025 | Agosto,Quinta-Feira,Dia útil,Leads,2025-08-28,topfunnel_broad_tech_video_v2,112.74,67,11291,6,Broad_Tecnologia,Video,8º Lançamento | Vendas
1059,2025 | Agosto,Sexta-Feira,Dia útil,Leads,2025-08-29,topfunnel_interesses_cloud_estatico_v2,75.10,36,6559,2,Interesses_Cloud,Estático,8º Lançamento | Leads
1272,2025 | Agosto,Sexta-Feira,Dia útil,Awareness,2025-08-29,topfunnel_lal1_clientes_estatico_v1,17.03,29,2117,2,LookALike_Clientes_1,Estático,8º Lançamento | Live
1359,2025 | Agosto,Sexta-Feira,Dia útil,Leads,2025-08-29,midfunnel_rmkt_60d_video_v2,21.65,20,1413,7,Remarketing_60dias,Video,8º Lançamento | Leads
1421,2025 | Agosto,Sexta-Feira,Dia útil,Leads,2025-08-29,topfunnel_broad_tech_video_v3,140.56,106,9139,16,Broad_Tecnologia,Video,8º Lançamento | Leads
1911,2025 | Agosto,Sexta-Feira,Dia útil,Awareness,2025-08-29,topfunnel_cargos_tech_video_v1,28.81,22,2742,2,Cargos_Tecnologia,Video,8º Lançamento | Live
1942,2025 | Agosto,Sexta-Feira,Dia útil,Leads,2025-08-29,midfunnel_rmkt_60d_estatico_v1,23.16,15,1016,1,Remarketing_60dias,Estático,8º Lançamento | Vendas
2079,2025 | Agosto,Sexta-Feira,Dia útil,Leads,2025-08-29,topfunnel_lal1_clientes_estatico_v2,38.78,33,2138,7,LookALike_Clientes_1,Estático,8º Lançamento | Leads
2229,2025 | Agosto,Sexta-Feira,Dia útil,Awareness,2025-08-29,midfunnel_rmkt_60d_estatico_v2,15.52,16,1235,,Remarketing_60dias,Estático,8º Lançamento | Live
2892,2025 | Agosto,Sexta-Feira,Dia útil,Leads,2025-08-29,topfunnel_cargos_tech_video_v1,17.37,9,966,1,Cargos_Tecnologia,Video,8º Lançamento | Leads
3046,2025 | Agosto,Sexta-Feira,Dia útil,Leads,2025-08-29,midfunnel_rmkt_60d_estatico_v1,10.31,12,914,2,Remarketing_60dias,Estático,8º Lançamento | Leads
3084,2025 | Agosto,Sexta-Feira,Dia útil,Leads,2025-08-29,midfunnel_rmkt_60d_estatico_v2,126.33,199,8716,66,Remarketing_60dias,Estático,8º Lançamento | Leads
3089,2025 | Agosto,Sexta-Feira,Dia útil,Leads,2025-08-29,topfunnel_broad_tech_video_v1,8.98,9,1049,,Broad_Tecnologia,Video,8º Lançamento | Vendas
3159,2025 | Agosto,Sexta-Feira,Dia útil,Leads,2025-08-29,topfunnel_cargos_tech_estatico_v3,23.64,27,1254,1,Cargos_Tecnologia,Estático,8º Lançamento | Leads
3541,2025 | Agosto,Sexta-Feira,Dia útil,Leads,2025-08-29,topfunnel_interesses_cloud_video_v2,14.48,14,851,2,Interesses_Cloud,Video,8º Lançamento | Leads
3608,2025 | Agosto,Sexta-Feira,Dia útil,Leads,2025-08-29,topfunnel_broad_tech_video_v2,4.52,6,364,1,Broad_Tecnologia,Video,8º Lançamento | Leads
4704,2025 | Agosto,Sexta-Feira,Dia útil,Leads,2025-08-29,topfunnel_interesses_programacao_video_v2,0.00,,0,,Interesses_Programacao,Video,8º Lançamento | Leads
5208,2025 | Agosto,Sexta-Feira,Dia útil,Leads,2025-08-29,topfunnel_broad_tech_estatico_v1,62.95,89,5028,12,Broad_Tecnologia,Estático,8º Lançamento | Vendas
5396,2025 | Agosto,Sexta-Feira,Dia útil,Leads,2025-08-29,topfunnel_broad_tech_video_v1,13.82,8,513,,Broad_Tecnologia,Video,8º Lançamento | Leads
5845,2025 | Agosto,Sexta-Feira,Dia útil,Leads,2025-08-29,topfunnel_lal1_clientes_video_v3,33.51,45,1706,7,LookALike_Clientes_1,Video,8º Lançamento | Leads
1547,2025 | Agosto,Sábado,Final de Semana,Leads,2025-08-30,topfunnel_interesses_programacao_video_v3,52.48,89,5343,12,Interesses_Programacao,Video,8º Lançamento | Leads
1748,2025 | Agosto,Sábado,Final de Semana,Awareness,2025-08-30,topfunnel_lal1_clientes_estatico_v2,7.83,5,803,,LookALike_Clientes_1,Estático,8º Lançamento | Live
2028,2025 | Agosto,Sábado,Final de Semana,Awareness,2025-08-30,topfunnel_broad_tech_estatico_v2,108.33,69,13073,2,Broad_Tecnologia,Estático,8º Lançamento | Live
2053,2025 | Agosto,Sábado,Final de Semana,Leads,2025-08-30,topfunnel_broad_tech_estatico_v1,39.51,25,3111,2,Broad_Tecnologia,Estático,8º Lançamento | Leads
2274,2025 | Agosto,Sábado,Final de Semana,Leads,2025-08-30,topfunnel_cargos_tech_estatico_v3,58.86,44,4036,5,Cargos_Tecnologia,Estático,8º Lançamento | Vendas
2946,2025 | Agosto,Sábado,Final de Semana,Leads,2025-08-30,midfunnel_rmkt_60d_video_v1,44.79,48,3676,12,Remarketing_60dias,Video,8º Lançamento | Leads
3657,2025 | Agosto,Sábado,Final de Semana,Leads,2025-08-30,topfunnel_lal1_clientes_video_v1,37.31,21,1950,8,LookALike_Clientes_1,Video,8º Lançamento | Leads
4191,2025 | Agosto,Sábado,Final de Semana,Awareness,2025-08-30,topfunnel_lal1_clientes_video_v1,26.63,9,1815,,LookALike_Clientes_1,Video,8º Lançamento | Live
4340,2025 | Agosto,Sábado,Final de Semana,Leads,2025-08-30,topfunnel_broad_tech_video_v2,11.25,3,661,,Broad_Tecnologia,Video,8º Lançamento | Leads
4810,2025 | Agosto,Sábado,Final de Semana,Leads,2025-08-30,topfunnel_broad_tech_estatico_v1,101.56,46,6031,9,Broad_Tecnologia,Estático,8º Lançamento | Leads
5192,2025 | Agosto,Sábado,Final de Semana,Leads,2025-08-30,topfunnel_broad_tech_video_v2,106.12,74,5678,8,Broad_Tecnologia,Video,8º Lançamento | Leads
5382,2025 | Agosto,Sábado,Final de Semana,Leads,2025-08-30,topfunnel_broad_tech_estatico_v3,7.65,8,359,1,Broad_Tecnologia,Estático,8º Lançamento | Leads
1457,2025 | Agosto,Domingo,Final de Semana,Leads,2025-08-31,topfunnel_broad_tech_estatico_v3,19.42,6,1201,,Broad_Tecnologia,Estático,8º Lançamento | Leads
1699,2025 | Agosto,Domingo,Final de Semana,Leads,2025-08-31,topfunnel_interesses_cloud_video_v3,50.56,29,3508,2,Interesses_Cloud,Video,8º Lançamento | Leads
1795,2025 | Agosto,Domingo,Final de Semana,Leads,2025-08-31,topfunnel_interesses_programacao_video_v3,31.88,34,2077,6,Interesses_Programacao,Video,8º Lançamento | Leads
1876,2025 | Agosto,Domingo,Final de Semana,Awareness,2025-08-31,topfunnel_lal1_clientes_estatico_v2,49.94,12,2599,1,LookALike_Clientes_1,Estático,8º Lançamento | Live
1989,2025 | Agosto,Domingo,Final de Semana,Leads,2025-08-31,topfunnel_lal1_clientes_estatico_v2,32.85,65,3408,15,LookALike_Clientes_1,Estático,8º Lançamento | Leads
2128,2025 | Agosto,Domingo,Final de Semana,Leads,2025-08-31,topfunnel_interesses_programacao_estatico_v3,44.68,35,2441,6,Interesses_Programacao,Estático,8º Lançamento | Leads
2272,2025 | Agosto,Domingo,Final de Semana,Leads,2025-08-31,midfunnel_rmkt_60d_estatico_v1,45.10,71,2503,18,Remarketing_60dias,Estático,8º Lançamento | Leads
3810,2025 | Agosto,Domingo,Final de Semana,Leads,2025-08-31,midfunnel_rmkt_60d_video_v1,24.44,11,1434,,Remarketing_60dias,Video,8º Lançamento | Leads
3832,2025 | Agosto,Domingo,Final de Semana,Leads,2025-08-31,topfunnel_interesses_programacao_video_v1,21.63,30,1408,3,Interesses_Programacao,Video,8º Lançamento | Leads
4132,2025 | Agosto,Domingo,Final de Semana,Leads,2025-08-31,midfunnel_rmkt_60d_estatico_v3,63.93,87,3618,12,Remarketing_60dias,Estático,8º Lançamento | Leads
4962,2025 | Agosto,Domingo,Final de Semana,Leads,2025-08-31,midfunnel_rmkt_60d_estatico_v2,0.00,,0,,Remarketing_60dias,Estático,8º Lançamento | Leads
5593,2025 | Agosto,Domingo,Final de Semana,Leads,2025-08-31,topfunnel_broad_tech_video_v1,78.42,64,4248,8,Broad_Tecnologia,Video,8º Lançamento | Leads
5791,2025 | Agosto,Domingo,Final de Semana,Leads,2025-08-31,topfunnel_interesses_cloud_estatico_v1,11.28,6,542,,Interesses_Cloud,Estático,8º Lançamento | Leads
1549,2025 | Setembro,Segunda-Feira,Dia útil,Leads,2025-09-01,topfunnel_cargos_tech_video_v1,17.93,28,1499,7,Cargos_Tecnologia,Video,9º Lançamento | Leads
1618,2025 | Setembro,Segunda-Feira,Dia útil,Leads,2025-09-01,midfunnel_rmkt_60d_video_v1,81.02,63,3190,5,Remarketing_60dias,Video,9º Lançamento | Leads
1941,2025 | Setembro,Segunda-Feira,Dia útil,Leads,2025-09-01,midfunnel_rmkt_60d_estatico_v1,93.89,105,4930,25,Remarketing_60dias,Estático,9º Lançamento | Leads
2073,2025 | Setembro,Segunda-Feira,Dia útil,Leads,2025-09-01,topfunnel_cargos_tech_video_v1,25.54,18,1622,3,Cargos_Tecnologia,Video,9º Lançamento | Leads
2248,2025 | Setembro,Segunda-Feira,Dia útil,Leads,2025-09-01,topfunnel_broad_tech_video_v3,16.41,22,1241,,Broad_Tecnologia,Video,9º Lançamento | Vendas
2467,2025 | Setembro,Segunda-Feira,Dia útil,Leads,2025-09-01,midfunnel_rmkt_60d_video_v2,32.05,64,3433,13,Remarketing_60dias,Video,9º Lançamento | Leads
2808,2025 | Setembro,Segunda-Feira,Dia útil,Leads,2025-09-01,topfunnel_interesses_programacao_video_v2,41.27,18,2825,2,Interesses_Programacao,Video,9º Lançamento | Vendas
2823,2025 | Setembro,Segunda-Feira,Dia útil,Awareness,2025-09-01,topfunnel_interesses_programacao_video_v1,29.19,15,2479,3,Interesses_Programacao,Video,9º Lançamento | Live
2945,2025 | Setembro,Segunda-Feira,Dia útil,Leads,2025-09-01,topfunnel_interesses_cloud_video_v1,0.00,,0,,Interesses_Cloud,Video,9º Lançamento | Leads
3760,2025 | Setembro,Segunda-Feira,Dia útil,Leads,2025-09-01,topfunnel_broad_tech_estatico_v3,70.02,103,5863,21,Broad_Tecnologia,Estático,9º Lançamento | Leads
4139,2025 | Setembro,Segunda-Feira,Dia útil,Leads,2025-09-01,topfunnel_cargos_tech_video_v2,22.16,9,1297,1,Cargos_Tecnologia,Video,9º Lançamento | Leads
4821,2025 | Setembro,Segunda-Feira,Dia útil,Leads,2025-09-01,topfunnel_interesses_programacao_video_v2,1.24,,92,,Interesses_Programacao,Video,9º Lançamento | Leads
5102,2025 | Setembro,Segunda-Feira,Dia útil,Leads,2025-09-01,topfunnel_broad_tech_video_v3,0.00,,0,,Broad_Tecnologia,Video,9º Lançamento | Leads
5822,2025 | Setembro,Segunda-Feira,Dia útil,Leads,2025-09-01,topfunnel_lal1_clientes_estatico_v1,30.88,48,3915,4,LookALike_Clientes_1,Estático,9º Lançamento | Leads
1145,2025 | Setembro,Terça-Feira,Dia útil,Leads,2025-09-02,topfunnel_broad_tech_estatico_v3,60.72,55,5457,2,Broad_Tecnologia,Estático,9º Lançamento | Leads
1583,2025 | Setembro,Terça-Feira,Dia útil,Leads,2025-09-02,topfunnel_broad_tech_video_v2,19.11,19,1612,,Broad_Tecnologia,Video,9º Lançamento | Leads
1679,2025 | Setembro,Terça-Feira,Dia útil,Leads,2025-09-02,topfunnel_interesses_cloud_video_v2,4.11,4,302,,Interesses_Cloud,Video,9º Lançamento | Vendas
1705,2025 | Setembro,Terça-Feira,Dia útil,Leads,2025-09-02,topfunnel_interesses_programacao_estatico_v1,22.28,39,1868,8,Interesses_Programacao,Estático,9º Lançamento | Leads
1790,2025 | Setembro,Terça-Feira,Dia útil,Leads,2025-09-02,topfunnel_interesses_programacao_video_v2,76.05,36,4420,2,Interesses_Programacao,Video,9º Lançamento | Leads
1835,2025 | Setembro,Terça-Feira,Dia útil,Awareness,2025-09-02,topfunnel_interesses_programacao_estatico_v2,38.54,30,2669,2,Interesses_Programacao,Estático,9º Lançamento | Live
2105,2025 | Setembro,Terça-Feira,Dia útil,Leads,2025-09-02,topfunnel_broad_tech_video_v1,26.57,30,1751,5,Broad_Tecnologia,Video,9º Lançamento | Leads
2293,2025 | Setembro,Terça-Feira,Dia útil,Leads,2025-09-02,topfunnel_interesses_programacao_video_v2,66.81,66,5539,7,Interesses_Programacao,Video,9º Lançamento | Leads
2295,2025 | Setembro,Terça-Feira,Dia útil,Leads,2025-09-02,topfunnel_lal1_clientes_video_v2,0.00,,0,,LookALike_Clientes_1,Video,9º Lançamento | Leads
3408,2025 | Setembro,Terça-Feira,Dia útil,Leads,2025-09-02,topfunnel_interesses_programacao_video_v1,80.31,31,3949,1,Interesses_Programacao,Video,9º Lançamento | Leads
4462,2025 | Setembro,Terça-Feira,Dia útil,Awareness,2025-09-02,topfunnel_lal1_clientes_estatico_v2,21.50,13,1746,,LookALike_Clientes_1,Estático,9º Lançamento | Live
5608,2025 | Setembro,Terça-Feira,Dia útil,Leads,2025-09-02,topfunnel_lal1_clientes_estatico_v3,45.66,79,3077,6,LookALike_Clientes_1,Estático,9º Lançamento | Leads
5941,2025 | Setembro,Terça-Feira,Dia útil,Awareness,2025-09-02,topfunnel_interesses_cloud_video_v3,0.00,,0,,Interesses_Cloud,Video,9º Lançamento | Live
1013,2025 | Setembro,Quarta-Feira,Dia útil,Leads,2025-09-03,topfunnel_broad_tech_estatico_v2,16.28,15,987,5,Broad_Tecnologia,Estático,9º Lançamento | Leads
1404,2025 | Setembro,Quarta-Feira,Dia útil,Leads,2025-09-03,topfunnel_interesses_programacao_estatico_v1,30.07,31,1471,4,Interesses_Programacao,Estático,9º Lançamento | Leads
2164,2025 | Setembro,Quarta-Feira,Dia útil,Leads,2025-09-03,topfunnel_interesses_cloud_estatico_v2,16.46,3,708,,Interesses_Cloud,Estático,9º Lançamento | Leads
2339,2025 | Setembro,Quarta-Feira,Dia útil,Leads,2025-09-03,topfunnel_interesses_cloud_estatico_v2,6.73,7,315,,Interesses_Cloud,Estático,9º Lançamento | Leads
2681,2025 | Setembro,Quarta-Feira,Dia útil,Leads,2025-09-03,topfunnel_lal1_clientes_estatico_v1,6.56,7,400,1,LookALike_Clientes_1,Estático,9º Lançamento | Leads
2909,2025 | Setembro,Quarta-Feira,Dia útil,Leads,2025-09-03,topfunnel_cargos_tech_estatico_v2,98.73,94,7542,9,Cargos_Tecnologia,Estático,9º Lançamento | Leads
3033,2025 | Setembro,Quarta-Feira,Dia útil,Awareness,2025-09-03,midfunnel_rmkt_60d_estatico_v3,43.56,36,2936,3,Remarketing_60dias,Estático,9º Lançamento | Live
3152,2025 | Setembro,Quarta-Feira,Dia útil,Leads,2025-09-03,topfunnel_interesses_cloud_video_v1,19.96,23,1335,3,Interesses_Cloud,Video,9º Lançamento | Vendas
3871,2025 | Setembro,Quarta-Feira,Dia útil,Leads,2025-09-03,topfunnel_cargos_tech_estatico_v2,50.34,39,3613,4,Cargos_Tecnologia,Estático,9º Lançamento | Leads
3965,2025 | Setembro,Quarta-Feira,Dia útil,Awareness,2025-09-03,topfunnel_lal1_clientes_estatico_v1,56.07,42,5794,5,LookALike_Clientes_1,Estático,9º Lançamento | Live
4403,2025 | Setembro,Quarta-Feira,Dia útil,Leads,2025-09-03,topfunnel_interesses_programacao_video_v1,82.70,190,12963,8,Interesses_Programacao,Video,9º Lançamento | Leads
4938,2025 | Setembro,Quarta-Feira,Dia útil,Leads,2025-09-03,topfunnel_interesses_programacao_video_v1,184.31,211,13610,46,Interesses_Programacao,Video,9º Lançamento | Leads
5287,2025 | Setembro,Quarta-Feira,Dia útil,Leads,2025-09-03,midfunnel_rmkt_60d_video_v1,13.69,13,768,3,Remarketing_60dias,Video,9º Lançamento | Vendas
1146,2025 | Setembro,Quinta-Feira,Dia útil,Leads,2025-09-04,topfunnel_interesses_cloud_video_v3,42.48,79,3277,13,Interesses_Cloud,Video,9º Lançamento | Leads
1845,2025 | Setembro,Quinta-Feira,Dia útil,Leads,2025-09-04,topfunnel_interesses_programacao_video_v1,65.61,91,4139,9,Interesses_Programacao,Video,9º Lançamento | Leads
2004,2025 | Setembro,Quinta-Feira,Dia útil,Awareness,2025-09-04,topfunnel_cargos_tech_video_v3,26.30,13,2076,2,Cargos_Tecnologia,Video,9º Lançamento | Live
2188,2025 | Setembro,Quinta-Feira,Dia útil,Leads,2025-09-04,topfunnel_cargos_tech_estatico_v3,8.72,8,520,,Cargos_Tecnologia,Estático,9º Lançamento | Vendas
2656,2025 | Setembro,Quinta-Feira,Dia útil,Leads,2025-09-04,topfunnel_broad_tech_video_v3,13.81,7,978,1,Broad_Tecnologia,Video,9º Lançamento | Leads
2914,2025 | Setembro,Quinta-Feira,Dia útil,Leads,2025-09-04,topfunnel_lal1_clientes_video_v3,96.25,89,6844,19,LookALike_Clientes_1,Video,9º Lançamento | Leads
3021,2025 | Setembro,Quinta-Feira,Dia útil,Leads,2025-09-04,topfunnel_lal1_clientes_estatico_v1,75.06,26,4700,7,LookALike_Clientes_1,Estático,9º Lançamento | Leads
3352,2025 | Setembro,Quinta-Feira,Dia útil,Leads,2025-09-04,midfunnel_rmkt_60d_video_v2,0.00,,0,,Remarketing_60dias,Video,9º Lançamento | Leads
3488,2025 | Setembro,Quinta-Feira,Dia útil,Awareness,2025-09-04,topfunnel_broad_tech_estatico_v3,92.26,70,5814,5,Broad_Tecnologia,Estático,9º Lançamento | Live
3521,2025 | Setembro,Quinta-Feira,Dia útil,Leads,2025-09-04,topfunnel_broad_tech_estatico_v2,137.81,110,5728,10,Broad_Tecnologia,Estático,9º Lançamento | Vendas
3635,2025 | Setembro,Quinta-Feira,Dia útil,Leads,2025-09-04,topfunnel_interesses_cloud_video_v3,27.27,23,1903,6,Interesses_Cloud,Video,9º Lançamento | Leads
3682,2025 | Setembro,Quinta-Feira,Dia útil,Leads,2025-09-04,topfunnel_lal1_clientes_video_v3,14.52,13,1569,1,LookALike_Clientes_1,Video,9º Lançamento | Leads
4086,2025 | Setembro,Quinta-Feira,Dia útil,Leads,2025-09-04,topfunnel_cargos_tech_estatico_v3,22.36,17,1080,4,Cargos_Tecnologia,Estático,9º Lançamento | Leads
4151,2025 | Setembro,Quinta-Feira,Dia útil,Leads,2025-09-04,topfunnel_interesses_cloud_video_v1,64.69,71,4128,10,Interesses_Cloud,Video,9º Lançamento | Leads
4219,2025 | Setembro,Quinta-Feira,Dia útil,Leads,2025-09-04,topfunnel_interesses_cloud_video_v2,44.17,62,2669,3,Interesses_Cloud,Video,9º Lançamento | Vendas
4238,2025 | Setembro,Quinta-Feira,Dia útil,Leads,2025-09-04,midfunnel_rmkt_60d_video_v1,47.49,60,2579,20,Remarketing_60dias,Video,9º Lançamento | Leads
5025,2025 | Setembro,Quinta-Feira,Dia útil,Awareness,2025-09-04,topfunnel_interesses_cloud_video_v2,9.17,13,596,1,Interesses_Cloud,Video,9º Lançamento | Live
5087,2025 | Setembro,Quinta-Feira,Dia útil,Leads,2025-09-04,topfunnel_broad_tech_video_v1,84.96,81,5046,4,Broad_Tecnologia,Video,9º Lançamento | Vendas
5424,2025 | Setembro,Quinta-Feira,Dia útil,Leads,2025-09-04,topfunnel_broad_tech_estatico_v2,41.89,36,2119,1,Broad_Tecnologia,Estático,9º Lançamento | Leads
5720,2025 | Setembro,Quinta-Feira,Dia útil,Leads,2025-09-04,topfunnel_broad_tech_video_v2,0.00,,0,,Broad_Tecnologia,Video,9º Lançamento | Leads
5856,2025 | Setembro,Quinta-Feira,Dia útil,Leads,2025-09-04,topfunnel_broad_tech_estatico_v1,71.48,25,4696,3,Broad_Tecnologia,Estático,9º Lançamento | Leads
5906,2025 | Setembro,Quinta-Feira,Dia útil,Leads,2025-09-04,topfunnel_broad_tech_estatico_v1,39.09,40,2124,7,Broad_Tecnologia,Estático,9º Lançamento | Leads
1327,2025 | Setembro,Sexta-Feira,Dia útil,Leads,2025-09-05,midfunnel_rmkt_60d_video_v1,5.06,3,229,,Remarketing_60dias,Video,9º Lançamento | Leads
1394,2025 | Setembro,Sexta-Feira,Dia útil,Leads,2025-09-05,topfunnel_interesses_cloud_video_v1,5.49,4,266,,Interesses_Cloud,Video,9º Lançamento | Leads
1396,2025 | Setembro,Sexta-Feira,Dia útil,Leads,2025-09-05,topfunnel_lal1_clientes_video_v2,5.49,3,301,,LookALike_Clientes_1,Video,9º Lançamento | Leads
1872,2025 | Setembro,Sexta-Feira,Dia útil,Leads,2025-09-05,topfunnel_interesses_cloud_video_v1,15.51,10,952,1,Interesses_Cloud,Video,9º Lançamento | Leads
2135,2025 | Setembro,Sexta-Feira,Dia útil,Awareness,2025-09-05,topfunnel_interesses_cloud_estatico_v2,31.65,14,2228,1,Interesses_Cloud,Estático,9º Lançamento | Live
2459,2025 | Setembro,Sexta-Feira,Dia útil,Leads,2025-09-05,midfunnel_rmkt_60d_video_v1,53.49,105,5445,14,Remarketing_60dias,Video,9º Lançamento | Leads
3122,2025 | Setembro,Sexta-Feira,Dia útil,Leads,2025-09-05,midfunnel_rmkt_60d_estatico_v2,51.80,41,2392,7,Remarketing_60dias,Estático,9º Lançamento | Leads
3270,2025 | Setembro,Sexta-Feira,Dia útil,Leads,2025-09-05,topfunnel_interesses_cloud_estatico_v1,60.04,64,4202,11,Interesses_Cloud,Estático,9º Lançamento | Leads
3507,2025 | Setembro,Sexta-Feira,Dia útil,Leads,2025-09-05,topfunnel_interesses_cloud_estatico_v1,25.68,32,1638,7,Interesses_Cloud,Estático,9º Lançamento | Leads
3696,2025 | Setembro,Sexta-Feira,Dia útil,Leads,2025-09-05,topfunnel_broad_tech_estatico_v1,24.93,24,1475,3,Broad_Tecnologia,Estático,9º Lançamento | Leads
3843,2025 | Setembro,Sexta-Feira,Dia útil,Leads,2025-09-05,midfunnel_rmkt_60d_estatico_v1,21.28,8,1133,,Remarketing_60dias,Estático,9º Lançamento | Vendas
4087,2025 | Setembro,Sexta-Feira,Dia útil,Leads,2025-09-05,topfunnel_broad_tech_video_v1,28.44,17,1348,2,Broad_Tecnologia,Video,9º Lançamento | Vendas
5351,2025 | Setembro,Sexta-Feira,Dia útil,Leads,2025-09-05,midfunnel_rmkt_60d_video_v1,53.41,30,2690,8,Remarketing_60dias,Video,9º Lançamento | Leads
5561,2025 | Setembro,Sexta-Feira,Dia útil,Leads,2025-09-05,topfunnel_lal1_clientes_video_v1,41.44,15,2289,1,LookALike_Clientes_1,Video,9º Lançamento | Leads
5601,2025 | Setembro,Sexta-Feira,Dia útil,Leads,2025-09-05,topfunnel_broad_tech_estatico_v1,51.39,68,3395,14,Broad_Tecnologia,Estático,9º Lançamento | Leads
2166,2025 | Setembro,Sábado,Final de Semana,Leads,2025-09-06,midfunnel_rmkt_60d_video_v1,20.74,24,1160,5,Remarketing_60dias,Video,9º Lançamento | Vendas
2564,2025 | Setembro,Sábado,Final de Semana,Leads,2025-09-06,topfunnel_interesses_cloud_video_v1,32.87,40,2347,2,Interesses_Cloud,Video,9º Lançamento | Leads
2867,2025 | Setembro,Sábado,Final de Semana,Awareness,2025-09-06,topfunnel_broad_tech_estatico_v2,8.46,8,693,,Broad_Tecnologia,Estático,9º Lançamento | Live
3357,2025 | Setembro,Sábado,Final de Semana,Leads,2025-09-06,topfunnel_broad_tech_video_v1,100.55,31,4122,8,Broad_Tecnologia,Video,9º Lançamento | Vendas
3672,2025 | Setembro,Sábado,Final de Semana,Awareness,2025-09-06,midfunnel_rmkt_60d_estatico_v1,33.85,40,3807,1,Remarketing_60dias,Estático,9º Lançamento | Live
4174,2025 | Setembro,Sábado,Final de Semana,Leads,2025-09-06,topfunnel_interesses_cloud_video_v1,8.73,13,671,,Interesses_Cloud,Video,9º Lançamento | Vendas
4254,2025 | Setembro,Sábado,Final de Semana,Leads,2025-09-06,topfunnel_interesses_cloud_video_v2,0.00,,0,,Interesses_Cloud,Video,9º Lançamento | Leads
4529,2025 | Setembro,Sábado,Final de Semana,Leads,2025-09-06,topfunnel_lal1_clientes_estatico_v1,9.02,26,1360,4,LookALike_Clientes_1,Estático,9º Lançamento | Leads
4933,2025 | Setembro,Sábado,Final de Semana,Leads,2025-09-06,topfunnel_lal1_clientes_estatico_v1,71.66,46,3726,7,LookALike_Clientes_1,Estático,9º Lançamento | Leads
5520,2025 | Setembro,Sábado,Final de Semana,Leads,2025-09-06,topfunnel_interesses_programacao_video_v1,23.12,39,1620,5,Interesses_Programacao,Video,9º Lançamento | Leads
5826,2025 | Setembro,Sábado,Final de Semana,Leads,2025-09-06,midfunnel_rmkt_60d_video_v2,70.98,241,13135,43,Remarketing_60dias,Video,9º Lançamento | Leads
5953,2025 | Setembro,Sábado,Final de Semana,Awareness,2025-09-06,topfunnel_interesses_programacao_estatico_v1,22.32,23,1380,1,Interesses_Programacao,Estático,9º Lançamento | Live
1053,2025 | Setembro,Domingo,Final de Semana,Awareness,2025-09-07,topfunnel_interesses_programacao_video_v2,37.02,13,2913,2,Interesses_Programacao,Video,9º Lançamento | Live
2277,2025 | Setembro,Domingo,Final de Semana,Leads,2025-09-07,topfunnel_interesses_cloud_video_v3,40.62,119,4703,20,Interesses_Cloud,Video,9º Lançamento | Leads
3058,2025 | Setembro,Domingo,Final de Semana,Leads,2025-09-07,topfunnel_broad_tech_estatico_v2,48.66,23,2591,4,Broad_Tecnologia,Estático,9º Lançamento | Leads
3310,2025 | Setembro,Domingo,Final de Semana,Leads,2025-09-07,topfunnel_interesses_cloud_estatico_v3,17.40,9,908,,Interesses_Cloud,Estático,9º Lançamento | Leads
3609,2025 | Setembro,Domingo,Final de Semana,Leads,2025-09-07,topfunnel_interesses_cloud_estatico_v1,17.27,18,1362,,Interesses_Cloud,Estático,9º Lançamento | Leads
3847,2025 | Setembro,Domingo,Final de Semana,Leads,2025-09-07,midfunnel_rmkt_60d_video_v2,27.23,20,1567,4,Remarketing_60dias,Video,9º Lançamento | Leads
4049,2025 | Setembro,Domingo,Final de Semana,Leads,2025-09-07,topfunnel_interesses_cloud_video_v1,25.39,18,1667,2,Interesses_Cloud,Video,9º Lançamento | Leads
4271,2025 | Setembro,Domingo,Final de Semana,Leads,2025-09-07,topfunnel_cargos_tech_estatico_v2,35.33,34,2046,8,Cargos_Tecnologia,Estático,9º Lançamento | Leads
4350,2025 | Setembro,Domingo,Final de Semana,Leads,2025-09-07,topfunnel_interesses_cloud_estatico_v3,47.18,49,2418,12,Interesses_Cloud,Estático,9º Lançamento | Leads
4517,2025 | Setembro,Domingo,Final de Semana,Leads,2025-09-07,topfunnel_lal1_clientes_estatico_v2,78.48,55,6964,17,LookALike_Clientes_1,Estático,9º Lançamento | Leads
4633,2025 | Setembro,Domingo,Final de Semana,Leads,2025-09-07,topfunnel_cargos_tech_video_v3,33.05,42,2171,3,Cargos_Tecnologia,Video,9º Lançamento | Leads
4844,2025 | Setembro,Domingo,Final de Semana,Leads,2025-09-07,topfunnel_lal1_clientes_video_v1,0.00,,0,,LookALike_Clientes_1,Video,9º Lançamento | Leads
5124,2025 | Setembro,Domingo,Final de Semana,Leads,2025-09-07,topfunnel_broad_tech_estatico_v3,14.70,12,940,2,Broad_Tecnologia,Estático,9º Lançamento | Leads
1001,2025 | Setembro,Segunda-Feira,Dia útil,Leads,2025-09-08,midfunnel_rmkt_60d_video_v3,83.29,103,5406,14,Remarketing_60dias,Video,9º Lançamento | Leads
1124,2025 | Setembro,Segunda-Feira,Dia útil,Leads,2025-09-08,midfunnel_rmkt_60d_video_v3,15.79,28,1264,8,Remarketing_60dias,Video,9º Lançamento | Leads
2513,2025 | Setembro,Segunda-Feira,Dia útil,Leads,2025-09-08,topfunnel_cargos_tech_video_v2,7.85,12,584,1,Cargos_Tecnologia,Video,9º Lançamento | Leads
3703,2025 | Setembro,Segunda-Feira,Dia útil,Awareness,2025-09-08,topfunnel_cargos_tech_video_v2,1.85,1,107,,Cargos_Tecnologia,Video,9º Lançamento | Live
5310,2025 | Setembro,Segunda-Feira,Dia útil,Leads,2025-09-08,topfunnel_interesses_cloud_video_v3,91.71,216,20226,36,Interesses_Cloud,Video,9º Lançamento | Leads
5512,2025 | Setembro,Segunda-Feira,Dia útil,Leads,2025-09-08,topfunnel_interesses_cloud_video_v2,45.49,216,8746,29,Interesses_Cloud,Video,9º Lançamento | Leads
5782,2025 | Setembro,Segunda-Feira,Dia útil,Leads,2025-09-08,midfunnel_rmkt_60d_video_v1,15.57,15,890,2,Remarketing_60dias,Video,9º Lançamento | Leads
1836,2025 | Setembro,Terça-Feira,Dia útil,Awareness,2025-09-09,topfunnel_broad_tech_video_v1,66.81,23,4642,1,Broad_Tecnologia,Video,9º Lançamento | Live
2351,2025 | Setembro,Terça-Feira,Dia útil,Leads,2025-09-09,midfunnel_rmkt_60d_estatico_v3,81.39,29,4467,5,Remarketing_60dias,Estático,9º Lançamento | Leads
2416,2025 | Setembro,Terça-Feira,Dia útil,Leads,2025-09-09,topfunnel_broad_tech_video_v2,13.40,14,753,1,Broad_Tecnologia,Video,9º Lançamento | Leads
2745,2025 | Setembro,Terça-Feira,Dia útil,Leads,2025-09-09,midfunnel_rmkt_60d_estatico_v1,27.55,24,1993,5,Remarketing_60dias,Estático,9º Lançamento | Vendas
3074,2025 | Setembro,Terça-Feira,Dia útil,Leads,2025-09-09,topfunnel_broad_tech_video_v1,17.13,27,1061,2,Broad_Tecnologia,Video,9º Lançamento | Leads
3311,2025 | Setembro,Terça-Feira,Dia útil,Leads,2025-09-09,topfunnel_lal1_clientes_video_v1,0.00,,0,,LookALike_Clientes_1,Video,9º Lançamento | Leads
3334,2025 | Setembro,Terça-Feira,Dia útil,Awareness,2025-09-09,topfunnel_cargos_tech_estatico_v1,15.02,6,952,,Cargos_Tecnologia,Estático,9º Lançamento | Live
3562,2025 | Setembro,Terça-Feira,Dia útil,Leads,2025-09-09,topfunnel_interesses_programacao_estatico_v2,14.35,4,1246,,Interesses_Programacao,Estático,9º Lançamento | Leads
3769,2025 | Setembro,Terça-Feira,Dia útil,Leads,2025-09-09,topfunnel_broad_tech_video_v2,41.19,37,6103,4,Broad_Tecnologia,Video,9º Lançamento | Vendas
3945,2025 | Setembro,Terça-Feira,Dia útil,Leads,2025-09-09,topfunnel_interesses_programacao_estatico_v1,21.48,21,1806,2,Interesses_Programacao,Estático,9º Lançamento | Leads
4449,2025 | Setembro,Terça-Feira,Dia útil,Leads,2025-09-09,topfunnel_interesses_cloud_estatico_v2,30.30,32,1666,7,Interesses_Cloud,Estático,9º Lançamento | Leads
4982,2025 | Setembro,Terça-Feira,Dia útil,Leads,2025-09-09,topfunnel_broad_tech_video_v1,52.80,54,2313,10,Broad_Tecnologia,Video,9º Lançamento | Leads
5011,2025 | Setembro,Terça-Feira,Dia útil,Leads,2025-09-09,midfunnel_rmkt_60d_estatico_v1,2.93,2,140,,Remarketing_60dias,Estático,9º Lançamento | Leads
5033,2025 | Setembro,Terça-Feira,Dia útil,Leads,2025-09-09,topfunnel_broad_tech_video_v2,0.17,,10,,Broad_Tecnologia,Video,9º Lançamento | Leads
5302,2025 | Setembro,Terça-Feira,Dia útil,Awareness,2025-09-09,topfunnel_lal1_clientes_video_v2,13.51,25,1201,2,LookALike_Clientes_1,Video,9º Lançamento | Live
5660,2025 | Setembro,Terça-Feira,Dia útil,Leads,2025-09-09,topfunnel_lal1_clientes_estatico_v2,58.76,13,2774,3,LookALike_Clientes_1,Estático,9º Lançamento | Vendas
5946,2025 | Setembro,Terça-Feira,Dia útil,Awareness,2025-09-09,topfunnel_broad_tech_estatico_v2,60.10,173,11736,13,Broad_Tecnologia,Estático,9º Lançamento | Live
1273,2025 | Setembro,Quarta-Feira,Dia útil,Leads,2025-09-10,topfunnel_cargos_tech_video_v2,105.87,164,7503,18,Cargos_Tecnologia,Video,9º Lançamento | Leads
1335,2025 | Setembro,Quarta-Feira,Dia útil,Leads,2025-09-10,topfunnel_broad_tech_estatico_v3,110.36,127,7068,15,Broad_Tecnologia,Estático,9º Lançamento | Leads
1742,2025 | Setembro,Quarta-Feira,Dia útil,Leads,2025-09-10,topfunnel_cargos_tech_estatico_v2,63.29,27,4695,3,Cargos_Tecnologia,Estático,9º Lançamento | Leads
2138,2025 | Setembro,Quarta-Feira,Dia útil,Leads,2025-09-10,topfunnel_interesses_programacao_estatico_v2,15.94,11,862,1,Interesses_Programacao,Estático,9º Lançamento | Leads
2427,2025 | Setembro,Quarta-Feira,Dia útil,Awareness,2025-09-10,topfunnel_interesses_cloud_estatico_v1,3.80,2,245,,Interesses_Cloud,Estático,9º Lançamento | Live
2868,2025 | Setembro,Quarta-Feira,Dia útil,Leads,2025-09-10,topfunnel_cargos_tech_estatico_v2,7.47,3,360,1,Cargos_Tecnologia,Estático,9º Lançamento | Leads
2968,2025 | Setembro,Quarta-Feira,Dia útil,Leads,2025-09-10,topfunnel_lal1_clientes_video_v2,13.05,10,697,2,LookALike_Clientes_1,Video,9º Lançamento | Leads
3182,2025 | Setembro,Quarta-Feira,Dia útil,Leads,2025-09-10,topfunnel_lal1_clientes_estatico_v1,79.26,40,3552,2,LookALike_Clientes_1,Estático,9º Lançamento | Leads
3382,2025 | Setembro,Quarta-Feira,Dia útil,Awareness,2025-09-10,topfunnel_broad_tech_estatico_v1,35.08,19,3297,2,Broad_Tecnologia,Estático,9º Lançamento | Live
3738,2025 | Setembro,Quarta-Feira,Dia útil,Leads,2025-09-10,topfunnel_interesses_programacao_video_v2,0.86,,153,,Interesses_Programacao,Video,9º Lançamento | Leads
4614,2025 | Setembro,Quarta-Feira,Dia útil,Leads,2025-09-10,topfunnel_cargos_tech_video_v1,93.83,106,4662,20,Cargos_Tecnologia,Video,9º Lançamento | Leads
4696,2025 | Setembro,Quarta-Feira,Dia útil,Leads,2025-09-10,topfunnel_broad_tech_video_v2,76.22,30,6012,4,Broad_Tecnologia,Video,9º Lançamento | Leads
4892,2025 | Setembro,Quarta-Feira,Dia útil,Awareness,2025-09-10,topfunnel_cargos_tech_video_v2,7.40,6,405,,Cargos_Tecnologia,Video,9º Lançamento | Live
4995,2025 | Setembro,Quarta-Feira,Dia útil,Leads,2025-09-10,midfunnel_rmkt_60d_estatico_v3,43.23,26,2743,6,Remarketing_60dias,Estático,9º Lançamento | Leads
5314,2025 | Setembro,Quarta-Feira,Dia útil,Leads,2025-09-10,midfunnel_rmkt_60d_video_v3,20.17,18,876,3,Remarketing_60dias,Video,9º Lançamento | Leads
5542,2025 | Setembro,Quarta-Feira,Dia útil,Leads,2025-09-10,topfunnel_cargos_tech_video_v1,0.00,,0,,Cargos_Tecnologia,Video,9º Lançamento | Vendas
5907,2025 | Setembro,Quarta-Feira,Dia útil,Leads,2025-09-10,topfunnel_lal1_clientes_video_v1,107.27,195,7062,53,LookALike_Clientes_1,Video,9º Lançamento | Leads
6000,2025 | Setembro,Quarta-Feira,Dia útil,Awareness,2025-09-10,topfunnel_interesses_programacao_video_v2,79.02,78,5824,2,Interesses_Programacao,Video,9º Lançamento | Live
1207,2025 | Setembro,Quinta-Feira,Dia útil,Leads,2025-09-11,topfunnel_lal1_clientes_video_v2,8.24,7,422,,LookALike_Clientes_1,Video,9º Lançamento | Leads
2144,2025 | Setembro,Quinta-Feira,Dia útil,Leads,2025-09-11,topfunnel_broad_tech_estatico_v2,130.17,131,7111,7,Broad_Tecnologia,Estático,9º Lançamento | Vendas
2874,2025 | Setembro,Quinta-Feira,Dia útil,Awareness,2025-09-11,topfunnel_interesses_cloud_video_v3,27.50,12,1243,1,Interesses_Cloud,Video,9º Lançamento | Live
3718,2025 | Setembro,Quinta-Feira,Dia útil,Leads,2025-09-11,topfunnel_lal1_clientes_video_v3,3.80,2,301,,LookALike_Clientes_1,Video,9º Lançamento | Leads
3978,2025 | Setembro,Quinta-Feira,Dia útil,Leads,2025-09-11,topfunnel_broad_tech_estatico_v1,9.15,9,659,1,Broad_Tecnologia,Estático,9º Lançamento | Vendas
4064,2025 | Setembro,Quinta-Feira,Dia útil,Leads,2025-09-11,topfunnel_lal1_clientes_video_v1,34.01,62,3310,7,LookALike_Clientes_1,Video,9º Lançamento | Leads
4346,2025 | Setembro,Quinta-Feira,Dia útil,Leads,2025-09-11,topfunnel_broad_tech_estatico_v3,9.14,5,656,,Broad_Tecnologia,Estático,9º Lançamento | Leads
4562,2025 | Setembro,Quinta-Feira,Dia útil,Leads,2025-09-11,topfunnel_lal1_clientes_estatico_v2,75.08,126,5453,33,LookALike_Clientes_1,Estático,9º Lançamento | Leads
4635,2025 | Setembro,Quinta-Feira,Dia útil,Leads,2025-09-11,topfunnel_interesses_cloud_video_v2,15.91,13,1916,,Interesses_Cloud,Video,9º Lançamento | Leads
1100,2025 | Setembro,Sexta-Feira,Dia útil,Leads,2025-09-12,topfunnel_broad_tech_estatico_v1,35.46,33,2658,7,Broad_Tecnologia,Estático,9º Lançamento | Leads
1141,2025 | Setembro,Sexta-Feira,Dia útil,Leads,2025-09-12,midfunnel_rmkt_60d_estatico_v1,22.50,10,1358,,Remarketing_60dias,Estático,9º Lançamento | Leads
2550,2025 | Setembro,Sexta-Feira,Dia útil,Leads,2025-09-12,topfunnel_broad_tech_estatico_v1,25.43,31,1625,2,Broad_Tecnologia,Estático,9º Lançamento | Leads
3893,2025 | Setembro,Sexta-Feira,Dia útil,Leads,2025-09-12,topfunnel_lal1_clientes_video_v1,14.46,9,690,2,LookALike_Clientes_1,Video,9º Lançamento | Leads
3911,2025 | Setembro,Sexta-Feira,Dia útil,Awareness,2025-09-12,topfunnel_broad_tech_estatico_v2,20.49,4,1515,1,Broad_Tecnologia,Estático,9º Lançamento | Live
3946,2025 | Setembro,Sexta-Feira,Dia útil,Leads,2025-09-12,topfunnel_interesses_programacao_video_v1,27.33,20,1753,2,Interesses_Programacao,Video,9º Lançamento | Leads
4649,2025 | Setembro,Sexta-Feira,Dia útil,Leads,2025-09-12,topfunnel_interesses_cloud_video_v1,4.63,6,363,,Interesses_Cloud,Video,9º Lançamento | Leads
2083,2025 | Setembro,Sábado,Final de Semana,Leads,2025-09-13,midfunnel_rmkt_60d_estatico_v3,0.00,,0,,Remarketing_60dias,Estático,9º Lançamento | Leads
2358,2025 | Setembro,Sábado,Final de Semana,Leads,2025-09-13,topfunnel_broad_tech_video_v2,21.88,17,1067,,Broad_Tecnologia,Video,9º Lançamento | Leads
2413,2025 | Setembro,Sábado,Final de Semana,Leads,2025-09-13,topfunnel_interesses_cloud_estatico_v1,59.48,31,3867,4,Interesses_Cloud,Estático,9º Lançamento | Vendas
2687,2025 | Setembro,Sábado,Final de Semana,Leads,2025-09-13,topfunnel_interesses_cloud_estatico_v3,6.90,2,631,,Interesses_Cloud,Estático,9º Lançamento | Leads
3735,2025 | Setembro,Sábado,Final de Semana,Leads,2025-09-13,midfunnel_rmkt_60d_estatico_v3,23.33,29,1305,9,Remarketing_60dias,Estático,9º Lançamento | Leads
4474,2025 | Setembro,Sábado,Final de Semana,Leads,2025-09-13,topfunnel_broad_tech_video_v2,17.81,10,1029,,Broad_Tecnologia,Video,9º Lançamento | Leads
5883,2025 | Setembro,Sábado,Final de Semana,Leads,2025-09-13,topfunnel_interesses_cloud_estatico_v1,37.63,44,1974,10,Interesses_Cloud,Estático,9º Lançamento | Leads
1239,2025 | Setembro,Domingo,Final de Semana,Leads,2025-09-14,topfunnel_cargos_tech_estatico_v2,8.14,4,562,,Cargos_Tecnologia,Estático,9º Lançamento | Leads
1253,2025 | Setembro,Domingo,Final de Semana,Leads,2025-09-14,topfunnel_broad_tech_video_v3,20.14,10,1702,1,Broad_Tecnologia,Video,9º Lançamento | Leads
1596,2025 | Setembro,Domingo,Final de Semana,Awareness,2025-09-14,topfunnel_interesses_cloud_video_v2,24.31,27,1509,1,Interesses_Cloud,Video,9º Lançamento | Live
1740,2025 | Setembro,Domingo,Final de Semana,Leads,2025-09-14,topfunnel_interesses_cloud_video_v1,33.93,62,2867,6,Interesses_Cloud,Video,9º Lançamento | Leads
3465,2025 | Setembro,Domingo,Final de Semana,Awareness,2025-09-14,topfunnel_interesses_programacao_video_v1,5.50,2,212,,Interesses_Programacao,Video,9º Lançamento | Live
3812,2025 | Setembro,Domingo,Final de Semana,Leads,2025-09-14,topfunnel_lal1_clientes_estatico_v1,87.75,98,5815,25,LookALike_Clientes_1,Estático,9º Lançamento | Leads
3824,2025 | Setembro,Domingo,Final de Semana,Leads,2025-09-14,topfunnel_cargos_tech_estatico_v1,0.00,,0,,Cargos_Tecnologia,Estático,9º Lançamento | Leads
5336,2025 | Setembro,Domingo,Final de Semana,Awareness,2025-09-14,topfunnel_lal1_clientes_video_v2,47.43,12,2716,,LookALike_Clientes_1,Video,9º Lançamento | Live
5863,2025 | Setembro,Domingo,Final de Semana,Leads,2025-09-14,topfunnel_broad_tech_video_v1,56.84,185,9573,25,Broad_Tecnologia,Video,9º Lançamento | Vendas
1181,2025 | Setembro,Segunda-Feira,Dia útil,Leads,2025-09-15,topfunnel_lal1_clientes_estatico_v2,30.06,46,2084,3,LookALike_Clientes_1,Estático,9º Lançamento | Leads
1423,2025 | Setembro,Segunda-Feira,Dia útil,Leads,2025-09-15,topfunnel_interesses_cloud_estatico_v1,62.54,81,3576,7,Interesses_Cloud,Estático,9º Lançamento | Leads
1626,2025 | Setembro,Segunda-Feira,Dia útil,Leads,2025-09-15,topfunnel_interesses_programacao_video_v1,138.17,57,10865,4,Interesses_Programacao,Video,9º Lançamento | Leads
1651,2025 | Setembro,Segunda-Feira,Dia útil,Leads,2025-09-15,topfunnel_interesses_cloud_video_v2,48.37,20,3050,5,Interesses_Cloud,Video,9º Lançamento | Leads
1756,2025 | Setembro,Segunda-Feira,Dia útil,Leads,2025-09-15,topfunnel_broad_tech_video_v1,51.24,84,7139,8,Broad_Tecnologia,Video,9º Lançamento | Leads
1784,2025 | Setembro,Segunda-Feira,Dia útil,Leads,2025-09-15,topfunnel_broad_tech_estatico_v1,39.68,33,3314,3,Broad_Tecnologia,Estático,9º Lançamento | Leads
2399,2025 | Setembro,Segunda-Feira,Dia útil,Leads,2025-09-15,topfunnel_cargos_tech_video_v2,57.50,53,4902,3,Cargos_Tecnologia,Video,9º Lançamento | Leads
2920,2025 | Setembro,Segunda-Feira,Dia útil,Leads,2025-09-15,topfunnel_broad_tech_estatico_v3,34.34,16,1997,2,Broad_Tecnologia,Estático,9º Lançamento | Vendas
3591,2025 | Setembro,Segunda-Feira,Dia útil,Leads,2025-09-15,topfunnel_interesses_programacao_estatico_v2,34.70,31,2909,5,Interesses_Programacao,Estático,9º Lançamento | Leads
3753,2025 | Setembro,Segunda-Feira,Dia útil,Leads,2025-09-15,topfunnel_broad_tech_video_v3,64.60,91,5795,6,Broad_Tecnologia,Video,9º Lançamento | Leads
4104,2025 | Setembro,Segunda-Feira,Dia útil,Leads,2025-09-15,topfunnel_interesses_cloud_video_v1,5.57,7,374,,Interesses_Cloud,Video,9º Lançamento | Leads
5086,2025 | Setembro,Segunda-Feira,Dia útil,Leads,2025-09-15,topfunnel_interesses_cloud_video_v2,18.90,10,1501,,Interesses_Cloud,Video,9º Lançamento | Leads
5570,2025 | Setembro,Segunda-Feira,Dia útil,Leads,2025-09-15,topfunnel_broad_tech_video_v1,32.85,47,5324,11,Broad_Tecnologia,Video,9º Lançamento | Leads
5581,2025 | Setembro,Segunda-Feira,Dia útil,Leads,2025-09-15,topfunnel_lal1_clientes_estatico_v3,40.94,22,2471,3,LookALike_Clientes_1,Estático,9º Lançamento | Leads
1154,2025 | Setembro,Terça-Feira,Dia útil,Leads,2025-09-16,midfunnel_rmkt_60d_estatico_v3,7.07,4,461,,Remarketing_60dias,Estático,9º Lançamento | Leads
1155,2025 | Setembro,Terça-Feira,Dia útil,Leads,2025-09-16,topfunnel_interesses_cloud_video_v1,0.00,,0,,Interesses_Cloud,Video,9º Lançamento | Leads
1270,2025 | Setembro,Terça-Feira,Dia útil,Awareness,2025-09-16,topfunnel_interesses_programacao_estatico_v3,9.69,2,489,,Interesses_Programacao,Estático,9º Lançamento | Live
2006,2025 | Setembro,Terça-Feira,Dia útil,Leads,2025-09-16,topfunnel_interesses_cloud_video_v1,47.06,23,3515,4,Interesses_Cloud,Video,9º Lançamento | Leads
2208,2025 | Setembro,Terça-Feira,Dia útil,Leads,2025-09-16,midfunnel_rmkt_60d_video_v1,16.93,15,1167,4,Remarketing_60dias,Video,9º Lançamento | Leads
2924,2025 | Setembro,Terça-Feira,Dia útil,Leads,2025-09-16,topfunnel_broad_tech_video_v1,31.77,48,3508,7,Broad_Tecnologia,Video,9º Lançamento | Leads
3079,2025 | Setembro,Terça-Feira,Dia útil,Leads,2025-09-16,topfunnel_interesses_programacao_estatico_v1,0.00,,0,,Interesses_Programacao,Estático,9º Lançamento | Leads
3363,2025 | Setembro,Terça-Feira,Dia útil,Leads,2025-09-16,midfunnel_rmkt_60d_estatico_v1,68.57,164,7751,20,Remarketing_60dias,Estático,9º Lançamento | Leads
3364,2025 | Setembro,Terça-Feira,Dia útil,Leads,2025-09-16,topfunnel_cargos_tech_estatico_v1,76.40,71,4421,7,Cargos_Tecnologia,Estático,9º Lançamento | Leads
3807,2025 | Setembro,Terça-Feira,Dia útil,Awareness,2025-09-16,midfunnel_rmkt_60d_video_v3,25.92,11,1626,,Remarketing_60dias,Video,9º Lançamento | Live
3883,2025 | Setembro,Terça-Feira,Dia útil,Leads,2025-09-16,topfunnel_interesses_cloud_estatico_v1,0.00,,0,,Interesses_Cloud,Estático,9º Lançamento | Leads
4245,2025 | Setembro,Terça-Feira,Dia útil,Awareness,2025-09-16,topfunnel_cargos_tech_estatico_v1,36.01,26,2140,3,Cargos_Tecnologia,Estático,9º Lançamento | Live
4477,2025 | Setembro,Terça-Feira,Dia útil,Leads,2025-09-16,midfunnel_rmkt_60d_video_v1,19.78,23,1150,2,Remarketing_60dias,Video,9º Lançamento | Leads
4564,2025 | Setembro,Terça-Feira,Dia útil,Leads,2025-09-16,topfunnel_interesses_cloud_estatico_v1,54.38,57,4677,7,Interesses_Cloud,Estático,9º Lançamento | Leads
4996,2025 | Setembro,Terça-Feira,Dia útil,Leads,2025-09-16,midfunnel_rmkt_60d_video_v1,4.57,9,331,1,Remarketing_60dias,Video,9º Lançamento | Leads
5165,2025 | Setembro,Terça-Feira,Dia útil,Leads,2025-09-16,topfunnel_broad_tech_video_v3,32.19,33,2465,6,Broad_Tecnologia,Video,9º Lançamento | Leads
5194,2025 | Setembro,Terça-Feira,Dia útil,Leads,2025-09-16,topfunnel_broad_tech_estatico_v1,25.61,7,1516,,Broad_Tecnologia,Estático,9º Lançamento | Leads
5796,2025 | Setembro,Terça-Feira,Dia útil,Leads,2025-09-16,topfunnel_lal1_clientes_video_v2,88.35,103,9501,9,LookALike_Clientes_1,Video,9º Lançamento | Leads
5971,2025 | Setembro,Terça-Feira,Dia útil,Leads,2025-09-16,topfunnel_broad_tech_estatico_v3,38.09,43,2662,9,Broad_Tecnologia,Estático,9º Lançamento | Vendas
1049,2025 | Setembro,Quarta-Feira,Dia útil,Leads,2025-09-17,topfunnel_broad_tech_video_v2,85.63,48,6133,11,Broad_Tecnologia,Video,9º Lançamento | Leads
1258,2025 | Setembro,Quarta-Feira,Dia útil,Leads,2025-09-17,topfunnel_broad_tech_video_v3,42.41,22,2737,1,Broad_Tecnologia,Video,9º Lançamento | Vendas
1627,2025 | Setembro,Quarta-Feira,Dia útil,Awareness,2025-09-17,topfunnel_interesses_cloud_video_v1,5.76,4,794,,Interesses_Cloud,Video,9º Lançamento | Live
2357,2025 | Setembro,Quarta-Feira,Dia útil,Leads,2025-09-17,topfunnel_interesses_programacao_video_v1,25.94,37,2349,4,Interesses_Programacao,Video,9º Lançamento | Vendas
2923,2025 | Setembro,Quarta-Feira,Dia útil,Leads,2025-09-17,topfunnel_lal1_clientes_estatico_v1,17.89,18,1125,1,LookALike_Clientes_1,Estático,9º Lançamento | Leads
2941,2025 | Setembro,Quarta-Feira,Dia útil,Awareness,2025-09-17,topfunnel_cargos_tech_video_v3,4.34,6,337,1,Cargos_Tecnologia,Video,9º Lançamento | Live
3188,2025 | Setembro,Quarta-Feira,Dia útil,Awareness,2025-09-17,midfunnel_rmkt_60d_video_v2,6.72,4,361,,Remarketing_60dias,Video,9º Lançamento | Live
3418,2025 | Setembro,Quarta-Feira,Dia útil,Leads,2025-09-17,topfunnel_interesses_programacao_video_v3,64.19,112,4748,25,Interesses_Programacao,Video,9º Lançamento | Leads
4226,2025 | Setembro,Quarta-Feira,Dia útil,Awareness,2025-09-17,topfunnel_interesses_programacao_estatico_v1,13.65,10,1198,3,Interesses_Programacao,Estático,9º Lançamento | Live
4433,2025 | Setembro,Quarta-Feira,Dia útil,Awareness,2025-09-17,topfunnel_broad_tech_estatico_v2,6.61,5,582,,Broad_Tecnologia,Estático,9º Lançamento | Live
5252,2025 | Setembro,Quarta-Feira,Dia útil,Leads,2025-09-17,topfunnel_broad_tech_estatico_v3,0.00,,0,,Broad_Tecnologia,Estático,9º Lançamento | Leads
5972,2025 | Setembro,Quarta-Feira,Dia útil,Awareness,2025-09-17,midfunnel_rmkt_60d_video_v2,3.80,5,192,1,Remarketing_60dias,Video,9º Lançamento | Live
1407,2025 | Setembro,Quinta-Feira,Dia útil,Leads,2025-09-18,midfunnel_rmkt_60d_video_v2,51.82,35,2570,8,Remarketing_60dias,Video,9º Lançamento | Leads
1456,2025 | Setembro,Quinta-Feira,Dia útil,Leads,2025-09-18,topfunnel_interesses_cloud_video_v1,0.00,,0,,Interesses_Cloud,Video,9º Lançamento | Leads
1764,2025 | Setembro,Quinta-Feira,Dia útil,Leads,2025-09-18,topfunnel_broad_tech_estatico_v3,23.60,8,1153,,Broad_Tecnologia,Estático,9º Lançamento | Leads
1928,2025 | Setembro,Quinta-Feira,Dia útil,Leads,2025-09-18,topfunnel_broad_tech_video_v2,14.32,17,851,3,Broad_Tecnologia,Video,9º Lançamento | Leads
2333,2025 | Setembro,Quinta-Feira,Dia útil,Awareness,2025-09-18,topfunnel_broad_tech_video_v1,17.28,16,1020,1,Broad_Tecnologia,Video,9º Lançamento | Live
2767,2025 | Setembro,Quinta-Feira,Dia útil,Leads,2025-09-18,midfunnel_rmkt_60d_video_v2,43.32,17,3380,2,Remarketing_60dias,Video,9º Lançamento | Leads
2799,2025 | Setembro,Quinta-Feira,Dia útil,Awareness,2025-09-18,topfunnel_lal1_clientes_estatico_v2,79.53,46,5773,8,LookALike_Clientes_1,Estático,9º Lançamento | Live
3131,2025 | Setembro,Quinta-Feira,Dia útil,Leads,2025-09-18,topfunnel_lal1_clientes_video_v1,203.71,87,14518,9,LookALike_Clientes_1,Video,9º Lançamento | Leads
3845,2025 | Setembro,Quinta-Feira,Dia útil,Leads,2025-09-18,topfunnel_cargos_tech_video_v1,0.00,,0,,Cargos_Tecnologia,Video,9º Lançamento | Vendas
4137,2025 | Setembro,Quinta-Feira,Dia útil,Leads,2025-09-18,topfunnel_cargos_tech_video_v2,57.86,160,9021,20,Cargos_Tecnologia,Video,9º Lançamento | Leads
4308,2025 | Setembro,Quinta-Feira,Dia útil,Leads,2025-09-18,topfunnel_interesses_programacao_estatico_v1,34.17,53,2604,4,Interesses_Programacao,Estático,9º Lançamento | Vendas
4796,2025 | Setembro,Quinta-Feira,Dia útil,Awareness,2025-09-18,midfunnel_rmkt_60d_video_v3,25.82,7,1542,,Remarketing_60dias,Video,9º Lançamento | Live
4896,2025 | Setembro,Quinta-Feira,Dia útil,Awareness,2025-09-18,topfunnel_interesses_programacao_video_v2,17.61,31,1768,2,Interesses_Programacao,Video,9º Lançamento | Live
5100,2025 | Setembro,Quinta-Feira,Dia útil,Leads,2025-09-18,topfunnel_interesses_programacao_estatico_v2,7.23,7,487,2,Interesses_Programacao,Estático,9º Lançamento | Vendas
5210,2025 | Setembro,Quinta-Feira,Dia útil,Leads,2025-09-18,topfunnel_lal1_clientes_video_v3,62.85,81,4608,15,LookALike_Clientes_1,Video,9º Lançamento | Leads
5383,2025 | Setembro,Quinta-Feira,Dia útil,Leads,2025-09-18,topfunnel_interesses_cloud_estatico_v3,51.80,57,3044,10,Interesses_Cloud,Estático,9º Lançamento | Leads
5399,2025 | Setembro,Quinta-Feira,Dia útil,Leads,2025-09-18,topfunnel_interesses_cloud_estatico_v3,17.76,8,1017,1,Interesses_Cloud,Estático,9º Lançamento | Leads
5451,2025 | Setembro,Quinta-Feira,Dia útil,Awareness,2025-09-18,topfunnel_interesses_programacao_video_v1,12.17,16,877,,Interesses_Programacao,Video,9º Lançamento | Live
5690,2025 | Setembro,Quinta-Feira,Dia útil,Leads,2025-09-18,topfunnel_interesses_programacao_video_v1,27.06,23,2201,1,Interesses_Programacao,Video,9º Lançamento | Leads
5698,2025 | Setembro,Quinta-Feira,Dia útil,Awareness,2025-09-18,topfunnel_interesses_programacao_video_v2,14.90,26,1419,2,Interesses_Programacao,Video,9º Lançamento | Live
5867,2025 | Setembro,Quinta-Feira,Dia útil,Leads,2025-09-18,topfunnel_lal1_clientes_video_v3,36.33,28,1957,8,LookALike_Clientes_1,Video,9º Lançamento | Leads
1043,2025 | Setembro,Sexta-Feira,Dia útil,Leads,2025-09-19,midfunnel_rmkt_60d_estatico_v3,14.09,15,586,,Remarketing_60dias,Estático,9º Lançamento | Leads
1288,2025 | Setembro,Sexta-Feira,Dia útil,Leads,2025-09-19,topfunnel_lal1_clientes_video_v2,45.76,54,2244,1,LookALike_Clientes_1,Video,9º Lançamento | Leads
1443,2025 | Setembro,Sexta-Feira,Dia útil,Leads,2025-09-19,topfunnel_cargos_tech_video_v1,61.13,80,3395,13,Cargos_Tecnologia,Video,9º Lançamento | Leads
1710,2025 | Setembro,Sexta-Feira,Dia útil,Awareness,2025-09-19,topfunnel_interesses_programacao_video_v1,50.60,17,2975,,Interesses_Programacao,Video,9º Lançamento | Live
2304,2025 | Setembro,Sexta-Feira,Dia útil,Leads,2025-09-19,topfunnel_lal1_clientes_estatico_v2,56.40,25,3638,4,LookALike_Clientes_1,Estático,9º Lançamento | Leads
2628,2025 | Setembro,Sexta-Feira,Dia útil,Leads,2025-09-19,midfunnel_rmkt_60d_estatico_v3,109.62,111,10156,31,Remarketing_60dias,Estático,9º Lançamento | Leads
2967,2025 | Setembro,Sexta-Feira,Dia útil,Leads,2025-09-19,topfunnel_interesses_programacao_estatico_v1,0.00,,0,,Interesses_Programacao,Estático,9º Lançamento | Leads
3018,2025 | Setembro,Sexta-Feira,Dia útil,Leads,2025-09-19,topfunnel_interesses_programacao_video_v1,0.00,,0,,Interesses_Programacao,Video,9º Lançamento | Leads
3559,2025 | Setembro,Sexta-Feira,Dia útil,Leads,2025-09-19,topfunnel_interesses_programacao_video_v2,7.85,5,394,1,Interesses_Programacao,Video,9º Lançamento | Leads
3571,2025 | Setembro,Sexta-Feira,Dia útil,Leads,2025-09-19,topfunnel_broad_tech_video_v2,9.62,8,425,,Broad_Tecnologia,Video,9º Lançamento | Leads
3693,2025 | Setembro,Sexta-Feira,Dia útil,Leads,2025-09-19,topfunnel_cargos_tech_estatico_v1,24.14,42,2155,7,Cargos_Tecnologia,Estático,9º Lançamento | Leads
3960,2025 | Setembro,Sexta-Feira,Dia útil,Leads,2025-09-19,topfunnel_broad_tech_estatico_v1,21.27,68,4451,3,Broad_Tecnologia,Estático,9º Lançamento | Leads
4499,2025 | Setembro,Sexta-Feira,Dia útil,Leads,2025-09-19,topfunnel_interesses_cloud_video_v1,28.41,30,2810,2,Interesses_Cloud,Video,9º Lançamento | Leads
5134,2025 | Setembro,Sexta-Feira,Dia útil,Leads,2025-09-19,midfunnel_rmkt_60d_video_v1,65.82,105,4542,9,Remarketing_60dias,Video,9º Lançamento | Leads
5687,2025 | Setembro,Sexta-Feira,Dia útil,Leads,2025-09-19,topfunnel_broad_tech_estatico_v3,122.23,136,8798,20,Broad_Tecnologia,Estático,9º Lançamento | Leads
5740,2025 | Setembro,Sexta-Feira,Dia útil,Leads,2025-09-19,topfunnel_interesses_cloud_video_v2,26.31,27,1753,,Interesses_Cloud,Video,9º Lançamento | Leads
1749,2025 | Setembro,Sábado,Final de Semana,Leads,2025-09-20,topfunnel_lal1_clientes_video_v1,89.51,159,9626,37,LookALike_Clientes_1,Video,9º Lançamento | Leads
1931,2025 | Setembro,Sábado,Final de Semana,Leads,2025-09-20,topfunnel_lal1_clientes_estatico_v2,51.13,20,3117,4,LookALike_Clientes_1,Estático,9º Lançamento | Vendas
2033,2025 | Setembro,Sábado,Final de Semana,Leads,2025-09-20,topfunnel_broad_tech_video_v3,35.18,33,2502,3,Broad_Tecnologia,Video,9º Lançamento | Leads
2406,2025 | Setembro,Sábado,Final de Semana,Leads,2025-09-20,topfunnel_cargos_tech_video_v1,34.24,21,1853,1,Cargos_Tecnologia,Video,9º Lançamento | Leads
2469,2025 | Setembro,Sábado,Final de Semana,Leads,2025-09-20,topfunnel_cargos_tech_estatico_v1,68.84,72,3609,10,Cargos_Tecnologia,Estático,9º Lançamento | Leads
2852,2025 | Setembro,Sábado,Final de Semana,Leads,2025-09-20,topfunnel_interesses_programacao_video_v1,0.00,,0,,Interesses_Programacao,Video,9º Lançamento | Leads
3110,2025 | Setembro,Sábado,Final de Semana,Leads,2025-09-20,topfunnel_interesses_programacao_estatico_v1,103.48,146,6347,19,Interesses_Programacao,Estático,9º Lançamento | Leads
3579,2025 | Setembro,Sábado,Final de Semana,Leads,2025-09-20,topfunnel_lal1_clientes_video_v2,1.14,2,52,,LookALike_Clientes_1,Video,9º Lançamento | Leads
4081,2025 | Setembro,Sábado,Final de Semana,Leads,2025-09-20,topfunnel_lal1_clientes_video_v1,2.68,4,228,,LookALike_Clientes_1,Video,9º Lançamento | Leads
4359,2025 | Setembro,Sábado,Final de Semana,Leads,2025-09-20,midfunnel_rmkt_60d_estatico_v2,77.01,39,5068,3,Remarketing_60dias,Estático,9º Lançamento | Leads
4908,2025 | Setembro,Sábado,Final de Semana,Leads,2025-09-20,midfunnel_rmkt_60d_video_v2,32.10,39,1900,5,Remarketing_60dias,Video,9º Lançamento | Leads
5380,2025 | Setembro,Sábado,Final de Semana,Leads,2025-09-20,topfunnel_interesses_programacao_video_v1,32.23,17,2248,3,Interesses_Programacao,Video,9º Lançamento | Leads
5567,2025 | Setembro,Sábado,Final de Semana,Leads,2025-09-20,topfunnel_broad_tech_video_v2,4.22,6,477,1,Broad_Tecnologia,Video,9º Lançamento | Leads
5810,2025 | Setembro,Sábado,Final de Semana,Leads,2025-09-20,topfunnel_broad_tech_estatico_v2,17.07,8,726,1,Broad_Tecnologia,Estático,9º Lançamento | Leads
1707,2025 | Setembro,Domingo,Final de Semana,Leads,2025-09-21,topfunnel_interesses_programacao_estatico_v3,25.26,31,2337,5,Interesses_Programacao,Estático,9º Lançamento | Leads
1891,2025 | Setembro,Domingo,Final de Semana,Leads,2025-09-21,topfunnel_lal1_clientes_video_v2,83.03,127,4860,12,LookALike_Clientes_1,Video,9º Lançamento | Leads
2511,2025 | Setembro,Domingo,Final de Semana,Leads,2025-09-21,topfunnel_interesses_cloud_video_v3,24.35,18,1515,2,Interesses_Cloud,Video,9º Lançamento | Leads
2582,2025 | Setembro,Domingo,Final de Semana,Leads,2025-09-21,midfunnel_rmkt_60d_estatico_v3,125.91,69,7652,8,Remarketing_60dias,Estático,9º Lançamento | Leads
2610,2025 | Setembro,Domingo,Final de Semana,Leads,2025-09-21,topfunnel_cargos_tech_video_v2,13.45,21,1612,,Cargos_Tecnologia,Video,9º Lançamento | Vendas
2850,2025 | Setembro,Domingo,Final de Semana,Leads,2025-09-21,topfunnel_interesses_cloud_estatico_v1,53.98,59,3026,6,Interesses_Cloud,Estático,9º Lançamento | Leads
4001,2025 | Setembro,Domingo,Final de Semana,Leads,2025-09-21,topfunnel_broad_tech_video_v1,34.22,15,1486,1,Broad_Tecnologia,Video,9º Lançamento | Leads
4045,2025 | Setembro,Domingo,Final de Semana,Leads,2025-09-21,topfunnel_broad_tech_video_v1,12.94,18,1051,2,Broad_Tecnologia,Video,9º Lançamento | Leads
4260,2025 | Setembro,Domingo,Final de Semana,Leads,2025-09-21,topfunnel_lal1_clientes_estatico_v2,6.28,7,352,1,LookALike_Clientes_1,Estático,9º Lançamento | Leads
5009,2025 | Setembro,Domingo,Final de Semana,Leads,2025-09-21,topfunnel_interesses_programacao_video_v3,71.71,52,6237,8,Interesses_Programacao,Video,9º Lançamento | Leads
1519,2025 | Setembro,Segunda-Feira,Dia útil,Leads,2025-09-22,topfunnel_cargos_tech_estatico_v1,71.67,63,3750,5,Cargos_Tecnologia,Estático,9º Lançamento | Leads
1713,2025 | Setembro,Segunda-Feira,Dia útil,Leads,2025-09-22,topfunnel_broad_tech_estatico_v3,59.32,72,5559,8,Broad_Tecnologia,Estático,9º Lançamento | Vendas
2781,2025 | Setembro,Segunda-Feira,Dia útil,Leads,2025-09-22,topfunnel_cargos_tech_estatico_v1,68.75,30,6050,2,Cargos_Tecnologia,Estático,9º Lançamento | Vendas
3256,2025 | Setembro,Segunda-Feira,Dia útil,Leads,2025-09-22,topfunnel_broad_tech_estatico_v3,66.88,64,4569,5,Broad_Tecnologia,Estático,9º Lançamento | Leads
4030,2025 | Setembro,Segunda-Feira,Dia útil,Leads,2025-09-22,topfunnel_interesses_cloud_video_v1,147.75,207,10044,36,Interesses_Cloud,Video,9º Lançamento | Leads
4343,2025 | Setembro,Segunda-Feira,Dia útil,Leads,2025-09-22,midfunnel_rmkt_60d_estatico_v1,16.29,20,975,1,Remarketing_60dias,Estático,9º Lançamento | Leads
5521,2025 | Setembro,Segunda-Feira,Dia útil,Leads,2025-09-22,topfunnel_interesses_programacao_estatico_v1,32.57,31,2997,6,Interesses_Programacao,Estático,9º Lançamento | Leads
5648,2025 | Setembro,Segunda-Feira,Dia útil,Leads,2025-09-22,topfunnel_lal1_clientes_video_v1,90.79,149,6292,27,LookALike_Clientes_1,Video,9º Lançamento | Leads
1550,2025 | Setembro,Terça-Feira,Dia útil,Leads,2025-09-23,topfunnel_interesses_cloud_estatico_v1,23.07,22,1724,4,Interesses_Cloud,Estático,9º Lançamento | Leads
1991,2025 | Setembro,Terça-Feira,Dia útil,Leads,2025-09-23,topfunnel_broad_tech_video_v3,18.00,25,1410,5,Broad_Tecnologia,Video,9º Lançamento | Leads
2214,2025 | Setembro,Terça-Feira,Dia útil,Leads,2025-09-23,midfunnel_rmkt_60d_video_v1,50.31,24,2728,2,Remarketing_60dias,Video,9º Lançamento | Leads
2543,2025 | Setembro,Terça-Feira,Dia útil,Awareness,2025-09-23,topfunnel_interesses_cloud_video_v2,12.74,5,529,,Interesses_Cloud,Video,9º Lançamento | Live
2571,2025 | Setembro,Terça-Feira,Dia útil,Leads,2025-09-23,topfunnel_broad_tech_estatico_v2,52.10,70,3376,3,Broad_Tecnologia,Estático,9º Lançamento | Leads
2642,2025 | Setembro,Terça-Feira,Dia útil,Leads,2025-09-23,topfunnel_interesses_cloud_estatico_v3,13.39,11,1198,2,Interesses_Cloud,Estático,9º Lançamento | Vendas
2978,2025 | Setembro,Terça-Feira,Dia útil,Leads,2025-09-23,topfunnel_interesses_programacao_estatico_v2,18.85,18,1681,3,Interesses_Programacao,Estático,9º Lançamento | Leads
3312,2025 | Setembro,Terça-Feira,Dia útil,Leads,2025-09-23,topfunnel_interesses_programacao_video_v1,3.99,2,256,,Interesses_Programacao,Video,9º Lançamento | Vendas
3394,2025 | Setembro,Terça-Feira,Dia útil,Awareness,2025-09-23,midfunnel_rmkt_60d_video_v2,31.35,28,1961,,Remarketing_60dias,Video,9º Lançamento | Live
3786,2025 | Setembro,Terça-Feira,Dia útil,Leads,2025-09-23,topfunnel_cargos_tech_video_v1,31.09,12,1810,2,Cargos_Tecnologia,Video,9º Lançamento | Leads
4539,2025 | Setembro,Terça-Feira,Dia útil,Leads,2025-09-23,topfunnel_cargos_tech_video_v2,11.95,12,955,2,Cargos_Tecnologia,Video,9º Lançamento | Leads
1312,2025 | Setembro,Quarta-Feira,Dia útil,Leads,2025-09-24,topfunnel_broad_tech_estatico_v1,3.32,2,234,,Broad_Tecnologia,Estático,9º Lançamento | Leads
1363,2025 | Setembro,Quarta-Feira,Dia útil,Awareness,2025-09-24,topfunnel_interesses_cloud_video_v2,15.31,23,952,1,Interesses_Cloud,Video,9º Lançamento | Live
1426,2025 | Setembro,Quarta-Feira,Dia útil,Awareness,2025-09-24,topfunnel_lal1_clientes_estatico_v1,24.72,20,2073,,LookALike_Clientes_1,Estático,9º Lançamento | Live
1895,2025 | Setembro,Quarta-Feira,Dia útil,Leads,2025-09-24,topfunnel_interesses_cloud_estatico_v2,19.54,10,751,,Interesses_Cloud,Estático,9º Lançamento | Vendas
2442,2025 | Setembro,Quarta-Feira,Dia útil,Leads,2025-09-24,topfunnel_broad_tech_estatico_v3,86.31,153,8702,29,Broad_Tecnologia,Estático,9º Lançamento | Leads
2766,2025 | Setembro,Quarta-Feira,Dia útil,Leads,2025-09-24,topfunnel_interesses_cloud_video_v1,75.13,121,6732,19,Interesses_Cloud,Video,9º Lançamento | Leads
2918,2025 | Setembro,Quarta-Feira,Dia útil,Leads,2025-09-24,midfunnel_rmkt_60d_estatico_v1,67.92,45,3794,12,Remarketing_60dias,Estático,9º Lançamento | Vendas
3010,2025 | Setembro,Quarta-Feira,Dia útil,Leads,2025-09-24,topfunnel_cargos_tech_estatico_v1,30.49,39,1581,7,Cargos_Tecnologia,Estático,9º Lançamento | Leads
3132,2025 | Setembro,Quarta-Feira,Dia útil,Leads,2025-09-24,midfunnel_rmkt_60d_video_v2,135.86,78,11008,6,Remarketing_60dias,Video,9º Lançamento | Leads
3827,2025 | Setembro,Quarta-Feira,Dia útil,Awareness,2025-09-24,topfunnel_cargos_tech_video_v1,0.00,,0,,Cargos_Tecnologia,Video,9º Lançamento | Live
4082,2025 | Setembro,Quarta-Feira,Dia útil,Awareness,2025-09-24,topfunnel_interesses_programacao_estatico_v1,14.99,17,1850,,Interesses_Programacao,Estático,9º Lançamento | Live
4306,2025 | Setembro,Quarta-Feira,Dia útil,Leads,2025-09-24,topfunnel_interesses_programacao_estatico_v2,39.70,55,3068,11,Interesses_Programacao,Estático,9º Lançamento | Leads
4325,2025 | Setembro,Quarta-Feira,Dia útil,Leads,2025-09-24,topfunnel_interesses_programacao_estatico_v1,14.77,7,866,1,Interesses_Programacao,Estático,9º Lançamento | Leads
5053,2025 | Setembro,Quarta-Feira,Dia útil,Leads,2025-09-24,topfunnel_interesses_cloud_video_v1,9.82,15,793,3,Interesses_Cloud,Video,9º Lançamento | Leads
5531,2025 | Setembro,Quarta-Feira,Dia útil,Leads,2025-09-24,topfunnel_interesses_cloud_video_v3,19.29,26,1789,2,Interesses_Cloud,Video,9º Lançamento | Vendas
5657,2025 | Setembro,Quarta-Feira,Dia útil,Leads,2025-09-24,topfunnel_interesses_programacao_estatico_v2,74.46,125,5774,21,Interesses_Programacao,Estático,9º Lançamento | Leads
1711,2025 | Setembro,Quinta-Feira,Dia útil,Leads,2025-09-25,topfunnel_lal1_clientes_estatico_v1,52.98,46,3129,4,LookALike_Clientes_1,Estático,9º Lançamento | Leads
2449,2025 | Setembro,Quinta-Feira,Dia útil,Awareness,2025-09-25,topfunnel_interesses_cloud_video_v1,24.64,29,1624,2,Interesses_Cloud,Video,9º Lançamento | Live
2659,2025 | Setembro,Quinta-Feira,Dia útil,Awareness,2025-09-25,midfunnel_rmkt_60d_video_v2,121.66,210,10294,18,Remarketing_60dias,Video,9º Lançamento | Live
2744,2025 | Setembro,Quinta-Feira,Dia útil,Leads,2025-09-25,topfunnel_broad_tech_video_v2,37.08,46,2454,5,Broad_Tecnologia,Video,9º Lançamento | Leads
3136,2025 | Setembro,Quinta-Feira,Dia útil,Leads,2025-09-25,topfunnel_broad_tech_video_v3,4.84,6,284,,Broad_Tecnologia,Video,9º Lançamento | Leads
3253,2025 | Setembro,Quinta-Feira,Dia útil,Leads,2025-09-25,midfunnel_rmkt_60d_estatico_v3,113.58,74,6020,23,Remarketing_60dias,Estático,9º Lançamento | Leads
3639,2025 | Setembro,Quinta-Feira,Dia útil,Awareness,2025-09-25,topfunnel_interesses_programacao_estatico_v1,36.02,17,1941,,Interesses_Programacao,Estático,9º Lançamento | Live
3872,2025 | Setembro,Quinta-Feira,Dia útil,Leads,2025-09-25,topfunnel_broad_tech_video_v3,32.09,40,2455,1,Broad_Tecnologia,Video,9º Lançamento | Leads
3899,2025 | Setembro,Quinta-Feira,Dia útil,Leads,2025-09-25,midfunnel_rmkt_60d_estatico_v1,15.44,16,1087,2,Remarketing_60dias,Estático,9º Lançamento | Leads
4675,2025 | Setembro,Quinta-Feira,Dia útil,Leads,2025-09-25,topfunnel_interesses_cloud_estatico_v1,103.74,180,8953,29,Interesses_Cloud,Estático,9º Lançamento | Vendas
4819,2025 | Setembro,Quinta-Feira,Dia útil,Leads,2025-09-25,topfunnel_interesses_cloud_video_v3,12.76,41,1700,8,Interesses_Cloud,Video,9º Lançamento | Leads
5712,2025 | Setembro,Quinta-Feira,Dia útil,Leads,2025-09-25,topfunnel_lal1_clientes_video_v1,28.79,34,1732,3,LookALike_Clientes_1,Video,9º Lançamento | Leads
5788,2025 | Setembro,Quinta-Feira,Dia útil,Leads,2025-09-25,topfunnel_interesses_cloud_video_v2,72.57,92,5969,6,Interesses_Cloud,Video,9º Lançamento | Leads
1186,2025 | Setembro,Sexta-Feira,Dia útil,Leads,2025-09-26,midfunnel_rmkt_60d_video_v3,12.74,27,852,4,Remarketing_60dias,Video,9º Lançamento | Vendas
1198,2025 | Setembro,Sexta-Feira,Dia útil,Leads,2025-09-26,topfunnel_lal1_clientes_estatico_v1,2.01,2,148,1,LookALike_Clientes_1,Estático,9º Lançamento | Leads
2986,2025 | Setembro,Sexta-Feira,Dia útil,Leads,2025-09-26,topfunnel_interesses_cloud_estatico_v1,7.82,2,651,,Interesses_Cloud,Estático,9º Lançamento | Leads
3610,2025 | Setembro,Sexta-Feira,Dia útil,Leads,2025-09-26,topfunnel_interesses_cloud_video_v2,2.76,1,197,,Interesses_Cloud,Video,9º Lançamento | Leads
3792,2025 | Setembro,Sexta-Feira,Dia útil,Leads,2025-09-26,topfunnel_interesses_programacao_video_v2,15.30,20,1001,1,Interesses_Programacao,Video,9º Lançamento | Vendas
3809,2025 | Setembro,Sexta-Feira,Dia útil,Leads,2025-09-26,topfunnel_interesses_cloud_video_v2,42.80,11,1563,2,Interesses_Cloud,Video,9º Lançamento | Leads
4496,2025 | Setembro,Sexta-Feira,Dia útil,Leads,2025-09-26,topfunnel_interesses_cloud_video_v1,0.00,,0,,Interesses_Cloud,Video,9º Lançamento | Vendas
4624,2025 | Setembro,Sexta-Feira,Dia útil,Leads,2025-09-26,midfunnel_rmkt_60d_video_v2,0.00,,0,,Remarketing_60dias,Video,9º Lançamento | Leads
5219,2025 | Setembro,Sexta-Feira,Dia útil,Awareness,2025-09-26,topfunnel_broad_tech_video_v1,9.81,17,1248,,Broad_Tecnologia,Video,9º Lançamento | Live
5232,2025 | Setembro,Sexta-Feira,Dia útil,Awareness,2025-09-26,topfunnel_broad_tech_video_v1,76.90,25,3486,3,Broad_Tecnologia,Video,9º Lançamento | Live
1062,2025 | Setembro,Sábado,Final de Semana,Leads,2025-09-27,topfunnel_broad_tech_video_v2,0.00,,0,,Broad_Tecnologia,Video,9º Lançamento | Leads
1223,2025 | Setembro,Sábado,Final de Semana,Leads,2025-09-27,topfunnel_interesses_cloud_estatico_v3,80.41,84,6014,13,Interesses_Cloud,Estático,9º Lançamento | Leads
1798,2025 | Setembro,Sábado,Final de Semana,Leads,2025-09-27,topfunnel_lal1_clientes_video_v2,32.27,50,2224,12,LookALike_Clientes_1,Video,9º Lançamento | Leads
2009,2025 | Setembro,Sábado,Final de Semana,Leads,2025-09-27,topfunnel_interesses_programacao_estatico_v1,12.24,13,873,3,Interesses_Programacao,Estático,9º Lançamento | Leads
2171,2025 | Setembro,Sábado,Final de Semana,Leads,2025-09-27,topfunnel_broad_tech_video_v2,15.14,8,1179,1,Broad_Tecnologia,Video,9º Lançamento | Leads
2253,2025 | Setembro,Sábado,Final de Semana,Leads,2025-09-27,topfunnel_broad_tech_video_v1,39.31,26,3516,3,Broad_Tecnologia,Video,9º Lançamento | Leads
2516,2025 | Setembro,Sábado,Final de Semana,Awareness,2025-09-27,topfunnel_broad_tech_estatico_v2,5.27,3,272,,Broad_Tecnologia,Estático,9º Lançamento | Live
2943,2025 | Setembro,Sábado,Final de Semana,Leads,2025-09-27,topfunnel_interesses_cloud_estatico_v2,31.43,13,1916,,Interesses_Cloud,Estático,9º Lançamento | Leads
3250,2025 | Setembro,Sábado,Final de Semana,Leads,2025-09-27,midfunnel_rmkt_60d_estatico_v1,66.47,33,3129,9,Remarketing_60dias,Estático,9º Lançamento | Leads
3402,2025 | Setembro,Sábado,Final de Semana,Leads,2025-09-27,topfunnel_broad_tech_video_v3,58.45,35,3176,7,Broad_Tecnologia,Video,9º Lançamento | Leads
4611,2025 | Setembro,Sábado,Final de Semana,Awareness,2025-09-27,topfunnel_broad_tech_estatico_v1,143.25,66,9071,2,Broad_Tecnologia,Estático,9º Lançamento | Live
5436,2025 | Setembro,Sábado,Final de Semana,Awareness,2025-09-27,topfunnel_broad_tech_estatico_v1,0.00,,0,,Broad_Tecnologia,Estático,9º Lançamento | Live
5851,2025 | Setembro,Sábado,Final de Semana,Leads,2025-09-27,midfunnel_rmkt_60d_video_v1,7.04,15,790,1,Remarketing_60dias,Video,9º Lançamento | Leads
1168,2025 | Setembro,Domingo,Final de Semana,Leads,2025-09-28,topfunnel_interesses_cloud_video_v1,6.84,6,413,,Interesses_Cloud,Video,9º Lançamento | Leads
1229,2025 | Setembro,Domingo,Final de Semana,Leads,2025-09-28,topfunnel_broad_tech_video_v2,32.46,17,1967,4,Broad_Tecnologia,Video,9º Lançamento | Vendas
1352,2025 | Setembro,Domingo,Final de Semana,Leads,2025-09-28,midfunnel_rmkt_60d_video_v1,16.25,21,944,4,Remarketing_60dias,Video,9º Lançamento | Leads
1488,2025 | Setembro,Domingo,Final de Semana,Leads,2025-09-28,midfunnel_rmkt_60d_video_v1,51.27,29,3974,3,Remarketing_60dias,Video,9º Lançamento | Vendas
1820,2025 | Setembro,Domingo,Final de Semana,Awareness,2025-09-28,topfunnel_broad_tech_estatico_v1,5.56,5,669,,Broad_Tecnologia,Estático,9º Lançamento | Live
1940,2025 | Setembro,Domingo,Final de Semana,Leads,2025-09-28,topfunnel_broad_tech_video_v1,65.02,20,3465,,Broad_Tecnologia,Video,9º Lançamento | Vendas
2315,2025 | Setembro,Domingo,Final de Semana,Awareness,2025-09-28,topfunnel_broad_tech_estatico_v1,21.77,19,1299,1,Broad_Tecnologia,Estático,9º Lançamento | Live
2337,2025 | Setembro,Domingo,Final de Semana,Awareness,2025-09-28,topfunnel_broad_tech_estatico_v2,7.68,,318,,Broad_Tecnologia,Estático,9º Lançamento | Live
3294,2025 | Setembro,Domingo,Final de Semana,Leads,2025-09-28,topfunnel_broad_tech_video_v1,64.25,31,4367,3,Broad_Tecnologia,Video,9º Lançamento | Vendas
3438,2025 | Setembro,Domingo,Final de Semana,Leads,2025-09-28,topfunnel_broad_tech_estatico_v3,24.00,35,2209,3,Broad_Tecnologia,Estático,9º Lançamento | Leads
3728,2025 | Setembro,Domingo,Final de Semana,Leads,2025-09-28,topfunnel_interesses_cloud_video_v2,126.48,224,12355,52,Interesses_Cloud,Video,9º Lançamento | Leads
4127,2025 | Setembro,Domingo,Final de Semana,Leads,2025-09-28,topfunnel_interesses_programacao_estatico_v2,111.43,96,6203,16,Interesses_Programacao,Estático,9º Lançamento | Leads
4242,2025 | Setembro,Domingo,Final de Semana,Awareness,2025-09-28,topfunnel_broad_tech_estatico_v1,43.28,12,3295,,Broad_Tecnologia,Estático,9º Lançamento | Live
4321,2025 | Setembro,Domingo,Final de Semana,Leads,2025-09-28,topfunnel_cargos_tech_video_v2,138.17,224,13956,42,Cargos_Tecnologia,Video,9º Lançamento | Leads
4575,2025 | Setembro,Domingo,Final de Semana,Leads,2025-09-28,topfunnel_cargos_tech_estatico_v2,53.20,28,3223,5,Cargos_Tecnologia,Estático,9º Lançamento | Leads
5200,2025 | Setembro,Domingo,Final de Semana,Leads,2025-09-28,topfunnel_interesses_programacao_estatico_v2,63.59,175,9178,32,Interesses_Programacao,Estático,9º Lançamento | Leads
5789,2025 | Setembro,Domingo,Final de Semana,Leads,2025-09-28,topfunnel_interesses_programacao_estatico_v2,62.13,26,4040,,Interesses_Programacao,Estático,9º Lançamento | Vendas
1375,2025 | Setembro,Segunda-Feira,Dia útil,Leads,2025-09-29,topfunnel_cargos_tech_estatico_v1,84.69,104,10110,16,Cargos_Tecnologia,Estático,9º Lançamento | Leads
2018,2025 | Setembro,Segunda-Feira,Dia útil,Leads,2025-09-29,topfunnel_interesses_cloud_estatico_v1,19.11,26,1135,5,Interesses_Cloud,Estático,9º Lançamento | Leads
2299,2025 | Setembro,Segunda-Feira,Dia útil,Leads,2025-09-29,midfunnel_rmkt_60d_estatico_v1,32.95,98,3871,22,Remarketing_60dias,Estático,9º Lançamento | Leads
2403,2025 | Setembro,Segunda-Feira,Dia útil,Leads,2025-09-29,topfunnel_cargos_tech_video_v1,33.14,21,2807,2,Cargos_Tecnologia,Video,9º Lançamento | Vendas
3037,2025 | Setembro,Segunda-Feira,Dia útil,Leads,2025-09-29,topfunnel_interesses_cloud_video_v1,13.29,14,1789,1,Interesses_Cloud,Video,9º Lançamento | Vendas
3457,2025 | Setembro,Segunda-Feira,Dia útil,Leads,2025-09-29,topfunnel_lal1_clientes_estatico_v1,113.70,188,7904,25,LookALike_Clientes_1,Estático,9º Lançamento | Leads
4130,2025 | Setembro,Segunda-Feira,Dia útil,Leads,2025-09-29,topfunnel_cargos_tech_estatico_v2,78.85,74,4072,13,Cargos_Tecnologia,Estático,9º Lançamento | Leads
4977,2025 | Setembro,Segunda-Feira,Dia útil,Leads,2025-09-29,topfunnel_interesses_programacao_video_v2,29.06,81,5394,21,Interesses_Programacao,Video,9º Lançamento | Leads
5522,2025 | Setembro,Segunda-Feira,Dia útil,Leads,2025-09-29,topfunnel_interesses_cloud_video_v3,18.49,43,1755,4,Interesses_Cloud,Video,9º Lançamento | Leads
5904,2025 | Setembro,Segunda-Feira,Dia útil,Leads,2025-09-29,topfunnel_cargos_tech_video_v1,80.76,88,5371,14,Cargos_Tecnologia,Video,9º Lançamento | Leads
1428,2025 | Setembro,Terça-Feira,Dia útil,Leads,2025-09-30,topfunnel_cargos_tech_video_v2,20.80,27,1326,2,Cargos_Tecnologia,Video,9º Lançamento | Vendas
1912,2025 | Setembro,Terça-Feira,Dia útil,Leads,2025-09-30,topfunnel_interesses_programacao_estatico_v1,14.22,8,955,2,Interesses_Programacao,Estático,9º Lançamento | Leads
2125,2025 | Setembro,Terça-Feira,Dia útil,Leads,2025-09-30,midfunnel_rmkt_60d_video_v1,63.17,59,5063,9,Remarketing_60dias,Video,9º Lançamento | Leads
2149,2025 | Setembro,Terça-Feira,Dia útil,Leads,2025-09-30,topfunnel_broad_tech_video_v1,3.98,3,200,1,Broad_Tecnologia,Video,9º Lançamento | Leads
2699,2025 | Setembro,Terça-Feira,Dia útil,Leads,2025-09-30,topfunnel_broad_tech_video_v2,69.73,114,6507,16,Broad_Tecnologia,Video,9º Lançamento | Vendas
2734,2025 | Setembro,Terça-Feira,Dia útil,Awareness,2025-09-30,topfunnel_interesses_programacao_video_v2,25.46,26,3091,2,Interesses_Programacao,Video,9º Lançamento | Live
3057,2025 | Setembro,Terça-Feira,Dia útil,Leads,2025-09-30,topfunnel_cargos_tech_video_v2,25.36,50,2011,5,Cargos_Tecnologia,Video,9º Lançamento | Leads
3663,2025 | Setembro,Terça-Feira,Dia útil,Leads,2025-09-30,topfunnel_broad_tech_video_v3,8.43,3,428,,Broad_Tecnologia,Video,9º Lançamento | Leads
3964,2025 | Setembro,Terça-Feira,Dia útil,Leads,2025-09-30,topfunnel_cargos_tech_estatico_v1,79.57,115,5569,26,Cargos_Tecnologia,Estático,9º Lançamento | Vendas
5000,2025 | Setembro,Terça-Feira,Dia útil,Leads,2025-09-30,topfunnel_broad_tech_estatico_v3,35.97,17,2297,2,Broad_Tecnologia,Estático,9º Lançamento | Leads
5022,2025 | Setembro,Terça-Feira,Dia útil,Leads,2025-09-30,topfunnel_broad_tech_estatico_v1,27.50,62,3507,15,Broad_Tecnologia,Estático,9º Lançamento | Leads
5173,2025 | Setembro,Terça-Feira,Dia útil,Leads,2025-09-30,midfunnel_rmkt_60d_video_v3,67.73,60,5150,2,Remarketing_60dias,Video,9º Lançamento | Vendas
5211,2025 | Setembro,Terça-Feira,Dia útil,Leads,2025-09-30,topfunnel_lal1_clientes_estatico_v1,78.57,133,5618,28,LookALike_Clientes_1,Estático,9º Lançamento | Leads
1195,2025 | Outubro,Quarta-Feira,Dia útil,Leads,2025-10-01,topfunnel_cargos_tech_estatico_v1,68.53,20,3647,2,Cargos_Tecnologia,Estático,10º Lançamento | Leads
1215,2025 | Outubro,Quarta-Feira,Dia útil,Leads,2025-10-01,topfunnel_cargos_tech_video_v2,52.29,80,3674,16,Cargos_Tecnologia,Video,10º Lançamento | Leads
1349,2025 | Outubro,Quarta-Feira,Dia útil,Leads,2025-10-01,topfunnel_broad_tech_estatico_v2,0.00,,0,,Broad_Tecnologia,Estático,10º Lançamento | Leads
1706,2025 | Outubro,Quarta-Feira,Dia útil,Awareness,2025-10-01,topfunnel_cargos_tech_video_v1,30.59,17,1800,,Cargos_Tecnologia,Video,10º Lançamento | Live
1985,2025 | Outubro,Quarta-Feira,Dia útil,Leads,2025-10-01,topfunnel_interesses_programacao_estatico_v2,60.89,137,6376,39,Interesses_Programacao,Estático,10º Lançamento | Leads
2797,2025 | Outubro,Quarta-Feira,Dia útil,Leads,2025-10-01,topfunnel_lal1_clientes_video_v1,26.92,20,2893,4,LookALike_Clientes_1,Video,10º Lançamento | Leads
3399,2025 | Outubro,Quarta-Feira,Dia útil,Leads,2025-10-01,midfunnel_rmkt_60d_video_v2,6.94,3,564,2,Remarketing_60dias,Video,10º Lançamento | Leads
4091,2025 | Outubro,Quarta-Feira,Dia útil,Awareness,2025-10-01,topfunnel_interesses_cloud_estatico_v1,7.82,4,390,1,Interesses_Cloud,Estático,10º Lançamento | Live
4384,2025 | Outubro,Quarta-Feira,Dia útil,Leads,2025-10-01,midfunnel_rmkt_60d_video_v1,23.76,13,1494,2,Remarketing_60dias,Video,10º Lançamento | Leads
5044,2025 | Outubro,Quarta-Feira,Dia útil,Leads,2025-10-01,midfunnel_rmkt_60d_video_v3,9.59,3,645,1,Remarketing_60dias,Video,10º Lançamento | Leads
5168,2025 | Outubro,Quarta-Feira,Dia útil,Leads,2025-10-01,topfunnel_interesses_cloud_video_v1,46.59,35,3070,6,Interesses_Cloud,Video,10º Lançamento | Leads
5203,2025 | Outubro,Quarta-Feira,Dia útil,Leads,2025-10-01,topfunnel_broad_tech_video_v1,0.00,,0,,Broad_Tecnologia,Video,10º Lançamento | Leads
5228,2025 | Outubro,Quarta-Feira,Dia útil,Leads,2025-10-01,midfunnel_rmkt_60d_estatico_v3,36.54,77,3900,15,Remarketing_60dias,Estático,10º Lançamento | Leads
5334,2025 | Outubro,Quarta-Feira,Dia útil,Leads,2025-10-01,topfunnel_broad_tech_estatico_v1,0.00,,0,,Broad_Tecnologia,Estático,10º Lançamento | Leads
5448,2025 | Outubro,Quarta-Feira,Dia útil,Leads,2025-10-01,topfunnel_broad_tech_video_v1,43.22,26,3406,5,Broad_Tecnologia,Video,10º Lançamento | Leads
5486,2025 | Outubro,Quarta-Feira,Dia útil,Leads,2025-10-01,topfunnel_lal1_clientes_video_v3,20.25,65,3964,6,LookALike_Clientes_1,Video,10º Lançamento | Leads
5775,2025 | Outubro,Quarta-Feira,Dia útil,Leads,2025-10-01,topfunnel_broad_tech_estatico_v3,23.40,40,2190,1,Broad_Tecnologia,Estático,10º Lançamento | Leads
1792,2025 | Outubro,Quinta-Feira,Dia útil,Leads,2025-10-02,topfunnel_interesses_cloud_estatico_v3,16.08,9,913,1,Interesses_Cloud,Estático,10º Lançamento | Vendas
1811,2025 | Outubro,Quinta-Feira,Dia útil,Leads,2025-10-02,topfunnel_interesses_cloud_estatico_v1,60.00,33,3430,5,Interesses_Cloud,Estático,10º Lançamento | Vendas
1995,2025 | Outubro,Quinta-Feira,Dia útil,Leads,2025-10-02,topfunnel_interesses_cloud_video_v1,59.52,28,4322,4,Interesses_Cloud,Video,10º Lançamento | Leads
2150,2025 | Outubro,Quinta-Feira,Dia útil,Leads,2025-10-02,midfunnel_rmkt_60d_estatico_v3,11.51,5,531,1,Remarketing_60dias,Estático,10º Lançamento | Leads
2382,2025 | Outubro,Quinta-Feira,Dia útil,Leads,2025-10-02,topfunnel_cargos_tech_estatico_v1,17.36,18,1177,5,Cargos_Tecnologia,Estático,10º Lançamento | Leads
2876,2025 | Outubro,Quinta-Feira,Dia útil,Leads,2025-10-02,topfunnel_interesses_cloud_video_v1,13.84,20,1375,2,Interesses_Cloud,Video,10º Lançamento | Vendas
3590,2025 | Outubro,Quinta-Feira,Dia útil,Leads,2025-10-02,topfunnel_interesses_programacao_estatico_v1,61.63,71,5210,16,Interesses_Programacao,Estático,10º Lançamento | Leads
3818,2025 | Outubro,Quinta-Feira,Dia útil,Leads,2025-10-02,topfunnel_broad_tech_video_v2,46.28,24,3004,1,Broad_Tecnologia,Video,10º Lançamento | Leads
3908,2025 | Outubro,Quinta-Feira,Dia útil,Leads,2025-10-02,topfunnel_broad_tech_video_v2,80.63,60,4426,4,Broad_Tecnologia,Video,10º Lançamento | Leads
3924,2025 | Outubro,Quinta-Feira,Dia útil,Leads,2025-10-02,topfunnel_broad_tech_video_v1,15.68,13,1514,1,Broad_Tecnologia,Video,10º Lançamento | Leads
4411,2025 | Outubro,Quinta-Feira,Dia útil,Leads,2025-10-02,midfunnel_rmkt_60d_estatico_v2,30.61,18,1515,1,Remarketing_60dias,Estático,10º Lançamento | Leads
5027,2025 | Outubro,Quinta-Feira,Dia útil,Leads,2025-10-02,topfunnel_broad_tech_video_v1,19.14,27,1447,7,Broad_Tecnologia,Video,10º Lançamento | Leads
5157,2025 | Outubro,Quinta-Feira,Dia útil,Awareness,2025-10-02,topfunnel_interesses_programacao_video_v3,51.32,36,2260,1,Interesses_Programacao,Video,10º Lançamento | Live
5378,2025 | Outubro,Quinta-Feira,Dia útil,Leads,2025-10-02,topfunnel_interesses_programacao_video_v1,7.40,15,1166,2,Interesses_Programacao,Video,10º Lançamento | Leads
5742,2025 | Outubro,Quinta-Feira,Dia útil,Leads,2025-10-02,topfunnel_broad_tech_video_v2,19.69,20,1603,2,Broad_Tecnologia,Video,10º Lançamento | Vendas
5752,2025 | Outubro,Quinta-Feira,Dia útil,Leads,2025-10-02,midfunnel_rmkt_60d_video_v1,81.18,223,16479,56,Remarketing_60dias,Video,10º Lançamento | Vendas
5911,2025 | Outubro,Quinta-Feira,Dia útil,Awareness,2025-10-02,topfunnel_interesses_programacao_estatico_v2,42.94,14,2618,,Interesses_Programacao,Estático,10º Lançamento | Live
1794,2025 | Outubro,Sexta-Feira,Dia útil,Leads,2025-10-03,topfunnel_interesses_programacao_estatico_v1,31.76,18,2461,1,Interesses_Programacao,Estático,10º Lançamento | Leads
1877,2025 | Outubro,Sexta-Feira,Dia útil,Leads,2025-10-03,topfunnel_cargos_tech_estatico_v1,13.16,25,929,7,Cargos_Tecnologia,Estático,10º Lançamento | Leads
1990,2025 | Outubro,Sexta-Feira,Dia útil,Awareness,2025-10-03,topfunnel_interesses_programacao_estatico_v1,63.54,74,5994,5,Interesses_Programacao,Estático,10º Lançamento | Live
2189,2025 | Outubro,Sexta-Feira,Dia útil,Leads,2025-10-03,topfunnel_broad_tech_video_v1,22.39,17,1594,3,Broad_Tecnologia,Video,10º Lançamento | Leads
2419,2025 | Outubro,Sexta-Feira,Dia útil,Awareness,2025-10-03,midfunnel_rmkt_60d_estatico_v2,71.05,84,6452,7,Remarketing_60dias,Estático,10º Lançamento | Live
3734,2025 | Outubro,Sexta-Feira,Dia útil,Leads,2025-10-03,topfunnel_interesses_programacao_video_v1,4.30,4,327,1,Interesses_Programacao,Video,10º Lançamento | Leads
3834,2025 | Outubro,Sexta-Feira,Dia útil,Leads,2025-10-03,topfunnel_lal1_clientes_estatico_v1,9.13,,425,,LookALike_Clientes_1,Estático,10º Lançamento | Vendas
4408,2025 | Outubro,Sexta-Feira,Dia útil,Leads,2025-10-03,topfunnel_broad_tech_estatico_v1,17.95,31,1601,7,Broad_Tecnologia,Estático,10º Lançamento | Leads
4601,2025 | Outubro,Sexta-Feira,Dia útil,Leads,2025-10-03,topfunnel_cargos_tech_video_v2,52.15,71,3202,18,Cargos_Tecnologia,Video,10º Lançamento | Leads
4894,2025 | Outubro,Sexta-Feira,Dia útil,Leads,2025-10-03,topfunnel_interesses_cloud_estatico_v1,80.50,121,6631,14,Interesses_Cloud,Estático,10º Lançamento | Vendas
5243,2025 | Outubro,Sexta-Feira,Dia útil,Leads,2025-10-03,topfunnel_cargos_tech_estatico_v1,62.77,52,3593,6,Cargos_Tecnologia,Estático,10º Lançamento | Leads
1843,2025 | Outubro,Sábado,Final de Semana,Leads,2025-10-04,topfunnel_broad_tech_video_v1,11.18,13,615,1,Broad_Tecnologia,Video,10º Lançamento | Leads
2139,2025 | Outubro,Sábado,Final de Semana,Awareness,2025-10-04,topfunnel_interesses_programacao_video_v2,32.59,76,5090,8,Interesses_Programacao,Video,10º Lançamento | Live
2260,2025 | Outubro,Sábado,Final de Semana,Leads,2025-10-04,topfunnel_interesses_cloud_video_v1,48.51,46,3405,10,Interesses_Cloud,Video,10º Lançamento | Leads
2342,2025 | Outubro,Sábado,Final de Semana,Leads,2025-10-04,topfunnel_broad_tech_estatico_v3,98.38,53,7555,12,Broad_Tecnologia,Estático,10º Lançamento | Leads
2461,2025 | Outubro,Sábado,Final de Semana,Leads,2025-10-04,midfunnel_rmkt_60d_video_v1,83.29,102,4902,27,Remarketing_60dias,Video,10º Lançamento | Leads
3261,2025 | Outubro,Sábado,Final de Semana,Leads,2025-10-04,topfunnel_interesses_cloud_video_v1,126.61,187,9203,19,Interesses_Cloud,Video,10º Lançamento | Leads
3343,2025 | Outubro,Sábado,Final de Semana,Leads,2025-10-04,topfunnel_broad_tech_estatico_v1,35.41,43,2919,5,Broad_Tecnologia,Estático,10º Lançamento | Leads
4459,2025 | Outubro,Sábado,Final de Semana,Leads,2025-10-04,topfunnel_broad_tech_estatico_v1,39.31,15,3026,1,Broad_Tecnologia,Estático,10º Lançamento | Leads
4466,2025 | Outubro,Sábado,Final de Semana,Leads,2025-10-04,topfunnel_cargos_tech_video_v2,0.64,,41,,Cargos_Tecnologia,Video,10º Lançamento | Leads
5529,2025 | Outubro,Sábado,Final de Semana,Leads,2025-10-04,topfunnel_cargos_tech_estatico_v1,12.16,5,731,,Cargos_Tecnologia,Estático,10º Lançamento | Leads
5643,2025 | Outubro,Sábado,Final de Semana,Leads,2025-10-04,topfunnel_interesses_cloud_video_v1,31.89,21,3136,4,Interesses_Cloud,Video,10º Lançamento | Leads
5824,2025 | Outubro,Sábado,Final de Semana,Leads,2025-10-04,topfunnel_broad_tech_estatico_v1,8.01,10,757,2,Broad_Tecnologia,Estático,10º Lançamento | Vendas
1016,2025 | Outubro,Domingo,Final de Semana,Leads,2025-10-05,topfunnel_broad_tech_estatico_v2,63.19,67,5162,10,Broad_Tecnologia,Estático,10º Lançamento | Leads
1283,2025 | Outubro,Domingo,Final de Semana,Awareness,2025-10-05,topfunnel_lal1_clientes_estatico_v1,38.53,24,1856,3,LookALike_Clientes_1,Estático,10º Lançamento | Live
3326,2025 | Outubro,Domingo,Final de Semana,Leads,2025-10-05,topfunnel_interesses_programacao_estatico_v1,46.86,49,2810,9,Interesses_Programacao,Estático,10º Lançamento | Leads
4004,2025 | Outubro,Domingo,Final de Semana,Leads,2025-10-05,topfunnel_broad_tech_estatico_v3,6.29,10,599,1,Broad_Tecnologia,Estático,10º Lançamento | Leads
4952,2025 | Outubro,Domingo,Final de Semana,Leads,2025-10-05,topfunnel_cargos_tech_estatico_v1,55.73,79,4630,7,Cargos_Tecnologia,Estático,10º Lançamento | Vendas
5246,2025 | Outubro,Domingo,Final de Semana,Leads,2025-10-05,topfunnel_interesses_programacao_video_v2,18.54,4,966,,Interesses_Programacao,Video,10º Lançamento | Leads
5273,2025 | Outubro,Domingo,Final de Semana,Leads,2025-10-05,topfunnel_interesses_cloud_video_v2,23.04,21,1313,1,Interesses_Cloud,Video,10º Lançamento | Leads
5299,2025 | Outubro,Domingo,Final de Semana,Leads,2025-10-05,topfunnel_broad_tech_estatico_v3,0.00,,0,,Broad_Tecnologia,Estático,10º Lançamento | Leads
5805,2025 | Outubro,Domingo,Final de Semana,Leads,2025-10-05,topfunnel_cargos_tech_video_v2,83.28,129,7117,30,Cargos_Tecnologia,Video,10º Lançamento | Leads
5874,2025 | Outubro,Domingo,Final de Semana,Leads,2025-10-05,topfunnel_interesses_cloud_video_v2,29.46,39,2646,10,Interesses_Cloud,Video,10º Lançamento | Leads
1389,2025 | Outubro,Segunda-Feira,Dia útil,Leads,2025-10-06,topfunnel_broad_tech_video_v2,12.91,4,686,,Broad_Tecnologia,Video,10º Lançamento | Leads
1774,2025 | Outubro,Segunda-Feira,Dia útil,Leads,2025-10-06,topfunnel_interesses_programacao_estatico_v1,7.98,9,724,2,Interesses_Programacao,Estático,10º Lançamento | Leads
1993,2025 | Outubro,Segunda-Feira,Dia útil,Leads,2025-10-06,topfunnel_broad_tech_estatico_v2,85.51,105,5543,24,Broad_Tecnologia,Estático,10º Lançamento | Leads
2108,2025 | Outubro,Segunda-Feira,Dia útil,Leads,2025-10-06,topfunnel_interesses_cloud_estatico_v1,6.64,10,699,,Interesses_Cloud,Estático,10º Lançamento | Leads
2533,2025 | Outubro,Segunda-Feira,Dia útil,Leads,2025-10-06,topfunnel_interesses_programacao_video_v2,41.76,32,2604,9,Interesses_Programacao,Video,10º Lançamento | Leads
2860,2025 | Outubro,Segunda-Feira,Dia útil,Leads,2025-10-06,topfunnel_interesses_programacao_video_v1,20.13,20,1672,3,Interesses_Programacao,Video,10º Lançamento | Leads
3082,2025 | Outubro,Segunda-Feira,Dia útil,Leads,2025-10-06,topfunnel_broad_tech_estatico_v2,24.39,18,2003,2,Broad_Tecnologia,Estático,10º Lançamento | Leads
3348,2025 | Outubro,Segunda-Feira,Dia útil,Leads,2025-10-06,topfunnel_interesses_programacao_video_v3,24.22,11,1816,1,Interesses_Programacao,Video,10º Lançamento | Leads
3371,2025 | Outubro,Segunda-Feira,Dia útil,Leads,2025-10-06,topfunnel_broad_tech_video_v1,61.99,29,3961,5,Broad_Tecnologia,Video,10º Lançamento | Leads
3463,2025 | Outubro,Segunda-Feira,Dia útil,Awareness,2025-10-06,topfunnel_broad_tech_video_v2,32.82,38,2642,2,Broad_Tecnologia,Video,10º Lançamento | Live
4455,2025 | Outubro,Segunda-Feira,Dia útil,Awareness,2025-10-06,midfunnel_rmkt_60d_estatico_v1,51.34,54,6158,1,Remarketing_60dias,Estático,10º Lançamento | Live
5158,2025 | Outubro,Segunda-Feira,Dia útil,Leads,2025-10-06,topfunnel_cargos_tech_video_v1,6.87,5,785,,Cargos_Tecnologia,Video,10º Lançamento | Leads
2234,2025 | Outubro,Terça-Feira,Dia útil,Leads,2025-10-07,topfunnel_cargos_tech_estatico_v1,18.36,20,2378,1,Cargos_Tecnologia,Estático,10º Lançamento | Vendas
2235,2025 | Outubro,Terça-Feira,Dia útil,Leads,2025-10-07,topfunnel_interesses_programacao_estatico_v1,134.99,111,7552,20,Interesses_Programacao,Estático,10º Lançamento | Leads
2404,2025 | Outubro,Terça-Feira,Dia útil,Leads,2025-10-07,topfunnel_broad_tech_video_v3,48.03,46,2921,4,Broad_Tecnologia,Video,10º Lançamento | Leads
4025,2025 | Outubro,Terça-Feira,Dia útil,Leads,2025-10-07,topfunnel_interesses_programacao_video_v1,54.60,88,5753,15,Interesses_Programacao,Video,10º Lançamento | Leads
4734,2025 | Outubro,Terça-Feira,Dia útil,Leads,2025-10-07,topfunnel_broad_tech_estatico_v1,34.38,11,2557,2,Broad_Tecnologia,Estático,10º Lançamento | Leads
5144,2025 | Outubro,Terça-Feira,Dia útil,Leads,2025-10-07,topfunnel_interesses_programacao_estatico_v1,14.17,26,2017,1,Interesses_Programacao,Estático,10º Lançamento | Leads
5484,2025 | Outubro,Terça-Feira,Dia útil,Leads,2025-10-07,topfunnel_broad_tech_estatico_v2,93.13,34,6248,6,Broad_Tecnologia,Estático,10º Lançamento | Leads
5981,2025 | Outubro,Terça-Feira,Dia útil,Leads,2025-10-07,topfunnel_broad_tech_video_v1,0.00,,0,,Broad_Tecnologia,Video,10º Lançamento | Leads
1364,2025 | Outubro,Quarta-Feira,Dia útil,Leads,2025-10-08,topfunnel_lal1_clientes_estatico_v1,39.41,35,3063,9,LookALike_Clientes_1,Estático,10º Lançamento | Leads
1556,2025 | Outubro,Quarta-Feira,Dia útil,Leads,2025-10-08,topfunnel_cargos_tech_video_v2,15.16,14,1308,1,Cargos_Tecnologia,Video,10º Lançamento | Leads
1650,2025 | Outubro,Quarta-Feira,Dia útil,Leads,2025-10-08,topfunnel_interesses_cloud_video_v3,2.83,3,142,1,Interesses_Cloud,Video,10º Lançamento | Leads
1695,2025 | Outubro,Quarta-Feira,Dia útil,Leads,2025-10-08,topfunnel_lal1_clientes_video_v2,190.53,240,12955,17,LookALike_Clientes_1,Video,10º Lançamento | Leads
2332,2025 | Outubro,Quarta-Feira,Dia útil,Leads,2025-10-08,topfunnel_cargos_tech_video_v1,69.10,62,3663,5,Cargos_Tecnologia,Video,10º Lançamento | Vendas
3380,2025 | Outubro,Quarta-Feira,Dia útil,Leads,2025-10-08,topfunnel_broad_tech_video_v1,84.73,87,6894,9,Broad_Tecnologia,Video,10º Lançamento | Leads
3879,2025 | Outubro,Quarta-Feira,Dia útil,Leads,2025-10-08,topfunnel_interesses_cloud_video_v1,0.00,,0,,Interesses_Cloud,Video,10º Lançamento | Leads
4003,2025 | Outubro,Quarta-Feira,Dia útil,Awareness,2025-10-08,topfunnel_interesses_programacao_video_v1,14.39,6,1131,,Interesses_Programacao,Video,10º Lançamento | Live
4853,2025 | Outubro,Quarta-Feira,Dia útil,Leads,2025-10-08,topfunnel_cargos_tech_video_v2,26.82,50,2207,5,Cargos_Tecnologia,Video,10º Lançamento | Vendas
4961,2025 | Outubro,Quarta-Feira,Dia útil,Leads,2025-10-08,topfunnel_interesses_programacao_video_v1,20.05,48,2121,6,Interesses_Programacao,Video,10º Lançamento | Leads
5271,2025 | Outubro,Quarta-Feira,Dia útil,Leads,2025-10-08,topfunnel_cargos_tech_video_v1,51.30,137,6255,13,Cargos_Tecnologia,Video,10º Lançamento | Leads
5636,2025 | Outubro,Quarta-Feira,Dia útil,Leads,2025-10-08,topfunnel_broad_tech_estatico_v2,95.23,99,5972,4,Broad_Tecnologia,Estático,10º Lançamento | Vendas
1183,2025 | Outubro,Quinta-Feira,Dia útil,Leads,2025-10-09,topfunnel_interesses_programacao_estatico_v1,28.53,11,2367,,Interesses_Programacao,Estático,10º Lançamento | Leads
1264,2025 | Outubro,Quinta-Feira,Dia útil,Leads,2025-10-09,topfunnel_interesses_cloud_estatico_v2,62.73,28,2634,6,Interesses_Cloud,Estático,10º Lançamento | Leads
1542,2025 | Outubro,Quinta-Feira,Dia útil,Leads,2025-10-09,topfunnel_lal1_clientes_estatico_v3,103.79,152,6676,25,LookALike_Clientes_1,Estático,10º Lançamento | Leads
1569,2025 | Outubro,Quinta-Feira,Dia útil,Awareness,2025-10-09,midfunnel_rmkt_60d_video_v2,5.92,7,417,1,Remarketing_60dias,Video,10º Lançamento | Live
2558,2025 | Outubro,Quinta-Feira,Dia útil,Leads,2025-10-09,topfunnel_broad_tech_video_v2,17.07,24,1223,2,Broad_Tecnologia,Video,10º Lançamento | Vendas
2658,2025 | Outubro,Quinta-Feira,Dia útil,Leads,2025-10-09,topfunnel_broad_tech_video_v2,51.14,59,4667,11,Broad_Tecnologia,Video,10º Lançamento | Leads
2752,2025 | Outubro,Quinta-Feira,Dia útil,Leads,2025-10-09,topfunnel_broad_tech_video_v1,9.92,9,1222,1,Broad_Tecnologia,Video,10º Lançamento | Vendas
3327,2025 | Outubro,Quinta-Feira,Dia útil,Leads,2025-10-09,topfunnel_cargos_tech_video_v2,31.34,40,3294,2,Cargos_Tecnologia,Video,10º Lançamento | Leads
3406,2025 | Outubro,Quinta-Feira,Dia útil,Leads,2025-10-09,topfunnel_interesses_cloud_video_v3,8.01,6,416,1,Interesses_Cloud,Video,10º Lançamento | Leads
3555,2025 | Outubro,Quinta-Feira,Dia útil,Leads,2025-10-09,topfunnel_interesses_programacao_video_v3,28.95,34,1813,4,Interesses_Programacao,Video,10º Lançamento | Leads
3977,2025 | Outubro,Quinta-Feira,Dia útil,Leads,2025-10-09,topfunnel_interesses_cloud_estatico_v3,32.13,14,1700,2,Interesses_Cloud,Estático,10º Lançamento | Leads
3993,2025 | Outubro,Quinta-Feira,Dia útil,Leads,2025-10-09,topfunnel_interesses_programacao_estatico_v1,82.43,63,5905,14,Interesses_Programacao,Estático,10º Lançamento | Vendas
4040,2025 | Outubro,Quinta-Feira,Dia útil,Leads,2025-10-09,midfunnel_rmkt_60d_estatico_v2,24.63,7,1065,2,Remarketing_60dias,Estático,10º Lançamento | Leads
4077,2025 | Outubro,Quinta-Feira,Dia útil,Awareness,2025-10-09,topfunnel_interesses_programacao_estatico_v2,3.71,4,484,,Interesses_Programacao,Estático,10º Lançamento | Live
4746,2025 | Outubro,Quinta-Feira,Dia útil,Leads,2025-10-09,topfunnel_interesses_cloud_estatico_v2,34.63,25,1871,5,Interesses_Cloud,Estático,10º Lançamento | Leads
5254,2025 | Outubro,Quinta-Feira,Dia útil,Leads,2025-10-09,midfunnel_rmkt_60d_estatico_v1,38.56,40,1977,11,Remarketing_60dias,Estático,10º Lançamento | Leads
1077,2025 | Outubro,Sexta-Feira,Dia útil,Awareness,2025-10-10,topfunnel_broad_tech_video_v1,42.29,9,1993,,Broad_Tecnologia,Video,10º Lançamento | Live
1218,2025 | Outubro,Sexta-Feira,Dia útil,Leads,2025-10-10,topfunnel_broad_tech_estatico_v1,18.94,14,1225,2,Broad_Tecnologia,Estático,10º Lançamento | Leads
1899,2025 | Outubro,Sexta-Feira,Dia útil,Leads,2025-10-10,midfunnel_rmkt_60d_estatico_v1,14.34,14,914,2,Remarketing_60dias,Estático,10º Lançamento | Leads
2001,2025 | Outubro,Sexta-Feira,Dia útil,Leads,2025-10-10,topfunnel_broad_tech_estatico_v1,69.55,31,5558,3,Broad_Tecnologia,Estático,10º Lançamento | Leads
2161,2025 | Outubro,Sexta-Feira,Dia útil,Leads,2025-10-10,midfunnel_rmkt_60d_estatico_v1,8.47,6,633,1,Remarketing_60dias,Estático,10º Lançamento | Leads
2221,2025 | Outubro,Sexta-Feira,Dia útil,Leads,2025-10-10,midfunnel_rmkt_60d_video_v1,19.73,30,1270,4,Remarketing_60dias,Video,10º Lançamento | Leads
2267,2025 | Outubro,Sexta-Feira,Dia útil,Awareness,2025-10-10,topfunnel_broad_tech_estatico_v1,19.53,16,2509,,Broad_Tecnologia,Estático,10º Lançamento | Live
2591,2025 | Outubro,Sexta-Feira,Dia útil,Leads,2025-10-10,topfunnel_interesses_programacao_video_v1,72.68,208,14563,44,Interesses_Programacao,Video,10º Lançamento | Leads
3141,2025 | Outubro,Sexta-Feira,Dia útil,Leads,2025-10-10,topfunnel_lal1_clientes_video_v2,72.91,84,4675,16,LookALike_Clientes_1,Video,10º Lançamento | Leads
3218,2025 | Outubro,Sexta-Feira,Dia útil,Leads,2025-10-10,topfunnel_lal1_clientes_estatico_v1,41.75,49,5126,2,LookALike_Clientes_1,Estático,10º Lançamento | Leads
3713,2025 | Outubro,Sexta-Feira,Dia útil,Leads,2025-10-10,topfunnel_broad_tech_video_v2,27.23,22,1478,4,Broad_Tecnologia,Video,10º Lançamento | Leads
4204,2025 | Outubro,Sexta-Feira,Dia útil,Leads,2025-10-10,topfunnel_interesses_programacao_estatico_v1,49.71,47,2692,2,Interesses_Programacao,Estático,10º Lançamento | Vendas
4389,2025 | Outubro,Sexta-Feira,Dia útil,Leads,2025-10-10,topfunnel_lal1_clientes_estatico_v1,37.28,15,2989,,LookALike_Clientes_1,Estático,10º Lançamento | Vendas
5063,2025 | Outubro,Sexta-Feira,Dia útil,Leads,2025-10-10,topfunnel_interesses_cloud_estatico_v2,11.42,5,700,,Interesses_Cloud,Estático,10º Lançamento | Leads
5097,2025 | Outubro,Sexta-Feira,Dia útil,Leads,2025-10-10,midfunnel_rmkt_60d_video_v1,38.96,88,3084,10,Remarketing_60dias,Video,10º Lançamento | Leads
5372,2025 | Outubro,Sexta-Feira,Dia útil,Awareness,2025-10-10,topfunnel_broad_tech_video_v1,46.47,18,3648,1,Broad_Tecnologia,Video,10º Lançamento | Live
1495,2025 | Outubro,Sábado,Final de Semana,Leads,2025-10-11,topfunnel_broad_tech_video_v1,0.00,,0,,Broad_Tecnologia,Video,10º Lançamento | Leads
2159,2025 | Outubro,Sábado,Final de Semana,Leads,2025-10-11,topfunnel_interesses_programacao_estatico_v1,33.21,13,1342,4,Interesses_Programacao,Estático,10º Lançamento | Leads
3699,2025 | Outubro,Sábado,Final de Semana,Leads,2025-10-11,topfunnel_broad_tech_estatico_v1,9.57,10,769,2,Broad_Tecnologia,Estático,10º Lançamento | Leads
3943,2025 | Outubro,Sábado,Final de Semana,Awareness,2025-10-11,topfunnel_interesses_cloud_video_v1,28.62,12,1528,,Interesses_Cloud,Video,10º Lançamento | Live
4008,2025 | Outubro,Sábado,Final de Semana,Leads,2025-10-11,midfunnel_rmkt_60d_video_v1,93.65,51,5909,12,Remarketing_60dias,Video,10º Lançamento | Vendas
4055,2025 | Outubro,Sábado,Final de Semana,Leads,2025-10-11,topfunnel_broad_tech_video_v3,80.21,68,6434,14,Broad_Tecnologia,Video,10º Lançamento | Leads
4263,2025 | Outubro,Sábado,Final de Semana,Leads,2025-10-11,topfunnel_interesses_cloud_estatico_v3,62.67,60,4573,13,Interesses_Cloud,Estático,10º Lançamento | Leads
4560,2025 | Outubro,Sábado,Final de Semana,Leads,2025-10-11,topfunnel_interesses_cloud_video_v2,17.54,22,896,4,Interesses_Cloud,Video,10º Lançamento | Leads
5191,2025 | Outubro,Sábado,Final de Semana,Leads,2025-10-11,midfunnel_rmkt_60d_video_v1,88.76,119,4485,6,Remarketing_60dias,Video,10º Lançamento | Leads
5761,2025 | Outubro,Sábado,Final de Semana,Leads,2025-10-11,topfunnel_interesses_cloud_video_v1,126.50,140,6806,30,Interesses_Cloud,Video,10º Lançamento | Leads
5917,2025 | Outubro,Sábado,Final de Semana,Leads,2025-10-11,topfunnel_broad_tech_estatico_v2,29.54,19,2050,5,Broad_Tecnologia,Estático,10º Lançamento | Leads
1290,2025 | Outubro,Domingo,Final de Semana,Awareness,2025-10-12,midfunnel_rmkt_60d_estatico_v1,13.99,3,617,,Remarketing_60dias,Estático,10º Lançamento | Live
2324,2025 | Outubro,Domingo,Final de Semana,Leads,2025-10-12,topfunnel_cargos_tech_video_v1,9.35,19,871,2,Cargos_Tecnologia,Video,10º Lançamento | Leads
2838,2025 | Outubro,Domingo,Final de Semana,Awareness,2025-10-12,topfunnel_broad_tech_estatico_v2,23.53,5,864,,Broad_Tecnologia,Estático,10º Lançamento | Live
4515,2025 | Outubro,Domingo,Final de Semana,Leads,2025-10-12,topfunnel_broad_tech_estatico_v2,64.91,127,12633,9,Broad_Tecnologia,Estático,10º Lançamento | Leads
4726,2025 | Outubro,Domingo,Final de Semana,Leads,2025-10-12,topfunnel_cargos_tech_video_v1,56.10,107,6349,15,Cargos_Tecnologia,Video,10º Lançamento | Leads
1064,2025 | Outubro,Segunda-Feira,Dia útil,Leads,2025-10-13,topfunnel_broad_tech_video_v1,172.23,162,17108,37,Broad_Tecnologia,Video,10º Lançamento | Leads
1479,2025 | Outubro,Segunda-Feira,Dia útil,Leads,2025-10-13,topfunnel_cargos_tech_estatico_v1,42.01,53,2938,13,Cargos_Tecnologia,Estático,10º Lançamento | Leads
1537,2025 | Outubro,Segunda-Feira,Dia útil,Leads,2025-10-13,topfunnel_interesses_programacao_video_v3,9.64,7,570,,Interesses_Programacao,Video,10º Lançamento | Vendas
1944,2025 | Outubro,Segunda-Feira,Dia útil,Leads,2025-10-13,topfunnel_interesses_cloud_video_v2,3.11,5,246,,Interesses_Cloud,Video,10º Lançamento | Leads
1976,2025 | Outubro,Segunda-Feira,Dia útil,Leads,2025-10-13,topfunnel_cargos_tech_video_v3,80.23,24,3843,2,Cargos_Tecnologia,Video,10º Lançamento | Leads
3550,2025 | Outubro,Segunda-Feira,Dia útil,Leads,2025-10-13,topfunnel_interesses_cloud_video_v2,51.49,78,3327,6,Interesses_Cloud,Video,10º Lançamento | Leads
3660,2025 | Outubro,Segunda-Feira,Dia útil,Leads,2025-10-13,topfunnel_cargos_tech_video_v1,56.05,39,5631,3,Cargos_Tecnologia,Video,10º Lançamento | Leads
3685,2025 | Outubro,Segunda-Feira,Dia útil,Leads,2025-10-13,topfunnel_interesses_cloud_video_v1,5.71,5,311,,Interesses_Cloud,Video,10º Lançamento | Leads
4551,2025 | Outubro,Segunda-Feira,Dia útil,Leads,2025-10-13,topfunnel_interesses_programacao_video_v1,73.00,120,5581,9,Interesses_Programacao,Video,10º Lançamento | Leads
5579,2025 | Outubro,Segunda-Feira,Dia útil,Leads,2025-10-13,topfunnel_lal1_clientes_video_v1,46.05,120,4684,15,LookALike_Clientes_1,Video,10º Lançamento | Leads
5659,2025 | Outubro,Segunda-Feira,Dia útil,Leads,2025-10-13,topfunnel_broad_tech_estatico_v2,75.33,76,4821,5,Broad_Tecnologia,Estático,10º Lançamento | Leads
5736,2025 | Outubro,Segunda-Feira,Dia útil,Leads,2025-10-13,midfunnel_rmkt_60d_estatico_v1,8.49,6,349,,Remarketing_60dias,Estático,10º Lançamento | Leads
1164,2025 | Outubro,Terça-Feira,Dia útil,Leads,2025-10-14,topfunnel_interesses_cloud_estatico_v3,29.40,48,2290,11,Interesses_Cloud,Estático,10º Lançamento | Leads
1169,2025 | Outubro,Terça-Feira,Dia útil,Leads,2025-10-14,topfunnel_broad_tech_video_v1,100.27,99,7007,19,Broad_Tecnologia,Video,10º Lançamento | Vendas
1188,2025 | Outubro,Terça-Feira,Dia útil,Leads,2025-10-14,topfunnel_interesses_programacao_video_v2,104.82,53,7698,4,Interesses_Programacao,Video,10º Lançamento | Leads
1754,2025 | Outubro,Terça-Feira,Dia útil,Leads,2025-10-14,topfunnel_cargos_tech_video_v2,4.24,1,248,,Cargos_Tecnologia,Video,10º Lançamento | Leads
2386,2025 | Outubro,Terça-Feira,Dia útil,Leads,2025-10-14,topfunnel_cargos_tech_estatico_v1,97.96,129,9465,28,Cargos_Tecnologia,Estático,10º Lançamento | Leads
2402,2025 | Outubro,Terça-Feira,Dia útil,Leads,2025-10-14,topfunnel_interesses_programacao_estatico_v2,63.80,53,3307,10,Interesses_Programacao,Estático,10º Lançamento | Leads
2569,2025 | Outubro,Terça-Feira,Dia útil,Leads,2025-10-14,topfunnel_interesses_cloud_estatico_v2,55.67,56,3473,13,Interesses_Cloud,Estático,10º Lançamento | Leads
3151,2025 | Outubro,Terça-Feira,Dia útil,Leads,2025-10-14,topfunnel_broad_tech_video_v3,34.27,27,3049,5,Broad_Tecnologia,Video,10º Lançamento | Leads
3174,2025 | Outubro,Terça-Feira,Dia útil,Leads,2025-10-14,topfunnel_lal1_clientes_video_v1,0.00,,0,,LookALike_Clientes_1,Video,10º Lançamento | Leads
3605,2025 | Outubro,Terça-Feira,Dia útil,Leads,2025-10-14,topfunnel_cargos_tech_video_v3,2.58,2,169,,Cargos_Tecnologia,Video,10º Lançamento | Leads
3611,2025 | Outubro,Terça-Feira,Dia útil,Leads,2025-10-14,topfunnel_lal1_clientes_estatico_v2,33.21,51,2744,8,LookALike_Clientes_1,Estático,10º Lançamento | Leads
3985,2025 | Outubro,Terça-Feira,Dia útil,Leads,2025-10-14,topfunnel_cargos_tech_video_v1,66.60,80,5084,20,Cargos_Tecnologia,Video,10º Lançamento | Leads
4048,2025 | Outubro,Terça-Feira,Dia útil,Leads,2025-10-14,topfunnel_interesses_cloud_video_v2,22.29,28,1633,4,Interesses_Cloud,Video,10º Lançamento | Leads
4702,2025 | Outubro,Terça-Feira,Dia útil,Leads,2025-10-14,midfunnel_rmkt_60d_video_v3,42.39,58,2482,4,Remarketing_60dias,Video,10º Lançamento | Leads
4924,2025 | Outubro,Terça-Feira,Dia útil,Leads,2025-10-14,midfunnel_rmkt_60d_video_v2,0.00,,0,,Remarketing_60dias,Video,10º Lançamento | Vendas
5037,2025 | Outubro,Terça-Feira,Dia útil,Leads,2025-10-14,topfunnel_interesses_programacao_estatico_v1,1.48,1,176,,Interesses_Programacao,Estático,10º Lançamento | Leads
5078,2025 | Outubro,Terça-Feira,Dia útil,Leads,2025-10-14,topfunnel_lal1_clientes_video_v2,14.60,19,801,3,LookALike_Clientes_1,Video,10º Lançamento | Leads
5178,2025 | Outubro,Terça-Feira,Dia útil,Leads,2025-10-14,topfunnel_lal1_clientes_video_v2,60.50,173,10555,15,LookALike_Clientes_1,Video,10º Lançamento | Leads
5431,2025 | Outubro,Terça-Feira,Dia útil,Leads,2025-10-14,topfunnel_interesses_cloud_estatico_v1,61.31,53,2828,8,Interesses_Cloud,Estático,10º Lançamento | Leads
5543,2025 | Outubro,Terça-Feira,Dia útil,Leads,2025-10-14,topfunnel_lal1_clientes_estatico_v3,39.23,26,3005,1,LookALike_Clientes_1,Estático,10º Lançamento | Leads
5848,2025 | Outubro,Terça-Feira,Dia útil,Awareness,2025-10-14,topfunnel_interesses_programacao_video_v1,91.67,64,6810,6,Interesses_Programacao,Video,10º Lançamento | Live
1144,2025 | Outubro,Quarta-Feira,Dia útil,Leads,2025-10-15,topfunnel_cargos_tech_estatico_v2,20.95,55,2887,2,Cargos_Tecnologia,Estático,10º Lançamento | Leads
1465,2025 | Outubro,Quarta-Feira,Dia útil,Leads,2025-10-15,midfunnel_rmkt_60d_estatico_v1,122.66,101,7342,26,Remarketing_60dias,Estático,10º Lançamento | Leads
1606,2025 | Outubro,Quarta-Feira,Dia útil,Leads,2025-10-15,topfunnel_interesses_programacao_video_v1,12.76,10,582,2,Interesses_Programacao,Video,10º Lançamento | Leads
2151,2025 | Outubro,Quarta-Feira,Dia útil,Leads,2025-10-15,topfunnel_interesses_cloud_video_v1,1.85,3,117,,Interesses_Cloud,Video,10º Lançamento | Vendas
4071,2025 | Outubro,Quarta-Feira,Dia útil,Leads,2025-10-15,topfunnel_interesses_programacao_estatico_v1,68.75,224,17032,25,Interesses_Programacao,Estático,10º Lançamento | Leads
4120,2025 | Outubro,Quarta-Feira,Dia útil,Leads,2025-10-15,topfunnel_interesses_programacao_video_v2,48.33,60,3366,15,Interesses_Programacao,Video,10º Lançamento | Leads
5779,2025 | Outubro,Quarta-Feira,Dia útil,Leads,2025-10-15,topfunnel_broad_tech_estatico_v2,49.69,29,2383,2,Broad_Tecnologia,Estático,10º Lançamento | Vendas
1376,2025 | Outubro,Quinta-Feira,Dia útil,Leads,2025-10-16,topfunnel_cargos_tech_video_v3,31.81,33,2497,3,Cargos_Tecnologia,Video,10º Lançamento | Vendas
1481,2025 | Outubro,Quinta-Feira,Dia útil,Leads,2025-10-16,topfunnel_lal1_clientes_estatico_v2,140.54,61,7616,3,LookALike_Clientes_1,Estático,10º Lançamento | Vendas
1723,2025 | Outubro,Quinta-Feira,Dia útil,Leads,2025-10-16,topfunnel_lal1_clientes_estatico_v1,0.00,,0,,LookALike_Clientes_1,Estático,10º Lançamento | Leads
2124,2025 | Outubro,Quinta-Feira,Dia útil,Leads,2025-10-16,topfunnel_broad_tech_video_v1,52.65,55,2724,9,Broad_Tecnologia,Video,10º Lançamento | Leads
2186,2025 | Outubro,Quinta-Feira,Dia útil,Leads,2025-10-16,midfunnel_rmkt_60d_video_v1,47.56,28,3432,6,Remarketing_60dias,Video,10º Lançamento | Leads
2409,2025 | Outubro,Quinta-Feira,Dia útil,Awareness,2025-10-16,topfunnel_broad_tech_video_v3,37.46,20,4091,,Broad_Tecnologia,Video,10º Lançamento | Live
2433,2025 | Outubro,Quinta-Feira,Dia útil,Leads,2025-10-16,topfunnel_lal1_clientes_estatico_v1,41.82,16,1833,2,LookALike_Clientes_1,Estático,10º Lançamento | Leads
2878,2025 | Outubro,Quinta-Feira,Dia útil,Leads,2025-10-16,midfunnel_rmkt_60d_estatico_v1,36.52,17,1604,,Remarketing_60dias,Estático,10º Lançamento | Leads
3220,2025 | Outubro,Quinta-Feira,Dia útil,Leads,2025-10-16,topfunnel_cargos_tech_video_v1,0.00,,0,,Cargos_Tecnologia,Video,10º Lançamento | Leads
3645,2025 | Outubro,Quinta-Feira,Dia útil,Leads,2025-10-16,midfunnel_rmkt_60d_estatico_v1,22.06,41,1652,1,Remarketing_60dias,Estático,10º Lançamento | Leads
3869,2025 | Outubro,Quinta-Feira,Dia útil,Leads,2025-10-16,midfunnel_rmkt_60d_video_v2,74.55,59,5716,16,Remarketing_60dias,Video,10º Lançamento | Leads
4129,2025 | Outubro,Quinta-Feira,Dia útil,Awareness,2025-10-16,topfunnel_interesses_programacao_estatico_v2,12.71,7,1045,,Interesses_Programacao,Estático,10º Lançamento | Live
1913,2025 | Outubro,Sexta-Feira,Dia útil,Leads,2025-10-17,topfunnel_broad_tech_video_v1,105.61,92,6079,5,Broad_Tecnologia,Video,10º Lançamento | Leads
2832,2025 | Outubro,Sexta-Feira,Dia útil,Leads,2025-10-17,topfunnel_lal1_clientes_estatico_v2,33.26,24,2457,4,LookALike_Clientes_1,Estático,10º Lançamento | Leads
3149,2025 | Outubro,Sexta-Feira,Dia útil,Leads,2025-10-17,topfunnel_interesses_cloud_video_v1,124.17,191,9237,25,Interesses_Cloud,Video,10º Lançamento | Vendas
3345,2025 | Outubro,Sexta-Feira,Dia útil,Leads,2025-10-17,topfunnel_interesses_programacao_estatico_v1,82.31,87,6772,7,Interesses_Programacao,Estático,10º Lançamento | Vendas
3441,2025 | Outubro,Sexta-Feira,Dia útil,Leads,2025-10-17,topfunnel_broad_tech_video_v3,35.41,24,2036,6,Broad_Tecnologia,Video,10º Lançamento | Leads
3626,2025 | Outubro,Sexta-Feira,Dia útil,Leads,2025-10-17,topfunnel_broad_tech_video_v2,64.46,91,5688,5,Broad_Tecnologia,Video,10º Lançamento | Leads
4541,2025 | Outubro,Sexta-Feira,Dia útil,Leads,2025-10-17,topfunnel_interesses_cloud_estatico_v1,31.52,40,2338,3,Interesses_Cloud,Estático,10º Lançamento | Leads
4571,2025 | Outubro,Sexta-Feira,Dia útil,Leads,2025-10-17,topfunnel_interesses_programacao_video_v1,12.88,18,1117,1,Interesses_Programacao,Video,10º Lançamento | Vendas
5159,2025 | Outubro,Sexta-Feira,Dia útil,Leads,2025-10-17,topfunnel_broad_tech_video_v1,47.28,48,2919,5,Broad_Tecnologia,Video,10º Lançamento | Vendas
5329,2025 | Outubro,Sexta-Feira,Dia útil,Leads,2025-10-17,topfunnel_interesses_cloud_estatico_v3,76.32,47,5466,10,Interesses_Cloud,Estático,10º Lançamento | Leads
5916,2025 | Outubro,Sexta-Feira,Dia útil,Awareness,2025-10-17,topfunnel_interesses_programacao_video_v1,17.00,4,1155,,Interesses_Programacao,Video,10º Lançamento | Live
5991,2025 | Outubro,Sexta-Feira,Dia útil,Leads,2025-10-17,topfunnel_broad_tech_video_v1,0.00,,0,,Broad_Tecnologia,Video,10º Lançamento | Leads
1135,2025 | Outubro,Sábado,Final de Semana,Leads,2025-10-18,topfunnel_interesses_programacao_estatico_v1,29.08,38,2484,1,Interesses_Programacao,Estático,10º Lançamento | Vendas
1502,2025 | Outubro,Sábado,Final de Semana,Leads,2025-10-18,topfunnel_interesses_cloud_video_v1,21.33,26,1131,4,Interesses_Cloud,Video,10º Lançamento | Leads
1518,2025 | Outubro,Sábado,Final de Semana,Leads,2025-10-18,topfunnel_cargos_tech_video_v2,29.87,69,2985,14,Cargos_Tecnologia,Video,10º Lançamento | Leads
1731,2025 | Outubro,Sábado,Final de Semana,Leads,2025-10-18,midfunnel_rmkt_60d_video_v1,56.86,43,2395,4,Remarketing_60dias,Video,10º Lançamento | Leads
1850,2025 | Outubro,Sábado,Final de Semana,Leads,2025-10-18,topfunnel_cargos_tech_video_v1,50.43,45,3099,10,Cargos_Tecnologia,Video,10º Lançamento | Leads
2359,2025 | Outubro,Sábado,Final de Semana,Leads,2025-10-18,midfunnel_rmkt_60d_estatico_v1,20.64,6,1150,,Remarketing_60dias,Estático,10º Lançamento | Vendas
2434,2025 | Outubro,Sábado,Final de Semana,Leads,2025-10-18,topfunnel_interesses_programacao_video_v1,10.86,10,764,1,Interesses_Programacao,Video,10º Lançamento | Leads
3020,2025 | Outubro,Sábado,Final de Semana,Leads,2025-10-18,topfunnel_cargos_tech_video_v1,41.15,17,3371,1,Cargos_Tecnologia,Video,10º Lançamento | Leads
3453,2025 | Outubro,Sábado,Final de Semana,Leads,2025-10-18,topfunnel_broad_tech_video_v2,3.55,4,268,2,Broad_Tecnologia,Video,10º Lançamento | Leads
3588,2025 | Outubro,Sábado,Final de Semana,Awareness,2025-10-18,topfunnel_interesses_cloud_video_v2,0.00,,0,,Interesses_Cloud,Video,10º Lançamento | Live
3615,2025 | Outubro,Sábado,Final de Semana,Leads,2025-10-18,midfunnel_rmkt_60d_video_v2,18.73,12,953,4,Remarketing_60dias,Video,10º Lançamento | Leads
3739,2025 | Outubro,Sábado,Final de Semana,Leads,2025-10-18,topfunnel_interesses_cloud_estatico_v2,10.29,10,630,2,Interesses_Cloud,Estático,10º Lançamento | Leads
4519,2025 | Outubro,Sábado,Final de Semana,Leads,2025-10-18,midfunnel_rmkt_60d_video_v1,19.94,12,1282,3,Remarketing_60dias,Video,10º Lançamento | Leads
4674,2025 | Outubro,Sábado,Final de Semana,Leads,2025-10-18,midfunnel_rmkt_60d_video_v2,4.97,3,276,,Remarketing_60dias,Video,10º Lançamento | Vendas
4747,2025 | Outubro,Sábado,Final de Semana,Leads,2025-10-18,midfunnel_rmkt_60d_video_v2,0.00,,0,,Remarketing_60dias,Video,10º Lançamento | Leads
4859,2025 | Outubro,Sábado,Final de Semana,Leads,2025-10-18,topfunnel_interesses_cloud_video_v1,21.65,24,1081,3,Interesses_Cloud,Video,10º Lançamento | Leads
5455,2025 | Outubro,Sábado,Final de Semana,Leads,2025-10-18,topfunnel_cargos_tech_estatico_v1,22.39,29,2053,2,Cargos_Tecnologia,Estático,10º Lançamento | Leads
5654,2025 | Outubro,Sábado,Final de Semana,Awareness,2025-10-18,midfunnel_rmkt_60d_estatico_v3,36.46,48,2458,3,Remarketing_60dias,Estático,10º Lançamento | Live
1034,2025 | Outubro,Domingo,Final de Semana,Leads,2025-10-19,topfunnel_interesses_programacao_estatico_v1,22.65,9,858,,Interesses_Programacao,Estático,10º Lançamento | Leads
1463,2025 | Outubro,Domingo,Final de Semana,Awareness,2025-10-19,midfunnel_rmkt_60d_estatico_v1,4.79,4,536,,Remarketing_60dias,Estático,10º Lançamento | Live
1921,2025 | Outubro,Domingo,Final de Semana,Leads,2025-10-19,topfunnel_broad_tech_estatico_v1,28.89,27,1519,3,Broad_Tecnologia,Estático,10º Lançamento | Vendas
2319,2025 | Outubro,Domingo,Final de Semana,Leads,2025-10-19,midfunnel_rmkt_60d_estatico_v3,51.97,57,3126,8,Remarketing_60dias,Estático,10º Lançamento | Vendas
2329,2025 | Outubro,Domingo,Final de Semana,Awareness,2025-10-19,topfunnel_broad_tech_estatico_v1,25.14,17,1439,1,Broad_Tecnologia,Estático,10º Lançamento | Live
2858,2025 | Outubro,Domingo,Final de Semana,Leads,2025-10-19,midfunnel_rmkt_60d_estatico_v2,88.69,105,7788,11,Remarketing_60dias,Estático,10º Lançamento | Vendas
3392,2025 | Outubro,Domingo,Final de Semana,Leads,2025-10-19,topfunnel_interesses_cloud_estatico_v2,0.00,,0,,Interesses_Cloud,Estático,10º Lançamento | Leads
3535,2025 | Outubro,Domingo,Final de Semana,Leads,2025-10-19,topfunnel_lal1_clientes_video_v2,38.26,79,3382,22,LookALike_Clientes_1,Video,10º Lançamento | Leads
3918,2025 | Outubro,Domingo,Final de Semana,Leads,2025-10-19,midfunnel_rmkt_60d_estatico_v2,33.42,56,2207,10,Remarketing_60dias,Estático,10º Lançamento | Leads
4093,2025 | Outubro,Domingo,Final de Semana,Leads,2025-10-19,topfunnel_broad_tech_estatico_v1,52.21,13,2515,1,Broad_Tecnologia,Estático,10º Lançamento | Leads
4099,2025 | Outubro,Domingo,Final de Semana,Leads,2025-10-19,topfunnel_interesses_cloud_estatico_v1,46.39,49,2403,3,Interesses_Cloud,Estático,10º Lançamento | Leads
4304,2025 | Outubro,Domingo,Final de Semana,Leads,2025-10-19,topfunnel_broad_tech_video_v3,108.04,71,6822,8,Broad_Tecnologia,Video,10º Lançamento | Leads
4500,2025 | Outubro,Domingo,Final de Semana,Leads,2025-10-19,topfunnel_interesses_programacao_video_v2,0.00,,0,,Interesses_Programacao,Video,10º Lançamento | Vendas
5304,2025 | Outubro,Domingo,Final de Semana,Leads,2025-10-19,topfunnel_broad_tech_estatico_v1,96.23,31,5215,6,Broad_Tecnologia,Estático,10º Lançamento | Leads
5583,2025 | Outubro,Domingo,Final de Semana,Leads,2025-10-19,topfunnel_lal1_clientes_video_v3,4.59,5,356,1,LookALike_Clientes_1,Video,10º Lançamento | Leads
5922,2025 | Outubro,Domingo,Final de Semana,Leads,2025-10-19,topfunnel_broad_tech_estatico_v1,48.07,48,5329,5,Broad_Tecnologia,Estático,10º Lançamento | Leads
5943,2025 | Outubro,Domingo,Final de Semana,Leads,2025-10-19,topfunnel_lal1_clientes_estatico_v1,17.48,28,1469,8,LookALike_Clientes_1,Estático,10º Lançamento | Leads
5999,2025 | Outubro,Domingo,Final de Semana,Leads,2025-10-19,midfunnel_rmkt_60d_video_v2,99.24,291,18354,36,Remarketing_60dias,Video,10º Lançamento | Vendas
1520,2025 | Outubro,Segunda-Feira,Dia útil,Leads,2025-10-20,midfunnel_rmkt_60d_estatico_v2,18.19,36,2299,12,Remarketing_60dias,Estático,10º Lançamento | Leads
2238,2025 | Outubro,Segunda-Feira,Dia útil,Leads,2025-10-20,topfunnel_broad_tech_video_v1,3.32,1,205,,Broad_Tecnologia,Video,10º Lançamento | Leads
2269,2025 | Outubro,Segunda-Feira,Dia útil,Leads,2025-10-20,topfunnel_interesses_programacao_estatico_v2,70.81,81,5186,6,Interesses_Programacao,Estático,10º Lançamento | Leads
2771,2025 | Outubro,Segunda-Feira,Dia útil,Leads,2025-10-20,topfunnel_lal1_clientes_video_v1,0.00,,0,,LookALike_Clientes_1,Video,10º Lançamento | Leads
2957,2025 | Outubro,Segunda-Feira,Dia útil,Leads,2025-10-20,midfunnel_rmkt_60d_video_v1,44.19,139,6175,34,Remarketing_60dias,Video,10º Lançamento | Leads
2974,2025 | Outubro,Segunda-Feira,Dia útil,Leads,2025-10-20,midfunnel_rmkt_60d_estatico_v1,35.69,17,2011,3,Remarketing_60dias,Estático,10º Lançamento | Leads
3461,2025 | Outubro,Segunda-Feira,Dia útil,Leads,2025-10-20,midfunnel_rmkt_60d_estatico_v2,36.75,16,2345,1,Remarketing_60dias,Estático,10º Lançamento | Leads
4090,2025 | Outubro,Segunda-Feira,Dia útil,Leads,2025-10-20,topfunnel_lal1_clientes_estatico_v2,84.11,80,5666,12,LookALike_Clientes_1,Estático,10º Lançamento | Leads
4761,2025 | Outubro,Segunda-Feira,Dia útil,Leads,2025-10-20,topfunnel_cargos_tech_video_v1,69.62,57,4211,14,Cargos_Tecnologia,Video,10º Lançamento | Vendas
4890,2025 | Outubro,Segunda-Feira,Dia útil,Leads,2025-10-20,topfunnel_interesses_programacao_video_v2,0.00,,0,,Interesses_Programacao,Video,10º Lançamento | Leads
4948,2025 | Outubro,Segunda-Feira,Dia útil,Awareness,2025-10-20,topfunnel_interesses_programacao_video_v3,51.00,63,6326,4,Interesses_Programacao,Video,10º Lançamento | Live
1654,2025 | Outubro,Terça-Feira,Dia útil,Leads,2025-10-21,topfunnel_interesses_cloud_estatico_v1,12.69,18,761,2,Interesses_Cloud,Estático,10º Lançamento | Leads
2266,2025 | Outubro,Terça-Feira,Dia útil,Leads,2025-10-21,topfunnel_interesses_cloud_estatico_v1,45.96,53,3054,10,Interesses_Cloud,Estático,10º Lançamento | Leads
2278,2025 | Outubro,Terça-Feira,Dia útil,Leads,2025-10-21,midfunnel_rmkt_60d_video_v2,41.29,31,2965,7,Remarketing_60dias,Video,10º Lançamento | Vendas
2776,2025 | Outubro,Terça-Feira,Dia útil,Awareness,2025-10-21,topfunnel_broad_tech_estatico_v2,4.23,4,296,1,Broad_Tecnologia,Estático,10º Lançamento | Live
3880,2025 | Outubro,Terça-Feira,Dia útil,Leads,2025-10-21,midfunnel_rmkt_60d_estatico_v3,23.83,26,2007,10,Remarketing_60dias,Estático,10º Lançamento | Leads
3989,2025 | Outubro,Terça-Feira,Dia útil,Leads,2025-10-21,topfunnel_broad_tech_video_v2,5.84,4,337,,Broad_Tecnologia,Video,10º Lançamento | Leads
4404,2025 | Outubro,Terça-Feira,Dia útil,Awareness,2025-10-21,topfunnel_broad_tech_video_v1,37.32,75,5450,2,Broad_Tecnologia,Video,10º Lançamento | Live
4504,2025 | Outubro,Terça-Feira,Dia útil,Leads,2025-10-21,topfunnel_interesses_cloud_video_v1,6.11,3,421,1,Interesses_Cloud,Video,10º Lançamento | Leads
4813,2025 | Outubro,Terça-Feira,Dia útil,Awareness,2025-10-21,topfunnel_lal1_clientes_video_v2,4.76,9,467,,LookALike_Clientes_1,Video,10º Lançamento | Live
4949,2025 | Outubro,Terça-Feira,Dia útil,Leads,2025-10-21,topfunnel_interesses_programacao_estatico_v1,0.00,,0,,Interesses_Programacao,Estático,10º Lançamento | Leads
5058,2025 | Outubro,Terça-Feira,Dia útil,Leads,2025-10-21,midfunnel_rmkt_60d_video_v1,14.38,29,919,6,Remarketing_60dias,Video,10º Lançamento | Leads
5683,2025 | Outubro,Terça-Feira,Dia útil,Leads,2025-10-21,topfunnel_interesses_cloud_video_v1,12.49,22,972,3,Interesses_Cloud,Video,10º Lançamento | Leads
5778,2025 | Outubro,Terça-Feira,Dia útil,Leads,2025-10-21,topfunnel_cargos_tech_estatico_v1,133.31,121,7420,16,Cargos_Tecnologia,Estático,10º Lançamento | Leads
1008,2025 | Outubro,Quarta-Feira,Dia útil,Leads,2025-10-22,topfunnel_broad_tech_video_v1,67.08,109,7776,25,Broad_Tecnologia,Video,10º Lançamento | Leads
1298,2025 | Outubro,Quarta-Feira,Dia útil,Leads,2025-10-22,topfunnel_broad_tech_estatico_v2,0.00,,0,,Broad_Tecnologia,Estático,10º Lançamento | Leads
1709,2025 | Outubro,Quarta-Feira,Dia útil,Leads,2025-10-22,topfunnel_broad_tech_estatico_v2,32.71,24,1634,2,Broad_Tecnologia,Estático,10º Lançamento | Leads
2455,2025 | Outubro,Quarta-Feira,Dia útil,Leads,2025-10-22,topfunnel_broad_tech_estatico_v1,31.58,31,1798,4,Broad_Tecnologia,Estático,10º Lançamento | Leads
2494,2025 | Outubro,Quarta-Feira,Dia útil,Leads,2025-10-22,topfunnel_broad_tech_estatico_v1,4.39,4,229,,Broad_Tecnologia,Estático,10º Lançamento | Leads
2535,2025 | Outubro,Quarta-Feira,Dia útil,Leads,2025-10-22,topfunnel_cargos_tech_estatico_v1,10.02,16,772,2,Cargos_Tecnologia,Estático,10º Lançamento | Leads
3139,2025 | Outubro,Quarta-Feira,Dia útil,Leads,2025-10-22,topfunnel_cargos_tech_video_v1,85.92,65,6483,15,Cargos_Tecnologia,Video,10º Lançamento | Leads
3212,2025 | Outubro,Quarta-Feira,Dia útil,Leads,2025-10-22,topfunnel_lal1_clientes_video_v2,92.51,82,6041,16,LookALike_Clientes_1,Video,10º Lançamento | Leads
3292,2025 | Outubro,Quarta-Feira,Dia útil,Leads,2025-10-22,topfunnel_broad_tech_video_v1,43.97,38,3126,9,Broad_Tecnologia,Video,10º Lançamento | Leads
4154,2025 | Outubro,Quarta-Feira,Dia útil,Leads,2025-10-22,topfunnel_interesses_cloud_video_v2,51.66,39,3081,9,Interesses_Cloud,Video,10º Lançamento | Leads
4276,2025 | Outubro,Quarta-Feira,Dia útil,Leads,2025-10-22,topfunnel_interesses_programacao_estatico_v2,64.54,78,4456,11,Interesses_Programacao,Estático,10º Lançamento | Vendas
4298,2025 | Outubro,Quarta-Feira,Dia útil,Leads,2025-10-22,topfunnel_cargos_tech_video_v3,38.23,29,1999,5,Cargos_Tecnologia,Video,10º Lançamento | Leads
4342,2025 | Outubro,Quarta-Feira,Dia útil,Leads,2025-10-22,midfunnel_rmkt_60d_estatico_v2,20.13,37,1602,5,Remarketing_60dias,Estático,10º Lançamento | Vendas
5043,2025 | Outubro,Quarta-Feira,Dia útil,Leads,2025-10-22,topfunnel_cargos_tech_video_v1,0.00,,0,,Cargos_Tecnologia,Video,10º Lançamento | Leads
5046,2025 | Outubro,Quarta-Feira,Dia útil,Leads,2025-10-22,topfunnel_broad_tech_video_v1,133.98,41,7294,8,Broad_Tecnologia,Video,10º Lançamento | Leads
5223,2025 | Outubro,Quarta-Feira,Dia útil,Leads,2025-10-22,topfunnel_cargos_tech_video_v2,74.27,52,6630,7,Cargos_Tecnologia,Video,10º Lançamento | Leads
5371,2025 | Outubro,Quarta-Feira,Dia útil,Leads,2025-10-22,midfunnel_rmkt_60d_estatico_v1,21.97,8,1653,1,Remarketing_60dias,Estático,10º Lançamento | Leads
5437,2025 | Outubro,Quarta-Feira,Dia útil,Leads,2025-10-22,topfunnel_interesses_cloud_estatico_v1,43.18,93,4312,7,Interesses_Cloud,Estático,10º Lançamento | Leads
1574,2025 | Outubro,Quinta-Feira,Dia útil,Leads,2025-10-23,topfunnel_broad_tech_video_v1,48.56,66,3353,11,Broad_Tecnologia,Video,10º Lançamento | Leads
1619,2025 | Outubro,Quinta-Feira,Dia útil,Leads,2025-10-23,topfunnel_lal1_clientes_video_v1,24.95,7,1333,,LookALike_Clientes_1,Video,10º Lançamento | Leads
1776,2025 | Outubro,Quinta-Feira,Dia útil,Leads,2025-10-23,midfunnel_rmkt_60d_estatico_v1,16.32,12,1029,2,Remarketing_60dias,Estático,10º Lançamento | Leads
1831,2025 | Outubro,Quinta-Feira,Dia útil,Leads,2025-10-23,topfunnel_interesses_cloud_estatico_v1,40.45,35,2151,1,Interesses_Cloud,Estático,10º Lançamento | Leads
2051,2025 | Outubro,Quinta-Feira,Dia útil,Leads,2025-10-23,topfunnel_lal1_clientes_video_v1,28.96,16,1763,3,LookALike_Clientes_1,Video,10º Lançamento | Leads
2435,2025 | Outubro,Quinta-Feira,Dia útil,Leads,2025-10-23,topfunnel_broad_tech_estatico_v2,66.20,55,3667,10,Broad_Tecnologia,Estático,10º Lançamento | Leads
2921,2025 | Outubro,Quinta-Feira,Dia útil,Awareness,2025-10-23,topfunnel_lal1_clientes_video_v1,24.73,32,1762,1,LookALike_Clientes_1,Video,10º Lançamento | Live
3025,2025 | Outubro,Quinta-Feira,Dia útil,Leads,2025-10-23,topfunnel_interesses_programacao_estatico_v1,78.58,25,3991,4,Interesses_Programacao,Estático,10º Lançamento | Leads
3232,2025 | Outubro,Quinta-Feira,Dia útil,Leads,2025-10-23,topfunnel_interesses_cloud_video_v2,29.40,98,4381,10,Interesses_Cloud,Video,10º Lançamento | Leads
3509,2025 | Outubro,Quinta-Feira,Dia útil,Leads,2025-10-23,topfunnel_lal1_clientes_video_v2,35.64,22,1832,6,LookALike_Clientes_1,Video,10º Lançamento | Leads
3864,2025 | Outubro,Quinta-Feira,Dia útil,Awareness,2025-10-23,topfunnel_interesses_programacao_video_v3,59.95,96,5761,3,Interesses_Programacao,Video,10º Lançamento | Live
5180,2025 | Outubro,Quinta-Feira,Dia útil,Leads,2025-10-23,topfunnel_broad_tech_video_v1,98.77,105,6339,27,Broad_Tecnologia,Video,10º Lançamento | Leads
5189,2025 | Outubro,Quinta-Feira,Dia útil,Leads,2025-10-23,topfunnel_interesses_cloud_video_v1,86.73,41,6548,5,Interesses_Cloud,Video,10º Lançamento | Leads
5439,2025 | Outubro,Quinta-Feira,Dia útil,Leads,2025-10-23,midfunnel_rmkt_60d_video_v2,97.84,205,6967,47,Remarketing_60dias,Video,10º Lançamento | Leads
1052,2025 | Outubro,Sexta-Feira,Dia útil,Leads,2025-10-24,topfunnel_lal1_clientes_estatico_v1,31.46,14,1340,,LookALike_Clientes_1,Estático,10º Lançamento | Leads
1247,2025 | Outubro,Sexta-Feira,Dia útil,Leads,2025-10-24,topfunnel_broad_tech_estatico_v3,16.02,17,895,3,Broad_Tecnologia,Estático,10º Lançamento | Leads
2447,2025 | Outubro,Sexta-Feira,Dia útil,Leads,2025-10-24,topfunnel_broad_tech_video_v1,33.28,37,2316,7,Broad_Tecnologia,Video,10º Lançamento | Leads
3298,2025 | Outubro,Sexta-Feira,Dia útil,Leads,2025-10-24,topfunnel_interesses_cloud_video_v3,87.24,173,8573,24,Interesses_Cloud,Video,10º Lançamento | Leads
3430,2025 | Outubro,Sexta-Feira,Dia útil,Leads,2025-10-24,topfunnel_interesses_programacao_video_v2,10.21,12,700,1,Interesses_Programacao,Video,10º Lançamento | Leads
3526,2025 | Outubro,Sexta-Feira,Dia útil,Awareness,2025-10-24,midfunnel_rmkt_60d_video_v1,49.45,39,2739,1,Remarketing_60dias,Video,10º Lançamento | Live
4415,2025 | Outubro,Sexta-Feira,Dia útil,Awareness,2025-10-24,topfunnel_lal1_clientes_video_v3,13.64,9,983,2,LookALike_Clientes_1,Video,10º Lançamento | Live
4432,2025 | Outubro,Sexta-Feira,Dia útil,Leads,2025-10-24,topfunnel_lal1_clientes_video_v2,39.75,51,1856,3,LookALike_Clientes_1,Video,10º Lançamento | Leads
4484,2025 | Outubro,Sexta-Feira,Dia útil,Leads,2025-10-24,topfunnel_interesses_cloud_video_v1,104.36,78,5239,14,Interesses_Cloud,Video,10º Lançamento | Leads
5454,2025 | Outubro,Sexta-Feira,Dia útil,Leads,2025-10-24,midfunnel_rmkt_60d_estatico_v1,53.71,33,3406,2,Remarketing_60dias,Estático,10º Lançamento | Leads
5754,2025 | Outubro,Sexta-Feira,Dia útil,Leads,2025-10-24,topfunnel_lal1_clientes_estatico_v1,25.71,42,1753,12,LookALike_Clientes_1,Estático,10º Lançamento | Leads
5852,2025 | Outubro,Sexta-Feira,Dia útil,Leads,2025-10-24,topfunnel_broad_tech_video_v2,53.44,76,4126,11,Broad_Tecnologia,Video,10º Lançamento | Leads
1338,2025 | Outubro,Sábado,Final de Semana,Leads,2025-10-25,topfunnel_cargos_tech_video_v3,46.69,33,3542,3,Cargos_Tecnologia,Video,10º Lançamento | Leads
2657,2025 | Outubro,Sábado,Final de Semana,Leads,2025-10-25,topfunnel_lal1_clientes_video_v2,0.00,,0,,LookALike_Clientes_1,Video,10º Lançamento | Leads
3631,2025 | Outubro,Sábado,Final de Semana,Leads,2025-10-25,topfunnel_interesses_programacao_video_v1,38.27,38,2548,10,Interesses_Programacao,Video,10º Lançamento | Leads
4698,2025 | Outubro,Sábado,Final de Semana,Leads,2025-10-25,topfunnel_cargos_tech_video_v2,41.38,46,2665,12,Cargos_Tecnologia,Video,10º Lançamento | Leads
4931,2025 | Outubro,Sábado,Final de Semana,Leads,2025-10-25,topfunnel_broad_tech_estatico_v1,52.18,29,2310,5,Broad_Tecnologia,Estático,10º Lançamento | Leads
1875,2025 | Outubro,Domingo,Final de Semana,Leads,2025-10-26,topfunnel_interesses_programacao_estatico_v3,29.42,45,2633,10,Interesses_Programacao,Estático,10º Lançamento | Leads
2393,2025 | Outubro,Domingo,Final de Semana,Leads,2025-10-26,topfunnel_interesses_cloud_video_v2,0.00,,0,,Interesses_Cloud,Video,10º Lançamento | Leads
2660,2025 | Outubro,Domingo,Final de Semana,Awareness,2025-10-26,topfunnel_lal1_clientes_estatico_v2,23.99,17,3433,2,LookALike_Clientes_1,Estático,10º Lançamento | Live
3336,2025 | Outubro,Domingo,Final de Semana,Leads,2025-10-26,midfunnel_rmkt_60d_video_v3,53.16,124,4593,23,Remarketing_60dias,Video,10º Lançamento | Vendas
3625,2025 | Outubro,Domingo,Final de Semana,Awareness,2025-10-26,topfunnel_broad_tech_video_v1,21.67,11,2497,,Broad_Tecnologia,Video,10º Lançamento | Live
4514,2025 | Outubro,Domingo,Final de Semana,Leads,2025-10-26,topfunnel_lal1_clientes_video_v1,64.19,93,4841,8,LookALike_Clientes_1,Video,10º Lançamento | Leads
5091,2025 | Outubro,Domingo,Final de Semana,Leads,2025-10-26,topfunnel_cargos_tech_video_v1,0.52,,31,,Cargos_Tecnologia,Video,10º Lançamento | Leads
5884,2025 | Outubro,Domingo,Final de Semana,Leads,2025-10-26,topfunnel_interesses_programacao_video_v1,24.74,30,1757,2,Interesses_Programacao,Video,10º Lançamento | Leads
1436,2025 | Outubro,Segunda-Feira,Dia útil,Leads,2025-10-27,topfunnel_interesses_cloud_video_v1,174.76,235,9763,20,Interesses_Cloud,Video,10º Lançamento | Leads
1837,2025 | Outubro,Segunda-Feira,Dia útil,Leads,2025-10-27,topfunnel_interesses_programacao_video_v2,18.90,23,1079,,Interesses_Programacao,Video,10º Lançamento | Leads
2086,2025 | Outubro,Segunda-Feira,Dia útil,Leads,2025-10-27,topfunnel_interesses_cloud_estatico_v1,60.92,40,3490,3,Interesses_Cloud,Estático,10º Lançamento | Leads
2113,2025 | Outubro,Segunda-Feira,Dia útil,Leads,2025-10-27,topfunnel_lal1_clientes_video_v1,19.05,27,1954,2,LookALike_Clientes_1,Video,10º Lançamento | Leads
2581,2025 | Outubro,Segunda-Feira,Dia útil,Leads,2025-10-27,topfunnel_lal1_clientes_video_v1,40.48,48,2597,13,LookALike_Clientes_1,Video,10º Lançamento | Leads
4354,2025 | Outubro,Segunda-Feira,Dia útil,Leads,2025-10-27,midfunnel_rmkt_60d_video_v1,91.83,80,4429,11,Remarketing_60dias,Video,10º Lançamento | Leads
4572,2025 | Outubro,Segunda-Feira,Dia útil,Leads,2025-10-27,topfunnel_interesses_cloud_video_v2,38.25,37,1644,2,Interesses_Cloud,Video,10º Lançamento | Vendas
4634,2025 | Outubro,Segunda-Feira,Dia útil,Leads,2025-10-27,topfunnel_broad_tech_estatico_v2,34.75,11,2025,1,Broad_Tecnologia,Estático,10º Lançamento | Leads
4680,2025 | Outubro,Segunda-Feira,Dia útil,Leads,2025-10-27,topfunnel_interesses_programacao_video_v3,23.16,34,1486,10,Interesses_Programacao,Video,10º Lançamento | Leads
5330,2025 | Outubro,Segunda-Feira,Dia útil,Leads,2025-10-27,topfunnel_interesses_programacao_estatico_v1,25.13,25,1750,6,Interesses_Programacao,Estático,10º Lançamento | Leads
5438,2025 | Outubro,Segunda-Feira,Dia útil,Leads,2025-10-27,topfunnel_interesses_programacao_estatico_v1,11.57,19,851,2,Interesses_Programacao,Estático,10º Lançamento | Leads
1534,2025 | Outubro,Terça-Feira,Dia útil,Leads,2025-10-28,topfunnel_interesses_programacao_video_v1,33.70,39,2091,11,Interesses_Programacao,Video,10º Lançamento | Leads
1701,2025 | Outubro,Terça-Feira,Dia útil,Awareness,2025-10-28,topfunnel_interesses_cloud_estatico_v1,10.26,19,1065,,Interesses_Cloud,Estático,10º Lançamento | Live
1848,2025 | Outubro,Terça-Feira,Dia útil,Leads,2025-10-28,midfunnel_rmkt_60d_video_v1,78.84,95,6487,23,Remarketing_60dias,Video,10º Lançamento | Leads
2118,2025 | Outubro,Terça-Feira,Dia útil,Leads,2025-10-28,topfunnel_lal1_clientes_video_v3,51.61,40,2745,3,LookALike_Clientes_1,Video,10º Lançamento | Leads
2290,2025 | Outubro,Terça-Feira,Dia útil,Leads,2025-10-28,midfunnel_rmkt_60d_video_v3,123.48,251,9474,70,Remarketing_60dias,Video,10º Lançamento | Leads
2595,2025 | Outubro,Terça-Feira,Dia útil,Awareness,2025-10-28,topfunnel_broad_tech_video_v1,47.48,44,2565,4,Broad_Tecnologia,Video,10º Lançamento | Live
3055,2025 | Outubro,Terça-Feira,Dia útil,Leads,2025-10-28,topfunnel_interesses_programacao_video_v1,34.22,49,2297,7,Interesses_Programacao,Video,10º Lançamento | Leads
3165,2025 | Outubro,Terça-Feira,Dia útil,Leads,2025-10-28,topfunnel_interesses_programacao_video_v1,5.56,,344,,Interesses_Programacao,Video,10º Lançamento | Leads
3574,2025 | Outubro,Terça-Feira,Dia útil,Leads,2025-10-28,topfunnel_broad_tech_estatico_v1,15.32,17,822,3,Broad_Tecnologia,Estático,10º Lançamento | Leads
4285,2025 | Outubro,Terça-Feira,Dia útil,Leads,2025-10-28,topfunnel_broad_tech_estatico_v2,29.68,29,1886,5,Broad_Tecnologia,Estático,10º Lançamento | Leads
4845,2025 | Outubro,Terça-Feira,Dia útil,Awareness,2025-10-28,topfunnel_cargos_tech_video_v2,37.13,32,1932,2,Cargos_Tecnologia,Video,10º Lançamento | Live
5132,2025 | Outubro,Terça-Feira,Dia útil,Leads,2025-10-28,topfunnel_broad_tech_video_v3,164.46,124,12066,21,Broad_Tecnologia,Video,10º Lançamento | Leads
5150,2025 | Outubro,Terça-Feira,Dia útil,Leads,2025-10-28,topfunnel_interesses_cloud_video_v1,18.43,10,1044,2,Interesses_Cloud,Video,10º Lançamento | Leads
5352,2025 | Outubro,Terça-Feira,Dia útil,Leads,2025-10-28,topfunnel_interesses_programacao_video_v1,64.03,66,5946,10,Interesses_Programacao,Video,10º Lançamento | Leads
5356,2025 | Outubro,Terça-Feira,Dia útil,Leads,2025-10-28,topfunnel_cargos_tech_estatico_v1,59.50,81,4662,3,Cargos_Tecnologia,Estático,10º Lançamento | Leads
5603,2025 | Outubro,Terça-Feira,Dia útil,Leads,2025-10-28,midfunnel_rmkt_60d_video_v1,0.00,,0,,Remarketing_60dias,Video,10º Lançamento | Leads
5631,2025 | Outubro,Terça-Feira,Dia útil,Leads,2025-10-28,topfunnel_broad_tech_estatico_v1,112.33,134,8321,22,Broad_Tecnologia,Estático,10º Lançamento | Leads
1510,2025 | Outubro,Quarta-Feira,Dia útil,Leads,2025-10-29,topfunnel_interesses_programacao_estatico_v2,23.92,36,1841,2,Interesses_Programacao,Estático,10º Lançamento | Leads
1861,2025 | Outubro,Quarta-Feira,Dia útil,Leads,2025-10-29,topfunnel_lal1_clientes_estatico_v2,73.92,89,6849,11,LookALike_Clientes_1,Estático,10º Lançamento | Leads
1892,2025 | Outubro,Quarta-Feira,Dia útil,Leads,2025-10-29,topfunnel_broad_tech_estatico_v2,146.27,148,7979,32,Broad_Tecnologia,Estático,10º Lançamento | Leads
2140,2025 | Outubro,Quarta-Feira,Dia útil,Leads,2025-10-29,topfunnel_interesses_cloud_video_v1,51.47,60,2539,10,Interesses_Cloud,Video,10º Lançamento | Leads
2949,2025 | Outubro,Quarta-Feira,Dia útil,Leads,2025-10-29,midfunnel_rmkt_60d_estatico_v3,23.46,28,1404,4,Remarketing_60dias,Estático,10º Lançamento | Vendas
3266,2025 | Outubro,Quarta-Feira,Dia útil,Leads,2025-10-29,topfunnel_lal1_clientes_video_v1,64.91,50,5287,7,LookALike_Clientes_1,Video,10º Lançamento | Leads
3523,2025 | Outubro,Quarta-Feira,Dia útil,Leads,2025-10-29,topfunnel_interesses_cloud_estatico_v1,17.85,15,923,1,Interesses_Cloud,Estático,10º Lançamento | Leads
3680,2025 | Outubro,Quarta-Feira,Dia útil,Leads,2025-10-29,midfunnel_rmkt_60d_estatico_v3,58.96,63,4015,10,Remarketing_60dias,Estático,10º Lançamento | Leads
3857,2025 | Outubro,Quarta-Feira,Dia útil,Leads,2025-10-29,topfunnel_cargos_tech_estatico_v2,30.12,16,1583,4,Cargos_Tecnologia,Estático,10º Lançamento | Leads
4147,2025 | Outubro,Quarta-Feira,Dia útil,Leads,2025-10-29,topfunnel_broad_tech_estatico_v3,0.00,,0,,Broad_Tecnologia,Estático,10º Lançamento | Leads
4223,2025 | Outubro,Quarta-Feira,Dia útil,Leads,2025-10-29,midfunnel_rmkt_60d_estatico_v1,14.62,18,1032,5,Remarketing_60dias,Estático,10º Lançamento | Leads
4322,2025 | Outubro,Quarta-Feira,Dia útil,Awareness,2025-10-29,topfunnel_cargos_tech_estatico_v1,9.41,3,574,,Cargos_Tecnologia,Estático,10º Lançamento | Live
4494,2025 | Outubro,Quarta-Feira,Dia útil,Leads,2025-10-29,midfunnel_rmkt_60d_estatico_v1,18.35,15,983,,Remarketing_60dias,Estático,10º Lançamento | Leads
4531,2025 | Outubro,Quarta-Feira,Dia útil,Leads,2025-10-29,topfunnel_broad_tech_video_v1,135.95,102,9065,6,Broad_Tecnologia,Video,10º Lançamento | Leads
4879,2025 | Outubro,Quarta-Feira,Dia útil,Leads,2025-10-29,topfunnel_interesses_programacao_video_v2,8.95,10,556,1,Interesses_Programacao,Video,10º Lançamento | Vendas
5749,2025 | Outubro,Quarta-Feira,Dia útil,Leads,2025-10-29,topfunnel_broad_tech_estatico_v3,141.67,144,7421,26,Broad_Tecnologia,Estático,10º Lançamento | Leads
1086,2025 | Outubro,Quinta-Feira,Dia útil,Awareness,2025-10-30,topfunnel_broad_tech_video_v1,32.97,42,2656,2,Broad_Tecnologia,Video,10º Lançamento | Live
1119,2025 | Outubro,Quinta-Feira,Dia útil,Leads,2025-10-30,midfunnel_rmkt_60d_video_v1,62.42,65,3823,10,Remarketing_60dias,Video,10º Lançamento | Leads
1572,2025 | Outubro,Quinta-Feira,Dia útil,Awareness,2025-10-30,topfunnel_cargos_tech_estatico_v1,40.16,17,2288,,Cargos_Tecnologia,Estático,10º Lançamento | Live
1761,2025 | Outubro,Quinta-Feira,Dia útil,Leads,2025-10-30,topfunnel_broad_tech_video_v1,34.59,11,1749,1,Broad_Tecnologia,Video,10º Lançamento | Leads
2102,2025 | Outubro,Quinta-Feira,Dia útil,Leads,2025-10-30,topfunnel_lal1_clientes_estatico_v1,22.02,19,2433,1,LookALike_Clientes_1,Estático,10º Lançamento | Leads
2222,2025 | Outubro,Quinta-Feira,Dia útil,Leads,2025-10-30,topfunnel_cargos_tech_estatico_v1,45.43,140,6993,37,Cargos_Tecnologia,Estático,10º Lançamento | Leads
2226,2025 | Outubro,Quinta-Feira,Dia útil,Leads,2025-10-30,topfunnel_interesses_cloud_estatico_v1,23.56,17,1223,5,Interesses_Cloud,Estático,10º Lançamento | Leads
2625,2025 | Outubro,Quinta-Feira,Dia útil,Leads,2025-10-30,topfunnel_broad_tech_video_v1,60.46,100,5955,24,Broad_Tecnologia,Video,10º Lançamento | Leads
2815,2025 | Outubro,Quinta-Feira,Dia útil,Leads,2025-10-30,topfunnel_interesses_cloud_estatico_v3,43.27,34,2416,7,Interesses_Cloud,Estático,10º Lançamento | Leads
3111,2025 | Outubro,Quinta-Feira,Dia útil,Leads,2025-10-30,topfunnel_cargos_tech_video_v2,51.08,48,3975,10,Cargos_Tecnologia,Video,10º Lançamento | Leads
4084,2025 | Outubro,Quinta-Feira,Dia útil,Leads,2025-10-30,midfunnel_rmkt_60d_estatico_v2,150.09,109,11775,9,Remarketing_60dias,Estático,10º Lançamento | Leads
4094,2025 | Outubro,Quinta-Feira,Dia útil,Leads,2025-10-30,topfunnel_cargos_tech_video_v2,139.88,94,10604,9,Cargos_Tecnologia,Video,10º Lançamento | Vendas
4296,2025 | Outubro,Quinta-Feira,Dia útil,Leads,2025-10-30,topfunnel_broad_tech_estatico_v1,62.16,19,3875,1,Broad_Tecnologia,Estático,10º Lançamento | Leads
4485,2025 | Outubro,Quinta-Feira,Dia útil,Leads,2025-10-30,midfunnel_rmkt_60d_estatico_v1,21.06,43,1705,2,Remarketing_60dias,Estático,10º Lançamento | Leads
4636,2025 | Outubro,Quinta-Feira,Dia útil,Awareness,2025-10-30,topfunnel_broad_tech_video_v1,0.00,,0,,Broad_Tecnologia,Video,10º Lançamento | Live
4654,2025 | Outubro,Quinta-Feira,Dia útil,Leads,2025-10-30,topfunnel_broad_tech_estatico_v1,60.57,114,5761,22,Broad_Tecnologia,Estático,10º Lançamento | Leads
4794,2025 | Outubro,Quinta-Feira,Dia útil,Leads,2025-10-30,topfunnel_interesses_programacao_video_v3,34.19,31,1686,1,Interesses_Programacao,Video,10º Lançamento | Leads
5099,2025 | Outubro,Quinta-Feira,Dia útil,Leads,2025-10-30,topfunnel_broad_tech_video_v3,128.04,204,10937,20,Broad_Tecnologia,Video,10º Lançamento | Leads
5333,2025 | Outubro,Quinta-Feira,Dia útil,Leads,2025-10-30,topfunnel_broad_tech_video_v1,97.84,78,5539,11,Broad_Tecnologia,Video,10º Lançamento | Leads
5428,2025 | Outubro,Quinta-Feira,Dia útil,Awareness,2025-10-30,topfunnel_broad_tech_video_v2,56.02,13,2975,1,Broad_Tecnologia,Video,10º Lançamento | Live
5535,2025 | Outubro,Quinta-Feira,Dia útil,Leads,2025-10-30,topfunnel_broad_tech_estatico_v1,0.00,,0,,Broad_Tecnologia,Estático,10º Lançamento | Leads
5724,2025 | Outubro,Quinta-Feira,Dia útil,Leads,2025-10-30,topfunnel_broad_tech_estatico_v2,13.25,14,884,2,Broad_Tecnologia,Estático,10º Lançamento | Vendas
1771,2025 | Outubro,Sexta-Feira,Dia útil,Leads,2025-10-31,topfunnel_interesses_programacao_video_v3,0.90,,41,,Interesses_Programacao,Video,10º Lançamento | Leads
2320,2025 | Outubro,Sexta-Feira,Dia útil,Leads,2025-10-31,topfunnel_lal1_clientes_video_v2,62.90,67,3185,15,LookALike_Clientes_1,Video,10º Lançamento | Leads
2330,2025 | Outubro,Sexta-Feira,Dia útil,Leads,2025-10-31,topfunnel_broad_tech_video_v1,95.94,80,4368,11,Broad_Tecnologia,Video,10º Lançamento | Leads
2377,2025 | Outubro,Sexta-Feira,Dia útil,Leads,2025-10-31,topfunnel_interesses_programacao_estatico_v1,95.60,82,8279,7,Interesses_Programacao,Estático,10º Lançamento | Leads
2566,2025 | Outubro,Sexta-Feira,Dia útil,Leads,2025-10-31,topfunnel_lal1_clientes_estatico_v3,91.92,32,4036,7,LookALike_Clientes_1,Estático,10º Lançamento | Leads
3224,2025 | Outubro,Sexta-Feira,Dia útil,Leads,2025-10-31,topfunnel_cargos_tech_estatico_v2,151.37,116,11633,28,Cargos_Tecnologia,Estático,10º Lançamento | Leads
3909,2025 | Outubro,Sexta-Feira,Dia útil,Leads,2025-10-31,midfunnel_rmkt_60d_video_v1,124.38,260,9580,67,Remarketing_60dias,Video,10º Lançamento | Leads
4800,2025 | Outubro,Sexta-Feira,Dia útil,Leads,2025-10-31,midfunnel_rmkt_60d_estatico_v3,3.78,6,514,1,Remarketing_60dias,Estático,10º Lançamento | Vendas
5798,2025 | Outubro,Sexta-Feira,Dia útil,Leads,2025-10-31,midfunnel_rmkt_60d_estatico_v1,0.00,,0,,Remarketing_60dias,Estático,10º Lançamento | Leads
5802,2025 | Outubro,Sexta-Feira,Dia útil,Leads,2025-10-31,topfunnel_cargos_tech_video_v1,3.82,2,173,,Cargos_Tecnologia,Video,10º Lançamento | Leads
1415,2025 | Novembro,Sábado,Final de Semana,Leads,2025-11-01,topfunnel_lal1_clientes_video_v2,35.10,27,3531,6,LookALike_Clientes_1,Video,11º Lançamento | Leads
1584,2025 | Novembro,Sábado,Final de Semana,Leads,2025-11-01,midfunnel_rmkt_60d_video_v2,47.96,49,4003,11,Remarketing_60dias,Video,11º Lançamento | Leads
2244,2025 | Novembro,Sábado,Final de Semana,Leads,2025-11-01,topfunnel_broad_tech_estatico_v2,8.66,4,504,,Broad_Tecnologia,Estático,11º Lançamento | Leads
2305,2025 | Novembro,Sábado,Final de Semana,Leads,2025-11-01,topfunnel_interesses_programacao_estatico_v1,125.91,77,7327,3,Interesses_Programacao,Estático,11º Lançamento | Leads
2668,2025 | Novembro,Sábado,Final de Semana,Leads,2025-11-01,topfunnel_interesses_programacao_estatico_v1,16.61,31,1290,4,Interesses_Programacao,Estático,11º Lançamento | Vendas
3237,2025 | Novembro,Sábado,Final de Semana,Leads,2025-11-01,topfunnel_cargos_tech_video_v1,52.24,49,3655,2,Cargos_Tecnologia,Video,11º Lançamento | Leads
3688,2025 | Novembro,Sábado,Final de Semana,Awareness,2025-11-01,midfunnel_rmkt_60d_video_v1,17.66,25,2480,1,Remarketing_60dias,Video,11º Lançamento | Live
4080,2025 | Novembro,Sábado,Final de Semana,Leads,2025-11-01,topfunnel_broad_tech_video_v1,0.00,,0,,Broad_Tecnologia,Video,11º Lançamento | Leads
4286,2025 | Novembro,Sábado,Final de Semana,Leads,2025-11-01,topfunnel_interesses_cloud_estatico_v2,87.92,69,4501,5,Interesses_Cloud,Estático,11º Lançamento | Leads
4523,2025 | Novembro,Sábado,Final de Semana,Leads,2025-11-01,topfunnel_interesses_cloud_video_v1,29.47,15,2031,1,Interesses_Cloud,Video,11º Lançamento | Leads
4665,2025 | Novembro,Sábado,Final de Semana,Leads,2025-11-01,topfunnel_cargos_tech_video_v1,45.93,43,2071,2,Cargos_Tecnologia,Video,11º Lançamento | Leads
4670,2025 | Novembro,Sábado,Final de Semana,Leads,2025-11-01,topfunnel_interesses_programacao_video_v1,16.61,16,1192,5,Interesses_Programacao,Video,11º Lançamento | Leads
5088,2025 | Novembro,Sábado,Final de Semana,Leads,2025-11-01,topfunnel_lal1_clientes_estatico_v2,31.46,26,2128,1,LookALike_Clientes_1,Estático,11º Lançamento | Leads
1391,2025 | Novembro,Domingo,Final de Semana,Leads,2025-11-02,topfunnel_interesses_cloud_estatico_v2,34.16,14,2461,,Interesses_Cloud,Estático,11º Lançamento | Leads
1540,2025 | Novembro,Domingo,Final de Semana,Leads,2025-11-02,midfunnel_rmkt_60d_estatico_v3,10.16,4,507,1,Remarketing_60dias,Estático,11º Lançamento | Leads
1867,2025 | Novembro,Domingo,Final de Semana,Leads,2025-11-02,topfunnel_interesses_programacao_estatico_v1,17.07,12,1626,1,Interesses_Programacao,Estático,11º Lançamento | Leads
1868,2025 | Novembro,Domingo,Final de Semana,Leads,2025-11-02,topfunnel_broad_tech_video_v3,1.34,1,151,,Broad_Tecnologia,Video,11º Lançamento | Leads
2831,2025 | Novembro,Domingo,Final de Semana,Leads,2025-11-02,topfunnel_interesses_programacao_estatico_v1,9.98,4,1056,,Interesses_Programacao,Estático,11º Lançamento | Vendas
3549,2025 | Novembro,Domingo,Final de Semana,Leads,2025-11-02,midfunnel_rmkt_60d_video_v1,59.94,127,4362,30,Remarketing_60dias,Video,11º Lançamento | Leads
4182,2025 | Novembro,Domingo,Final de Semana,Leads,2025-11-02,topfunnel_broad_tech_video_v1,60.61,89,5491,15,Broad_Tecnologia,Video,11º Lançamento | Leads
5387,2025 | Novembro,Domingo,Final de Semana,Awareness,2025-11-02,topfunnel_lal1_clientes_estatico_v3,16.66,16,848,1,LookALike_Clientes_1,Estático,11º Lançamento | Live
1316,2025 | Novembro,Segunda-Feira,Dia útil,Awareness,2025-11-03,topfunnel_interesses_programacao_estatico_v1,60.18,63,3613,4,Interesses_Programacao,Estático,11º Lançamento | Live
1871,2025 | Novembro,Segunda-Feira,Dia útil,Leads,2025-11-03,topfunnel_cargos_tech_estatico_v3,88.12,101,7943,24,Cargos_Tecnologia,Estático,11º Lançamento | Leads
4513,2025 | Novembro,Segunda-Feira,Dia útil,Leads,2025-11-03,topfunnel_lal1_clientes_video_v1,15.81,24,1205,2,LookALike_Clientes_1,Video,11º Lançamento | Vendas
4616,2025 | Novembro,Segunda-Feira,Dia útil,Leads,2025-11-03,topfunnel_lal1_clientes_video_v3,154.37,253,14222,58,LookALike_Clientes_1,Video,11º Lançamento | Leads
4802,2025 | Novembro,Segunda-Feira,Dia útil,Leads,2025-11-03,topfunnel_interesses_cloud_video_v1,26.04,43,2159,3,Interesses_Cloud,Video,11º Lançamento | Leads
4864,2025 | Novembro,Segunda-Feira,Dia útil,Awareness,2025-11-03,topfunnel_interesses_programacao_video_v1,2.31,6,330,,Interesses_Programacao,Video,11º Lançamento | Live
5057,2025 | Novembro,Segunda-Feira,Dia útil,Leads,2025-11-03,topfunnel_broad_tech_video_v1,62.75,57,4783,10,Broad_Tecnologia,Video,11º Lançamento | Leads
5646,2025 | Novembro,Segunda-Feira,Dia útil,Leads,2025-11-03,topfunnel_lal1_clientes_estatico_v2,0.00,,0,,LookALike_Clientes_1,Estático,11º Lançamento | Leads
1559,2025 | Novembro,Terça-Feira,Dia útil,Leads,2025-11-04,topfunnel_lal1_clientes_video_v3,29.40,20,1533,4,LookALike_Clientes_1,Video,11º Lançamento | Leads
1587,2025 | Novembro,Terça-Feira,Dia útil,Leads,2025-11-04,topfunnel_broad_tech_estatico_v2,13.75,14,975,2,Broad_Tecnologia,Estático,11º Lançamento | Leads
1959,2025 | Novembro,Terça-Feira,Dia útil,Leads,2025-11-04,topfunnel_cargos_tech_video_v1,61.12,70,4558,15,Cargos_Tecnologia,Video,11º Lançamento | Leads
2228,2025 | Novembro,Terça-Feira,Dia útil,Leads,2025-11-04,midfunnel_rmkt_60d_estatico_v1,14.74,10,1754,,Remarketing_60dias,Estático,11º Lançamento | Leads
2877,2025 | Novembro,Terça-Feira,Dia útil,Leads,2025-11-04,topfunnel_broad_tech_estatico_v1,0.00,,0,,Broad_Tecnologia,Estático,11º Lançamento | Leads
3116,2025 | Novembro,Terça-Feira,Dia útil,Leads,2025-11-04,topfunnel_interesses_cloud_video_v1,55.31,82,3730,17,Interesses_Cloud,Video,11º Lançamento | Vendas
4233,2025 | Novembro,Terça-Feira,Dia útil,Leads,2025-11-04,midfunnel_rmkt_60d_video_v2,102.38,255,9442,20,Remarketing_60dias,Video,11º Lançamento | Leads
4375,2025 | Novembro,Terça-Feira,Dia útil,Leads,2025-11-04,midfunnel_rmkt_60d_estatico_v2,44.71,44,2231,3,Remarketing_60dias,Estático,11º Lançamento | Leads
1088,2025 | Novembro,Quarta-Feira,Dia útil,Leads,2025-11-05,topfunnel_interesses_cloud_estatico_v1,15.85,19,1006,4,Interesses_Cloud,Estático,11º Lançamento | Leads
1400,2025 | Novembro,Quarta-Feira,Dia útil,Leads,2025-11-05,topfunnel_broad_tech_video_v1,24.47,44,2951,5,Broad_Tecnologia,Video,11º Lançamento | Vendas
1937,2025 | Novembro,Quarta-Feira,Dia útil,Leads,2025-11-05,topfunnel_lal1_clientes_video_v2,23.31,20,1781,1,LookALike_Clientes_1,Video,11º Lançamento | Leads
1994,2025 | Novembro,Quarta-Feira,Dia útil,Leads,2025-11-05,topfunnel_lal1_clientes_estatico_v1,2.70,1,117,,LookALike_Clientes_1,Estático,11º Lançamento | Leads
2714,2025 | Novembro,Quarta-Feira,Dia útil,Leads,2025-11-05,topfunnel_broad_tech_video_v1,87.39,173,9439,31,Broad_Tecnologia,Video,11º Lançamento | Vendas
2820,2025 | Novembro,Quarta-Feira,Dia útil,Leads,2025-11-05,topfunnel_broad_tech_estatico_v3,53.91,39,2926,5,Broad_Tecnologia,Estático,11º Lançamento | Leads
3563,2025 | Novembro,Quarta-Feira,Dia útil,Awareness,2025-11-05,topfunnel_interesses_cloud_estatico_v3,30.69,44,2806,4,Interesses_Cloud,Estático,11º Lançamento | Live
4605,2025 | Novembro,Quarta-Feira,Dia útil,Awareness,2025-11-05,topfunnel_cargos_tech_estatico_v3,15.75,15,1065,3,Cargos_Tecnologia,Estático,11º Lançamento | Live
4706,2025 | Novembro,Quarta-Feira,Dia útil,Leads,2025-11-05,topfunnel_interesses_cloud_estatico_v2,81.72,65,3886,10,Interesses_Cloud,Estático,11º Lançamento | Leads
5739,2025 | Novembro,Quarta-Feira,Dia útil,Leads,2025-11-05,topfunnel_cargos_tech_estatico_v3,61.81,66,3528,15,Cargos_Tecnologia,Estático,11º Lançamento | Leads
1496,2025 | Novembro,Quinta-Feira,Dia útil,Leads,2025-11-06,topfunnel_broad_tech_estatico_v1,22.34,5,1061,1,Broad_Tecnologia,Estático,11º Lançamento | Leads
2044,2025 | Novembro,Quinta-Feira,Dia útil,Leads,2025-11-06,topfunnel_broad_tech_estatico_v1,122.89,60,7043,7,Broad_Tecnologia,Estático,11º Lançamento | Leads
2168,2025 | Novembro,Quinta-Feira,Dia útil,Leads,2025-11-06,topfunnel_lal1_clientes_video_v1,6.47,11,534,2,LookALike_Clientes_1,Video,11º Lançamento | Leads
2565,2025 | Novembro,Quinta-Feira,Dia útil,Leads,2025-11-06,topfunnel_broad_tech_estatico_v2,21.06,38,3114,5,Broad_Tecnologia,Estático,11º Lançamento | Leads
3155,2025 | Novembro,Quinta-Feira,Dia útil,Awareness,2025-11-06,topfunnel_cargos_tech_estatico_v2,37.52,33,3158,1,Cargos_Tecnologia,Estático,11º Lançamento | Live
3247,2025 | Novembro,Quinta-Feira,Dia útil,Leads,2025-11-06,topfunnel_interesses_programacao_estatico_v3,0.00,,0,,Interesses_Programacao,Estático,11º Lançamento | Leads
4380,2025 | Novembro,Quinta-Feira,Dia útil,Leads,2025-11-06,topfunnel_interesses_programacao_video_v1,66.20,126,5082,12,Interesses_Programacao,Video,11º Lançamento | Leads
4548,2025 | Novembro,Quinta-Feira,Dia útil,Leads,2025-11-06,topfunnel_broad_tech_video_v1,50.06,31,3012,5,Broad_Tecnologia,Video,11º Lançamento | Leads
4609,2025 | Novembro,Quinta-Feira,Dia útil,Leads,2025-11-06,topfunnel_interesses_programacao_video_v3,181.50,124,16225,18,Interesses_Programacao,Video,11º Lançamento | Vendas
5135,2025 | Novembro,Quinta-Feira,Dia útil,Leads,2025-11-06,topfunnel_broad_tech_estatico_v1,0.00,,0,,Broad_Tecnologia,Estático,11º Lançamento | Leads
5288,2025 | Novembro,Quinta-Feira,Dia útil,Leads,2025-11-06,topfunnel_interesses_programacao_video_v2,39.87,86,3987,17,Interesses_Programacao,Video,11º Lançamento | Leads
1178,2025 | Novembro,Sexta-Feira,Dia útil,Leads,2025-11-07,topfunnel_interesses_cloud_video_v1,98.84,192,8818,14,Interesses_Cloud,Video,11º Lançamento | Leads
1257,2025 | Novembro,Sexta-Feira,Dia útil,Leads,2025-11-07,topfunnel_broad_tech_estatico_v1,66.89,73,3559,16,Broad_Tecnologia,Estático,11º Lançamento | Leads
1367,2025 | Novembro,Sexta-Feira,Dia útil,Leads,2025-11-07,topfunnel_broad_tech_video_v2,57.27,29,3690,4,Broad_Tecnologia,Video,11º Lançamento | Vendas
1477,2025 | Novembro,Sexta-Feira,Dia útil,Leads,2025-11-07,topfunnel_interesses_cloud_estatico_v1,3.72,2,194,,Interesses_Cloud,Estático,11º Lançamento | Leads
1737,2025 | Novembro,Sexta-Feira,Dia útil,Leads,2025-11-07,topfunnel_lal1_clientes_estatico_v1,97.26,86,8162,8,LookALike_Clientes_1,Estático,11º Lançamento | Leads
2349,2025 | Novembro,Sexta-Feira,Dia útil,Leads,2025-11-07,midfunnel_rmkt_60d_estatico_v1,55.56,83,4699,13,Remarketing_60dias,Estático,11º Lançamento | Vendas
2443,2025 | Novembro,Sexta-Feira,Dia útil,Awareness,2025-11-07,topfunnel_interesses_cloud_video_v2,47.30,14,2682,,Interesses_Cloud,Video,11º Lançamento | Live
2522,2025 | Novembro,Sexta-Feira,Dia útil,Awareness,2025-11-07,topfunnel_interesses_programacao_estatico_v1,23.32,14,1626,,Interesses_Programacao,Estático,11º Lançamento | Live
2962,2025 | Novembro,Sexta-Feira,Dia útil,Awareness,2025-11-07,topfunnel_interesses_programacao_video_v1,61.35,55,4367,2,Interesses_Programacao,Video,11º Lançamento | Live
4688,2025 | Novembro,Sexta-Feira,Dia útil,Awareness,2025-11-07,midfunnel_rmkt_60d_estatico_v1,1.15,,75,,Remarketing_60dias,Estático,11º Lançamento | Live
4836,2025 | Novembro,Sexta-Feira,Dia útil,Leads,2025-11-07,topfunnel_interesses_programacao_video_v1,4.04,5,413,,Interesses_Programacao,Video,11º Lançamento | Vendas
5060,2025 | Novembro,Sexta-Feira,Dia útil,Leads,2025-11-07,topfunnel_interesses_cloud_video_v1,86.89,66,7957,7,Interesses_Cloud,Video,11º Lançamento | Leads
5275,2025 | Novembro,Sexta-Feira,Dia útil,Leads,2025-11-07,topfunnel_cargos_tech_video_v2,62.50,56,3046,5,Cargos_Tecnologia,Video,11º Lançamento | Vendas
5434,2025 | Novembro,Sexta-Feira,Dia útil,Leads,2025-11-07,topfunnel_interesses_cloud_video_v3,47.37,38,3247,3,Interesses_Cloud,Video,11º Lançamento | Leads
5441,2025 | Novembro,Sexta-Feira,Dia útil,Leads,2025-11-07,topfunnel_interesses_cloud_video_v2,3.49,1,151,,Interesses_Cloud,Video,11º Lançamento | Leads
1553,2025 | Novembro,Sábado,Final de Semana,Leads,2025-11-08,topfunnel_broad_tech_video_v2,22.06,17,1164,1,Broad_Tecnologia,Video,11º Lançamento | Leads
1948,2025 | Novembro,Sábado,Final de Semana,Awareness,2025-11-08,topfunnel_interesses_cloud_estatico_v2,0.00,,0,,Interesses_Cloud,Estático,11º Lançamento | Live
2026,2025 | Novembro,Sábado,Final de Semana,Leads,2025-11-08,topfunnel_broad_tech_video_v1,48.95,42,3674,9,Broad_Tecnologia,Video,11º Lançamento | Vendas
2153,2025 | Novembro,Sábado,Final de Semana,Leads,2025-11-08,topfunnel_broad_tech_estatico_v1,18.92,12,1572,3,Broad_Tecnologia,Estático,11º Lançamento | Leads
2236,2025 | Novembro,Sábado,Final de Semana,Leads,2025-11-08,topfunnel_broad_tech_video_v1,137.56,203,11044,41,Broad_Tecnologia,Video,11º Lançamento | Leads
2729,2025 | Novembro,Sábado,Final de Semana,Leads,2025-11-08,topfunnel_interesses_cloud_estatico_v2,14.82,8,745,,Interesses_Cloud,Estático,11º Lançamento | Leads
3510,2025 | Novembro,Sábado,Final de Semana,Leads,2025-11-08,topfunnel_interesses_cloud_video_v1,61.90,50,4208,4,Interesses_Cloud,Video,11º Lançamento | Leads
4016,2025 | Novembro,Sábado,Final de Semana,Leads,2025-11-08,topfunnel_cargos_tech_video_v2,35.79,39,2446,3,Cargos_Tecnologia,Video,11º Lançamento | Leads
4069,2025 | Novembro,Sábado,Final de Semana,Awareness,2025-11-08,midfunnel_rmkt_60d_video_v1,3.95,3,207,,Remarketing_60dias,Video,11º Lançamento | Live
4089,2025 | Novembro,Sábado,Final de Semana,Leads,2025-11-08,topfunnel_interesses_programacao_video_v2,48.48,74,3215,7,Interesses_Programacao,Video,11º Lançamento | Leads
4164,2025 | Novembro,Sábado,Final de Semana,Leads,2025-11-08,topfunnel_interesses_programacao_estatico_v1,85.45,133,11656,29,Interesses_Programacao,Estático,11º Lançamento | Leads
4626,2025 | Novembro,Sábado,Final de Semana,Leads,2025-11-08,topfunnel_broad_tech_estatico_v2,131.40,63,6662,5,Broad_Tecnologia,Estático,11º Lançamento | Leads
4666,2025 | Novembro,Sábado,Final de Semana,Leads,2025-11-08,midfunnel_rmkt_60d_estatico_v2,1.84,1,107,,Remarketing_60dias,Estático,11º Lançamento | Leads
5685,2025 | Novembro,Sábado,Final de Semana,Leads,2025-11-08,topfunnel_interesses_cloud_estatico_v2,34.56,30,3194,8,Interesses_Cloud,Estático,11º Lançamento | Leads
5844,2025 | Novembro,Sábado,Final de Semana,Awareness,2025-11-08,topfunnel_interesses_cloud_estatico_v2,35.55,35,2250,2,Interesses_Cloud,Estático,11º Lançamento | Live
1962,2025 | Novembro,Domingo,Final de Semana,Leads,2025-11-09,topfunnel_cargos_tech_video_v1,58.23,47,3111,6,Cargos_Tecnologia,Video,11º Lançamento | Vendas
2011,2025 | Novembro,Domingo,Final de Semana,Awareness,2025-11-09,midfunnel_rmkt_60d_video_v1,90.14,116,6653,20,Remarketing_60dias,Video,11º Lançamento | Live
2472,2025 | Novembro,Domingo,Final de Semana,Leads,2025-11-09,midfunnel_rmkt_60d_video_v2,55.54,54,4207,4,Remarketing_60dias,Video,11º Lançamento | Leads
2621,2025 | Novembro,Domingo,Final de Semana,Leads,2025-11-09,topfunnel_interesses_programacao_video_v1,28.81,30,2065,3,Interesses_Programacao,Video,11º Lançamento | Leads
2810,2025 | Novembro,Domingo,Final de Semana,Leads,2025-11-09,midfunnel_rmkt_60d_estatico_v3,69.87,44,3488,13,Remarketing_60dias,Estático,11º Lançamento | Leads
2833,2025 | Novembro,Domingo,Final de Semana,Awareness,2025-11-09,topfunnel_broad_tech_estatico_v2,11.05,13,855,,Broad_Tecnologia,Estático,11º Lançamento | Live
2928,2025 | Novembro,Domingo,Final de Semana,Leads,2025-11-09,topfunnel_interesses_cloud_estatico_v2,79.26,150,6998,18,Interesses_Cloud,Estático,11º Lançamento | Leads
2990,2025 | Novembro,Domingo,Final de Semana,Leads,2025-11-09,topfunnel_lal1_clientes_video_v1,25.46,17,1210,4,LookALike_Clientes_1,Video,11º Lançamento | Leads
3972,2025 | Novembro,Domingo,Final de Semana,Leads,2025-11-09,topfunnel_interesses_cloud_estatico_v2,51.65,54,3399,14,Interesses_Cloud,Estático,11º Lançamento | Leads
4189,2025 | Novembro,Domingo,Final de Semana,Leads,2025-11-09,topfunnel_interesses_programacao_video_v2,0.00,,0,,Interesses_Programacao,Video,11º Lançamento | Leads
4232,2025 | Novembro,Domingo,Final de Semana,Leads,2025-11-09,midfunnel_rmkt_60d_video_v2,22.46,31,1494,2,Remarketing_60dias,Video,11º Lançamento | Leads
4742,2025 | Novembro,Domingo,Final de Semana,Leads,2025-11-09,topfunnel_lal1_clientes_video_v1,38.77,78,3175,7,LookALike_Clientes_1,Video,11º Lançamento | Leads
5255,2025 | Novembro,Domingo,Final de Semana,Leads,2025-11-09,topfunnel_broad_tech_video_v1,148.17,325,13873,74,Broad_Tecnologia,Video,11º Lançamento | Leads
5429,2025 | Novembro,Domingo,Final de Semana,Leads,2025-11-09,topfunnel_interesses_cloud_estatico_v1,0.00,,0,,Interesses_Cloud,Estático,11º Lançamento | Leads
5433,2025 | Novembro,Domingo,Final de Semana,Leads,2025-11-09,topfunnel_interesses_programacao_video_v1,31.41,60,5122,6,Interesses_Programacao,Video,11º Lançamento | Leads
5527,2025 | Novembro,Domingo,Final de Semana,Leads,2025-11-09,topfunnel_lal1_clientes_video_v2,4.87,3,279,,LookALike_Clientes_1,Video,11º Lançamento | Leads
5757,2025 | Novembro,Domingo,Final de Semana,Leads,2025-11-09,midfunnel_rmkt_60d_video_v2,18.20,40,2569,5,Remarketing_60dias,Video,11º Lançamento | Leads
1388,2025 | Novembro,Segunda-Feira,Dia útil,Leads,2025-11-10,topfunnel_lal1_clientes_estatico_v3,79.50,68,3695,10,LookALike_Clientes_1,Estático,11º Lançamento | Leads
1965,2025 | Novembro,Segunda-Feira,Dia útil,Leads,2025-11-10,topfunnel_interesses_programacao_estatico_v3,54.58,14,3777,2,Interesses_Programacao,Estático,11º Lançamento | Leads
2057,2025 | Novembro,Segunda-Feira,Dia útil,Leads,2025-11-10,topfunnel_interesses_cloud_estatico_v1,190.68,134,7312,26,Interesses_Cloud,Estático,11º Lançamento | Leads
2609,2025 | Novembro,Segunda-Feira,Dia útil,Leads,2025-11-10,topfunnel_lal1_clientes_estatico_v1,15.03,22,1160,3,LookALike_Clientes_1,Estático,11º Lançamento | Leads
2723,2025 | Novembro,Segunda-Feira,Dia útil,Awareness,2025-11-10,topfunnel_interesses_programacao_estatico_v2,23.36,18,1502,2,Interesses_Programacao,Estático,11º Lançamento | Live
2926,2025 | Novembro,Segunda-Feira,Dia útil,Leads,2025-11-10,midfunnel_rmkt_60d_estatico_v1,20.62,49,1915,3,Remarketing_60dias,Estático,11º Lançamento | Leads
2929,2025 | Novembro,Segunda-Feira,Dia útil,Awareness,2025-11-10,midfunnel_rmkt_60d_estatico_v1,25.37,6,1259,1,Remarketing_60dias,Estático,11º Lançamento | Live
3390,2025 | Novembro,Segunda-Feira,Dia útil,Leads,2025-11-10,topfunnel_broad_tech_estatico_v2,45.58,58,2845,12,Broad_Tecnologia,Estático,11º Lançamento | Leads
3994,2025 | Novembro,Segunda-Feira,Dia útil,Awareness,2025-11-10,topfunnel_broad_tech_video_v3,56.36,25,5134,,Broad_Tecnologia,Video,11º Lançamento | Live
4054,2025 | Novembro,Segunda-Feira,Dia útil,Leads,2025-11-10,topfunnel_broad_tech_video_v1,108.57,103,7716,25,Broad_Tecnologia,Video,11º Lançamento | Leads
4407,2025 | Novembro,Segunda-Feira,Dia útil,Leads,2025-11-10,topfunnel_broad_tech_video_v1,52.89,138,6143,11,Broad_Tecnologia,Video,11º Lançamento | Leads
4974,2025 | Novembro,Segunda-Feira,Dia útil,Leads,2025-11-10,topfunnel_broad_tech_video_v1,0.00,,0,,Broad_Tecnologia,Video,11º Lançamento | Leads
5068,2025 | Novembro,Segunda-Feira,Dia útil,Leads,2025-11-10,topfunnel_lal1_clientes_estatico_v2,24.31,32,1407,5,LookALike_Clientes_1,Estático,11º Lançamento | Leads
5120,2025 | Novembro,Segunda-Feira,Dia útil,Leads,2025-11-10,topfunnel_interesses_cloud_estatico_v3,12.57,12,803,3,Interesses_Cloud,Estático,11º Lançamento | Leads
1249,2025 | Novembro,Terça-Feira,Dia útil,Leads,2025-11-11,topfunnel_cargos_tech_video_v1,182.72,303,16883,20,Cargos_Tecnologia,Video,11º Lançamento | Leads
2147,2025 | Novembro,Terça-Feira,Dia útil,Awareness,2025-11-11,topfunnel_broad_tech_video_v1,69.45,89,7131,5,Broad_Tecnologia,Video,11º Lançamento | Live
2218,2025 | Novembro,Terça-Feira,Dia útil,Leads,2025-11-11,topfunnel_interesses_cloud_estatico_v3,13.40,13,1037,1,Interesses_Cloud,Estático,11º Lançamento | Leads
2775,2025 | Novembro,Terça-Feira,Dia útil,Leads,2025-11-11,topfunnel_interesses_cloud_estatico_v2,57.68,33,2384,4,Interesses_Cloud,Estático,11º Lançamento | Leads
2942,2025 | Novembro,Terça-Feira,Dia útil,Awareness,2025-11-11,midfunnel_rmkt_60d_video_v2,53.31,78,4064,9,Remarketing_60dias,Video,11º Lançamento | Live
2956,2025 | Novembro,Terça-Feira,Dia útil,Leads,2025-11-11,topfunnel_interesses_cloud_video_v1,56.40,61,3026,10,Interesses_Cloud,Video,11º Lançamento | Vendas
3359,2025 | Novembro,Terça-Feira,Dia útil,Leads,2025-11-11,topfunnel_broad_tech_estatico_v1,6.28,1,395,,Broad_Tecnologia,Estático,11º Lançamento | Leads
3477,2025 | Novembro,Terça-Feira,Dia útil,Leads,2025-11-11,topfunnel_interesses_cloud_estatico_v1,146.91,67,7840,7,Interesses_Cloud,Estático,11º Lançamento | Vendas
3784,2025 | Novembro,Terça-Feira,Dia útil,Leads,2025-11-11,topfunnel_broad_tech_video_v3,8.20,7,563,,Broad_Tecnologia,Video,11º Lançamento | Leads
4524,2025 | Novembro,Terça-Feira,Dia útil,Leads,2025-11-11,topfunnel_interesses_cloud_estatico_v1,12.91,2,664,,Interesses_Cloud,Estático,11º Lançamento | Vendas
1261,2025 | Novembro,Quarta-Feira,Dia útil,Leads,2025-11-12,topfunnel_broad_tech_video_v1,65.57,106,5811,13,Broad_Tecnologia,Video,11º Lançamento | Leads
1280,2025 | Novembro,Quarta-Feira,Dia útil,Leads,2025-11-12,topfunnel_interesses_programacao_video_v3,69.74,177,7309,16,Interesses_Programacao,Video,11º Lançamento | Leads
1586,2025 | Novembro,Quarta-Feira,Dia útil,Leads,2025-11-12,topfunnel_lal1_clientes_video_v1,48.80,67,2667,5,LookALike_Clientes_1,Video,11º Lançamento | Leads
2840,2025 | Novembro,Quarta-Feira,Dia útil,Leads,2025-11-12,topfunnel_lal1_clientes_estatico_v1,23.18,33,1318,5,LookALike_Clientes_1,Estático,11º Lançamento | Leads
3007,2025 | Novembro,Quarta-Feira,Dia útil,Leads,2025-11-12,topfunnel_lal1_clientes_estatico_v2,9.32,11,860,2,LookALike_Clientes_1,Estático,11º Lançamento | Leads
3047,2025 | Novembro,Quarta-Feira,Dia útil,Leads,2025-11-12,topfunnel_broad_tech_estatico_v1,6.18,3,380,,Broad_Tecnologia,Estático,11º Lançamento | Leads
3052,2025 | Novembro,Quarta-Feira,Dia útil,Leads,2025-11-12,topfunnel_interesses_cloud_estatico_v3,45.14,23,2520,5,Interesses_Cloud,Estático,11º Lançamento | Leads
3446,2025 | Novembro,Quarta-Feira,Dia útil,Leads,2025-11-12,topfunnel_broad_tech_video_v1,100.69,166,8118,28,Broad_Tecnologia,Video,11º Lançamento | Vendas
3601,2025 | Novembro,Quarta-Feira,Dia útil,Awareness,2025-11-12,topfunnel_interesses_cloud_video_v3,85.73,33,6011,2,Interesses_Cloud,Video,11º Lançamento | Live
4074,2025 | Novembro,Quarta-Feira,Dia útil,Leads,2025-11-12,topfunnel_interesses_cloud_video_v1,63.25,95,3762,3,Interesses_Cloud,Video,11º Lançamento | Vendas
4085,2025 | Novembro,Quarta-Feira,Dia útil,Leads,2025-11-12,topfunnel_lal1_clientes_video_v1,33.91,11,1432,2,LookALike_Clientes_1,Video,11º Lançamento | Leads
5613,2025 | Novembro,Quarta-Feira,Dia útil,Leads,2025-11-12,topfunnel_broad_tech_estatico_v2,29.06,24,1664,4,Broad_Tecnologia,Estático,11º Lançamento | Leads
5855,2025 | Novembro,Quarta-Feira,Dia útil,Leads,2025-11-12,topfunnel_broad_tech_video_v3,53.97,44,2741,6,Broad_Tecnologia,Video,11º Lançamento | Leads
1102,2025 | Novembro,Quinta-Feira,Dia útil,Awareness,2025-11-13,topfunnel_interesses_cloud_estatico_v1,101.02,128,8186,15,Interesses_Cloud,Estático,11º Lançamento | Live
1175,2025 | Novembro,Quinta-Feira,Dia útil,Leads,2025-11-13,topfunnel_interesses_cloud_video_v2,0.00,,0,,Interesses_Cloud,Video,11º Lançamento | Leads
1451,2025 | Novembro,Quinta-Feira,Dia útil,Leads,2025-11-13,topfunnel_broad_tech_video_v1,97.58,47,3996,6,Broad_Tecnologia,Video,11º Lançamento | Vendas
2080,2025 | Novembro,Quinta-Feira,Dia útil,Leads,2025-11-13,topfunnel_lal1_clientes_estatico_v3,28.87,38,1462,8,LookALike_Clientes_1,Estático,11º Lançamento | Leads
2152,2025 | Novembro,Quinta-Feira,Dia útil,Leads,2025-11-13,topfunnel_broad_tech_video_v1,93.99,113,5141,19,Broad_Tecnologia,Video,11º Lançamento | Leads
2423,2025 | Novembro,Quinta-Feira,Dia útil,Leads,2025-11-13,topfunnel_cargos_tech_video_v2,11.01,13,559,,Cargos_Tecnologia,Video,11º Lançamento | Leads
3062,2025 | Novembro,Quinta-Feira,Dia útil,Awareness,2025-11-13,topfunnel_interesses_programacao_estatico_v1,74.75,123,8528,4,Interesses_Programacao,Estático,11º Lançamento | Live
3554,2025 | Novembro,Quinta-Feira,Dia útil,Awareness,2025-11-13,topfunnel_broad_tech_video_v1,25.53,21,2240,,Broad_Tecnologia,Video,11º Lançamento | Live
3925,2025 | Novembro,Quinta-Feira,Dia útil,Leads,2025-11-13,topfunnel_interesses_cloud_video_v2,35.90,25,1421,,Interesses_Cloud,Video,11º Lançamento | Vendas
5224,2025 | Novembro,Quinta-Feira,Dia útil,Awareness,2025-11-13,topfunnel_broad_tech_estatico_v2,19.21,14,1449,,Broad_Tecnologia,Estático,11º Lançamento | Live
1132,2025 | Novembro,Sexta-Feira,Dia útil,Awareness,2025-11-14,topfunnel_broad_tech_video_v1,53.56,40,3415,5,Broad_Tecnologia,Video,11º Lançamento | Live
2672,2025 | Novembro,Sexta-Feira,Dia útil,Leads,2025-11-14,topfunnel_lal1_clientes_video_v1,14.40,26,922,4,LookALike_Clientes_1,Video,11º Lançamento | Leads
3127,2025 | Novembro,Sexta-Feira,Dia útil,Leads,2025-11-14,topfunnel_interesses_cloud_video_v2,60.61,27,4104,5,Interesses_Cloud,Video,11º Lançamento | Leads
4406,2025 | Novembro,Sexta-Feira,Dia útil,Leads,2025-11-14,topfunnel_interesses_programacao_estatico_v1,12.41,6,787,1,Interesses_Programacao,Estático,11º Lançamento | Leads
4936,2025 | Novembro,Sexta-Feira,Dia útil,Leads,2025-11-14,topfunnel_lal1_clientes_estatico_v2,137.26,157,9740,40,LookALike_Clientes_1,Estático,11º Lançamento | Leads
5048,2025 | Novembro,Sexta-Feira,Dia útil,Awareness,2025-11-14,topfunnel_broad_tech_estatico_v2,53.08,30,2738,2,Broad_Tecnologia,Estático,11º Lançamento | Live
5129,2025 | Novembro,Sexta-Feira,Dia útil,Leads,2025-11-14,topfunnel_broad_tech_video_v1,40.34,30,2121,3,Broad_Tecnologia,Video,11º Lançamento | Vendas
5808,2025 | Novembro,Sexta-Feira,Dia útil,Awareness,2025-11-14,topfunnel_interesses_cloud_estatico_v1,40.35,14,2863,1,Interesses_Cloud,Estático,11º Lançamento | Live
1017,2025 | Novembro,Sábado,Final de Semana,Awareness,2025-11-15,midfunnel_rmkt_60d_video_v2,4.34,2,352,,Remarketing_60dias,Video,11º Lançamento | Live
1139,2025 | Novembro,Sábado,Final de Semana,Leads,2025-11-15,topfunnel_interesses_programacao_video_v2,43.45,44,3150,7,Interesses_Programacao,Video,11º Lançamento | Leads
1431,2025 | Novembro,Sábado,Final de Semana,Leads,2025-11-15,topfunnel_broad_tech_estatico_v2,42.16,12,2348,2,Broad_Tecnologia,Estático,11º Lançamento | Leads
1760,2025 | Novembro,Sábado,Final de Semana,Leads,2025-11-15,topfunnel_lal1_clientes_video_v1,75.84,138,6223,17,LookALike_Clientes_1,Video,11º Lançamento | Leads
2336,2025 | Novembro,Sábado,Final de Semana,Leads,2025-11-15,midfunnel_rmkt_60d_video_v1,0.00,,0,,Remarketing_60dias,Video,11º Lançamento | Leads
3135,2025 | Novembro,Sábado,Final de Semana,Leads,2025-11-15,topfunnel_broad_tech_video_v1,14.46,8,783,2,Broad_Tecnologia,Video,11º Lançamento | Leads
3236,2025 | Novembro,Sábado,Final de Semana,Leads,2025-11-15,topfunnel_broad_tech_video_v1,20.37,7,1179,,Broad_Tecnologia,Video,11º Lançamento | Leads
4023,2025 | Novembro,Sábado,Final de Semana,Leads,2025-11-15,topfunnel_interesses_cloud_video_v2,14.37,13,967,,Interesses_Cloud,Video,11º Lançamento | Leads
4162,2025 | Novembro,Sábado,Final de Semana,Leads,2025-11-15,midfunnel_rmkt_60d_video_v2,38.86,28,2094,8,Remarketing_60dias,Video,11º Lançamento | Leads
4259,2025 | Novembro,Sábado,Final de Semana,Leads,2025-11-15,topfunnel_broad_tech_video_v1,48.67,27,1987,5,Broad_Tecnologia,Video,11º Lançamento | Leads
5327,2025 | Novembro,Sábado,Final de Semana,Awareness,2025-11-15,midfunnel_rmkt_60d_video_v3,7.51,24,1778,1,Remarketing_60dias,Video,11º Lançamento | Live
5804,2025 | Novembro,Sábado,Final de Semana,Leads,2025-11-15,topfunnel_interesses_programacao_video_v1,96.58,111,7937,11,Interesses_Programacao,Video,11º Lançamento | Leads
5959,2025 | Novembro,Sábado,Final de Semana,Leads,2025-11-15,topfunnel_cargos_tech_estatico_v3,4.09,2,271,,Cargos_Tecnologia,Estático,11º Lançamento | Leads
1093,2025 | Novembro,Domingo,Final de Semana,Leads,2025-11-16,midfunnel_rmkt_60d_video_v1,59.55,56,3302,11,Remarketing_60dias,Video,11º Lançamento | Leads
1277,2025 | Novembro,Domingo,Final de Semana,Leads,2025-11-16,topfunnel_lal1_clientes_estatico_v1,43.51,31,2774,2,LookALike_Clientes_1,Estático,11º Lançamento | Leads
2106,2025 | Novembro,Domingo,Final de Semana,Awareness,2025-11-16,topfunnel_broad_tech_estatico_v1,14.35,20,1222,2,Broad_Tecnologia,Estático,11º Lançamento | Live
2204,2025 | Novembro,Domingo,Final de Semana,Leads,2025-11-16,topfunnel_interesses_cloud_estatico_v1,0.00,,0,,Interesses_Cloud,Estático,11º Lançamento | Leads
2378,2025 | Novembro,Domingo,Final de Semana,Leads,2025-11-16,topfunnel_broad_tech_estatico_v3,40.46,13,1936,2,Broad_Tecnologia,Estático,11º Lançamento | Vendas
3086,2025 | Novembro,Domingo,Final de Semana,Leads,2025-11-16,topfunnel_cargos_tech_video_v1,11.23,15,593,,Cargos_Tecnologia,Video,11º Lançamento | Leads
3617,2025 | Novembro,Domingo,Final de Semana,Leads,2025-11-16,topfunnel_interesses_programacao_video_v1,9.14,15,631,,Interesses_Programacao,Video,11º Lançamento | Leads
5047,2025 | Novembro,Domingo,Final de Semana,Leads,2025-11-16,topfunnel_interesses_cloud_video_v3,60.29,105,5418,18,Interesses_Cloud,Video,11º Lançamento | Leads
1005,2025 | Novembro,Segunda-Feira,Dia útil,Leads,2025-11-17,topfunnel_broad_tech_video_v2,70.46,74,5344,12,Broad_Tecnologia,Video,11º Lançamento | Leads
1055,2025 | Novembro,Segunda-Feira,Dia útil,Leads,2025-11-17,topfunnel_interesses_cloud_video_v2,83.29,130,9191,15,Interesses_Cloud,Video,11º Lançamento | Leads
1180,2025 | Novembro,Segunda-Feira,Dia útil,Leads,2025-11-17,topfunnel_cargos_tech_video_v2,46.93,40,2713,3,Cargos_Tecnologia,Video,11º Lançamento | Leads
1287,2025 | Novembro,Segunda-Feira,Dia útil,Leads,2025-11-17,topfunnel_interesses_cloud_estatico_v1,56.20,57,2958,13,Interesses_Cloud,Estático,11º Lançamento | Leads
1295,2025 | Novembro,Segunda-Feira,Dia útil,Leads,2025-11-17,topfunnel_broad_tech_video_v1,39.80,158,8162,30,Broad_Tecnologia,Video,11º Lançamento | Leads
1374,2025 | Novembro,Segunda-Feira,Dia útil,Leads,2025-11-17,topfunnel_broad_tech_estatico_v2,59.38,71,4168,7,Broad_Tecnologia,Estático,11º Lançamento | Leads
1595,2025 | Novembro,Segunda-Feira,Dia útil,Leads,2025-11-17,topfunnel_interesses_cloud_video_v2,62.42,94,5506,14,Interesses_Cloud,Video,11º Lançamento | Leads
1726,2025 | Novembro,Segunda-Feira,Dia útil,Leads,2025-11-17,topfunnel_cargos_tech_video_v1,26.59,8,1764,1,Cargos_Tecnologia,Video,11º Lançamento | Leads
2445,2025 | Novembro,Segunda-Feira,Dia útil,Leads,2025-11-17,topfunnel_cargos_tech_video_v1,87.90,110,16720,11,Cargos_Tecnologia,Video,11º Lançamento | Leads
3167,2025 | Novembro,Segunda-Feira,Dia útil,Leads,2025-11-17,topfunnel_interesses_cloud_video_v1,12.49,12,677,1,Interesses_Cloud,Video,11º Lançamento | Vendas
3842,2025 | Novembro,Segunda-Feira,Dia útil,Leads,2025-11-17,topfunnel_interesses_programacao_estatico_v2,15.04,5,892,1,Interesses_Programacao,Estático,11º Lançamento | Leads
4352,2025 | Novembro,Segunda-Feira,Dia útil,Leads,2025-11-17,topfunnel_interesses_cloud_video_v2,24.11,18,1284,1,Interesses_Cloud,Video,11º Lançamento | Vendas
4468,2025 | Novembro,Segunda-Feira,Dia útil,Leads,2025-11-17,topfunnel_lal1_clientes_video_v2,115.05,110,7524,28,LookALike_Clientes_1,Video,11º Lançamento | Leads
4482,2025 | Novembro,Segunda-Feira,Dia útil,Leads,2025-11-17,topfunnel_cargos_tech_estatico_v3,74.53,118,5773,28,Cargos_Tecnologia,Estático,11º Lançamento | Leads
5239,2025 | Novembro,Segunda-Feira,Dia útil,Leads,2025-11-17,topfunnel_interesses_programacao_video_v2,36.23,37,3081,3,Interesses_Programacao,Video,11º Lançamento | Leads
5377,2025 | Novembro,Segunda-Feira,Dia útil,Leads,2025-11-17,topfunnel_interesses_cloud_estatico_v1,29.45,31,1281,9,Interesses_Cloud,Estático,11º Lançamento | Leads
5587,2025 | Novembro,Segunda-Feira,Dia útil,Leads,2025-11-17,topfunnel_broad_tech_video_v2,71.40,77,3657,7,Broad_Tecnologia,Video,11º Lançamento | Vendas
5708,2025 | Novembro,Segunda-Feira,Dia útil,Leads,2025-11-17,topfunnel_lal1_clientes_estatico_v1,50.47,17,3467,1,LookALike_Clientes_1,Estático,11º Lançamento | Leads
1377,2025 | Novembro,Terça-Feira,Dia útil,Leads,2025-11-18,topfunnel_interesses_programacao_estatico_v2,9.84,14,906,2,Interesses_Programacao,Estático,11º Lançamento | Leads
2072,2025 | Novembro,Terça-Feira,Dia útil,Leads,2025-11-18,topfunnel_interesses_cloud_video_v1,26.76,15,1506,2,Interesses_Cloud,Video,11º Lançamento | Vendas
2075,2025 | Novembro,Terça-Feira,Dia útil,Leads,2025-11-18,topfunnel_broad_tech_estatico_v1,35.14,39,1833,7,Broad_Tecnologia,Estático,11º Lançamento | Leads
2145,2025 | Novembro,Terça-Feira,Dia útil,Leads,2025-11-18,midfunnel_rmkt_60d_video_v1,17.41,4,764,1,Remarketing_60dias,Video,11º Lançamento | Leads
3761,2025 | Novembro,Terça-Feira,Dia útil,Leads,2025-11-18,topfunnel_interesses_programacao_video_v3,90.04,76,6413,7,Interesses_Programacao,Video,11º Lançamento | Leads
3767,2025 | Novembro,Terça-Feira,Dia útil,Leads,2025-11-18,midfunnel_rmkt_60d_estatico_v2,16.82,51,3241,6,Remarketing_60dias,Estático,11º Lançamento | Leads
3867,2025 | Novembro,Terça-Feira,Dia útil,Leads,2025-11-18,midfunnel_rmkt_60d_video_v3,44.28,51,2193,12,Remarketing_60dias,Video,11º Lançamento | Leads
3906,2025 | Novembro,Terça-Feira,Dia útil,Leads,2025-11-18,topfunnel_interesses_programacao_video_v3,70.40,25,4816,6,Interesses_Programacao,Video,11º Lançamento | Leads
4782,2025 | Novembro,Terça-Feira,Dia útil,Leads,2025-11-18,topfunnel_broad_tech_video_v2,43.45,29,2715,5,Broad_Tecnologia,Video,11º Lançamento | Leads
5007,2025 | Novembro,Terça-Feira,Dia útil,Leads,2025-11-18,topfunnel_interesses_cloud_video_v1,15.94,12,1669,2,Interesses_Cloud,Video,11º Lançamento | Leads
5614,2025 | Novembro,Terça-Feira,Dia útil,Leads,2025-11-18,topfunnel_broad_tech_video_v2,229.27,314,13437,51,Broad_Tecnologia,Video,11º Lançamento | Leads
1296,2025 | Novembro,Quarta-Feira,Dia útil,Leads,2025-11-19,topfunnel_interesses_cloud_estatico_v3,45.04,63,3167,7,Interesses_Cloud,Estático,11º Lançamento | Leads
1692,2025 | Novembro,Quarta-Feira,Dia útil,Leads,2025-11-19,midfunnel_rmkt_60d_video_v1,15.42,37,1202,2,Remarketing_60dias,Video,11º Lançamento | Leads
2354,2025 | Novembro,Quarta-Feira,Dia útil,Leads,2025-11-19,topfunnel_interesses_programacao_estatico_v1,56.56,32,3534,8,Interesses_Programacao,Estático,11º Lançamento | Leads
2501,2025 | Novembro,Quarta-Feira,Dia útil,Leads,2025-11-19,topfunnel_interesses_programacao_video_v2,0.00,,0,,Interesses_Programacao,Video,11º Lançamento | Leads
2995,2025 | Novembro,Quarta-Feira,Dia útil,Leads,2025-11-19,topfunnel_lal1_clientes_estatico_v1,59.36,38,2843,5,LookALike_Clientes_1,Estático,11º Lançamento | Leads
4152,2025 | Novembro,Quarta-Feira,Dia útil,Leads,2025-11-19,topfunnel_interesses_cloud_estatico_v1,77.39,34,5319,4,Interesses_Cloud,Estático,11º Lançamento | Leads
4387,2025 | Novembro,Quarta-Feira,Dia útil,Leads,2025-11-19,topfunnel_broad_tech_estatico_v2,25.35,27,1817,4,Broad_Tecnologia,Estático,11º Lançamento | Leads
4511,2025 | Novembro,Quarta-Feira,Dia útil,Leads,2025-11-19,topfunnel_cargos_tech_video_v1,89.63,50,7256,8,Cargos_Tecnologia,Video,11º Lançamento | Leads
5628,2025 | Novembro,Quarta-Feira,Dia útil,Leads,2025-11-19,topfunnel_interesses_programacao_estatico_v2,31.57,56,3282,5,Interesses_Programacao,Estático,11º Lançamento | Leads
5732,2025 | Novembro,Quarta-Feira,Dia útil,Leads,2025-11-19,midfunnel_rmkt_60d_estatico_v3,3.71,7,383,,Remarketing_60dias,Estático,11º Lançamento | Leads
1896,2025 | Novembro,Quinta-Feira,Dia útil,Awareness,2025-11-20,topfunnel_lal1_clientes_estatico_v3,16.27,25,3902,,LookALike_Clientes_1,Estático,11º Lançamento | Live
1900,2025 | Novembro,Quinta-Feira,Dia útil,Leads,2025-11-20,midfunnel_rmkt_60d_video_v1,14.04,32,1138,2,Remarketing_60dias,Video,11º Lançamento | Leads
2163,2025 | Novembro,Quinta-Feira,Dia útil,Leads,2025-11-20,topfunnel_interesses_programacao_estatico_v1,129.89,134,9357,12,Interesses_Programacao,Estático,11º Lançamento | Vendas
2492,2025 | Novembro,Quinta-Feira,Dia útil,Leads,2025-11-20,topfunnel_cargos_tech_video_v1,17.21,18,2171,3,Cargos_Tecnologia,Video,11º Lançamento | Leads
2765,2025 | Novembro,Quinta-Feira,Dia útil,Leads,2025-11-20,topfunnel_lal1_clientes_estatico_v2,16.59,41,1615,3,LookALike_Clientes_1,Estático,11º Lançamento | Leads
2904,2025 | Novembro,Quinta-Feira,Dia útil,Leads,2025-11-20,topfunnel_cargos_tech_estatico_v2,25.40,27,1844,1,Cargos_Tecnologia,Estático,11º Lançamento | Leads
3328,2025 | Novembro,Quinta-Feira,Dia útil,Leads,2025-11-20,midfunnel_rmkt_60d_video_v2,96.38,128,6373,31,Remarketing_60dias,Video,11º Lançamento | Leads
3360,2025 | Novembro,Quinta-Feira,Dia útil,Leads,2025-11-20,midfunnel_rmkt_60d_estatico_v1,150.17,150,6899,11,Remarketing_60dias,Estático,11º Lançamento | Vendas
3956,2025 | Novembro,Quinta-Feira,Dia útil,Awareness,2025-11-20,topfunnel_broad_tech_estatico_v1,52.25,33,3353,4,Broad_Tecnologia,Estático,11º Lançamento | Live
4105,2025 | Novembro,Quinta-Feira,Dia útil,Leads,2025-11-20,topfunnel_broad_tech_estatico_v1,17.19,30,1620,5,Broad_Tecnologia,Estático,11º Lançamento | Leads
4828,2025 | Novembro,Quinta-Feira,Dia útil,Leads,2025-11-20,topfunnel_interesses_programacao_video_v1,10.82,18,855,1,Interesses_Programacao,Video,11º Lançamento | Leads
5237,2025 | Novembro,Quinta-Feira,Dia útil,Leads,2025-11-20,topfunnel_cargos_tech_video_v2,83.85,107,4487,21,Cargos_Tecnologia,Video,11º Lançamento | Leads
5733,2025 | Novembro,Quinta-Feira,Dia útil,Leads,2025-11-20,topfunnel_cargos_tech_video_v1,107.84,63,5543,8,Cargos_Tecnologia,Video,11º Lançamento | Vendas
5838,2025 | Novembro,Quinta-Feira,Dia útil,Leads,2025-11-20,topfunnel_broad_tech_video_v1,37.82,15,1567,,Broad_Tecnologia,Video,11º Lançamento | Vendas
5857,2025 | Novembro,Quinta-Feira,Dia útil,Leads,2025-11-20,midfunnel_rmkt_60d_video_v1,48.17,45,2665,6,Remarketing_60dias,Video,11º Lançamento | Leads
1099,2025 | Novembro,Sexta-Feira,Dia útil,Leads,2025-11-21,topfunnel_interesses_programacao_estatico_v1,37.22,23,4118,3,Interesses_Programacao,Estático,11º Lançamento | Vendas
1172,2025 | Novembro,Sexta-Feira,Dia útil,Leads,2025-11-21,topfunnel_lal1_clientes_video_v3,18.14,26,1272,4,LookALike_Clientes_1,Video,11º Lançamento | Leads
1193,2025 | Novembro,Sexta-Feira,Dia útil,Awareness,2025-11-21,topfunnel_broad_tech_video_v1,0.00,,0,,Broad_Tecnologia,Video,11º Lançamento | Live
1308,2025 | Novembro,Sexta-Feira,Dia útil,Leads,2025-11-21,topfunnel_lal1_clientes_estatico_v1,14.30,20,1378,5,LookALike_Clientes_1,Estático,11º Lançamento | Leads
1472,2025 | Novembro,Sexta-Feira,Dia útil,Leads,2025-11-21,topfunnel_broad_tech_estatico_v2,60.22,25,3081,4,Broad_Tecnologia,Estático,11º Lançamento | Leads
1604,2025 | Novembro,Sexta-Feira,Dia útil,Leads,2025-11-21,topfunnel_lal1_clientes_estatico_v3,2.00,7,214,1,LookALike_Clientes_1,Estático,11º Lançamento | Leads
1825,2025 | Novembro,Sexta-Feira,Dia útil,Leads,2025-11-21,topfunnel_interesses_cloud_estatico_v2,25.07,27,1203,3,Interesses_Cloud,Estático,11º Lançamento | Leads
2491,2025 | Novembro,Sexta-Feira,Dia útil,Leads,2025-11-21,topfunnel_interesses_cloud_estatico_v2,17.39,51,2607,7,Interesses_Cloud,Estático,11º Lançamento | Leads
2651,2025 | Novembro,Sexta-Feira,Dia útil,Leads,2025-11-21,topfunnel_broad_tech_video_v2,77.39,34,5563,4,Broad_Tecnologia,Video,11º Lançamento | Vendas
2702,2025 | Novembro,Sexta-Feira,Dia útil,Leads,2025-11-21,midfunnel_rmkt_60d_estatico_v1,117.86,171,7093,26,Remarketing_60dias,Estático,11º Lançamento | Leads
3005,2025 | Novembro,Sexta-Feira,Dia útil,Leads,2025-11-21,midfunnel_rmkt_60d_estatico_v3,38.42,49,1879,11,Remarketing_60dias,Estático,11º Lançamento | Leads
3676,2025 | Novembro,Sexta-Feira,Dia útil,Awareness,2025-11-21,midfunnel_rmkt_60d_estatico_v3,100.10,108,6426,16,Remarketing_60dias,Estático,11º Lançamento | Live
3863,2025 | Novembro,Sexta-Feira,Dia útil,Leads,2025-11-21,topfunnel_broad_tech_video_v1,72.10,31,5623,7,Broad_Tecnologia,Video,11º Lançamento | Leads
3935,2025 | Novembro,Sexta-Feira,Dia útil,Leads,2025-11-21,topfunnel_broad_tech_video_v1,24.77,9,1428,1,Broad_Tecnologia,Video,11º Lançamento | Leads
4121,2025 | Novembro,Sexta-Feira,Dia útil,Awareness,2025-11-21,topfunnel_lal1_clientes_estatico_v3,29.70,17,3346,1,LookALike_Clientes_1,Estático,11º Lançamento | Live
4620,2025 | Novembro,Sexta-Feira,Dia útil,Leads,2025-11-21,topfunnel_broad_tech_video_v1,25.48,21,1472,2,Broad_Tecnologia,Video,11º Lançamento | Leads
5278,2025 | Novembro,Sexta-Feira,Dia útil,Leads,2025-11-21,topfunnel_interesses_programacao_estatico_v3,80.27,48,4115,11,Interesses_Programacao,Estático,11º Lançamento | Leads
1598,2025 | Novembro,Sábado,Final de Semana,Leads,2025-11-22,topfunnel_cargos_tech_estatico_v3,4.24,5,389,,Cargos_Tecnologia,Estático,11º Lançamento | Leads
3286,2025 | Novembro,Sábado,Final de Semana,Leads,2025-11-22,topfunnel_broad_tech_video_v1,5.42,8,527,,Broad_Tecnologia,Video,11º Lançamento | Leads
3315,2025 | Novembro,Sábado,Final de Semana,Leads,2025-11-22,topfunnel_interesses_programacao_video_v2,48.43,13,2698,1,Interesses_Programacao,Video,11º Lançamento | Leads
3470,2025 | Novembro,Sábado,Final de Semana,Leads,2025-11-22,topfunnel_interesses_cloud_estatico_v3,39.78,38,3114,2,Interesses_Cloud,Estático,11º Lançamento | Leads
3540,2025 | Novembro,Sábado,Final de Semana,Leads,2025-11-22,topfunnel_interesses_cloud_video_v1,84.02,53,3066,7,Interesses_Cloud,Video,11º Lançamento | Leads
3723,2025 | Novembro,Sábado,Final de Semana,Leads,2025-11-22,topfunnel_interesses_cloud_video_v2,73.19,48,5097,4,Interesses_Cloud,Video,11º Lançamento | Leads
3803,2025 | Novembro,Sábado,Final de Semana,Leads,2025-11-22,topfunnel_broad_tech_estatico_v1,16.11,9,905,,Broad_Tecnologia,Estático,11º Lançamento | Leads
4155,2025 | Novembro,Sábado,Final de Semana,Awareness,2025-11-22,topfunnel_cargos_tech_video_v1,40.92,29,2187,4,Cargos_Tecnologia,Video,11º Lançamento | Live
4173,2025 | Novembro,Sábado,Final de Semana,Leads,2025-11-22,topfunnel_cargos_tech_video_v2,43.90,47,3027,6,Cargos_Tecnologia,Video,11º Lançamento | Leads
4955,2025 | Novembro,Sábado,Final de Semana,Awareness,2025-11-22,topfunnel_interesses_cloud_estatico_v2,20.16,8,1066,1,Interesses_Cloud,Estático,11º Lançamento | Live
5126,2025 | Novembro,Sábado,Final de Semana,Awareness,2025-11-22,topfunnel_cargos_tech_video_v3,14.48,12,680,1,Cargos_Tecnologia,Video,11º Lançamento | Live
1266,2025 | Novembro,Domingo,Final de Semana,Leads,2025-11-23,topfunnel_interesses_cloud_video_v1,52.48,113,4918,20,Interesses_Cloud,Video,11º Lançamento | Leads
1629,2025 | Novembro,Domingo,Final de Semana,Leads,2025-11-23,topfunnel_cargos_tech_estatico_v1,20.89,47,2424,11,Cargos_Tecnologia,Estático,11º Lançamento | Leads
1882,2025 | Novembro,Domingo,Final de Semana,Leads,2025-11-23,topfunnel_interesses_cloud_video_v1,41.54,16,2462,2,Interesses_Cloud,Video,11º Lançamento | Leads
1963,2025 | Novembro,Domingo,Final de Semana,Awareness,2025-11-23,topfunnel_interesses_programacao_estatico_v2,59.25,54,3552,5,Interesses_Programacao,Estático,11º Lançamento | Live
2768,2025 | Novembro,Domingo,Final de Semana,Leads,2025-11-23,midfunnel_rmkt_60d_estatico_v1,2.85,11,312,2,Remarketing_60dias,Estático,11º Lançamento | Leads
2916,2025 | Novembro,Domingo,Final de Semana,Leads,2025-11-23,topfunnel_lal1_clientes_video_v1,18.01,26,1054,7,LookALike_Clientes_1,Video,11º Lançamento | Leads
2919,2025 | Novembro,Domingo,Final de Semana,Leads,2025-11-23,topfunnel_cargos_tech_video_v1,16.71,5,1118,1,Cargos_Tecnologia,Video,11º Lançamento | Leads
3162,2025 | Novembro,Domingo,Final de Semana,Leads,2025-11-23,topfunnel_broad_tech_video_v2,103.05,174,10423,22,Broad_Tecnologia,Video,11º Lançamento | Leads
3191,2025 | Novembro,Domingo,Final de Semana,Leads,2025-11-23,topfunnel_cargos_tech_video_v3,0.00,,0,,Cargos_Tecnologia,Video,11º Lançamento | Leads
3263,2025 | Novembro,Domingo,Final de Semana,Awareness,2025-11-23,topfunnel_interesses_programacao_video_v1,34.26,18,2636,,Interesses_Programacao,Video,11º Lançamento | Live
4036,2025 | Novembro,Domingo,Final de Semana,Leads,2025-11-23,topfunnel_broad_tech_video_v1,121.02,101,6319,10,Broad_Tecnologia,Video,11º Lançamento | Leads
4855,2025 | Novembro,Domingo,Final de Semana,Leads,2025-11-23,topfunnel_interesses_cloud_estatico_v3,24.28,32,2196,2,Interesses_Cloud,Estático,11º Lançamento | Leads
2509,2025 | Novembro,Segunda-Feira,Dia útil,Awareness,2025-11-24,topfunnel_broad_tech_video_v1,9.53,5,555,,Broad_Tecnologia,Video,11º Lançamento | Live
2795,2025 | Novembro,Segunda-Feira,Dia útil,Leads,2025-11-24,topfunnel_cargos_tech_video_v3,26.09,38,1518,2,Cargos_Tecnologia,Video,11º Lançamento | Leads
3031,2025 | Novembro,Segunda-Feira,Dia útil,Leads,2025-11-24,topfunnel_broad_tech_estatico_v1,19.98,12,1316,3,Broad_Tecnologia,Estático,11º Lançamento | Leads
3732,2025 | Novembro,Segunda-Feira,Dia útil,Leads,2025-11-24,topfunnel_broad_tech_video_v2,64.13,53,2834,3,Broad_Tecnologia,Video,11º Lançamento | Leads
3766,2025 | Novembro,Segunda-Feira,Dia útil,Leads,2025-11-24,midfunnel_rmkt_60d_estatico_v2,168.84,162,10230,33,Remarketing_60dias,Estático,11º Lançamento | Leads
4170,2025 | Novembro,Segunda-Feira,Dia útil,Leads,2025-11-24,topfunnel_lal1_clientes_video_v1,148.27,260,9871,52,LookALike_Clientes_1,Video,11º Lançamento | Leads
4229,2025 | Novembro,Segunda-Feira,Dia útil,Leads,2025-11-24,topfunnel_cargos_tech_video_v2,22.36,30,1614,7,Cargos_Tecnologia,Video,11º Lançamento | Leads
4457,2025 | Novembro,Segunda-Feira,Dia útil,Leads,2025-11-24,topfunnel_broad_tech_estatico_v1,13.89,39,2910,6,Broad_Tecnologia,Estático,11º Lançamento | Leads
5993,2025 | Novembro,Segunda-Feira,Dia útil,Leads,2025-11-24,topfunnel_interesses_cloud_video_v2,88.44,63,9106,5,Interesses_Cloud,Video,11º Lançamento | Leads
1303,2025 | Novembro,Terça-Feira,Dia útil,Leads,2025-11-25,topfunnel_interesses_programacao_video_v2,91.76,103,4874,24,Interesses_Programacao,Video,11º Lançamento | Leads
1480,2025 | Novembro,Terça-Feira,Dia útil,Awareness,2025-11-25,topfunnel_cargos_tech_video_v3,16.54,40,2316,4,Cargos_Tecnologia,Video,11º Lançamento | Live
1573,2025 | Novembro,Terça-Feira,Dia útil,Leads,2025-11-25,topfunnel_interesses_cloud_estatico_v2,65.41,54,3537,7,Interesses_Cloud,Estático,11º Lançamento | Leads
1625,2025 | Novembro,Terça-Feira,Dia útil,Leads,2025-11-25,topfunnel_interesses_programacao_video_v1,77.43,64,3578,6,Interesses_Programacao,Video,11º Lançamento | Leads
1687,2025 | Novembro,Terça-Feira,Dia útil,Leads,2025-11-25,topfunnel_interesses_cloud_estatico_v2,34.37,35,1542,3,Interesses_Cloud,Estático,11º Lançamento | Leads
2410,2025 | Novembro,Terça-Feira,Dia útil,Leads,2025-11-25,topfunnel_interesses_programacao_video_v1,25.69,19,1326,3,Interesses_Programacao,Video,11º Lançamento | Leads
2612,2025 | Novembro,Terça-Feira,Dia útil,Leads,2025-11-25,topfunnel_interesses_programacao_estatico_v2,21.49,32,1607,5,Interesses_Programacao,Estático,11º Lançamento | Leads
2818,2025 | Novembro,Terça-Feira,Dia útil,Leads,2025-11-25,topfunnel_cargos_tech_video_v2,64.42,110,4523,16,Cargos_Tecnologia,Video,11º Lançamento | Leads
2961,2025 | Novembro,Terça-Feira,Dia útil,Leads,2025-11-25,topfunnel_lal1_clientes_video_v1,25.52,35,1617,6,LookALike_Clientes_1,Video,11º Lançamento | Leads
3185,2025 | Novembro,Terça-Feira,Dia útil,Leads,2025-11-25,topfunnel_lal1_clientes_estatico_v2,27.34,33,1640,10,LookALike_Clientes_1,Estático,11º Lançamento | Leads
3604,2025 | Novembro,Terça-Feira,Dia útil,Leads,2025-11-25,topfunnel_interesses_programacao_estatico_v1,15.64,12,976,2,Interesses_Programacao,Estático,11º Lançamento | Leads
3875,2025 | Novembro,Terça-Feira,Dia útil,Leads,2025-11-25,topfunnel_interesses_cloud_video_v3,103.86,86,12709,16,Interesses_Cloud,Video,11º Lançamento | Leads
4171,2025 | Novembro,Terça-Feira,Dia útil,Leads,2025-11-25,topfunnel_broad_tech_video_v2,60.41,92,4154,17,Broad_Tecnologia,Video,11º Lançamento | Vendas
4589,2025 | Novembro,Terça-Feira,Dia útil,Leads,2025-11-25,topfunnel_interesses_cloud_video_v2,66.02,39,4737,10,Interesses_Cloud,Video,11º Lançamento | Leads
4916,2025 | Novembro,Terça-Feira,Dia útil,Leads,2025-11-25,topfunnel_broad_tech_video_v2,83.94,101,4546,10,Broad_Tecnologia,Video,11º Lançamento | Leads
4954,2025 | Novembro,Terça-Feira,Dia útil,Leads,2025-11-25,topfunnel_interesses_programacao_estatico_v1,49.09,68,4009,15,Interesses_Programacao,Estático,11º Lançamento | Leads
5257,2025 | Novembro,Terça-Feira,Dia útil,Leads,2025-11-25,topfunnel_interesses_cloud_estatico_v1,32.14,24,1336,,Interesses_Cloud,Estático,11º Lançamento | Leads
5290,2025 | Novembro,Terça-Feira,Dia útil,Leads,2025-11-25,topfunnel_lal1_clientes_estatico_v1,55.68,18,3146,4,LookALike_Clientes_1,Estático,11º Lançamento | Leads
5322,2025 | Novembro,Terça-Feira,Dia útil,Leads,2025-11-25,topfunnel_cargos_tech_video_v3,25.78,20,1748,4,Cargos_Tecnologia,Video,11º Lançamento | Leads
5673,2025 | Novembro,Terça-Feira,Dia útil,Leads,2025-11-25,topfunnel_broad_tech_estatico_v2,23.44,22,1283,5,Broad_Tecnologia,Estático,11º Lançamento | Leads
5766,2025 | Novembro,Terça-Feira,Dia útil,Leads,2025-11-25,midfunnel_rmkt_60d_estatico_v3,79.50,59,4690,6,Remarketing_60dias,Estático,11º Lançamento | Leads
5888,2025 | Novembro,Terça-Feira,Dia útil,Leads,2025-11-25,topfunnel_interesses_programacao_video_v2,20.10,11,871,2,Interesses_Programacao,Video,11º Lançamento | Leads
5998,2025 | Novembro,Terça-Feira,Dia útil,Awareness,2025-11-25,topfunnel_broad_tech_estatico_v2,64.30,28,3980,1,Broad_Tecnologia,Estático,11º Lançamento | Live
1412,2025 | Novembro,Quarta-Feira,Dia útil,Leads,2025-11-26,topfunnel_interesses_programacao_video_v2,56.04,22,2302,4,Interesses_Programacao,Video,11º Lançamento | Leads
1980,2025 | Novembro,Quarta-Feira,Dia útil,Awareness,2025-11-26,topfunnel_interesses_programacao_estatico_v1,33.91,19,1628,2,Interesses_Programacao,Estático,11º Lançamento | Live
2225,2025 | Novembro,Quarta-Feira,Dia útil,Leads,2025-11-26,topfunnel_broad_tech_estatico_v1,32.07,40,3338,8,Broad_Tecnologia,Estático,11º Lançamento | Vendas
2391,2025 | Novembro,Quarta-Feira,Dia útil,Leads,2025-11-26,topfunnel_interesses_cloud_video_v3,82.19,141,6020,17,Interesses_Cloud,Video,11º Lançamento | Leads
2585,2025 | Novembro,Quarta-Feira,Dia útil,Leads,2025-11-26,topfunnel_broad_tech_estatico_v3,33.32,47,2420,4,Broad_Tecnologia,Estático,11º Lançamento | Leads
2802,2025 | Novembro,Quarta-Feira,Dia útil,Leads,2025-11-26,topfunnel_broad_tech_estatico_v2,82.20,111,5784,18,Broad_Tecnologia,Estático,11º Lançamento | Leads
2991,2025 | Novembro,Quarta-Feira,Dia útil,Leads,2025-11-26,topfunnel_broad_tech_video_v1,28.91,33,1594,2,Broad_Tecnologia,Video,11º Lançamento | Leads
3072,2025 | Novembro,Quarta-Feira,Dia útil,Leads,2025-11-26,topfunnel_lal1_clientes_estatico_v2,85.38,57,5266,3,LookALike_Clientes_1,Estático,11º Lançamento | Leads
3422,2025 | Novembro,Quarta-Feira,Dia útil,Leads,2025-11-26,topfunnel_lal1_clientes_estatico_v1,87.86,61,8726,14,LookALike_Clientes_1,Estático,11º Lançamento | Leads
3444,2025 | Novembro,Quarta-Feira,Dia útil,Awareness,2025-11-26,topfunnel_lal1_clientes_estatico_v3,13.42,16,1101,2,LookALike_Clientes_1,Estático,11º Lançamento | Live
3791,2025 | Novembro,Quarta-Feira,Dia útil,Leads,2025-11-26,topfunnel_interesses_programacao_estatico_v3,57.81,31,2861,4,Interesses_Programacao,Estático,11º Lançamento | Vendas
4310,2025 | Novembro,Quarta-Feira,Dia útil,Leads,2025-11-26,topfunnel_interesses_programacao_video_v2,10.41,12,1043,2,Interesses_Programacao,Video,11º Lançamento | Leads
4741,2025 | Novembro,Quarta-Feira,Dia útil,Leads,2025-11-26,topfunnel_broad_tech_estatico_v1,11.99,9,1593,2,Broad_Tecnologia,Estático,11º Lançamento | Leads
5051,2025 | Novembro,Quarta-Feira,Dia útil,Leads,2025-11-26,topfunnel_lal1_clientes_video_v3,57.81,32,2839,4,LookALike_Clientes_1,Video,11º Lançamento | Vendas
5726,2025 | Novembro,Quarta-Feira,Dia útil,Leads,2025-11-26,topfunnel_interesses_cloud_video_v2,32.38,70,5592,12,Interesses_Cloud,Video,11º Lançamento | Vendas
5988,2025 | Novembro,Quarta-Feira,Dia útil,Leads,2025-11-26,topfunnel_broad_tech_estatico_v3,108.98,53,6085,6,Broad_Tecnologia,Estático,11º Lançamento | Leads
1111,2025 | Novembro,Quinta-Feira,Dia útil,Leads,2025-11-27,topfunnel_cargos_tech_video_v1,38.95,57,3542,10,Cargos_Tecnologia,Video,11º Lançamento | Leads
1203,2025 | Novembro,Quinta-Feira,Dia útil,Leads,2025-11-27,topfunnel_broad_tech_estatico_v1,31.27,14,1795,3,Broad_Tecnologia,Estático,11º Lançamento | Leads
1210,2025 | Novembro,Quinta-Feira,Dia útil,Leads,2025-11-27,topfunnel_lal1_clientes_estatico_v1,25.59,41,1913,10,LookALike_Clientes_1,Estático,11º Lançamento | Leads
1279,2025 | Novembro,Quinta-Feira,Dia útil,Leads,2025-11-27,topfunnel_cargos_tech_video_v2,67.66,79,4362,10,Cargos_Tecnologia,Video,11º Lançamento | Vendas
1432,2025 | Novembro,Quinta-Feira,Dia útil,Leads,2025-11-27,topfunnel_broad_tech_estatico_v1,12.98,12,639,1,Broad_Tecnologia,Estático,11º Lançamento | Leads
2223,2025 | Novembro,Quinta-Feira,Dia útil,Leads,2025-11-27,topfunnel_cargos_tech_video_v3,80.10,87,8004,5,Cargos_Tecnologia,Video,11º Lançamento | Leads
2365,2025 | Novembro,Quinta-Feira,Dia útil,Leads,2025-11-27,topfunnel_interesses_programacao_estatico_v1,0.00,,0,,Interesses_Programacao,Estático,11º Lançamento | Leads
2370,2025 | Novembro,Quinta-Feira,Dia útil,Awareness,2025-11-27,topfunnel_cargos_tech_video_v3,5.05,1,462,,Cargos_Tecnologia,Video,11º Lançamento | Live
2583,2025 | Novembro,Quinta-Feira,Dia útil,Leads,2025-11-27,topfunnel_broad_tech_estatico_v2,50.68,17,2842,2,Broad_Tecnologia,Estático,11º Lançamento | Leads
3396,2025 | Novembro,Quinta-Feira,Dia útil,Awareness,2025-11-27,topfunnel_interesses_cloud_estatico_v1,7.48,3,691,,Interesses_Cloud,Estático,11º Lançamento | Live
3630,2025 | Novembro,Quinta-Feira,Dia útil,Leads,2025-11-27,topfunnel_broad_tech_video_v1,30.50,20,2108,2,Broad_Tecnologia,Video,11º Lançamento | Leads
4771,2025 | Novembro,Quinta-Feira,Dia útil,Leads,2025-11-27,topfunnel_lal1_clientes_video_v2,87.17,53,7478,11,LookALike_Clientes_1,Video,11º Lançamento | Leads
4790,2025 | Novembro,Quinta-Feira,Dia útil,Leads,2025-11-27,topfunnel_broad_tech_video_v1,8.32,5,502,1,Broad_Tecnologia,Video,11º Lançamento | Leads
4937,2025 | Novembro,Quinta-Feira,Dia útil,Leads,2025-11-27,topfunnel_broad_tech_estatico_v2,50.67,19,3376,5,Broad_Tecnologia,Estático,11º Lançamento | Leads
5143,2025 | Novembro,Quinta-Feira,Dia útil,Leads,2025-11-27,midfunnel_rmkt_60d_estatico_v2,21.60,37,1300,4,Remarketing_60dias,Estático,11º Lançamento | Leads
5410,2025 | Novembro,Quinta-Feira,Dia útil,Leads,2025-11-27,topfunnel_broad_tech_video_v1,61.77,58,3013,1,Broad_Tecnologia,Video,11º Lançamento | Leads
5508,2025 | Novembro,Quinta-Feira,Dia útil,Leads,2025-11-27,topfunnel_broad_tech_video_v2,71.78,78,5045,18,Broad_Tecnologia,Video,11º Lançamento | Leads
5597,2025 | Novembro,Quinta-Feira,Dia útil,Leads,2025-11-27,topfunnel_lal1_clientes_video_v1,2.32,1,156,,LookALike_Clientes_1,Video,11º Lançamento | Vendas
5625,2025 | Novembro,Quinta-Feira,Dia útil,Awareness,2025-11-27,topfunnel_lal1_clientes_video_v1,22.35,19,1327,1,LookALike_Clientes_1,Video,11º Lançamento | Live
1509,2025 | Novembro,Sexta-Feira,Dia útil,Awareness,2025-11-28,topfunnel_cargos_tech_video_v1,46.99,93,4933,9,Cargos_Tecnologia,Video,11º Lançamento | Live
2302,2025 | Novembro,Sexta-Feira,Dia útil,Leads,2025-11-28,topfunnel_lal1_clientes_estatico_v3,18.02,23,970,2,LookALike_Clientes_1,Estático,11º Lançamento | Leads
2390,2025 | Novembro,Sexta-Feira,Dia útil,Leads,2025-11-28,midfunnel_rmkt_60d_video_v3,27.89,54,4146,6,Remarketing_60dias,Video,11º Lançamento | Leads
3229,2025 | Novembro,Sexta-Feira,Dia útil,Leads,2025-11-28,topfunnel_broad_tech_video_v2,46.07,22,2842,2,Broad_Tecnologia,Video,11º Lançamento | Leads
3970,2025 | Novembro,Sexta-Feira,Dia útil,Leads,2025-11-28,midfunnel_rmkt_60d_estatico_v2,56.12,71,3301,5,Remarketing_60dias,Estático,11º Lançamento | Leads
4075,2025 | Novembro,Sexta-Feira,Dia útil,Leads,2025-11-28,topfunnel_broad_tech_estatico_v1,27.87,36,1809,8,Broad_Tecnologia,Estático,11º Lançamento | Leads
4159,2025 | Novembro,Sexta-Feira,Dia útil,Leads,2025-11-28,topfunnel_lal1_clientes_video_v1,25.18,99,4451,28,LookALike_Clientes_1,Video,11º Lançamento | Leads
4255,2025 | Novembro,Sexta-Feira,Dia útil,Leads,2025-11-28,topfunnel_lal1_clientes_estatico_v1,23.77,27,2479,5,LookALike_Clientes_1,Estático,11º Lançamento | Leads
4348,2025 | Novembro,Sexta-Feira,Dia útil,Awareness,2025-11-28,topfunnel_interesses_cloud_video_v2,1.02,3,120,,Interesses_Cloud,Video,11º Lançamento | Live
4646,2025 | Novembro,Sexta-Feira,Dia útil,Leads,2025-11-28,topfunnel_interesses_programacao_estatico_v2,27.03,32,1623,3,Interesses_Programacao,Estático,11º Lançamento | Leads
4711,2025 | Novembro,Sexta-Feira,Dia útil,Leads,2025-11-28,topfunnel_interesses_cloud_video_v1,24.19,28,1536,2,Interesses_Cloud,Video,11º Lançamento | Vendas
5201,2025 | Novembro,Sexta-Feira,Dia útil,Leads,2025-11-28,topfunnel_cargos_tech_video_v1,47.41,31,2498,6,Cargos_Tecnologia,Video,11º Lançamento | Leads
5364,2025 | Novembro,Sexta-Feira,Dia útil,Leads,2025-11-28,topfunnel_interesses_cloud_video_v1,45.72,21,2374,4,Interesses_Cloud,Video,11º Lançamento | Leads
5920,2025 | Novembro,Sexta-Feira,Dia útil,Leads,2025-11-28,midfunnel_rmkt_60d_video_v2,0.00,,0,,Remarketing_60dias,Video,11º Lançamento | Leads
1209,2025 | Novembro,Sábado,Final de Semana,Leads,2025-11-29,topfunnel_cargos_tech_estatico_v1,7.84,16,731,2,Cargos_Tecnologia,Estático,11º Lançamento | Leads
1385,2025 | Novembro,Sábado,Final de Semana,Leads,2025-11-29,topfunnel_broad_tech_estatico_v3,33.05,45,3048,3,Broad_Tecnologia,Estático,11º Lançamento | Leads
1490,2025 | Novembro,Sábado,Final de Semana,Leads,2025-11-29,midfunnel_rmkt_60d_estatico_v2,9.95,9,692,,Remarketing_60dias,Estático,11º Lançamento | Leads
1662,2025 | Novembro,Sábado,Final de Semana,Leads,2025-11-29,topfunnel_cargos_tech_video_v3,51.14,112,4596,12,Cargos_Tecnologia,Video,11º Lançamento | Leads
2422,2025 | Novembro,Sábado,Final de Semana,Leads,2025-11-29,topfunnel_cargos_tech_video_v2,64.98,117,5498,26,Cargos_Tecnologia,Video,11º Lançamento | Leads
3742,2025 | Novembro,Sábado,Final de Semana,Leads,2025-11-29,midfunnel_rmkt_60d_estatico_v2,49.97,34,4003,6,Remarketing_60dias,Estático,11º Lançamento | Leads
4430,2025 | Novembro,Sábado,Final de Semana,Leads,2025-11-29,topfunnel_interesses_programacao_estatico_v1,66.02,26,4613,4,Interesses_Programacao,Estático,11º Lançamento | Leads
4461,2025 | Novembro,Sábado,Final de Semana,Leads,2025-11-29,topfunnel_lal1_clientes_video_v1,10.89,9,788,1,LookALike_Clientes_1,Video,11º Lançamento | Vendas
4497,2025 | Novembro,Sábado,Final de Semana,Leads,2025-11-29,topfunnel_broad_tech_video_v1,121.62,64,5066,10,Broad_Tecnologia,Video,11º Lançamento | Leads
4877,2025 | Novembro,Sábado,Final de Semana,Leads,2025-11-29,midfunnel_rmkt_60d_estatico_v1,60.72,79,5107,19,Remarketing_60dias,Estático,11º Lançamento | Leads
4963,2025 | Novembro,Sábado,Final de Semana,Leads,2025-11-29,topfunnel_interesses_programacao_video_v3,17.58,11,1538,,Interesses_Programacao,Video,11º Lançamento | Vendas
4972,2025 | Novembro,Sábado,Final de Semana,Leads,2025-11-29,topfunnel_broad_tech_video_v3,33.75,11,2139,2,Broad_Tecnologia,Video,11º Lançamento | Leads
5098,2025 | Novembro,Sábado,Final de Semana,Leads,2025-11-29,topfunnel_broad_tech_estatico_v1,61.37,68,4140,11,Broad_Tecnologia,Estático,11º Lançamento | Leads
5359,2025 | Novembro,Sábado,Final de Semana,Leads,2025-11-29,topfunnel_interesses_programacao_estatico_v3,0.00,,0,,Interesses_Programacao,Estático,11º Lançamento | Leads
1328,2025 | Novembro,Domingo,Final de Semana,Leads,2025-11-30,topfunnel_interesses_cloud_estatico_v3,39.03,39,3689,4,Interesses_Cloud,Estático,11º Lançamento | Leads
1405,2025 | Novembro,Domingo,Final de Semana,Leads,2025-11-30,midfunnel_rmkt_60d_estatico_v2,81.88,126,6733,6,Remarketing_60dias,Estático,11º Lançamento | Leads
1449,2025 | Novembro,Domingo,Final de Semana,Leads,2025-11-30,midfunnel_rmkt_60d_estatico_v2,42.71,39,2335,8,Remarketing_60dias,Estático,11º Lançamento | Leads
1523,2025 | Novembro,Domingo,Final de Semana,Awareness,2025-11-30,midfunnel_rmkt_60d_estatico_v1,72.37,98,6169,9,Remarketing_60dias,Estático,11º Lançamento | Live
1524,2025 | Novembro,Domingo,Final de Semana,Leads,2025-11-30,topfunnel_broad_tech_estatico_v3,21.98,26,1254,3,Broad_Tecnologia,Estático,11º Lançamento | Leads
1613,2025 | Novembro,Domingo,Final de Semana,Leads,2025-11-30,topfunnel_interesses_cloud_estatico_v1,27.10,28,2172,6,Interesses_Cloud,Estático,11º Lançamento | Vendas
1781,2025 | Novembro,Domingo,Final de Semana,Leads,2025-11-30,topfunnel_broad_tech_video_v2,3.25,3,238,,Broad_Tecnologia,Video,11º Lançamento | Leads
1956,2025 | Novembro,Domingo,Final de Semana,Leads,2025-11-30,topfunnel_broad_tech_video_v1,193.30,84,14173,6,Broad_Tecnologia,Video,11º Lançamento | Leads
2366,2025 | Novembro,Domingo,Final de Semana,Leads,2025-11-30,topfunnel_lal1_clientes_video_v1,21.09,37,1352,2,LookALike_Clientes_1,Video,11º Lançamento | Leads
2553,2025 | Novembro,Domingo,Final de Semana,Leads,2025-11-30,topfunnel_interesses_cloud_estatico_v3,67.07,43,5182,8,Interesses_Cloud,Estático,11º Lançamento | Leads
2696,2025 | Novembro,Domingo,Final de Semana,Leads,2025-11-30,topfunnel_broad_tech_video_v1,45.60,48,3890,4,Broad_Tecnologia,Video,11º Lançamento | Leads
2701,2025 | Novembro,Domingo,Final de Semana,Leads,2025-11-30,topfunnel_lal1_clientes_video_v2,44.62,72,2872,9,LookALike_Clientes_1,Video,11º Lançamento | Leads
2793,2025 | Novembro,Domingo,Final de Semana,Leads,2025-11-30,topfunnel_interesses_cloud_video_v1,15.78,29,2463,5,Interesses_Cloud,Video,11º Lançamento | Leads
3027,2025 | Novembro,Domingo,Final de Semana,Leads,2025-11-30,midfunnel_rmkt_60d_video_v3,12.82,27,988,6,Remarketing_60dias,Video,11º Lançamento | Leads
3365,2025 | Novembro,Domingo,Final de Semana,Leads,2025-11-30,topfunnel_interesses_cloud_estatico_v3,19.72,25,1188,3,Interesses_Cloud,Estático,11º Lançamento | Leads
4287,2025 | Novembro,Domingo,Final de Semana,Awareness,2025-11-30,topfunnel_interesses_cloud_estatico_v1,178.34,261,16976,42,Interesses_Cloud,Estático,11º Lançamento | Live
4376,2025 | Novembro,Domingo,Final de Semana,Awareness,2025-11-30,topfunnel_broad_tech_video_v1,25.22,26,1762,2,Broad_Tecnologia,Video,11º Lançamento | Live
4778,2025 | Novembro,Domingo,Final de Semana,Leads,2025-11-30,topfunnel_lal1_clientes_estatico_v1,27.94,15,2353,3,LookALike_Clientes_1,Estático,11º Lançamento | Leads
5070,2025 | Novembro,Domingo,Final de Semana,Leads,2025-11-30,topfunnel_interesses_cloud_video_v2,19.67,10,1801,,Interesses_Cloud,Video,11º Lançamento | Leads
5167,2025 | Novembro,Domingo,Final de Semana,Leads,2025-11-30,midfunnel_rmkt_60d_estatico_v1,66.34,214,14194,54,Remarketing_60dias,Estático,11º Lançamento | Leads
1241,2025 | Dezembro,Segunda-Feira,Dia útil,Leads,2025-12-01,topfunnel_interesses_programacao_estatico_v1,60.78,43,4160,8,Interesses_Programacao,Estático,12º Lançamento | Leads
1659,2025 | Dezembro,Segunda-Feira,Dia útil,Leads,2025-12-01,topfunnel_interesses_cloud_video_v2,21.13,12,1255,1,Interesses_Cloud,Video,12º Lançamento | Leads
1684,2025 | Dezembro,Segunda-Feira,Dia útil,Leads,2025-12-01,topfunnel_broad_tech_video_v2,32.17,19,2497,2,Broad_Tecnologia,Video,12º Lançamento | Leads
1805,2025 | Dezembro,Segunda-Feira,Dia útil,Leads,2025-12-01,topfunnel_interesses_programacao_video_v1,22.78,29,1429,6,Interesses_Programacao,Video,12º Lançamento | Leads
2063,2025 | Dezembro,Segunda-Feira,Dia útil,Leads,2025-12-01,topfunnel_interesses_programacao_video_v2,67.98,48,3510,2,Interesses_Programacao,Video,12º Lançamento | Vendas
2097,2025 | Dezembro,Segunda-Feira,Dia útil,Leads,2025-12-01,topfunnel_interesses_cloud_estatico_v3,44.12,42,2720,5,Interesses_Cloud,Estático,12º Lançamento | Leads
2418,2025 | Dezembro,Segunda-Feira,Dia útil,Leads,2025-12-01,topfunnel_interesses_cloud_estatico_v1,43.66,32,4449,5,Interesses_Cloud,Estático,12º Lançamento | Leads
3589,2025 | Dezembro,Segunda-Feira,Dia útil,Leads,2025-12-01,midfunnel_rmkt_60d_estatico_v2,19.96,9,1257,3,Remarketing_60dias,Estático,12º Lançamento | Leads
3673,2025 | Dezembro,Segunda-Feira,Dia útil,Leads,2025-12-01,topfunnel_cargos_tech_video_v3,43.39,39,3041,4,Cargos_Tecnologia,Video,12º Lançamento | Vendas
4603,2025 | Dezembro,Segunda-Feira,Dia útil,Leads,2025-12-01,topfunnel_broad_tech_estatico_v1,16.29,11,1239,1,Broad_Tecnologia,Estático,12º Lançamento | Leads
5012,2025 | Dezembro,Segunda-Feira,Dia útil,Leads,2025-12-01,topfunnel_interesses_programacao_estatico_v2,100.97,33,6011,5,Interesses_Programacao,Estático,12º Lançamento | Vendas
5611,2025 | Dezembro,Segunda-Feira,Dia útil,Leads,2025-12-01,topfunnel_lal1_clientes_estatico_v1,38.19,114,5239,22,LookALike_Clientes_1,Estático,12º Lançamento | Leads
5658,2025 | Dezembro,Segunda-Feira,Dia útil,Leads,2025-12-01,topfunnel_cargos_tech_estatico_v1,8.18,7,469,2,Cargos_Tecnologia,Estático,12º Lançamento | Vendas
1182,2025 | Dezembro,Terça-Feira,Dia útil,Awareness,2025-12-02,topfunnel_interesses_cloud_video_v1,36.77,25,2612,,Interesses_Cloud,Video,12º Lançamento | Live
1487,2025 | Dezembro,Terça-Feira,Dia útil,Leads,2025-12-02,topfunnel_broad_tech_estatico_v1,0.00,,0,,Broad_Tecnologia,Estático,12º Lançamento | Leads
2000,2025 | Dezembro,Terça-Feira,Dia útil,Leads,2025-12-02,topfunnel_broad_tech_video_v1,13.11,12,849,3,Broad_Tecnologia,Video,12º Lançamento | Leads
2016,2025 | Dezembro,Terça-Feira,Dia útil,Leads,2025-12-02,topfunnel_interesses_cloud_estatico_v1,85.40,115,5952,27,Interesses_Cloud,Estático,12º Lançamento | Leads
2655,2025 | Dezembro,Terça-Feira,Dia útil,Leads,2025-12-02,midfunnel_rmkt_60d_video_v2,43.73,28,3941,1,Remarketing_60dias,Video,12º Lançamento | Leads
2817,2025 | Dezembro,Terça-Feira,Dia útil,Awareness,2025-12-02,topfunnel_cargos_tech_video_v1,20.89,19,1665,2,Cargos_Tecnologia,Video,12º Lançamento | Live
3995,2025 | Dezembro,Terça-Feira,Dia útil,Leads,2025-12-02,topfunnel_interesses_cloud_estatico_v2,42.48,36,2657,3,Interesses_Cloud,Estático,12º Lançamento | Leads
4267,2025 | Dezembro,Terça-Feira,Dia útil,Awareness,2025-12-02,midfunnel_rmkt_60d_estatico_v1,213.88,91,13992,11,Remarketing_60dias,Estático,12º Lançamento | Live
4396,2025 | Dezembro,Terça-Feira,Dia útil,Awareness,2025-12-02,topfunnel_broad_tech_video_v3,83.95,41,4608,5,Broad_Tecnologia,Video,12º Lançamento | Live
5545,2025 | Dezembro,Terça-Feira,Dia útil,Leads,2025-12-02,topfunnel_lal1_clientes_video_v3,45.70,80,3288,14,LookALike_Clientes_1,Video,12º Lançamento | Leads
5713,2025 | Dezembro,Terça-Feira,Dia útil,Awareness,2025-12-02,topfunnel_cargos_tech_video_v2,47.35,31,2743,2,Cargos_Tecnologia,Video,12º Lançamento | Live
5886,2025 | Dezembro,Terça-Feira,Dia útil,Leads,2025-12-02,midfunnel_rmkt_60d_estatico_v2,10.33,6,747,1,Remarketing_60dias,Estático,12º Lançamento | Leads
1118,2025 | Dezembro,Quarta-Feira,Dia útil,Leads,2025-12-03,topfunnel_cargos_tech_video_v3,11.77,8,757,1,Cargos_Tecnologia,Video,12º Lançamento | Leads
1413,2025 | Dezembro,Quarta-Feira,Dia útil,Leads,2025-12-03,topfunnel_broad_tech_video_v1,66.81,71,3866,13,Broad_Tecnologia,Video,12º Lançamento | Leads
1585,2025 | Dezembro,Quarta-Feira,Dia útil,Leads,2025-12-03,topfunnel_cargos_tech_estatico_v1,14.94,45,3234,6,Cargos_Tecnologia,Estático,12º Lançamento | Leads
2376,2025 | Dezembro,Quarta-Feira,Dia útil,Leads,2025-12-03,topfunnel_lal1_clientes_video_v2,57.29,71,5528,4,LookALike_Clientes_1,Video,12º Lançamento | Leads
2849,2025 | Dezembro,Quarta-Feira,Dia útil,Leads,2025-12-03,midfunnel_rmkt_60d_estatico_v2,40.07,32,3406,3,Remarketing_60dias,Estático,12º Lançamento | Vendas
3241,2025 | Dezembro,Quarta-Feira,Dia útil,Leads,2025-12-03,topfunnel_interesses_programacao_estatico_v2,12.28,11,605,3,Interesses_Programacao,Estático,12º Lançamento | Leads
4207,2025 | Dezembro,Quarta-Feira,Dia útil,Awareness,2025-12-03,topfunnel_interesses_programacao_video_v1,49.09,36,4528,1,Interesses_Programacao,Video,12º Lançamento | Live
4645,2025 | Dezembro,Quarta-Feira,Dia útil,Leads,2025-12-03,topfunnel_broad_tech_video_v2,35.92,38,3219,8,Broad_Tecnologia,Video,12º Lançamento | Leads
5093,2025 | Dezembro,Quarta-Feira,Dia útil,Leads,2025-12-03,topfunnel_broad_tech_estatico_v3,41.43,26,3052,3,Broad_Tecnologia,Estático,12º Lançamento | Leads
5618,2025 | Dezembro,Quarta-Feira,Dia útil,Leads,2025-12-03,topfunnel_broad_tech_estatico_v3,58.79,70,4557,11,Broad_Tecnologia,Estático,12º Lançamento | Leads
5747,2025 | Dezembro,Quarta-Feira,Dia útil,Leads,2025-12-03,topfunnel_lal1_clientes_estatico_v1,15.16,21,950,4,LookALike_Clientes_1,Estático,12º Lançamento | Leads
1010,2025 | Dezembro,Quinta-Feira,Dia útil,Leads,2025-12-04,topfunnel_interesses_cloud_video_v2,59.47,31,4668,5,Interesses_Cloud,Video,12º Lançamento | Leads
1471,2025 | Dezembro,Quinta-Feira,Dia útil,Leads,2025-12-04,topfunnel_broad_tech_video_v1,19.77,12,1056,,Broad_Tecnologia,Video,12º Lançamento | Vendas
1565,2025 | Dezembro,Quinta-Feira,Dia útil,Leads,2025-12-04,topfunnel_interesses_cloud_video_v1,54.86,52,4022,7,Interesses_Cloud,Video,12º Lançamento | Leads
1683,2025 | Dezembro,Quinta-Feira,Dia útil,Leads,2025-12-04,topfunnel_broad_tech_estatico_v2,23.64,17,1817,1,Broad_Tecnologia,Estático,12º Lançamento | Vendas
1816,2025 | Dezembro,Quinta-Feira,Dia útil,Leads,2025-12-04,midfunnel_rmkt_60d_estatico_v1,54.60,50,4224,4,Remarketing_60dias,Estático,12º Lançamento | Leads
1866,2025 | Dezembro,Quinta-Feira,Dia útil,Leads,2025-12-04,topfunnel_lal1_clientes_estatico_v1,8.42,13,643,1,LookALike_Clientes_1,Estático,12º Lançamento | Leads
2098,2025 | Dezembro,Quinta-Feira,Dia útil,Leads,2025-12-04,topfunnel_interesses_programacao_video_v1,115.07,205,9645,13,Interesses_Programacao,Video,12º Lançamento | Leads
2589,2025 | Dezembro,Quinta-Feira,Dia útil,Awareness,2025-12-04,topfunnel_broad_tech_estatico_v3,1.64,1,103,,Broad_Tecnologia,Estático,12º Lançamento | Live
3677,2025 | Dezembro,Quinta-Feira,Dia útil,Leads,2025-12-04,topfunnel_interesses_programacao_video_v2,0.00,,0,,Interesses_Programacao,Video,12º Lançamento | Leads
4850,2025 | Dezembro,Quinta-Feira,Dia útil,Leads,2025-12-04,midfunnel_rmkt_60d_video_v3,46.22,48,3631,5,Remarketing_60dias,Video,12º Lançamento | Leads
5746,2025 | Dezembro,Quinta-Feira,Dia útil,Leads,2025-12-04,topfunnel_broad_tech_video_v2,33.46,75,4557,10,Broad_Tecnologia,Video,12º Lançamento | Leads
5891,2025 | Dezembro,Quinta-Feira,Dia útil,Leads,2025-12-04,topfunnel_lal1_clientes_video_v1,6.74,4,407,,LookALike_Clientes_1,Video,12º Lançamento | Leads
5925,2025 | Dezembro,Quinta-Feira,Dia útil,Leads,2025-12-04,topfunnel_interesses_cloud_estatico_v2,33.47,17,2016,1,Interesses_Cloud,Estático,12º Lançamento | Leads
2515,2025 | Dezembro,Sexta-Feira,Dia útil,Leads,2025-12-05,topfunnel_broad_tech_estatico_v1,25.65,23,1398,3,Broad_Tecnologia,Estático,12º Lançamento | Vendas
3029,2025 | Dezembro,Sexta-Feira,Dia útil,Leads,2025-12-05,topfunnel_interesses_programacao_estatico_v2,33.76,72,4548,14,Interesses_Programacao,Estático,12º Lançamento | Vendas
3798,2025 | Dezembro,Sexta-Feira,Dia útil,Leads,2025-12-05,midfunnel_rmkt_60d_estatico_v2,73.12,171,7528,16,Remarketing_60dias,Estático,12º Lançamento | Vendas
4021,2025 | Dezembro,Sexta-Feira,Dia útil,Leads,2025-12-05,topfunnel_broad_tech_estatico_v1,104.24,216,14931,34,Broad_Tecnologia,Estático,12º Lançamento | Leads
4148,2025 | Dezembro,Sexta-Feira,Dia útil,Leads,2025-12-05,topfunnel_interesses_programacao_video_v1,23.28,29,1154,7,Interesses_Programacao,Video,12º Lançamento | Leads
4650,2025 | Dezembro,Sexta-Feira,Dia útil,Leads,2025-12-05,topfunnel_interesses_cloud_estatico_v1,68.93,33,5713,4,Interesses_Cloud,Estático,12º Lançamento | Vendas
5763,2025 | Dezembro,Sexta-Feira,Dia útil,Leads,2025-12-05,topfunnel_cargos_tech_estatico_v3,37.34,42,1886,13,Cargos_Tecnologia,Estático,12º Lançamento | Leads
1579,2025 | Dezembro,Sábado,Final de Semana,Leads,2025-12-06,topfunnel_cargos_tech_video_v1,0.00,,0,,Cargos_Tecnologia,Video,12º Lançamento | Leads
1644,2025 | Dezembro,Sábado,Final de Semana,Leads,2025-12-06,topfunnel_interesses_programacao_video_v2,8.95,4,574,,Interesses_Programacao,Video,12º Lançamento | Leads
1787,2025 | Dezembro,Sábado,Final de Semana,Leads,2025-12-06,topfunnel_broad_tech_video_v1,25.92,38,2462,7,Broad_Tecnologia,Video,12º Lançamento | Leads
1902,2025 | Dezembro,Sábado,Final de Semana,Leads,2025-12-06,topfunnel_interesses_cloud_estatico_v3,82.52,39,5443,8,Interesses_Cloud,Estático,12º Lançamento | Leads
1923,2025 | Dezembro,Sábado,Final de Semana,Leads,2025-12-06,topfunnel_lal1_clientes_estatico_v2,26.99,14,1738,3,LookALike_Clientes_1,Estático,12º Lançamento | Leads
2157,2025 | Dezembro,Sábado,Final de Semana,Awareness,2025-12-06,topfunnel_broad_tech_video_v3,13.90,10,722,1,Broad_Tecnologia,Video,12º Lançamento | Live
2360,2025 | Dezembro,Sábado,Final de Semana,Leads,2025-12-06,topfunnel_cargos_tech_estatico_v2,39.84,54,3394,10,Cargos_Tecnologia,Estático,12º Lançamento | Vendas
2814,2025 | Dezembro,Sábado,Final de Semana,Leads,2025-12-06,topfunnel_broad_tech_video_v2,27.55,34,1872,5,Broad_Tecnologia,Video,12º Lançamento | Leads
2897,2025 | Dezembro,Sábado,Final de Semana,Leads,2025-12-06,topfunnel_interesses_cloud_video_v2,5.95,6,400,,Interesses_Cloud,Video,12º Lançamento | Leads
3584,2025 | Dezembro,Sábado,Final de Semana,Leads,2025-12-06,topfunnel_interesses_programacao_video_v1,16.87,18,1124,2,Interesses_Programacao,Video,12º Lançamento | Leads
3971,2025 | Dezembro,Sábado,Final de Semana,Leads,2025-12-06,topfunnel_lal1_clientes_estatico_v1,65.74,48,3846,6,LookALike_Clientes_1,Estático,12º Lançamento | Leads
4418,2025 | Dezembro,Sábado,Final de Semana,Leads,2025-12-06,topfunnel_broad_tech_video_v3,42.44,73,3722,10,Broad_Tecnologia,Video,12º Lançamento | Leads
4770,2025 | Dezembro,Sábado,Final de Semana,Leads,2025-12-06,topfunnel_broad_tech_estatico_v2,0.47,,19,,Broad_Tecnologia,Estático,12º Lançamento | Leads
5887,2025 | Dezembro,Sábado,Final de Semana,Leads,2025-12-06,midfunnel_rmkt_60d_estatico_v1,14.39,9,630,3,Remarketing_60dias,Estático,12º Lançamento | Leads
1081,2025 | Dezembro,Domingo,Final de Semana,Leads,2025-12-07,topfunnel_lal1_clientes_estatico_v3,26.36,23,1282,3,LookALike_Clientes_1,Estático,12º Lançamento | Leads
1452,2025 | Dezembro,Domingo,Final de Semana,Leads,2025-12-07,topfunnel_cargos_tech_video_v3,17.79,20,998,1,Cargos_Tecnologia,Video,12º Lançamento | Leads
1473,2025 | Dezembro,Domingo,Final de Semana,Leads,2025-12-07,topfunnel_lal1_clientes_video_v1,125.29,135,8148,33,LookALike_Clientes_1,Video,12º Lançamento | Leads
1702,2025 | Dezembro,Domingo,Final de Semana,Leads,2025-12-07,topfunnel_lal1_clientes_estatico_v3,29.65,24,3178,2,LookALike_Clientes_1,Estático,12º Lançamento | Leads
2115,2025 | Dezembro,Domingo,Final de Semana,Leads,2025-12-07,topfunnel_broad_tech_estatico_v3,55.66,108,5030,14,Broad_Tecnologia,Estático,12º Lançamento | Vendas
2709,2025 | Dezembro,Domingo,Final de Semana,Leads,2025-12-07,midfunnel_rmkt_60d_video_v1,43.61,17,1649,3,Remarketing_60dias,Video,12º Lançamento | Leads
3338,2025 | Dezembro,Domingo,Final de Semana,Leads,2025-12-07,midfunnel_rmkt_60d_estatico_v2,73.58,49,5315,5,Remarketing_60dias,Estático,12º Lançamento | Leads
3440,2025 | Dezembro,Domingo,Final de Semana,Leads,2025-12-07,topfunnel_interesses_cloud_estatico_v2,80.43,98,6562,8,Interesses_Cloud,Estático,12º Lançamento | Leads
3534,2025 | Dezembro,Domingo,Final de Semana,Leads,2025-12-07,midfunnel_rmkt_60d_estatico_v2,24.05,47,1852,4,Remarketing_60dias,Estático,12º Lançamento | Leads
3551,2025 | Dezembro,Domingo,Final de Semana,Leads,2025-12-07,midfunnel_rmkt_60d_estatico_v3,31.01,36,1684,13,Remarketing_60dias,Estático,12º Lançamento | Leads
4815,2025 | Dezembro,Domingo,Final de Semana,Leads,2025-12-07,topfunnel_cargos_tech_video_v2,47.01,33,2264,4,Cargos_Tecnologia,Video,12º Lançamento | Leads
5462,2025 | Dezembro,Domingo,Final de Semana,Leads,2025-12-07,topfunnel_interesses_programacao_estatico_v2,12.27,15,1136,,Interesses_Programacao,Estático,12º Lançamento | Leads
5568,2025 | Dezembro,Domingo,Final de Semana,Leads,2025-12-07,topfunnel_interesses_cloud_video_v1,33.06,27,1652,4,Interesses_Cloud,Video,12º Lançamento | Vendas
5672,2025 | Dezembro,Domingo,Final de Semana,Awareness,2025-12-07,topfunnel_interesses_programacao_video_v1,39.28,43,2703,1,Interesses_Programacao,Video,12º Lançamento | Live
1236,2025 | Dezembro,Segunda-Feira,Dia útil,Leads,2025-12-08,topfunnel_interesses_programacao_estatico_v2,75.62,51,4479,10,Interesses_Programacao,Estático,12º Lançamento | Leads
3044,2025 | Dezembro,Segunda-Feira,Dia útil,Leads,2025-12-08,topfunnel_lal1_clientes_estatico_v1,0.00,,0,,LookALike_Clientes_1,Estático,12º Lançamento | Leads
4463,2025 | Dezembro,Segunda-Feira,Dia útil,Leads,2025-12-08,topfunnel_broad_tech_estatico_v1,18.93,12,2335,2,Broad_Tecnologia,Estático,12º Lançamento | Leads
5152,2025 | Dezembro,Segunda-Feira,Dia útil,Leads,2025-12-08,topfunnel_broad_tech_estatico_v1,34.10,26,4480,1,Broad_Tecnologia,Estático,12º Lançamento | Leads
5313,2025 | Dezembro,Segunda-Feira,Dia útil,Leads,2025-12-08,topfunnel_interesses_cloud_estatico_v3,3.27,5,298,1,Interesses_Cloud,Estático,12º Lançamento | Leads
5702,2025 | Dezembro,Segunda-Feira,Dia útil,Leads,2025-12-08,topfunnel_interesses_programacao_video_v1,15.47,38,2308,4,Interesses_Programacao,Video,12º Lançamento | Vendas
5893,2025 | Dezembro,Segunda-Feira,Dia útil,Leads,2025-12-08,midfunnel_rmkt_60d_estatico_v1,25.15,12,1374,3,Remarketing_60dias,Estático,12º Lançamento | Leads
1179,2025 | Dezembro,Terça-Feira,Dia útil,Leads,2025-12-09,topfunnel_broad_tech_video_v3,14.91,9,710,,Broad_Tecnologia,Video,12º Lançamento | Leads
2123,2025 | Dezembro,Terça-Feira,Dia útil,Leads,2025-12-09,topfunnel_broad_tech_estatico_v1,28.85,31,2244,6,Broad_Tecnologia,Estático,12º Lançamento | Leads
2665,2025 | Dezembro,Terça-Feira,Dia útil,Leads,2025-12-09,topfunnel_lal1_clientes_video_v2,30.93,36,2060,3,LookALike_Clientes_1,Video,12º Lançamento | Leads
3003,2025 | Dezembro,Terça-Feira,Dia útil,Leads,2025-12-09,midfunnel_rmkt_60d_estatico_v3,167.97,276,17917,88,Remarketing_60dias,Estático,12º Lançamento | Leads
3264,2025 | Dezembro,Terça-Feira,Dia útil,Leads,2025-12-09,topfunnel_interesses_cloud_estatico_v2,45.96,16,3338,3,Interesses_Cloud,Estático,12º Lançamento | Leads
3353,2025 | Dezembro,Terça-Feira,Dia útil,Leads,2025-12-09,topfunnel_interesses_programacao_estatico_v2,51.76,42,3027,8,Interesses_Programacao,Estático,12º Lançamento | Vendas
3561,2025 | Dezembro,Terça-Feira,Dia útil,Leads,2025-12-09,topfunnel_lal1_clientes_estatico_v1,8.03,12,535,3,LookALike_Clientes_1,Estático,12º Lançamento | Leads
4109,2025 | Dezembro,Terça-Feira,Dia útil,Leads,2025-12-09,topfunnel_lal1_clientes_estatico_v3,130.23,99,9916,24,LookALike_Clientes_1,Estático,12º Lançamento | Leads
4146,2025 | Dezembro,Terça-Feira,Dia útil,Leads,2025-12-09,topfunnel_interesses_programacao_estatico_v1,42.11,41,2305,8,Interesses_Programacao,Estático,12º Lançamento | Leads
4280,2025 | Dezembro,Terça-Feira,Dia útil,Awareness,2025-12-09,midfunnel_rmkt_60d_estatico_v2,53.63,34,4343,3,Remarketing_60dias,Estático,12º Lançamento | Live
4811,2025 | Dezembro,Terça-Feira,Dia útil,Leads,2025-12-09,topfunnel_cargos_tech_estatico_v1,24.29,8,1211,1,Cargos_Tecnologia,Estático,12º Lançamento | Leads
5175,2025 | Dezembro,Terça-Feira,Dia útil,Leads,2025-12-09,topfunnel_broad_tech_video_v1,130.13,169,10861,22,Broad_Tecnologia,Video,12º Lançamento | Leads
5348,2025 | Dezembro,Terça-Feira,Dia útil,Leads,2025-12-09,topfunnel_cargos_tech_estatico_v2,20.75,23,1302,2,Cargos_Tecnologia,Estático,12º Lançamento | Leads
5790,2025 | Dezembro,Terça-Feira,Dia útil,Leads,2025-12-09,topfunnel_interesses_programacao_video_v3,47.66,39,2917,8,Interesses_Programacao,Video,12º Lançamento | Leads
1009,2025 | Dezembro,Quarta-Feira,Dia útil,Leads,2025-12-10,topfunnel_interesses_cloud_estatico_v1,28.59,40,3995,2,Interesses_Cloud,Estático,12º Lançamento | Leads
1786,2025 | Dezembro,Quarta-Feira,Dia útil,Leads,2025-12-10,topfunnel_broad_tech_estatico_v1,34.34,18,1851,1,Broad_Tecnologia,Estático,12º Lançamento | Vendas
2029,2025 | Dezembro,Quarta-Feira,Dia útil,Leads,2025-12-10,topfunnel_broad_tech_video_v1,34.53,45,2247,7,Broad_Tecnologia,Video,12º Lançamento | Leads
2772,2025 | Dezembro,Quarta-Feira,Dia útil,Leads,2025-12-10,topfunnel_broad_tech_video_v1,45.40,40,2438,5,Broad_Tecnologia,Video,12º Lançamento | Leads
3520,2025 | Dezembro,Quarta-Feira,Dia útil,Leads,2025-12-10,topfunnel_lal1_clientes_video_v1,39.06,23,3442,1,LookALike_Clientes_1,Video,12º Lançamento | Leads
3525,2025 | Dezembro,Quarta-Feira,Dia útil,Leads,2025-12-10,topfunnel_cargos_tech_video_v2,31.28,33,1582,7,Cargos_Tecnologia,Video,12º Lançamento | Leads
4476,2025 | Dezembro,Quarta-Feira,Dia útil,Leads,2025-12-10,midfunnel_rmkt_60d_estatico_v2,60.07,160,9965,17,Remarketing_60dias,Estático,12º Lançamento | Vendas
5483,2025 | Dezembro,Quarta-Feira,Dia útil,Leads,2025-12-10,midfunnel_rmkt_60d_estatico_v1,70.59,107,6325,19,Remarketing_60dias,Estático,12º Lançamento | Vendas
5987,2025 | Dezembro,Quarta-Feira,Dia útil,Leads,2025-12-10,topfunnel_broad_tech_estatico_v3,39.85,38,3383,8,Broad_Tecnologia,Estático,12º Lançamento | Leads
1122,2025 | Dezembro,Quinta-Feira,Dia útil,Leads,2025-12-11,topfunnel_cargos_tech_video_v1,70.88,82,5172,5,Cargos_Tecnologia,Video,12º Lançamento | Vendas
2185,2025 | Dezembro,Quinta-Feira,Dia útil,Leads,2025-12-11,topfunnel_cargos_tech_estatico_v2,20.47,35,1526,1,Cargos_Tecnologia,Estático,12º Lançamento | Leads
2425,2025 | Dezembro,Quinta-Feira,Dia útil,Leads,2025-12-11,topfunnel_lal1_clientes_video_v3,10.30,3,694,,LookALike_Clientes_1,Video,12º Lançamento | Leads
2712,2025 | Dezembro,Quinta-Feira,Dia útil,Awareness,2025-12-11,topfunnel_interesses_cloud_video_v2,5.19,10,451,,Interesses_Cloud,Video,12º Lançamento | Live
2979,2025 | Dezembro,Quinta-Feira,Dia útil,Leads,2025-12-11,topfunnel_lal1_clientes_video_v1,33.98,28,1733,1,LookALike_Clientes_1,Video,12º Lançamento | Leads
2992,2025 | Dezembro,Quinta-Feira,Dia útil,Leads,2025-12-11,topfunnel_interesses_cloud_video_v1,35.97,27,2831,3,Interesses_Cloud,Video,12º Lançamento | Leads
3768,2025 | Dezembro,Quinta-Feira,Dia útil,Awareness,2025-12-11,topfunnel_interesses_cloud_estatico_v1,0.00,,0,,Interesses_Cloud,Estático,12º Lançamento | Live
4289,2025 | Dezembro,Quinta-Feira,Dia útil,Leads,2025-12-11,midfunnel_rmkt_60d_estatico_v3,20.61,43,1759,3,Remarketing_60dias,Estático,12º Lançamento | Leads
4295,2025 | Dezembro,Quinta-Feira,Dia útil,Leads,2025-12-11,topfunnel_cargos_tech_video_v1,64.55,62,3532,5,Cargos_Tecnologia,Video,12º Lançamento | Leads
4444,2025 | Dezembro,Quinta-Feira,Dia útil,Leads,2025-12-11,topfunnel_cargos_tech_video_v1,58.73,84,3574,9,Cargos_Tecnologia,Video,12º Lançamento | Leads
4553,2025 | Dezembro,Quinta-Feira,Dia útil,Leads,2025-12-11,topfunnel_interesses_cloud_video_v1,98.04,55,7328,9,Interesses_Cloud,Video,12º Lançamento | Leads
4918,2025 | Dezembro,Quinta-Feira,Dia útil,Leads,2025-12-11,topfunnel_interesses_programacao_estatico_v3,42.48,47,2516,5,Interesses_Programacao,Estático,12º Lançamento | Leads
4942,2025 | Dezembro,Quinta-Feira,Dia útil,Leads,2025-12-11,midfunnel_rmkt_60d_video_v3,56.99,27,3261,1,Remarketing_60dias,Video,12º Lançamento | Leads
4985,2025 | Dezembro,Quinta-Feira,Dia útil,Leads,2025-12-11,topfunnel_cargos_tech_video_v1,64.64,80,8381,9,Cargos_Tecnologia,Video,12º Lançamento | Leads
5021,2025 | Dezembro,Quinta-Feira,Dia útil,Leads,2025-12-11,topfunnel_interesses_cloud_video_v2,14.19,23,1197,2,Interesses_Cloud,Video,12º Lançamento | Leads
5066,2025 | Dezembro,Quinta-Feira,Dia útil,Leads,2025-12-11,midfunnel_rmkt_60d_video_v2,53.37,60,3718,10,Remarketing_60dias,Video,12º Lançamento | Leads
1117,2025 | Dezembro,Sexta-Feira,Dia útil,Leads,2025-12-12,topfunnel_broad_tech_estatico_v3,3.81,4,325,,Broad_Tecnologia,Estático,12º Lançamento | Leads
1402,2025 | Dezembro,Sexta-Feira,Dia útil,Leads,2025-12-12,topfunnel_lal1_clientes_estatico_v2,6.39,3,319,1,LookALike_Clientes_1,Estático,12º Lançamento | Leads
1568,2025 | Dezembro,Sexta-Feira,Dia útil,Awareness,2025-12-12,midfunnel_rmkt_60d_estatico_v1,47.08,30,3265,3,Remarketing_60dias,Estático,12º Lançamento | Live
1917,2025 | Dezembro,Sexta-Feira,Dia útil,Leads,2025-12-12,topfunnel_broad_tech_estatico_v1,13.91,28,1246,2,Broad_Tecnologia,Estático,12º Lançamento | Leads
3198,2025 | Dezembro,Sexta-Feira,Dia útil,Leads,2025-12-12,topfunnel_broad_tech_video_v1,15.47,8,637,2,Broad_Tecnologia,Video,12º Lançamento | Leads
3508,2025 | Dezembro,Sexta-Feira,Dia útil,Leads,2025-12-12,topfunnel_broad_tech_video_v1,14.35,15,761,2,Broad_Tecnologia,Video,12º Lançamento | Leads
3529,2025 | Dezembro,Sexta-Feira,Dia útil,Awareness,2025-12-12,topfunnel_interesses_programacao_estatico_v3,8.62,6,589,1,Interesses_Programacao,Estático,12º Lançamento | Live
4215,2025 | Dezembro,Sexta-Feira,Dia útil,Leads,2025-12-12,topfunnel_interesses_cloud_video_v1,93.67,194,7441,41,Interesses_Cloud,Video,12º Lançamento | Leads
4709,2025 | Dezembro,Sexta-Feira,Dia útil,Leads,2025-12-12,topfunnel_lal1_clientes_video_v2,42.65,67,7688,11,LookALike_Clientes_1,Video,12º Lançamento | Vendas
4806,2025 | Dezembro,Sexta-Feira,Dia útil,Leads,2025-12-12,topfunnel_broad_tech_video_v2,2.83,2,224,,Broad_Tecnologia,Video,12º Lançamento | Leads
4872,2025 | Dezembro,Sexta-Feira,Dia útil,Leads,2025-12-12,midfunnel_rmkt_60d_estatico_v2,139.52,82,14047,23,Remarketing_60dias,Estático,12º Lançamento | Leads
5235,2025 | Dezembro,Sexta-Feira,Dia útil,Leads,2025-12-12,topfunnel_lal1_clientes_estatico_v2,43.88,52,2428,5,LookALike_Clientes_1,Estático,12º Lançamento | Leads
5276,2025 | Dezembro,Sexta-Feira,Dia útil,Leads,2025-12-12,topfunnel_interesses_programacao_estatico_v2,7.05,9,474,,Interesses_Programacao,Estático,12º Lançamento | Leads
5293,2025 | Dezembro,Sexta-Feira,Dia útil,Awareness,2025-12-12,topfunnel_interesses_programacao_video_v2,26.94,33,2373,3,Interesses_Programacao,Video,12º Lançamento | Live
5460,2025 | Dezembro,Sexta-Feira,Dia útil,Leads,2025-12-12,topfunnel_broad_tech_estatico_v2,11.95,8,708,1,Broad_Tecnologia,Estático,12º Lançamento | Leads
5755,2025 | Dezembro,Sexta-Feira,Dia útil,Leads,2025-12-12,topfunnel_interesses_cloud_estatico_v1,100.47,159,12921,17,Interesses_Cloud,Estático,12º Lançamento | Leads
5837,2025 | Dezembro,Sexta-Feira,Dia útil,Leads,2025-12-12,topfunnel_broad_tech_video_v3,16.92,20,1313,1,Broad_Tecnologia,Video,12º Lançamento | Leads
1071,2025 | Dezembro,Sábado,Final de Semana,Leads,2025-12-13,topfunnel_interesses_programacao_video_v1,15.43,15,727,1,Interesses_Programacao,Video,12º Lançamento | Leads
1330,2025 | Dezembro,Sábado,Final de Semana,Leads,2025-12-13,topfunnel_cargos_tech_video_v2,21.57,18,1202,5,Cargos_Tecnologia,Video,12º Lançamento | Leads
2013,2025 | Dezembro,Sábado,Final de Semana,Leads,2025-12-13,midfunnel_rmkt_60d_video_v1,19.22,28,1043,7,Remarketing_60dias,Video,12º Lançamento | Leads
2667,2025 | Dezembro,Sábado,Final de Semana,Leads,2025-12-13,topfunnel_broad_tech_video_v2,28.14,13,1719,3,Broad_Tecnologia,Video,12º Lançamento | Leads
3124,2025 | Dezembro,Sábado,Final de Semana,Leads,2025-12-13,topfunnel_interesses_programacao_estatico_v1,128.67,160,8273,15,Interesses_Programacao,Estático,12º Lançamento | Leads
3377,2025 | Dezembro,Sábado,Final de Semana,Leads,2025-12-13,midfunnel_rmkt_60d_video_v1,126.29,264,10084,79,Remarketing_60dias,Video,12º Lançamento | Leads
4535,2025 | Dezembro,Sábado,Final de Semana,Leads,2025-12-13,topfunnel_interesses_programacao_video_v1,15.44,20,1127,4,Interesses_Programacao,Video,12º Lançamento | Leads
4615,2025 | Dezembro,Sábado,Final de Semana,Leads,2025-12-13,topfunnel_lal1_clientes_video_v2,1.67,1,79,,LookALike_Clientes_1,Video,12º Lançamento | Leads
4662,2025 | Dezembro,Sábado,Final de Semana,Leads,2025-12-13,topfunnel_interesses_programacao_estatico_v3,51.73,59,3368,6,Interesses_Programacao,Estático,12º Lançamento | Vendas
5013,2025 | Dezembro,Sábado,Final de Semana,Leads,2025-12-13,midfunnel_rmkt_60d_estatico_v1,47.93,44,2561,1,Remarketing_60dias,Estático,12º Lançamento | Vendas
5149,2025 | Dezembro,Sábado,Final de Semana,Leads,2025-12-13,midfunnel_rmkt_60d_estatico_v1,86.02,108,5940,16,Remarketing_60dias,Estático,12º Lançamento | Leads
5166,2025 | Dezembro,Sábado,Final de Semana,Leads,2025-12-13,topfunnel_cargos_tech_estatico_v2,16.40,23,2311,7,Cargos_Tecnologia,Estático,12º Lançamento | Leads
5605,2025 | Dezembro,Sábado,Final de Semana,Awareness,2025-12-13,topfunnel_interesses_programacao_video_v3,54.80,23,3409,,Interesses_Programacao,Video,12º Lançamento | Live
5651,2025 | Dezembro,Sábado,Final de Semana,Leads,2025-12-13,topfunnel_interesses_cloud_estatico_v3,28.65,18,1482,4,Interesses_Cloud,Estático,12º Lançamento | Leads
5819,2025 | Dezembro,Sábado,Final de Semana,Leads,2025-12-13,midfunnel_rmkt_60d_video_v1,39.31,74,2962,5,Remarketing_60dias,Video,12º Lançamento | Leads
1067,2025 | Dezembro,Domingo,Final de Semana,Leads,2025-12-14,topfunnel_broad_tech_estatico_v2,3.07,6,465,1,Broad_Tecnologia,Estático,12º Lançamento | Vendas
1525,2025 | Dezembro,Domingo,Final de Semana,Leads,2025-12-14,midfunnel_rmkt_60d_video_v2,17.35,14,1155,1,Remarketing_60dias,Video,12º Lançamento | Leads
1858,2025 | Dezembro,Domingo,Final de Semana,Leads,2025-12-14,topfunnel_interesses_programacao_estatico_v1,22.84,31,1578,4,Interesses_Programacao,Estático,12º Lançamento | Leads
2031,2025 | Dezembro,Domingo,Final de Semana,Leads,2025-12-14,topfunnel_broad_tech_estatico_v3,83.89,206,13722,31,Broad_Tecnologia,Estático,12º Lançamento | Vendas
2064,2025 | Dezembro,Domingo,Final de Semana,Awareness,2025-12-14,topfunnel_cargos_tech_video_v1,61.08,77,5726,8,Cargos_Tecnologia,Video,12º Lançamento | Live
2127,2025 | Dezembro,Domingo,Final de Semana,Leads,2025-12-14,topfunnel_interesses_programacao_estatico_v2,48.08,56,3593,8,Interesses_Programacao,Estático,12º Lançamento | Leads
2939,2025 | Dezembro,Domingo,Final de Semana,Leads,2025-12-14,midfunnel_rmkt_60d_estatico_v1,11.51,8,902,1,Remarketing_60dias,Estático,12º Lançamento | Vendas
3051,2025 | Dezembro,Domingo,Final de Semana,Awareness,2025-12-14,topfunnel_cargos_tech_video_v3,38.08,24,2406,1,Cargos_Tecnologia,Video,12º Lançamento | Live
3320,2025 | Dezembro,Domingo,Final de Semana,Leads,2025-12-14,topfunnel_cargos_tech_video_v2,83.66,125,6348,21,Cargos_Tecnologia,Video,12º Lançamento | Leads
3984,2025 | Dezembro,Domingo,Final de Semana,Leads,2025-12-14,topfunnel_interesses_programacao_estatico_v2,40.94,35,2191,7,Interesses_Programacao,Estático,12º Lançamento | Leads
4338,2025 | Dezembro,Domingo,Final de Semana,Leads,2025-12-14,midfunnel_rmkt_60d_video_v1,28.01,22,1977,5,Remarketing_60dias,Video,12º Lançamento | Leads
5488,2025 | Dezembro,Domingo,Final de Semana,Leads,2025-12-14,topfunnel_interesses_programacao_estatico_v2,15.04,10,647,2,Interesses_Programacao,Estático,12º Lançamento | Leads
5795,2025 | Dezembro,Domingo,Final de Semana,Awareness,2025-12-14,topfunnel_interesses_programacao_estatico_v1,8.82,3,691,,Interesses_Programacao,Estático,12º Lançamento | Live
1011,2025 | Dezembro,Segunda-Feira,Dia útil,Leads,2025-12-15,midfunnel_rmkt_60d_estatico_v1,96.05,80,7994,11,Remarketing_60dias,Estático,12º Lançamento | Leads
2599,2025 | Dezembro,Segunda-Feira,Dia útil,Leads,2025-12-15,topfunnel_cargos_tech_video_v1,17.71,20,980,,Cargos_Tecnologia,Video,12º Lançamento | Vendas
2644,2025 | Dezembro,Segunda-Feira,Dia útil,Awareness,2025-12-15,topfunnel_broad_tech_video_v1,21.60,10,2174,,Broad_Tecnologia,Video,12º Lançamento | Live
3483,2025 | Dezembro,Segunda-Feira,Dia útil,Leads,2025-12-15,topfunnel_interesses_cloud_video_v2,20.64,15,1630,,Interesses_Cloud,Video,12º Lançamento | Vendas
3695,2025 | Dezembro,Segunda-Feira,Dia útil,Leads,2025-12-15,topfunnel_interesses_programacao_video_v2,43.46,34,2796,1,Interesses_Programacao,Video,12º Lançamento | Leads
4015,2025 | Dezembro,Segunda-Feira,Dia útil,Leads,2025-12-15,topfunnel_interesses_cloud_video_v1,39.09,57,3200,9,Interesses_Cloud,Video,12º Lançamento | Leads
4447,2025 | Dezembro,Segunda-Feira,Dia útil,Leads,2025-12-15,topfunnel_interesses_programacao_estatico_v1,88.34,56,3657,6,Interesses_Programacao,Estático,12º Lançamento | Leads
4574,2025 | Dezembro,Segunda-Feira,Dia útil,Leads,2025-12-15,midfunnel_rmkt_60d_estatico_v3,18.17,17,941,3,Remarketing_60dias,Estático,12º Lançamento | Leads
5172,2025 | Dezembro,Segunda-Feira,Dia útil,Leads,2025-12-15,topfunnel_interesses_programacao_video_v1,5.35,18,1184,1,Interesses_Programacao,Video,12º Lançamento | Leads
5221,2025 | Dezembro,Segunda-Feira,Dia útil,Leads,2025-12-15,topfunnel_broad_tech_estatico_v2,12.73,16,991,2,Broad_Tecnologia,Estático,12º Lançamento | Leads
5507,2025 | Dezembro,Segunda-Feira,Dia útil,Leads,2025-12-15,topfunnel_interesses_cloud_video_v1,26.11,12,1158,1,Interesses_Cloud,Video,12º Lançamento | Leads
5549,2025 | Dezembro,Segunda-Feira,Dia útil,Leads,2025-12-15,midfunnel_rmkt_60d_video_v1,3.00,2,195,,Remarketing_60dias,Video,12º Lançamento | Leads
5595,2025 | Dezembro,Segunda-Feira,Dia útil,Leads,2025-12-15,topfunnel_interesses_cloud_video_v1,18.35,30,1736,1,Interesses_Cloud,Video,12º Lançamento | Leads
1205,2025 | Dezembro,Terça-Feira,Dia útil,Leads,2025-12-16,topfunnel_cargos_tech_estatico_v1,38.69,85,3778,11,Cargos_Tecnologia,Estático,12º Lançamento | Leads
1903,2025 | Dezembro,Terça-Feira,Dia útil,Leads,2025-12-16,topfunnel_lal1_clientes_estatico_v3,9.26,11,729,1,LookALike_Clientes_1,Estático,12º Lançamento | Leads
2394,2025 | Dezembro,Terça-Feira,Dia útil,Leads,2025-12-16,topfunnel_interesses_programacao_video_v2,30.49,25,1420,5,Interesses_Programacao,Video,12º Lançamento | Leads
2454,2025 | Dezembro,Terça-Feira,Dia útil,Leads,2025-12-16,topfunnel_cargos_tech_video_v1,37.41,47,3063,3,Cargos_Tecnologia,Video,12º Lançamento | Leads
2605,2025 | Dezembro,Terça-Feira,Dia útil,Leads,2025-12-16,midfunnel_rmkt_60d_estatico_v1,93.29,100,5865,16,Remarketing_60dias,Estático,12º Lançamento | Vendas
3651,2025 | Dezembro,Terça-Feira,Dia útil,Leads,2025-12-16,midfunnel_rmkt_60d_estatico_v1,91.14,94,6217,17,Remarketing_60dias,Estático,12º Lançamento | Leads
3987,2025 | Dezembro,Terça-Feira,Dia útil,Awareness,2025-12-16,topfunnel_broad_tech_video_v1,12.71,7,1362,,Broad_Tecnologia,Video,12º Lançamento | Live
4118,2025 | Dezembro,Terça-Feira,Dia útil,Leads,2025-12-16,topfunnel_lal1_clientes_estatico_v2,52.34,85,3265,10,LookALike_Clientes_1,Estático,12º Lançamento | Leads
4317,2025 | Dezembro,Terça-Feira,Dia útil,Leads,2025-12-16,topfunnel_broad_tech_video_v3,168.98,157,8835,35,Broad_Tecnologia,Video,12º Lançamento | Leads
4333,2025 | Dezembro,Terça-Feira,Dia útil,Leads,2025-12-16,topfunnel_broad_tech_estatico_v2,35.86,31,1860,6,Broad_Tecnologia,Estático,12º Lançamento | Leads
4479,2025 | Dezembro,Terça-Feira,Dia útil,Leads,2025-12-16,topfunnel_interesses_cloud_video_v2,8.26,12,635,3,Interesses_Cloud,Video,12º Lançamento | Leads
4663,2025 | Dezembro,Terça-Feira,Dia útil,Leads,2025-12-16,topfunnel_interesses_programacao_video_v1,42.22,54,4623,6,Interesses_Programacao,Video,12º Lançamento | Leads
4729,2025 | Dezembro,Terça-Feira,Dia útil,Leads,2025-12-16,topfunnel_cargos_tech_video_v1,51.12,28,3727,2,Cargos_Tecnologia,Video,12º Lançamento | Leads
4903,2025 | Dezembro,Terça-Feira,Dia útil,Leads,2025-12-16,midfunnel_rmkt_60d_estatico_v1,11.13,15,621,4,Remarketing_60dias,Estático,12º Lançamento | Leads
5423,2025 | Dezembro,Terça-Feira,Dia útil,Leads,2025-12-16,topfunnel_broad_tech_estatico_v2,69.28,49,4905,8,Broad_Tecnologia,Estático,12º Lançamento | Leads
5696,2025 | Dezembro,Terça-Feira,Dia útil,Leads,2025-12-16,topfunnel_lal1_clientes_video_v1,24.33,48,2433,7,LookALike_Clientes_1,Video,12º Lançamento | Vendas
5722,2025 | Dezembro,Terça-Feira,Dia útil,Leads,2025-12-16,topfunnel_interesses_cloud_video_v3,97.12,45,5585,1,Interesses_Cloud,Video,12º Lançamento | Leads
1890,2025 | Dezembro,Quarta-Feira,Dia útil,Awareness,2025-12-17,topfunnel_broad_tech_estatico_v1,51.43,31,3411,4,Broad_Tecnologia,Estático,12º Lançamento | Live
1998,2025 | Dezembro,Quarta-Feira,Dia útil,Leads,2025-12-17,topfunnel_lal1_clientes_video_v1,68.12,189,7800,22,LookALike_Clientes_1,Video,12º Lançamento | Leads
2794,2025 | Dezembro,Quarta-Feira,Dia útil,Leads,2025-12-17,topfunnel_broad_tech_estatico_v2,8.21,6,401,1,Broad_Tecnologia,Estático,12º Lançamento | Vendas
3225,2025 | Dezembro,Quarta-Feira,Dia útil,Leads,2025-12-17,topfunnel_interesses_programacao_estatico_v2,0.00,,0,,Interesses_Programacao,Estático,12º Lançamento | Vendas
4707,2025 | Dezembro,Quarta-Feira,Dia útil,Leads,2025-12-17,topfunnel_interesses_programacao_estatico_v1,35.08,28,2847,1,Interesses_Programacao,Estático,12º Lançamento | Leads
4863,2025 | Dezembro,Quarta-Feira,Dia útil,Leads,2025-12-17,topfunnel_lal1_clientes_estatico_v1,33.04,28,4432,8,LookALike_Clientes_1,Estático,12º Lançamento | Leads
5388,2025 | Dezembro,Quarta-Feira,Dia útil,Leads,2025-12-17,topfunnel_cargos_tech_video_v1,81.64,133,5181,26,Cargos_Tecnologia,Video,12º Lançamento | Leads
5534,2025 | Dezembro,Quarta-Feira,Dia útil,Leads,2025-12-17,topfunnel_interesses_programacao_video_v2,43.65,18,2864,,Interesses_Programacao,Video,12º Lançamento | Leads
5546,2025 | Dezembro,Quarta-Feira,Dia útil,Leads,2025-12-17,topfunnel_cargos_tech_video_v1,13.62,17,883,3,Cargos_Tecnologia,Video,12º Lançamento | Leads
1440,2025 | Dezembro,Quinta-Feira,Dia útil,Leads,2025-12-18,topfunnel_lal1_clientes_estatico_v2,30.33,34,1604,8,LookALike_Clientes_1,Estático,12º Lançamento | Leads
1655,2025 | Dezembro,Quinta-Feira,Dia útil,Leads,2025-12-18,topfunnel_cargos_tech_video_v2,65.09,52,3986,5,Cargos_Tecnologia,Video,12º Lançamento | Vendas
2298,2025 | Dezembro,Quinta-Feira,Dia útil,Leads,2025-12-18,topfunnel_lal1_clientes_video_v2,69.05,27,3496,6,LookALike_Clientes_1,Video,12º Lançamento | Leads
2773,2025 | Dezembro,Quinta-Feira,Dia útil,Leads,2025-12-18,topfunnel_cargos_tech_estatico_v3,57.93,59,3855,9,Cargos_Tecnologia,Estático,12º Lançamento | Vendas
2910,2025 | Dezembro,Quinta-Feira,Dia útil,Leads,2025-12-18,topfunnel_interesses_programacao_video_v1,51.20,37,3042,8,Interesses_Programacao,Video,12º Lançamento | Leads
3193,2025 | Dezembro,Quinta-Feira,Dia útil,Leads,2025-12-18,topfunnel_broad_tech_video_v1,27.36,19,1957,4,Broad_Tecnologia,Video,12º Lançamento | Leads
3381,2025 | Dezembro,Quinta-Feira,Dia útil,Leads,2025-12-18,topfunnel_interesses_cloud_video_v1,41.62,65,4332,12,Interesses_Cloud,Video,12º Lançamento | Leads
3895,2025 | Dezembro,Quinta-Feira,Dia útil,Leads,2025-12-18,topfunnel_interesses_cloud_video_v1,83.50,236,12521,51,Interesses_Cloud,Video,12º Lançamento | Leads
4126,2025 | Dezembro,Quinta-Feira,Dia útil,Leads,2025-12-18,topfunnel_broad_tech_estatico_v3,92.44,96,4972,10,Broad_Tecnologia,Estático,12º Lançamento | Leads
4631,2025 | Dezembro,Quinta-Feira,Dia útil,Leads,2025-12-18,topfunnel_broad_tech_estatico_v1,34.74,45,2253,10,Broad_Tecnologia,Estático,12º Lançamento | Leads
4986,2025 | Dezembro,Quinta-Feira,Dia útil,Leads,2025-12-18,topfunnel_interesses_programacao_video_v1,15.53,11,1086,,Interesses_Programacao,Video,12º Lançamento | Leads
5082,2025 | Dezembro,Quinta-Feira,Dia útil,Leads,2025-12-18,topfunnel_interesses_programacao_estatico_v2,37.64,22,1902,4,Interesses_Programacao,Estático,12º Lançamento | Leads
5353,2025 | Dezembro,Quinta-Feira,Dia útil,Leads,2025-12-18,topfunnel_broad_tech_estatico_v1,0.00,,0,,Broad_Tecnologia,Estático,12º Lançamento | Leads
5574,2025 | Dezembro,Quinta-Feira,Dia útil,Leads,2025-12-18,topfunnel_lal1_clientes_estatico_v1,21.37,18,1142,1,LookALike_Clientes_1,Estático,12º Lançamento | Leads
5590,2025 | Dezembro,Quinta-Feira,Dia útil,Leads,2025-12-18,topfunnel_lal1_clientes_estatico_v3,28.87,41,1757,8,LookALike_Clientes_1,Estático,12º Lançamento | Leads
2254,2025 | Dezembro,Sexta-Feira,Dia útil,Awareness,2025-12-19,midfunnel_rmkt_60d_estatico_v1,42.84,27,2257,4,Remarketing_60dias,Estático,12º Lançamento | Live
2512,2025 | Dezembro,Sexta-Feira,Dia útil,Leads,2025-12-19,topfunnel_interesses_programacao_video_v1,91.18,60,5821,7,Interesses_Programacao,Video,12º Lançamento | Leads
2742,2025 | Dezembro,Sexta-Feira,Dia útil,Awareness,2025-12-19,topfunnel_interesses_cloud_estatico_v3,24.42,9,1472,,Interesses_Cloud,Estático,12º Lançamento | Live
3101,2025 | Dezembro,Sexta-Feira,Dia útil,Leads,2025-12-19,midfunnel_rmkt_60d_video_v3,8.89,11,447,3,Remarketing_60dias,Video,12º Lançamento | Leads
3195,2025 | Dezembro,Sexta-Feira,Dia útil,Leads,2025-12-19,topfunnel_cargos_tech_estatico_v1,6.80,4,346,1,Cargos_Tecnologia,Estático,12º Lançamento | Leads
4039,2025 | Dezembro,Sexta-Feira,Dia útil,Leads,2025-12-19,topfunnel_interesses_programacao_estatico_v2,37.74,74,3547,8,Interesses_Programacao,Estático,12º Lançamento | Leads
4629,2025 | Dezembro,Sexta-Feira,Dia útil,Leads,2025-12-19,topfunnel_broad_tech_video_v1,12.57,13,686,1,Broad_Tecnologia,Video,12º Lançamento | Vendas
4833,2025 | Dezembro,Sexta-Feira,Dia útil,Leads,2025-12-19,midfunnel_rmkt_60d_estatico_v2,102.02,47,7127,7,Remarketing_60dias,Estático,12º Lançamento | Leads
5118,2025 | Dezembro,Sexta-Feira,Dia útil,Leads,2025-12-19,midfunnel_rmkt_60d_estatico_v3,46.00,82,6039,13,Remarketing_60dias,Estático,12º Lançamento | Leads
5604,2025 | Dezembro,Sexta-Feira,Dia útil,Leads,2025-12-19,midfunnel_rmkt_60d_estatico_v1,81.45,45,4107,9,Remarketing_60dias,Estático,12º Lançamento | Leads
5681,2025 | Dezembro,Sexta-Feira,Dia útil,Leads,2025-12-19,topfunnel_lal1_clientes_video_v1,102.20,97,6347,13,LookALike_Clientes_1,Video,12º Lançamento | Leads
5909,2025 | Dezembro,Sexta-Feira,Dia útil,Leads,2025-12-19,topfunnel_lal1_clientes_video_v2,72.54,48,4655,7,LookALike_Clientes_1,Video,12º Lançamento | Vendas
1068,2025 | Dezembro,Sábado,Final de Semana,Leads,2025-12-20,topfunnel_broad_tech_estatico_v3,28.21,42,2116,7,Broad_Tecnologia,Estático,12º Lançamento | Leads
1233,2025 | Dezembro,Sábado,Final de Semana,Leads,2025-12-20,topfunnel_interesses_cloud_video_v1,0.00,,0,,Interesses_Cloud,Video,12º Lançamento | Leads
1526,2025 | Dezembro,Sábado,Final de Semana,Awareness,2025-12-20,topfunnel_interesses_programacao_estatico_v3,51.91,46,3199,3,Interesses_Programacao,Estático,12º Lançamento | Live
1857,2025 | Dezembro,Sábado,Final de Semana,Leads,2025-12-20,topfunnel_interesses_programacao_video_v3,9.28,10,875,2,Interesses_Programacao,Video,12º Lançamento | Leads
2193,2025 | Dezembro,Sábado,Final de Semana,Leads,2025-12-20,topfunnel_broad_tech_video_v1,16.85,7,1273,,Broad_Tecnologia,Video,12º Lançamento | Leads
3068,2025 | Dezembro,Sábado,Final de Semana,Leads,2025-12-20,topfunnel_interesses_cloud_estatico_v2,50.63,27,2280,6,Interesses_Cloud,Estático,12º Lançamento | Leads
3177,2025 | Dezembro,Sábado,Final de Semana,Leads,2025-12-20,topfunnel_interesses_programacao_estatico_v1,53.00,49,4620,9,Interesses_Programacao,Estático,12º Lançamento | Leads
3305,2025 | Dezembro,Sábado,Final de Semana,Leads,2025-12-20,midfunnel_rmkt_60d_video_v2,31.40,31,1842,7,Remarketing_60dias,Video,12º Lançamento | Leads
3308,2025 | Dezembro,Sábado,Final de Semana,Leads,2025-12-20,topfunnel_cargos_tech_estatico_v1,10.09,14,1045,2,Cargos_Tecnologia,Estático,12º Lançamento | Leads
3379,2025 | Dezembro,Sábado,Final de Semana,Leads,2025-12-20,topfunnel_interesses_cloud_video_v1,6.81,15,823,2,Interesses_Cloud,Video,12º Lançamento | Leads
3806,2025 | Dezembro,Sábado,Final de Semana,Leads,2025-12-20,topfunnel_broad_tech_video_v1,65.82,30,6525,6,Broad_Tecnologia,Video,12º Lançamento | Leads
4921,2025 | Dezembro,Sábado,Final de Semana,Leads,2025-12-20,topfunnel_broad_tech_estatico_v3,23.32,11,1326,1,Broad_Tecnologia,Estático,12º Lançamento | Leads
5198,2025 | Dezembro,Sábado,Final de Semana,Leads,2025-12-20,topfunnel_cargos_tech_video_v1,43.39,98,3809,15,Cargos_Tecnologia,Video,12º Lançamento | Leads
5264,2025 | Dezembro,Sábado,Final de Semana,Leads,2025-12-20,midfunnel_rmkt_60d_estatico_v2,22.13,16,1282,1,Remarketing_60dias,Estático,12º Lançamento | Leads
1727,2025 | Dezembro,Domingo,Final de Semana,Leads,2025-12-21,topfunnel_interesses_cloud_video_v3,0.00,,0,,Interesses_Cloud,Video,12º Lançamento | Vendas
2103,2025 | Dezembro,Domingo,Final de Semana,Leads,2025-12-21,topfunnel_broad_tech_video_v2,160.93,111,12865,13,Broad_Tecnologia,Video,12º Lançamento | Leads
2437,2025 | Dezembro,Domingo,Final de Semana,Leads,2025-12-21,topfunnel_broad_tech_estatico_v1,11.58,23,1517,5,Broad_Tecnologia,Estático,12º Lançamento | Leads
2837,2025 | Dezembro,Domingo,Final de Semana,Leads,2025-12-21,topfunnel_broad_tech_video_v2,3.23,7,299,,Broad_Tecnologia,Video,12º Lançamento | Leads
3794,2025 | Dezembro,Domingo,Final de Semana,Leads,2025-12-21,topfunnel_interesses_programacao_video_v1,21.68,10,1003,3,Interesses_Programacao,Video,12º Lançamento | Leads
3814,2025 | Dezembro,Domingo,Final de Semana,Leads,2025-12-21,topfunnel_cargos_tech_video_v2,45.34,60,2845,1,Cargos_Tecnologia,Video,12º Lançamento | Leads
4302,2025 | Dezembro,Domingo,Final de Semana,Leads,2025-12-21,topfunnel_lal1_clientes_estatico_v3,47.44,22,3491,5,LookALike_Clientes_1,Estático,12º Lançamento | Leads
5151,2025 | Dezembro,Domingo,Final de Semana,Leads,2025-12-21,topfunnel_broad_tech_video_v1,22.82,17,1286,2,Broad_Tecnologia,Video,12º Lançamento | Leads
5418,2025 | Dezembro,Domingo,Final de Semana,Leads,2025-12-21,topfunnel_interesses_cloud_estatico_v1,38.56,34,1802,2,Interesses_Cloud,Estático,12º Lançamento | Leads
5652,2025 | Dezembro,Domingo,Final de Semana,Leads,2025-12-21,midfunnel_rmkt_60d_estatico_v2,17.80,29,1529,3,Remarketing_60dias,Estático,12º Lançamento | Leads
5895,2025 | Dezembro,Domingo,Final de Semana,Awareness,2025-12-21,midfunnel_rmkt_60d_estatico_v2,26.70,21,1588,1,Remarketing_60dias,Estático,12º Lançamento | Live
2210,2025 | Dezembro,Segunda-Feira,Dia útil,Leads,2025-12-22,topfunnel_interesses_cloud_estatico_v2,0.00,,0,,Interesses_Cloud,Estático,12º Lançamento | Leads
2572,2025 | Dezembro,Segunda-Feira,Dia útil,Awareness,2025-12-22,topfunnel_lal1_clientes_video_v2,24.38,94,4772,11,LookALike_Clientes_1,Video,12º Lançamento | Live
3178,2025 | Dezembro,Segunda-Feira,Dia útil,Leads,2025-12-22,midfunnel_rmkt_60d_video_v1,64.70,44,7265,3,Remarketing_60dias,Video,12º Lançamento | Leads
3187,2025 | Dezembro,Segunda-Feira,Dia útil,Leads,2025-12-22,topfunnel_broad_tech_video_v1,13.16,4,724,,Broad_Tecnologia,Video,12º Lançamento | Leads
3913,2025 | Dezembro,Segunda-Feira,Dia útil,Leads,2025-12-22,topfunnel_cargos_tech_video_v1,72.82,74,5461,3,Cargos_Tecnologia,Video,12º Lançamento | Vendas
4981,2025 | Dezembro,Segunda-Feira,Dia útil,Leads,2025-12-22,topfunnel_interesses_programacao_video_v3,55.82,22,2909,3,Interesses_Programacao,Video,12º Lançamento | Leads
5216,2025 | Dezembro,Segunda-Feira,Dia útil,Awareness,2025-12-22,topfunnel_broad_tech_video_v1,25.60,46,3977,3,Broad_Tecnologia,Video,12º Lançamento | Live
1080,2025 | Dezembro,Terça-Feira,Dia útil,Leads,2025-12-23,topfunnel_lal1_clientes_estatico_v1,0.00,,0,,LookALike_Clientes_1,Estático,12º Lançamento | Leads
1130,2025 | Dezembro,Terça-Feira,Dia útil,Leads,2025-12-23,topfunnel_interesses_programacao_video_v1,63.47,101,5689,25,Interesses_Programacao,Video,12º Lançamento | Leads
1411,2025 | Dezembro,Terça-Feira,Dia útil,Leads,2025-12-23,topfunnel_cargos_tech_estatico_v2,9.52,4,560,,Cargos_Tecnologia,Estático,12º Lançamento | Leads
1864,2025 | Dezembro,Terça-Feira,Dia útil,Leads,2025-12-23,topfunnel_lal1_clientes_video_v1,103.42,127,6022,29,LookALike_Clientes_1,Video,12º Lançamento | Leads
2242,2025 | Dezembro,Terça-Feira,Dia útil,Leads,2025-12-23,topfunnel_cargos_tech_estatico_v1,12.28,21,995,4,Cargos_Tecnologia,Estático,12º Lançamento | Leads
2307,2025 | Dezembro,Terça-Feira,Dia útil,Leads,2025-12-23,topfunnel_interesses_cloud_estatico_v3,15.34,11,679,2,Interesses_Cloud,Estático,12º Lançamento | Vendas
2361,2025 | Dezembro,Terça-Feira,Dia útil,Leads,2025-12-23,topfunnel_interesses_cloud_video_v1,131.41,73,10016,14,Interesses_Cloud,Video,12º Lançamento | Leads
2530,2025 | Dezembro,Terça-Feira,Dia útil,Leads,2025-12-23,topfunnel_broad_tech_estatico_v2,35.63,36,3683,3,Broad_Tecnologia,Estático,12º Lançamento | Leads
2806,2025 | Dezembro,Terça-Feira,Dia útil,Leads,2025-12-23,topfunnel_lal1_clientes_estatico_v2,85.51,119,5693,23,LookALike_Clientes_1,Estático,12º Lançamento | Leads
3698,2025 | Dezembro,Terça-Feira,Dia útil,Awareness,2025-12-23,midfunnel_rmkt_60d_estatico_v1,21.34,18,1720,2,Remarketing_60dias,Estático,12º Lançamento | Live
4236,2025 | Dezembro,Terça-Feira,Dia útil,Leads,2025-12-23,topfunnel_cargos_tech_estatico_v2,16.40,11,834,,Cargos_Tecnologia,Estático,12º Lançamento | Leads
4330,2025 | Dezembro,Terça-Feira,Dia útil,Leads,2025-12-23,midfunnel_rmkt_60d_video_v3,100.04,41,4737,3,Remarketing_60dias,Video,12º Lançamento | Vendas
5030,2025 | Dezembro,Terça-Feira,Dia útil,Leads,2025-12-23,topfunnel_cargos_tech_video_v3,9.86,25,1228,7,Cargos_Tecnologia,Video,12º Lançamento | Leads
5055,2025 | Dezembro,Terça-Feira,Dia útil,Leads,2025-12-23,midfunnel_rmkt_60d_video_v1,100.68,156,6729,24,Remarketing_60dias,Video,12º Lançamento | Leads
2407,2025 | Dezembro,Quarta-Feira,Dia útil,Leads,2025-12-24,midfunnel_rmkt_60d_video_v2,44.72,90,4670,22,Remarketing_60dias,Video,12º Lançamento | Vendas
2420,2025 | Dezembro,Quarta-Feira,Dia útil,Leads,2025-12-24,topfunnel_broad_tech_video_v3,2.63,7,347,,Broad_Tecnologia,Video,12º Lançamento | Leads
2912,2025 | Dezembro,Quarta-Feira,Dia útil,Leads,2025-12-24,midfunnel_rmkt_60d_video_v1,66.02,72,5752,11,Remarketing_60dias,Video,12º Lançamento | Leads
2977,2025 | Dezembro,Quarta-Feira,Dia útil,Leads,2025-12-24,topfunnel_interesses_programacao_video_v1,70.41,243,13959,16,Interesses_Programacao,Video,12º Lançamento | Leads
3496,2025 | Dezembro,Quarta-Feira,Dia útil,Leads,2025-12-24,topfunnel_interesses_programacao_estatico_v3,34.09,21,2818,5,Interesses_Programacao,Estático,12º Lançamento | Leads
3511,2025 | Dezembro,Quarta-Feira,Dia útil,Leads,2025-12-24,topfunnel_interesses_cloud_video_v1,20.30,10,1152,2,Interesses_Cloud,Video,12º Lançamento | Leads
3598,2025 | Dezembro,Quarta-Feira,Dia útil,Leads,2025-12-24,topfunnel_cargos_tech_video_v1,10.21,13,654,2,Cargos_Tecnologia,Video,12º Lançamento | Leads
3613,2025 | Dezembro,Quarta-Feira,Dia útil,Leads,2025-12-24,topfunnel_interesses_programacao_video_v1,31.30,32,1604,6,Interesses_Programacao,Video,12º Lançamento | Vendas
4125,2025 | Dezembro,Quarta-Feira,Dia útil,Awareness,2025-12-24,topfunnel_interesses_programacao_video_v1,33.05,13,1256,,Interesses_Programacao,Video,12º Lançamento | Live
4555,2025 | Dezembro,Quarta-Feira,Dia útil,Leads,2025-12-24,midfunnel_rmkt_60d_estatico_v1,99.95,300,18069,21,Remarketing_60dias,Estático,12º Lançamento | Leads
5115,2025 | Dezembro,Quarta-Feira,Dia útil,Leads,2025-12-24,topfunnel_interesses_programacao_estatico_v1,0.00,,0,,Interesses_Programacao,Estático,12º Lançamento | Leads
5409,2025 | Dezembro,Quarta-Feira,Dia útil,Awareness,2025-12-24,topfunnel_broad_tech_estatico_v1,29.87,7,2104,,Broad_Tecnologia,Estático,12º Lançamento | Live
5641,2025 | Dezembro,Quarta-Feira,Dia útil,Leads,2025-12-24,topfunnel_broad_tech_estatico_v1,15.18,11,816,1,Broad_Tecnologia,Estático,12º Lançamento | Leads
5900,2025 | Dezembro,Quarta-Feira,Dia útil,Leads,2025-12-24,topfunnel_lal1_clientes_video_v1,112.64,130,5838,9,LookALike_Clientes_1,Video,12º Lançamento | Vendas
2398,2025 | Dezembro,Quinta-Feira,Dia útil,Leads,2025-12-25,topfunnel_lal1_clientes_video_v2,40.00,65,3608,17,LookALike_Clientes_1,Video,12º Lançamento | Leads
2446,2025 | Dezembro,Quinta-Feira,Dia útil,Awareness,2025-12-25,topfunnel_broad_tech_video_v2,43.91,27,3961,3,Broad_Tecnologia,Video,12º Lançamento | Live
2763,2025 | Dezembro,Quinta-Feira,Dia útil,Leads,2025-12-25,topfunnel_lal1_clientes_video_v2,145.45,231,10167,35,LookALike_Clientes_1,Video,12º Lançamento | Vendas
2869,2025 | Dezembro,Quinta-Feira,Dia útil,Leads,2025-12-25,topfunnel_interesses_cloud_estatico_v2,0.00,,0,,Interesses_Cloud,Estático,12º Lançamento | Leads
3128,2025 | Dezembro,Quinta-Feira,Dia útil,Leads,2025-12-25,midfunnel_rmkt_60d_estatico_v1,7.24,8,388,2,Remarketing_60dias,Estático,12º Lançamento | Leads
3412,2025 | Dezembro,Quinta-Feira,Dia útil,Leads,2025-12-25,topfunnel_interesses_programacao_estatico_v1,17.34,17,1128,1,Interesses_Programacao,Estático,12º Lançamento | Leads
3678,2025 | Dezembro,Quinta-Feira,Dia útil,Leads,2025-12-25,midfunnel_rmkt_60d_video_v1,31.40,19,2178,5,Remarketing_60dias,Video,12º Lançamento | Leads
3929,2025 | Dezembro,Quinta-Feira,Dia útil,Awareness,2025-12-25,midfunnel_rmkt_60d_estatico_v1,26.51,18,1464,,Remarketing_60dias,Estático,12º Lançamento | Live
4188,2025 | Dezembro,Quinta-Feira,Dia útil,Leads,2025-12-25,topfunnel_broad_tech_estatico_v1,83.16,66,4469,13,Broad_Tecnologia,Estático,12º Lançamento | Leads
4218,2025 | Dezembro,Quinta-Feira,Dia útil,Leads,2025-12-25,midfunnel_rmkt_60d_video_v3,66.69,98,5450,27,Remarketing_60dias,Video,12º Lançamento | Leads
4791,2025 | Dezembro,Quinta-Feira,Dia útil,Leads,2025-12-25,topfunnel_broad_tech_estatico_v2,60.72,32,5274,4,Broad_Tecnologia,Estático,12º Lançamento | Vendas
5781,2025 | Dezembro,Quinta-Feira,Dia útil,Leads,2025-12-25,midfunnel_rmkt_60d_estatico_v2,72.76,141,6473,30,Remarketing_60dias,Estático,12º Lançamento | Leads
1026,2025 | Dezembro,Sexta-Feira,Dia útil,Leads,2025-12-26,topfunnel_broad_tech_estatico_v1,24.08,43,2207,9,Broad_Tecnologia,Estático,12º Lançamento | Leads
1358,2025 | Dezembro,Sexta-Feira,Dia útil,Leads,2025-12-26,topfunnel_broad_tech_video_v2,36.32,24,1797,2,Broad_Tecnologia,Video,12º Lançamento | Vendas
1796,2025 | Dezembro,Sexta-Feira,Dia útil,Leads,2025-12-26,topfunnel_interesses_programacao_estatico_v1,11.60,16,735,3,Interesses_Programacao,Estático,12º Lançamento | Vendas
2676,2025 | Dezembro,Sexta-Feira,Dia útil,Leads,2025-12-26,topfunnel_interesses_cloud_video_v3,27.92,43,2281,2,Interesses_Cloud,Video,12º Lançamento | Leads
2678,2025 | Dezembro,Sexta-Feira,Dia útil,Leads,2025-12-26,topfunnel_interesses_cloud_estatico_v2,0.00,,0,,Interesses_Cloud,Estático,12º Lançamento | Leads
2788,2025 | Dezembro,Sexta-Feira,Dia útil,Leads,2025-12-26,topfunnel_cargos_tech_estatico_v2,42.71,63,3589,13,Cargos_Tecnologia,Estático,12º Lançamento | Leads
2989,2025 | Dezembro,Sexta-Feira,Dia útil,Leads,2025-12-26,topfunnel_interesses_cloud_video_v2,55.41,53,2641,10,Interesses_Cloud,Video,12º Lançamento | Leads
3189,2025 | Dezembro,Sexta-Feira,Dia útil,Leads,2025-12-26,topfunnel_interesses_cloud_video_v2,43.01,67,2756,18,Interesses_Cloud,Video,12º Lançamento | Leads
3538,2025 | Dezembro,Sexta-Feira,Dia útil,Leads,2025-12-26,topfunnel_interesses_programacao_estatico_v2,130.58,43,4769,9,Interesses_Programacao,Estático,12º Lançamento | Leads
3614,2025 | Dezembro,Sexta-Feira,Dia útil,Awareness,2025-12-26,midfunnel_rmkt_60d_video_v1,35.69,111,6891,11,Remarketing_60dias,Video,12º Lançamento | Live
3637,2025 | Dezembro,Sexta-Feira,Dia útil,Leads,2025-12-26,topfunnel_lal1_clientes_video_v2,19.45,19,983,2,LookALike_Clientes_1,Video,12º Lançamento | Leads
4685,2025 | Dezembro,Sexta-Feira,Dia útil,Leads,2025-12-26,topfunnel_lal1_clientes_video_v1,42.67,56,3218,8,LookALike_Clientes_1,Video,12º Lançamento | Leads
5728,2025 | Dezembro,Sexta-Feira,Dia útil,Leads,2025-12-26,topfunnel_interesses_cloud_video_v1,101.87,171,8186,26,Interesses_Cloud,Video,12º Lançamento | Leads
5872,2025 | Dezembro,Sexta-Feira,Dia útil,Awareness,2025-12-26,topfunnel_broad_tech_estatico_v3,35.21,56,4187,6,Broad_Tecnologia,Estático,12º Lançamento | Live
1972,2025 | Dezembro,Sábado,Final de Semana,Leads,2025-12-27,topfunnel_interesses_cloud_estatico_v2,97.72,159,8404,12,Interesses_Cloud,Estático,12º Lançamento | Leads
2280,2025 | Dezembro,Sábado,Final de Semana,Leads,2025-12-27,topfunnel_interesses_cloud_video_v2,57.88,110,11262,8,Interesses_Cloud,Video,12º Lançamento | Leads
2289,2025 | Dezembro,Sábado,Final de Semana,Leads,2025-12-27,midfunnel_rmkt_60d_estatico_v1,74.21,44,3878,8,Remarketing_60dias,Estático,12º Lançamento | Leads
2872,2025 | Dezembro,Sábado,Final de Semana,Leads,2025-12-27,topfunnel_interesses_cloud_video_v1,27.54,43,1990,6,Interesses_Cloud,Video,12º Lançamento | Leads
3329,2025 | Dezembro,Sábado,Final de Semana,Leads,2025-12-27,topfunnel_interesses_programacao_video_v1,53.22,41,2765,6,Interesses_Programacao,Video,12º Lançamento | Vendas
3694,2025 | Dezembro,Sábado,Final de Semana,Leads,2025-12-27,topfunnel_broad_tech_video_v1,54.36,85,4021,5,Broad_Tecnologia,Video,12º Lançamento | Leads
3860,2025 | Dezembro,Sábado,Final de Semana,Leads,2025-12-27,midfunnel_rmkt_60d_video_v2,37.72,56,4405,15,Remarketing_60dias,Video,12º Lançamento | Leads
3866,2025 | Dezembro,Sábado,Final de Semana,Leads,2025-12-27,midfunnel_rmkt_60d_video_v2,87.24,129,10372,31,Remarketing_60dias,Video,12º Lançamento | Leads
3912,2025 | Dezembro,Sábado,Final de Semana,Leads,2025-12-27,topfunnel_broad_tech_estatico_v1,93.13,146,7201,9,Broad_Tecnologia,Estático,12º Lançamento | Leads
4095,2025 | Dezembro,Sábado,Final de Semana,Leads,2025-12-27,topfunnel_cargos_tech_estatico_v1,51.29,113,6763,12,Cargos_Tecnologia,Estático,12º Lançamento | Leads
4592,2025 | Dezembro,Sábado,Final de Semana,Leads,2025-12-27,topfunnel_interesses_cloud_video_v2,27.24,16,1332,3,Interesses_Cloud,Video,12º Lançamento | Leads
4612,2025 | Dezembro,Sábado,Final de Semana,Leads,2025-12-27,midfunnel_rmkt_60d_video_v2,10.57,9,745,,Remarketing_60dias,Video,12º Lançamento | Leads
5156,2025 | Dezembro,Sábado,Final de Semana,Leads,2025-12-27,topfunnel_interesses_cloud_video_v2,12.98,10,545,2,Interesses_Cloud,Video,12º Lançamento | Leads
5215,2025 | Dezembro,Sábado,Final de Semana,Leads,2025-12-27,topfunnel_lal1_clientes_video_v1,19.64,29,1125,9,LookALike_Clientes_1,Video,12º Lançamento | Leads
5247,2025 | Dezembro,Sábado,Final de Semana,Leads,2025-12-27,topfunnel_lal1_clientes_video_v1,20.79,71,2629,5,LookALike_Clientes_1,Video,12º Lançamento | Vendas
5536,2025 | Dezembro,Sábado,Final de Semana,Leads,2025-12-27,topfunnel_interesses_programacao_estatico_v2,14.81,7,1077,,Interesses_Programacao,Estático,12º Lançamento | Leads
1045,2025 | Dezembro,Domingo,Final de Semana,Leads,2025-12-28,topfunnel_interesses_programacao_video_v1,27.65,27,1624,4,Interesses_Programacao,Video,12º Lançamento | Leads
1873,2025 | Dezembro,Domingo,Final de Semana,Leads,2025-12-28,topfunnel_broad_tech_video_v1,13.13,14,761,3,Broad_Tecnologia,Video,12º Lançamento | Leads
2217,2025 | Dezembro,Domingo,Final de Semana,Leads,2025-12-28,midfunnel_rmkt_60d_video_v3,104.03,146,6098,22,Remarketing_60dias,Video,12º Lançamento | Leads
2466,2025 | Dezembro,Domingo,Final de Semana,Awareness,2025-12-28,midfunnel_rmkt_60d_video_v2,52.32,24,5278,,Remarketing_60dias,Video,12º Lançamento | Live
3865,2025 | Dezembro,Domingo,Final de Semana,Leads,2025-12-28,topfunnel_lal1_clientes_estatico_v2,28.39,40,2773,3,LookALike_Clientes_1,Estático,12º Lançamento | Leads
4103,2025 | Dezembro,Domingo,Final de Semana,Leads,2025-12-28,topfunnel_broad_tech_video_v1,40.94,88,6828,17,Broad_Tecnologia,Video,12º Lançamento | Leads
5130,2025 | Dezembro,Domingo,Final de Semana,Leads,2025-12-28,midfunnel_rmkt_60d_video_v3,47.86,23,2285,4,Remarketing_60dias,Video,12º Lançamento | Vendas
5381,2025 | Dezembro,Domingo,Final de Semana,Leads,2025-12-28,topfunnel_broad_tech_estatico_v1,65.14,23,2993,2,Broad_Tecnologia,Estático,12º Lançamento | Vendas
1110,2025 | Dezembro,Segunda-Feira,Dia útil,Leads,2025-12-29,topfunnel_cargos_tech_estatico_v1,38.22,20,2571,5,Cargos_Tecnologia,Estático,12º Lançamento | Leads
2111,2025 | Dezembro,Segunda-Feira,Dia útil,Leads,2025-12-29,topfunnel_interesses_programacao_video_v1,130.01,187,11827,28,Interesses_Programacao,Video,12º Lançamento | Leads
3445,2025 | Dezembro,Segunda-Feira,Dia útil,Leads,2025-12-29,topfunnel_cargos_tech_estatico_v2,112.93,126,5325,36,Cargos_Tecnologia,Estático,12º Lançamento | Leads
3668,2025 | Dezembro,Segunda-Feira,Dia útil,Leads,2025-12-29,topfunnel_broad_tech_video_v1,80.98,42,6034,3,Broad_Tecnologia,Video,12º Lançamento | Vendas
3815,2025 | Dezembro,Segunda-Feira,Dia útil,Leads,2025-12-29,topfunnel_lal1_clientes_estatico_v2,45.84,18,3020,1,LookALike_Clientes_1,Estático,12º Lançamento | Leads
4212,2025 | Dezembro,Segunda-Feira,Dia útil,Leads,2025-12-29,topfunnel_cargos_tech_estatico_v1,111.78,190,9270,38,Cargos_Tecnologia,Estático,12º Lançamento | Leads
4283,2025 | Dezembro,Segunda-Feira,Dia útil,Leads,2025-12-29,topfunnel_interesses_programacao_estatico_v1,104.15,137,6681,34,Interesses_Programacao,Estático,12º Lançamento | Leads
4356,2025 | Dezembro,Segunda-Feira,Dia útil,Leads,2025-12-29,topfunnel_lal1_clientes_video_v1,55.12,42,3668,8,LookALike_Clientes_1,Video,12º Lançamento | Leads
4682,2025 | Dezembro,Segunda-Feira,Dia útil,Leads,2025-12-29,topfunnel_interesses_programacao_estatico_v2,18.98,16,1041,3,Interesses_Programacao,Estático,12º Lançamento | Leads
4808,2025 | Dezembro,Segunda-Feira,Dia útil,Leads,2025-12-29,topfunnel_interesses_programacao_estatico_v2,95.55,106,9076,23,Interesses_Programacao,Estático,12º Lançamento | Leads
4867,2025 | Dezembro,Segunda-Feira,Dia útil,Leads,2025-12-29,topfunnel_interesses_cloud_video_v3,40.47,8,1610,,Interesses_Cloud,Video,12º Lançamento | Vendas
4870,2025 | Dezembro,Segunda-Feira,Dia útil,Leads,2025-12-29,topfunnel_interesses_cloud_video_v2,24.00,29,1392,6,Interesses_Cloud,Video,12º Lançamento | Leads
5259,2025 | Dezembro,Segunda-Feira,Dia útil,Awareness,2025-12-29,topfunnel_broad_tech_video_v1,20.92,21,1233,1,Broad_Tecnologia,Video,12º Lançamento | Live
5777,2025 | Dezembro,Segunda-Feira,Dia útil,Leads,2025-12-29,topfunnel_interesses_programacao_video_v2,7.98,2,448,,Interesses_Programacao,Video,12º Lançamento | Leads
1240,2025 | Dezembro,Terça-Feira,Dia útil,Leads,2025-12-30,topfunnel_interesses_programacao_video_v2,63.52,65,5680,13,Interesses_Programacao,Video,12º Lançamento | Leads
1370,2025 | Dezembro,Terça-Feira,Dia útil,Leads,2025-12-30,topfunnel_interesses_programacao_video_v2,24.47,5,1292,,Interesses_Programacao,Video,12º Lançamento | Vendas
1571,2025 | Dezembro,Terça-Feira,Dia útil,Leads,2025-12-30,topfunnel_cargos_tech_estatico_v2,91.60,36,7458,5,Cargos_Tecnologia,Estático,12º Lançamento | Vendas
1616,2025 | Dezembro,Terça-Feira,Dia útil,Awareness,2025-12-30,midfunnel_rmkt_60d_video_v1,20.88,5,1423,,Remarketing_60dias,Video,12º Lançamento | Live
1652,2025 | Dezembro,Terça-Feira,Dia útil,Leads,2025-12-30,topfunnel_interesses_cloud_estatico_v1,19.98,34,3755,5,Interesses_Cloud,Estático,12º Lançamento | Leads
1739,2025 | Dezembro,Terça-Feira,Dia útil,Leads,2025-12-30,topfunnel_broad_tech_estatico_v1,79.53,38,3912,7,Broad_Tecnologia,Estático,12º Lançamento | Leads
1893,2025 | Dezembro,Terça-Feira,Dia útil,Leads,2025-12-30,topfunnel_interesses_programacao_video_v1,61.38,61,2984,12,Interesses_Programacao,Video,12º Lançamento | Leads
2294,2025 | Dezembro,Terça-Feira,Dia útil,Leads,2025-12-30,topfunnel_broad_tech_estatico_v2,11.11,12,815,3,Broad_Tecnologia,Estático,12º Lançamento | Vendas
2615,2025 | Dezembro,Terça-Feira,Dia útil,Leads,2025-12-30,topfunnel_broad_tech_video_v1,38.77,52,3853,4,Broad_Tecnologia,Video,12º Lançamento | Vendas
3142,2025 | Dezembro,Terça-Feira,Dia útil,Leads,2025-12-30,topfunnel_interesses_cloud_video_v3,50.25,26,2885,3,Interesses_Cloud,Video,12º Lançamento | Leads
3146,2025 | Dezembro,Terça-Feira,Dia útil,Leads,2025-12-30,topfunnel_interesses_programacao_video_v3,27.04,43,1950,5,Interesses_Programacao,Video,12º Lançamento | Leads
3161,2025 | Dezembro,Terça-Feira,Dia útil,Leads,2025-12-30,midfunnel_rmkt_60d_video_v3,82.17,134,6029,39,Remarketing_60dias,Video,12º Lançamento | Leads
3354,2025 | Dezembro,Terça-Feira,Dia útil,Leads,2025-12-30,topfunnel_broad_tech_video_v3,30.09,7,1425,,Broad_Tecnologia,Video,12º Lançamento | Leads
5554,2025 | Dezembro,Terça-Feira,Dia útil,Leads,2025-12-30,topfunnel_lal1_clientes_estatico_v2,18.04,37,1349,8,LookALike_Clientes_1,Estático,12º Lançamento | Vendas
5866,2025 | Dezembro,Terça-Feira,Dia útil,Leads,2025-12-30,topfunnel_interesses_cloud_video_v3,19.29,40,2179,,Interesses_Cloud,Video,12º Lançamento | Vendas
1317,2025 | Dezembro,Quarta-Feira,Dia útil,Leads,2025-12-31,topfunnel_interesses_programacao_video_v1,52.41,59,3048,13,Interesses_Programacao,Video,12º Lançamento | Leads
1379,2025 | Dezembro,Quarta-Feira,Dia útil,Leads,2025-12-31,midfunnel_rmkt_60d_estatico_v2,30.48,29,1968,5,Remarketing_60dias,Estático,12º Lançamento | Leads
1657,2025 | Dezembro,Quarta-Feira,Dia útil,Leads,2025-12-31,topfunnel_broad_tech_estatico_v2,71.91,83,5234,7,Broad_Tecnologia,Estático,12º Lançamento | Leads
2182,2025 | Dezembro,Quarta-Feira,Dia útil,Leads,2025-12-31,topfunnel_broad_tech_video_v2,25.39,48,2363,7,Broad_Tecnologia,Video,12º Lançamento | Vendas
3060,2025 | Dezembro,Quarta-Feira,Dia útil,Leads,2025-12-31,topfunnel_interesses_programacao_video_v2,125.56,158,14989,18,Interesses_Programacao,Video,12º Lançamento | Leads
3283,2025 | Dezembro,Quarta-Feira,Dia útil,Leads,2025-12-31,topfunnel_interesses_programacao_estatico_v2,1.92,1,172,,Interesses_Programacao,Estático,12º Lançamento | Leads
3641,2025 | Dezembro,Quarta-Feira,Dia útil,Leads,2025-12-31,topfunnel_lal1_clientes_video_v2,21.67,19,1800,5,LookALike_Clientes_1,Video,12º Lançamento | Leads
3745,2025 | Dezembro,Quarta-Feira,Dia útil,Leads,2025-12-31,topfunnel_interesses_programacao_video_v1,76.06,132,6630,12,Interesses_Programacao,Video,12º Lançamento | Leads
3967,2025 | Dezembro,Quarta-Feira,Dia útil,Leads,2025-12-31,topfunnel_interesses_programacao_estatico_v1,31.60,25,1762,3,Interesses_Programacao,Estático,12º Lançamento | Leads
4022,2025 | Dezembro,Quarta-Feira,Dia útil,Leads,2025-12-31,topfunnel_interesses_programacao_estatico_v1,37.29,20,2678,2,Interesses_Programacao,Estático,12º Lançamento | Leads
4643,2025 | Dezembro,Quarta-Feira,Dia útil,Leads,2025-12-31,topfunnel_lal1_clientes_estatico_v2,4.73,4,277,,LookALike_Clientes_1,Estático,12º Lançamento | Leads
5862,2025 | Dezembro,Quarta-Feira,Dia útil,Leads,2025-12-31,topfunnel_interesses_programacao_estatico_v1,103.68,105,6546,20,Interesses_Programacao,Estático,12º Lançamento | Leads
